GEOCODE,TAMBON_E,AMPHOE_E,PROV_E,REGION_E,MAX_SEVERITY_LABEL,N_FLASHFLOOD,N_FLOOD,N_ATRISK_RECORDS,N_TOTAL_RECORDS,FRAC_ATRISK,N_ISSUES_FLAGGED,ISSUES_FLAGGED,TARGET_MONTHS
640301,Tanot,Khiri Mat District,Sukhothai,North,flood / inundation,0,78,78,180,0.433,30,"202401, 202402, 202403, 202404, 202405, 202406, 202407, 202408, 202409, 202410, 202411, 202412, 202501, 202502, 202503, 202504, 202505, 202506, 202507, 202508, 202509, 202510, 202511, 202512, 202601, 202602, 202603, 202604, 202605, 202606","2024-05, 2024-08, 2024-09, 2024-10, 2024-11, 2025-05, 2025-06, 2025-08, 2025-09, 2025-10, 2025-11, 2026-05, 2026-08, 2026-09, 2026-10, 2026-11"
640106,Ban Kluai,Mueang Sukhothai District,Sukhothai,North,flood / inundation,0,76,76,180,0.422,27,"202403, 202404, 202405, 202406, 202407, 202408, 202409, 202410, 202411, 202412, 202501, 202502, 202503, 202504, 202505, 202506, 202507, 202508, 202509, 202510, 202511, 202601, 202602, 202603, 202604, 202605, 202606","2024-07, 2024-08, 2024-09, 2024-10, 2024-11, 2025-05, 2025-06, 2025-08, 2025-09, 2025-10, 2025-11, 2026-06, 2026-08, 2026-09, 2026-10, 2026-11"
640303,Ban Pom,Khiri Mat District,Sukhothai,North,flood / inundation,0,76,76,180,0.422,27,"202403, 202404, 202405, 202406, 202407, 202408, 202409, 202410, 202411, 202412, 202501, 202502, 202503, 202504, 202505, 202506, 202507, 202508, 202509, 202510, 202511, 202601, 202602, 202603, 202604, 202605, 202606","2024-07, 2024-08, 2024-09, 2024-10, 2024-11, 2025-05, 2025-06, 2025-08, 2025-09, 2025-10, 2025-11, 2026-06, 2026-08, 2026-09, 2026-10, 2026-11"
640109,Pak Phra,Mueang Sukhothai District,Sukhothai,North,flood / inundation,0,75,75,180,0.417,27,"202403, 202404, 202405, 202406, 202407, 202408, 202409, 202410, 202411, 202412, 202501, 202502, 202503, 202504, 202505, 202506, 202507, 202508, 202509, 202510, 202511, 202601, 202602, 202603, 202604, 202605, 202606","2024-07, 2024-08, 2024-09, 2024-10, 2024-11, 2025-05, 2025-06, 2025-08, 2025-09, 2025-10, 2025-11, 2026-06, 2026-08, 2026-09, 2026-10, 2026-11"
640105,Yang Sai,Mueang Sukhothai District,Sukhothai,North,flood / inundation,0,74,74,180,0.411,27,"202403, 202404, 202405, 202406, 202407, 202408, 202409, 202410, 202411, 202412, 202501, 202502, 202503, 202504, 202505, 202506, 202507, 202508, 202509, 202510, 202511, 202601, 202602, 202603, 202604, 202605, 202606","2024-07, 2024-08, 2024-09, 2024-10, 2024-11, 2025-05, 2025-06, 2025-08, 2025-09, 2025-10, 2025-11, 2026-06, 2026-08, 2026-09, 2026-10, 2026-11"
640107,Ban Lum,Mueang Sukhothai District,Sukhothai,North,flood / inundation,0,73,73,180,0.406,26,"202403, 202404, 202405, 202406, 202407, 202408, 202409, 202410, 202411, 202412, 202501, 202502, 202503, 202504, 202505, 202506, 202507, 202508, 202509, 202510, 202511, 202602, 202603, 202604, 202605, 202606","2024-07, 2024-08, 2024-09, 2024-10, 2024-11, 2025-05, 2025-06, 2025-08, 2025-09, 2025-10, 2025-11, 2026-06, 2026-08, 2026-09, 2026-10, 2026-11"
640302,Thung Luang,Khiri Mat District,Sukhothai,North,flood / inundation,0,73,73,180,0.406,27,"202403, 202404, 202405, 202406, 202407, 202408, 202409, 202410, 202411, 202412, 202501, 202502, 202503, 202504, 202505, 202506, 202507, 202508, 202509, 202510, 202511, 202601, 202602, 202603, 202604, 202605, 202606","2024-08, 2024-09, 2024-10, 2024-11, 2025-05, 2025-06, 2025-08, 2025-09, 2025-10, 2025-11, 2026-06, 2026-08, 2026-09, 2026-10, 2026-11"
640102,Ban Suan,Mueang Sukhothai District,Sukhothai,North,flood / inundation,0,72,72,180,0.4,26,"202403, 202404, 202405, 202406, 202407, 202408, 202409, 202410, 202411, 202412, 202501, 202502, 202503, 202504, 202505, 202506, 202507, 202508, 202509, 202510, 202511, 202602, 202603, 202604, 202605, 202606","2024-07, 2024-08, 2024-09, 2024-10, 2024-11, 2025-05, 2025-06, 2025-08, 2025-09, 2025-10, 2025-11, 2026-06, 2026-08, 2026-09, 2026-10, 2026-11"
640407,Pa Faek,Kong Krailat District,Sukhothai,North,flood / inundation,0,72,72,180,0.4,26,"202403, 202404, 202405, 202406, 202407, 202408, 202409, 202410, 202411, 202412, 202501, 202502, 202503, 202504, 202505, 202506, 202507, 202508, 202509, 202510, 202511, 202602, 202603, 202604, 202605, 202606","2024-07, 2024-08, 2024-09, 2024-10, 2024-11, 2025-05, 2025-06, 2025-08, 2025-09, 2025-10, 2025-11, 2026-06, 2026-08, 2026-09, 2026-10, 2026-11"
640409,Tha Chanuan,Kong Krailat District,Sukhothai,North,flood / inundation,0,72,72,180,0.4,27,"202403, 202404, 202405, 202406, 202407, 202408, 202409, 202410, 202411, 202412, 202501, 202502, 202503, 202504, 202505, 202506, 202507, 202508, 202509, 202510, 202511, 202601, 202602, 202603, 202604, 202605, 202606","2024-08, 2024-09, 2024-10, 2024-11, 2025-05, 2025-06, 2025-08, 2025-09, 2025-10, 2025-11, 2026-06, 2026-08, 2026-09, 2026-10, 2026-11"
640401,Kong,Kong Krailat District,Sukhothai,North,flood / inundation,0,71,71,180,0.394,26,"202403, 202404, 202405, 202406, 202407, 202408, 202409, 202410, 202411, 202412, 202501, 202502, 202503, 202504, 202505, 202506, 202507, 202508, 202509, 202510, 202511, 202602, 202603, 202604, 202605, 202606","2024-08, 2024-09, 2024-10, 2024-11, 2025-05, 2025-06, 2025-08, 2025-09, 2025-10, 2025-11, 2026-06, 2026-08, 2026-09, 2026-10, 2026-11"
640410,Nong Tum,Kong Krailat District,Sukhothai,North,flood / inundation,0,71,71,180,0.394,26,"202403, 202404, 202405, 202406, 202407, 202408, 202409, 202410, 202411, 202412, 202501, 202502, 202503, 202504, 202505, 202506, 202507, 202508, 202509, 202510, 202511, 202602, 202603, 202604, 202605, 202606","2024-08, 2024-09, 2024-10, 2024-11, 2025-05, 2025-06, 2025-08, 2025-09, 2025-10, 2025-11, 2026-06, 2026-08, 2026-09, 2026-10, 2026-11"
640714,Nong Klap,Sawankhalok District,Sukhothai,North,flood / inundation,0,64,64,180,0.356,25,"202403, 202404, 202405, 202406, 202407, 202408, 202409, 202410, 202411, 202412, 202501, 202502, 202503, 202504, 202505, 202506, 202507, 202508, 202509, 202510, 202602, 202603, 202604, 202605, 202606","2024-08, 2024-09, 2024-10, 2024-11, 2025-05, 2025-06, 2025-08, 2025-09, 2025-10, 2025-11, 2026-06, 2026-08, 2026-09, 2026-10"
140806,Tha Din Daeng,Phak Hai District,Phra Nakhon Si Ayudhya,Central,flood / inundation,0,63,63,180,0.35,28,"202402, 202403, 202404, 202405, 202406, 202407, 202408, 202409, 202410, 202411, 202412, 202501, 202502, 202503, 202504, 202505, 202506, 202507, 202508, 202509, 202510, 202511, 202512, 202602, 202603, 202604, 202605, 202606","2024-07, 2024-08, 2024-09, 2024-10, 2024-11, 2025-05, 2025-07, 2025-09, 2025-10, 2025-11, 2026-05, 2026-07, 2026-08, 2026-09, 2026-10, 2026-11"
640402,Ban Krang,Kong Krailat District,Sukhothai,North,flood / inundation,0,63,63,180,0.35,24,"202403, 202404, 202405, 202406, 202407, 202408, 202409, 202410, 202411, 202501, 202502, 202503, 202504, 202505, 202506, 202507, 202508, 202509, 202510, 202511, 202603, 202604, 202605, 202606","2024-08, 2024-09, 2024-10, 2024-11, 2025-06, 2025-08, 2025-09, 2025-10, 2025-11, 2026-08, 2026-09, 2026-10, 2026-11"
660703,Rang Nok,Sam Ngam District,Phichit,North,flood / inundation,0,63,63,180,0.35,25,"202403, 202404, 202405, 202406, 202407, 202408, 202409, 202410, 202411, 202412, 202501, 202502, 202503, 202504, 202505, 202506, 202507, 202508, 202509, 202510, 202511, 202603, 202604, 202605, 202606","2024-08, 2024-09, 2024-10, 2024-11, 2025-05, 2025-08, 2025-09, 2025-10, 2025-11, 2026-08, 2026-09, 2026-10, 2026-11"
660706,Noen Po,Sam Ngam District,Phichit,North,flood / inundation,0,63,63,180,0.35,25,"202403, 202404, 202405, 202406, 202407, 202408, 202409, 202410, 202411, 202412, 202501, 202502, 202503, 202504, 202505, 202506, 202507, 202508, 202509, 202510, 202511, 202603, 202604, 202605, 202606","2024-08, 2024-09, 2024-10, 2024-11, 2025-05, 2025-08, 2025-09, 2025-10, 2025-11, 2026-08, 2026-09, 2026-10, 2026-11"
661201,Ban Na,Wachirabarami District,Phichit,North,flood / inundation,0,63,63,180,0.35,25,"202403, 202404, 202405, 202406, 202407, 202408, 202409, 202410, 202411, 202412, 202501, 202502, 202503, 202504, 202505, 202506, 202507, 202508, 202509, 202510, 202511, 202603, 202604, 202605, 202606","2024-08, 2024-09, 2024-10, 2024-11, 2025-05, 2025-08, 2025-09, 2025-10, 2025-11, 2026-08, 2026-09, 2026-10, 2026-11"
140801,Phak Hai,Phak Hai District,Phra Nakhon Si Ayudhya,Central,flood / inundation,0,62,62,180,0.344,27,"202402, 202403, 202404, 202405, 202406, 202407, 202408, 202409, 202410, 202411, 202412, 202501, 202502, 202503, 202504, 202505, 202506, 202507, 202508, 202509, 202510, 202511, 202602, 202603, 202604, 202605, 202606","2024-07, 2024-08, 2024-09, 2024-10, 2024-11, 2025-05, 2025-07, 2025-08, 2025-09, 2025-10, 2025-11, 2026-07, 2026-08, 2026-09, 2026-10, 2026-11"
140809,Kudi,Phak Hai District,Phra Nakhon Si Ayudhya,Central,flood / inundation,0,62,62,180,0.344,27,"202402, 202403, 202404, 202405, 202406, 202407, 202408, 202409, 202410, 202411, 202412, 202501, 202502, 202503, 202504, 202505, 202506, 202507, 202508, 202509, 202510, 202511, 202602, 202603, 202604, 202605, 202606","2024-07, 2024-08, 2024-09, 2024-10, 2024-11, 2025-05, 2025-07, 2025-09, 2025-10, 2025-11, 2026-07, 2026-08, 2026-09, 2026-10, 2026-11"
140816,Ban Yai,Phak Hai District,Phra Nakhon Si Ayudhya,Central,flood / inundation,0,62,62,180,0.344,27,"202402, 202403, 202404, 202405, 202406, 202407, 202408, 202409, 202410, 202411, 202412, 202501, 202502, 202503, 202504, 202505, 202506, 202507, 202508, 202509, 202510, 202511, 202602, 202603, 202604, 202605, 202606","2024-07, 2024-08, 2024-09, 2024-10, 2024-11, 2025-05, 2025-07, 2025-09, 2025-10, 2025-11, 2026-07, 2026-08, 2026-09, 2026-10, 2026-11"
650502,Ban Rai,Bang Krathum District,Phitsanu Lok,North,flood / inundation,0,62,62,180,0.344,23,"202403, 202404, 202405, 202406, 202407, 202408, 202409, 202410, 202411, 202501, 202502, 202503, 202504, 202505, 202506, 202507, 202508, 202509, 202510, 202511, 202604, 202605, 202606","2024-08, 2024-09, 2024-10, 2024-11, 2025-06, 2025-07, 2025-08, 2025-09, 2025-10, 2025-11, 2026-09, 2026-10, 2026-11"
140510,Thang Chang,Bang Ban District,Phra Nakhon Si Ayudhya,Central,flood / inundation,0,61,61,180,0.339,26,"202404, 202405, 202406, 202407, 202408, 202409, 202410, 202411, 202412, 202501, 202502, 202503, 202504, 202505, 202506, 202507, 202508, 202509, 202510, 202511, 202512, 202602, 202603, 202604, 202605, 202606","2024-07, 2024-08, 2024-09, 2024-10, 2024-11, 2025-05, 2025-06, 2025-09, 2025-10, 2025-11, 2026-05, 2026-07, 2026-08, 2026-09, 2026-10, 2026-11"
470903,Na Tae,Kham Ta Kla District,Sakon Nakhon,Northeast,flood / inundation,0,61,61,180,0.339,25,"202403, 202404, 202405, 202406, 202407, 202408, 202409, 202410, 202501, 202502, 202503, 202504, 202505, 202506, 202507, 202508, 202509, 202510, 202512, 202601, 202602, 202603, 202604, 202605, 202606","2024-08, 2024-09, 2024-10, 2025-05, 2025-06, 2025-07, 2025-08, 2025-09, 2025-10, 2026-05, 2026-07, 2026-08, 2026-09, 2026-10"
140802,Ammarit,Phak Hai District,Phra Nakhon Si Ayudhya,Central,flood / inundation,0,60,60,180,0.333,26,"202402, 202403, 202404, 202405, 202406, 202407, 202408, 202409, 202410, 202411, 202412, 202501, 202502, 202503, 202504, 202505, 202506, 202507, 202508, 202509, 202510, 202511, 202603, 202604, 202605, 202606","2024-07, 2024-08, 2024-09, 2024-10, 2024-11, 2025-05, 2025-07, 2025-09, 2025-10, 2025-11, 2026-08, 2026-09, 2026-10, 2026-11"
650501,Bang Krathum,Bang Krathum District,Phitsanu Lok,North,flood / inundation,0,60,60,180,0.333,22,"202403, 202404, 202405, 202406, 202407, 202408, 202409, 202410, 202411, 202502, 202503, 202504, 202505, 202506, 202507, 202508, 202509, 202510, 202511, 202604, 202605, 202606","2024-08, 2024-09, 2024-10, 2024-11, 2025-07, 2025-08, 2025-09, 2025-10, 2025-11, 2026-09, 2026-10, 2026-11"
650503,Khok Salut,Bang Krathum District,Phitsanu Lok,North,flood / inundation,0,60,60,180,0.333,22,"202403, 202404, 202405, 202406, 202407, 202408, 202409, 202410, 202411, 202502, 202503, 202504, 202505, 202506, 202507, 202508, 202509, 202510, 202511, 202604, 202605, 202606","2024-08, 2024-09, 2024-10, 2024-11, 2025-07, 2025-08, 2025-09, 2025-10, 2025-11, 2026-09, 2026-10, 2026-11"
650504,Sanam Khli,Bang Krathum District,Phitsanu Lok,North,flood / inundation,0,60,60,180,0.333,22,"202403, 202404, 202405, 202406, 202407, 202408, 202409, 202410, 202411, 202502, 202503, 202504, 202505, 202506, 202507, 202508, 202509, 202510, 202511, 202604, 202605, 202606","2024-08, 2024-09, 2024-10, 2024-11, 2025-07, 2025-08, 2025-09, 2025-10, 2025-11, 2026-09, 2026-10, 2026-11"
650506,Phai Lom,Bang Krathum District,Phitsanu Lok,North,flood / inundation,0,60,60,180,0.333,22,"202403, 202404, 202405, 202406, 202407, 202408, 202409, 202410, 202411, 202502, 202503, 202504, 202505, 202506, 202507, 202508, 202509, 202510, 202511, 202604, 202605, 202606","2024-08, 2024-09, 2024-10, 2024-11, 2025-07, 2025-08, 2025-09, 2025-10, 2025-11, 2026-09, 2026-10, 2026-11"
530708,Ban Khon,Phichai District,Auttaradit,North,flood / inundation,0,59,59,180,0.328,24,"202403, 202404, 202405, 202406, 202407, 202408, 202409, 202410, 202412, 202501, 202502, 202503, 202504, 202505, 202506, 202507, 202508, 202509, 202510, 202602, 202603, 202604, 202605, 202606","2024-08, 2024-09, 2024-10, 2025-05, 2025-08, 2025-09, 2025-10, 2025-11, 2026-05, 2026-06, 2026-08, 2026-09, 2026-10"
660701,Sam Ngam,Sam Ngam District,Phichit,North,flood / inundation,0,59,59,180,0.328,24,"202403, 202404, 202405, 202406, 202407, 202408, 202409, 202410, 202411, 202412, 202501, 202502, 202503, 202504, 202505, 202506, 202507, 202508, 202509, 202510, 202511, 202604, 202605, 202606","2024-08, 2024-09, 2024-10, 2024-11, 2025-05, 2025-08, 2025-09, 2025-10, 2025-11, 2026-09, 2026-10, 2026-11"
660901,Sak Lek,Sak Lek District,Phichit,North,flood / inundation,0,59,59,180,0.328,22,"202403, 202404, 202405, 202406, 202407, 202408, 202409, 202410, 202411, 202502, 202503, 202504, 202505, 202506, 202507, 202508, 202509, 202510, 202511, 202604, 202605, 202606","2024-08, 2024-09, 2024-10, 2024-11, 2025-07, 2025-08, 2025-09, 2025-10, 2025-11, 2026-09, 2026-10, 2026-11"
470901,Kham Ta Kla,Kham Ta Kla District,Sakon Nakhon,Northeast,flood / inundation,0,58,58,180,0.322,25,"202403, 202404, 202405, 202406, 202407, 202408, 202409, 202410, 202501, 202502, 202503, 202504, 202505, 202506, 202507, 202508, 202509, 202510, 202512, 202601, 202602, 202603, 202604, 202605, 202606","2024-08, 2024-09, 2024-10, 2025-05, 2025-07, 2025-08, 2025-09, 2025-10, 2026-05, 2026-07, 2026-08, 2026-09, 2026-10"
660303,Wang Chik,Pho Prathap Chang District,Phichit,North,flood / inundation,0,58,58,180,0.322,24,"202403, 202404, 202405, 202406, 202407, 202408, 202409, 202410, 202411, 202412, 202501, 202502, 202503, 202504, 202505, 202506, 202507, 202508, 202509, 202510, 202511, 202604, 202605, 202606","2024-08, 2024-09, 2024-10, 2024-11, 2025-05, 2025-07, 2025-08, 2025-09, 2025-10, 2025-11, 2026-09, 2026-10, 2026-11"
140805,Ta Lan,Phak Hai District,Phra Nakhon Si Ayudhya,Central,flood / inundation,0,57,57,180,0.317,25,"202402, 202403, 202404, 202405, 202406, 202407, 202408, 202409, 202410, 202411, 202502, 202503, 202504, 202505, 202506, 202507, 202508, 202509, 202510, 202511, 202602, 202603, 202604, 202605, 202606","2024-07, 2024-08, 2024-09, 2024-10, 2024-11, 2025-07, 2025-08, 2025-09, 2025-10, 2025-11, 2026-07, 2026-08, 2026-09, 2026-10, 2026-11"
650505,Tha Tan,Bang Krathum District,Phitsanu Lok,North,flood / inundation,0,57,57,180,0.317,22,"202403, 202404, 202405, 202406, 202407, 202408, 202409, 202410, 202411, 202502, 202503, 202504, 202505, 202506, 202507, 202508, 202509, 202510, 202511, 202604, 202605, 202606","2024-08, 2024-09, 2024-10, 2024-11, 2025-07, 2025-08, 2025-09, 2025-10, 2025-11, 2026-09, 2026-10, 2026-11"
660202,Nong Pla Lai,Wang Sai Phun District,Phichit,North,flood / inundation,0,57,57,180,0.317,21,"202404, 202405, 202406, 202407, 202408, 202409, 202410, 202411, 202502, 202503, 202504, 202505, 202506, 202507, 202508, 202509, 202510, 202511, 202604, 202605, 202606","2024-08, 2024-09, 2024-10, 2024-11, 2025-07, 2025-08, 2025-09, 2025-10, 2025-11, 2026-09, 2026-10, 2026-11"
841601,I Pan,Phrasaeng District,Surat Thani,southeast,flood / inundation,0,57,57,180,0.317,23,"202401, 202403, 202404, 202405, 202406, 202407, 202408, 202409, 202410, 202411, 202412, 202501, 202502, 202503, 202504, 202505, 202506, 202507, 202508, 202509, 202510, 202605, 202606","2024-01, 2024-07, 2024-08, 2024-09, 2024-10, 2024-11, 2024-12, 2025-01, 2025-07, 2025-08, 2025-09, 2025-10, 2025-11, 2026-10"
140406,Bang Yi Tho,Bang Sai District,Phra Nakhon Si Ayudhya,Central,flood / inundation,0,56,56,180,0.311,27,"202402, 202403, 202404, 202405, 202406, 202407, 202408, 202409, 202410, 202411, 202412, 202501, 202502, 202503, 202504, 202505, 202506, 202507, 202508, 202509, 202510, 202511, 202512, 202603, 202604, 202605, 202606","2024-07, 2024-09, 2024-10, 2024-11, 2025-05, 2025-09, 2025-10, 2025-11, 2026-05, 2026-08, 2026-09, 2026-10, 2026-11"
140807,Don Lan,Phak Hai District,Phra Nakhon Si Ayudhya,Central,flood / inundation,0,56,56,180,0.311,25,"202402, 202403, 202404, 202405, 202406, 202407, 202408, 202409, 202410, 202411, 202412, 202501, 202502, 202503, 202504, 202505, 202506, 202507, 202508, 202509, 202510, 202511, 202604, 202605, 202606","2024-07, 2024-09, 2024-10, 2024-11, 2025-05, 2025-07, 2025-09, 2025-10, 2025-11, 2026-09, 2026-10, 2026-11"
140814,Lat Chit,Phak Hai District,Phra Nakhon Si Ayudhya,Central,flood / inundation,0,56,56,180,0.311,25,"202402, 202403, 202404, 202405, 202406, 202407, 202408, 202409, 202410, 202411, 202502, 202503, 202504, 202505, 202506, 202507, 202508, 202509, 202510, 202511, 202602, 202603, 202604, 202605, 202606","2024-07, 2024-08, 2024-09, 2024-10, 2024-11, 2025-07, 2025-09, 2025-10, 2025-11, 2026-07, 2026-08, 2026-09, 2026-10, 2026-11"
841602,Sin Pun,Phrasaeng District,Surat Thani,southeast,flood / inundation,0,56,56,180,0.311,23,"202401, 202403, 202404, 202405, 202406, 202407, 202408, 202409, 202410, 202411, 202412, 202501, 202502, 202503, 202504, 202505, 202506, 202507, 202508, 202509, 202510, 202605, 202606","2024-01, 2024-07, 2024-08, 2024-09, 2024-10, 2024-11, 2024-12, 2025-01, 2025-07, 2025-08, 2025-09, 2025-10, 2026-10"
140511,Wat Taku,Bang Ban District,Phra Nakhon Si Ayudhya,Central,flood / inundation,0,55,55,180,0.306,26,"202404, 202405, 202406, 202407, 202408, 202409, 202410, 202411, 202412, 202501, 202502, 202503, 202504, 202505, 202506, 202507, 202508, 202509, 202510, 202511, 202512, 202602, 202603, 202604, 202605, 202606","2024-07, 2024-08, 2024-09, 2024-10, 2024-11, 2025-05, 2025-09, 2025-10, 2025-11, 2026-05, 2026-07, 2026-08, 2026-09, 2026-10, 2026-11"
141206,Hua Wiang,Sena District,Phra Nakhon Si Ayudhya,Central,flood / inundation,0,55,55,180,0.306,26,"202404, 202405, 202406, 202407, 202408, 202409, 202410, 202411, 202412, 202501, 202502, 202503, 202504, 202505, 202506, 202507, 202508, 202509, 202510, 202511, 202512, 202602, 202603, 202604, 202605, 202606","2024-07, 2024-08, 2024-09, 2024-10, 2024-11, 2025-05, 2025-09, 2025-10, 2025-11, 2026-05, 2026-07, 2026-08, 2026-09, 2026-10, 2026-11"
141210,Ban Krathum,Sena District,Phra Nakhon Si Ayudhya,Central,flood / inundation,0,55,55,180,0.306,26,"202404, 202405, 202406, 202407, 202408, 202409, 202410, 202411, 202412, 202501, 202502, 202503, 202504, 202505, 202506, 202507, 202508, 202509, 202510, 202511, 202512, 202602, 202603, 202604, 202605, 202606","2024-07, 2024-08, 2024-09, 2024-10, 2024-11, 2025-05, 2025-09, 2025-10, 2025-11, 2026-05, 2026-07, 2026-08, 2026-09, 2026-10, 2026-11"
141303,Tao Lao,Bang Sai District,Phra Nakhon Si Ayudhya,Central,flood / inundation,0,55,55,180,0.306,24,"202404, 202405, 202406, 202407, 202408, 202409, 202410, 202411, 202412, 202501, 202502, 202503, 202504, 202505, 202506, 202507, 202508, 202509, 202510, 202511, 202512, 202604, 202605, 202606","2024-09, 2024-10, 2024-11, 2025-05, 2025-06, 2025-09, 2025-10, 2025-11, 2026-05, 2026-09, 2026-10, 2026-11"
660107,Rong Chang,Mueang Phichit District,Phichit,North,flood / inundation,0,55,55,180,0.306,22,"202403, 202404, 202405, 202406, 202407, 202408, 202409, 202410, 202411, 202502, 202503, 202504, 202505, 202506, 202507, 202508, 202509, 202510, 202511, 202604, 202605, 202606","2024-08, 2024-09, 2024-10, 2024-11, 2025-07, 2025-08, 2025-09, 2025-10, 2025-11, 2026-09, 2026-10, 2026-11"
830301,Thep Krasattri,Thalang District,Phuket,southwest,flood / inundation,0,55,55,180,0.306,26,"202401, 202403, 202404, 202405, 202406, 202407, 202408, 202409, 202410, 202411, 202412, 202501, 202502, 202503, 202504, 202505, 202509, 202510, 202511, 202512, 202601, 202602, 202603, 202604, 202605, 202606","2024-05, 2024-06, 2024-08, 2024-09, 2024-10, 2024-11, 2025-03, 2025-05, 2025-06, 2025-08, 2025-09, 2025-11, 2026-03, 2026-05, 2026-06"
141202,Ban Phaen,Sena District,Phra Nakhon Si Ayudhya,Central,flood / inundation,0,54,54,180,0.3,25,"202404, 202405, 202406, 202407, 202408, 202409, 202410, 202411, 202412, 202501, 202502, 202503, 202504, 202505, 202506, 202507, 202508, 202509, 202510, 202511, 202512, 202603, 202604, 202605, 202606","2024-07, 2024-08, 2024-09, 2024-10, 2024-11, 2025-05, 2025-09, 2025-10, 2025-11, 2026-05, 2026-08, 2026-09, 2026-10, 2026-11"
141208,Ban Pho,Sena District,Phra Nakhon Si Ayudhya,Central,flood / inundation,0,54,54,180,0.3,25,"202404, 202405, 202406, 202407, 202408, 202409, 202410, 202411, 202412, 202501, 202502, 202503, 202504, 202505, 202506, 202507, 202508, 202509, 202510, 202511, 202512, 202603, 202604, 202605, 202606","2024-07, 2024-08, 2024-09, 2024-10, 2024-11, 2025-05, 2025-09, 2025-10, 2025-11, 2026-05, 2026-08, 2026-09, 2026-10, 2026-11"
141209,Rang Chorakhe,Sena District,Phra Nakhon Si Ayudhya,Central,flood / inundation,0,54,54,180,0.3,25,"202404, 202405, 202406, 202407, 202408, 202409, 202410, 202411, 202412, 202501, 202502, 202503, 202504, 202505, 202506, 202507, 202508, 202509, 202510, 202511, 202512, 202603, 202604, 202605, 202606","2024-07, 2024-08, 2024-09, 2024-10, 2024-11, 2025-05, 2025-09, 2025-10, 2025-11, 2026-05, 2026-08, 2026-09, 2026-10, 2026-11"
530706,Ban Mo,Phichai District,Auttaradit,North,flood / inundation,0,54,54,180,0.3,24,"202403, 202404, 202405, 202406, 202407, 202408, 202409, 202410, 202412, 202501, 202502, 202503, 202504, 202505, 202506, 202507, 202508, 202509, 202510, 202602, 202603, 202604, 202605, 202606","2024-08, 2024-09, 2024-10, 2025-05, 2025-08, 2025-09, 2025-10, 2026-05, 2026-06, 2026-08, 2026-09, 2026-10"
640411,Ban Mai Suk Kasem,Kong Krailat District,Sukhothai,North,flood / inundation,0,54,54,180,0.3,24,"202403, 202404, 202405, 202406, 202407, 202408, 202409, 202410, 202411, 202412, 202501, 202502, 202503, 202504, 202505, 202506, 202507, 202508, 202509, 202510, 202511, 202604, 202605, 202606","2024-08, 2024-09, 2024-10, 2024-11, 2025-05, 2025-06, 2025-09, 2025-10, 2025-11, 2026-09, 2026-10, 2026-11"
650118,Bueng Phra,Mueang Phitsanulok District,Phitsanu Lok,North,flood / inundation,0,54,54,180,0.3,24,"202403, 202404, 202405, 202406, 202407, 202408, 202409, 202410, 202411, 202412, 202501, 202502, 202503, 202504, 202505, 202506, 202507, 202508, 202509, 202510, 202511, 202604, 202605, 202606","2024-08, 2024-09, 2024-10, 2024-11, 2025-05, 2025-06, 2025-09, 2025-10, 2025-11, 2026-09, 2026-10, 2026-11"
660607,Tha Sao,Pho Thale District,Phichit,North,flood / inundation,0,54,54,180,0.3,23,"202403, 202404, 202405, 202406, 202407, 202408, 202409, 202410, 202411, 202501, 202502, 202503, 202504, 202505, 202506, 202507, 202508, 202509, 202510, 202511, 202604, 202605, 202606","2024-08, 2024-09, 2024-10, 2024-11, 2025-05, 2025-08, 2025-09, 2025-10, 2025-11, 2026-09, 2026-10, 2026-11"
140509,Namtao,Bang Ban District,Phra Nakhon Si Ayudhya,Central,flood / inundation,0,53,53,180,0.294,25,"202404, 202405, 202406, 202407, 202408, 202409, 202410, 202411, 202412, 202501, 202502, 202503, 202504, 202505, 202506, 202507, 202508, 202509, 202510, 202511, 202512, 202603, 202604, 202605, 202606","2024-07, 2024-09, 2024-10, 2024-11, 2025-05, 2025-09, 2025-10, 2025-11, 2026-05, 2026-08, 2026-09, 2026-10, 2026-11"
140512,Bang Luang,Bang Ban District,Phra Nakhon Si Ayudhya,Central,flood / inundation,0,53,53,180,0.294,26,"202404, 202405, 202406, 202407, 202408, 202409, 202410, 202411, 202412, 202501, 202502, 202503, 202504, 202505, 202506, 202507, 202508, 202509, 202510, 202511, 202512, 202602, 202603, 202604, 202605, 202606","2024-08, 2024-09, 2024-10, 2024-11, 2025-05, 2025-09, 2025-10, 2025-11, 2026-05, 2026-07, 2026-08, 2026-09, 2026-10, 2026-11"
150607,Bang Chak,Wiset Chai Chan District,Ang Thong,Central,flood / inundation,0,53,53,180,0.294,22,"202403, 202404, 202405, 202406, 202407, 202408, 202409, 202410, 202411, 202503, 202504, 202505, 202506, 202507, 202508, 202509, 202510, 202511, 202603, 202604, 202605, 202606","2024-08, 2024-09, 2024-10, 2024-11, 2025-08, 2025-09, 2025-10, 2025-11, 2026-08, 2026-09, 2026-10, 2026-11"
380301,So,So Phisai District,Bung Kan,Northeast,flood / inundation,0,53,53,180,0.294,21,"202403, 202404, 202405, 202406, 202407, 202408, 202409, 202410, 202502, 202503, 202504, 202505, 202506, 202507, 202508, 202509, 202510, 202603, 202604, 202605, 202606","2024-08, 2024-09, 2024-10, 2025-07, 2025-08, 2025-09, 2025-10, 2026-07, 2026-08, 2026-09, 2026-10"
600103,Kriangkrai,Mueang Nakhon Sawan District,Nakhon Sawan,North,flood / inundation,0,53,53,180,0.294,24,"202403, 202404, 202405, 202406, 202407, 202408, 202409, 202410, 202411, 202501, 202502, 202503, 202504, 202505, 202506, 202507, 202508, 202509, 202510, 202511, 202512, 202604, 202605, 202606","2024-08, 2024-09, 2024-10, 2024-11, 2025-05, 2025-09, 2025-10, 2025-11, 2026-05, 2026-09, 2026-10, 2026-11"
640406,Dong Dueai,Kong Krailat District,Sukhothai,North,flood / inundation,0,53,53,180,0.294,23,"202404, 202405, 202406, 202407, 202408, 202409, 202410, 202411, 202412, 202501, 202502, 202503, 202504, 202505, 202506, 202507, 202508, 202509, 202510, 202511, 202604, 202605, 202606","2024-09, 2024-10, 2024-11, 2025-05, 2025-06, 2025-09, 2025-10, 2025-11, 2026-09, 2026-10, 2026-11"
640703,Khlong Krachong,Sawankhalok District,Sukhothai,North,flood / inundation,0,53,53,180,0.294,24,"202403, 202404, 202405, 202406, 202407, 202408, 202409, 202410, 202412, 202501, 202502, 202503, 202504, 202505, 202506, 202507, 202508, 202509, 202510, 202602, 202603, 202604, 202605, 202606","2024-08, 2024-09, 2024-10, 2025-05, 2025-08, 2025-09, 2025-10, 2026-06, 2026-08, 2026-09, 2026-10"
650107,Samo Khae,Mueang Phitsanulok District,Phitsanu Lok,North,flood / inundation,0,53,53,180,0.294,24,"202403, 202404, 202405, 202406, 202407, 202408, 202409, 202410, 202411, 202412, 202501, 202502, 202503, 202504, 202505, 202506, 202507, 202508, 202509, 202510, 202511, 202604, 202605, 202606","2024-08, 2024-09, 2024-10, 2024-11, 2025-05, 2025-09, 2025-10, 2025-11, 2026-09, 2026-10, 2026-11"
660105,Pak Thang,Mueang Phichit District,Phichit,North,flood / inundation,0,53,53,180,0.294,22,"202403, 202404, 202405, 202406, 202407, 202408, 202409, 202410, 202411, 202502, 202503, 202504, 202505, 202506, 202507, 202508, 202509, 202510, 202511, 202604, 202605, 202606","2024-08, 2024-09, 2024-10, 2024-11, 2025-07, 2025-08, 2025-09, 2025-10, 2025-11, 2026-09, 2026-10, 2026-11"
660502,Bang Phai,Bang Mun Nak District,Phichit,North,flood / inundation,0,53,53,180,0.294,22,"202404, 202405, 202406, 202407, 202408, 202409, 202410, 202411, 202501, 202502, 202503, 202504, 202505, 202506, 202507, 202508, 202509, 202510, 202511, 202604, 202605, 202606","2024-08, 2024-09, 2024-10, 2024-11, 2025-05, 2025-08, 2025-09, 2025-10, 2025-11, 2026-09, 2026-10, 2026-11"
660702,Kamphaeng Din,Sam Ngam District,Phichit,North,flood / inundation,0,53,53,180,0.294,24,"202403, 202404, 202405, 202406, 202407, 202408, 202409, 202410, 202411, 202412, 202501, 202502, 202503, 202504, 202505, 202506, 202507, 202508, 202509, 202510, 202511, 202604, 202605, 202606","2024-08, 2024-09, 2024-10, 2024-11, 2025-05, 2025-08, 2025-09, 2025-10, 2025-11, 2026-09, 2026-10, 2026-11"
140312,Phra Non,Nakhon Luang District,Phra Nakhon Si Ayudhya,Central,flood / inundation,0,52,52,180,0.289,21,"202404, 202405, 202406, 202407, 202408, 202409, 202410, 202411, 202503, 202504, 202505, 202506, 202507, 202508, 202509, 202510, 202511, 202603, 202604, 202605, 202606","2024-08, 2024-09, 2024-10, 2024-11, 2025-08, 2025-09, 2025-10, 2025-11, 2026-08, 2026-09, 2026-10, 2026-11"
140501,Bang Ban,Bang Ban District,Phra Nakhon Si Ayudhya,Central,flood / inundation,0,52,52,180,0.289,25,"202404, 202405, 202406, 202407, 202408, 202409, 202410, 202411, 202412, 202501, 202502, 202503, 202504, 202505, 202506, 202507, 202508, 202509, 202510, 202511, 202512, 202603, 202604, 202605, 202606","2024-08, 2024-09, 2024-10, 2024-11, 2025-05, 2025-09, 2025-10, 2025-11, 2026-05, 2026-08, 2026-09, 2026-10, 2026-11"
140502,Wat Yom,Bang Ban District,Phra Nakhon Si Ayudhya,Central,flood / inundation,0,52,52,180,0.289,25,"202404, 202405, 202406, 202407, 202408, 202409, 202410, 202411, 202412, 202501, 202502, 202503, 202504, 202505, 202506, 202507, 202508, 202509, 202510, 202511, 202512, 202603, 202604, 202605, 202606","2024-08, 2024-09, 2024-10, 2024-11, 2025-05, 2025-09, 2025-10, 2025-11, 2026-05, 2026-08, 2026-09, 2026-10, 2026-11"
140504,Saphan Thai,Bang Ban District,Phra Nakhon Si Ayudhya,Central,flood / inundation,0,52,52,180,0.289,25,"202404, 202405, 202406, 202407, 202408, 202409, 202410, 202411, 202412, 202501, 202502, 202503, 202504, 202505, 202506, 202507, 202508, 202509, 202510, 202511, 202512, 202603, 202604, 202605, 202606","2024-08, 2024-09, 2024-10, 2024-11, 2025-05, 2025-09, 2025-10, 2025-11, 2026-05, 2026-08, 2026-09, 2026-10, 2026-11"
140506,Kop Chao,Bang Ban District,Phra Nakhon Si Ayudhya,Central,flood / inundation,0,52,52,180,0.289,25,"202404, 202405, 202406, 202407, 202408, 202409, 202410, 202411, 202412, 202501, 202502, 202503, 202504, 202505, 202506, 202507, 202508, 202509, 202510, 202511, 202512, 202603, 202604, 202605, 202606","2024-08, 2024-09, 2024-10, 2024-11, 2025-05, 2025-09, 2025-10, 2025-11, 2026-05, 2026-08, 2026-09, 2026-10, 2026-11"
140507,Ban Khlang,Bang Ban District,Phra Nakhon Si Ayudhya,Central,flood / inundation,0,52,52,180,0.289,25,"202404, 202405, 202406, 202407, 202408, 202409, 202410, 202411, 202412, 202501, 202502, 202503, 202504, 202505, 202506, 202507, 202508, 202509, 202510, 202511, 202512, 202603, 202604, 202605, 202606","2024-08, 2024-09, 2024-10, 2024-11, 2025-05, 2025-09, 2025-10, 2025-11, 2026-05, 2026-08, 2026-09, 2026-10, 2026-11"
140513,Bang Luang Dot,Bang Ban District,Phra Nakhon Si Ayudhya,Central,flood / inundation,0,52,52,180,0.289,25,"202404, 202405, 202406, 202407, 202408, 202409, 202410, 202411, 202412, 202501, 202502, 202503, 202504, 202505, 202506, 202507, 202508, 202509, 202510, 202511, 202512, 202603, 202604, 202605, 202606","2024-08, 2024-09, 2024-10, 2024-11, 2025-05, 2025-09, 2025-10, 2025-11, 2026-05, 2026-08, 2026-09, 2026-10, 2026-11"
530702,Ban Dara,Phichai District,Auttaradit,North,flood / inundation,0,52,52,180,0.289,23,"202403, 202404, 202405, 202406, 202407, 202408, 202409, 202412, 202501, 202502, 202503, 202504, 202505, 202506, 202507, 202508, 202509, 202510, 202602, 202603, 202604, 202605, 202606","2024-08, 2024-09, 2024-10, 2025-05, 2025-08, 2025-09, 2025-10, 2026-05, 2026-06, 2026-08, 2026-09"
600108,Bang Phra Luang,Mueang Nakhon Sawan District,Nakhon Sawan,North,flood / inundation,0,52,52,180,0.289,23,"202403, 202404, 202405, 202406, 202407, 202408, 202409, 202410, 202411, 202501, 202502, 202503, 202504, 202505, 202506, 202507, 202508, 202509, 202510, 202511, 202604, 202605, 202606","2024-08, 2024-09, 2024-10, 2024-11, 2025-05, 2025-09, 2025-10, 2025-11, 2026-09, 2026-10, 2026-11"
600302,Thap Krit,Chum Saeng District,Nakhon Sawan,North,flood / inundation,0,52,52,180,0.289,23,"202403, 202404, 202405, 202406, 202407, 202408, 202409, 202410, 202411, 202501, 202502, 202503, 202504, 202505, 202506, 202507, 202508, 202509, 202510, 202511, 202604, 202605, 202606","2024-08, 2024-09, 2024-10, 2024-11, 2025-05, 2025-09, 2025-10, 2025-11, 2026-09, 2026-10, 2026-11"
640104,Mueang Kao,Mueang Sukhothai District,Sukhothai,North,flood / inundation,0,52,52,180,0.289,26,"202403, 202404, 202405, 202406, 202407, 202408, 202409, 202410, 202411, 202412, 202501, 202502, 202503, 202504, 202505, 202506, 202507, 202508, 202509, 202510, 202601, 202602, 202603, 202604, 202605, 202606","2024-07, 2024-09, 2024-10, 2024-11, 2025-05, 2025-06, 2025-09, 2025-10, 2025-11, 2026-06, 2026-09, 2026-10"
640612,Wang Yai,Si Samrong District,Sukhothai,North,flood / inundation,0,52,52,180,0.289,25,"202404, 202405, 202406, 202407, 202408, 202409, 202410, 202411, 202412, 202501, 202502, 202503, 202504, 202505, 202506, 202507, 202508, 202509, 202510, 202601, 202602, 202603, 202604, 202605, 202606","2024-09, 2024-10, 2024-11, 2025-05, 2025-06, 2025-09, 2025-10, 2025-11, 2026-06, 2026-09, 2026-10"
650805,Wang Phikun,Wang Thong District,Phitsanu Lok,North,flood / inundation,0,52,52,180,0.289,21,"202403, 202404, 202405, 202406, 202407, 202408, 202409, 202410, 202411, 202503, 202504, 202505, 202506, 202507, 202508, 202509, 202510, 202511, 202604, 202605, 202606","2024-08, 2024-09, 2024-10, 2024-11, 2025-07, 2025-09, 2025-10, 2025-11, 2026-09, 2026-10, 2026-11"
650901,Chomphu,Noen Maprang District,Phitsanu Lok,North,flood / inundation,0,52,52,180,0.289,23,"202402, 202403, 202404, 202405, 202406, 202407, 202408, 202409, 202410, 202501, 202502, 202503, 202504, 202505, 202506, 202507, 202508, 202509, 202510, 202603, 202604, 202605, 202606","2024-07, 2024-08, 2024-09, 2024-10, 2025-06, 2025-07, 2025-08, 2025-09, 2025-10, 2026-08, 2026-09"
660302,Phai Tha Pho,Pho Prathap Chang District,Phichit,North,flood / inundation,0,52,52,180,0.289,23,"202404, 202405, 202406, 202407, 202408, 202409, 202410, 202411, 202412, 202501, 202502, 202503, 202504, 202505, 202506, 202507, 202508, 202509, 202510, 202511, 202604, 202605, 202606","2024-09, 2024-10, 2024-11, 2025-05, 2025-07, 2025-08, 2025-09, 2025-10, 2025-11, 2026-09, 2026-10, 2026-11"
660304,Phai Rop,Pho Prathap Chang District,Phichit,North,flood / inundation,0,52,52,180,0.289,23,"202404, 202405, 202406, 202407, 202408, 202409, 202410, 202411, 202412, 202501, 202502, 202503, 202504, 202505, 202506, 202507, 202508, 202509, 202510, 202511, 202604, 202605, 202606","2024-09, 2024-10, 2024-11, 2025-05, 2025-07, 2025-09, 2025-10, 2025-11, 2026-09, 2026-10, 2026-11"
830303,Choeng Thale,Thalang District,Phuket,southwest,flood / inundation,0,52,52,180,0.289,25,"202401, 202403, 202404, 202405, 202406, 202407, 202408, 202409, 202410, 202412, 202501, 202502, 202503, 202504, 202505, 202506, 202507, 202508, 202512, 202601, 202602, 202603, 202604, 202605, 202606","2024-06, 2024-07, 2024-08, 2024-09, 2024-10, 2025-05, 2025-06, 2025-08, 2025-09, 2026-05, 2026-06, 2026-08"
140514,Bang Hak,Bang Ban District,Phra Nakhon Si Ayudhya,Central,flood / inundation,0,51,51,180,0.283,24,"202404, 202405, 202406, 202407, 202408, 202409, 202410, 202411, 202412, 202501, 202502, 202503, 202504, 202505, 202506, 202507, 202508, 202509, 202510, 202511, 202603, 202604, 202605, 202606","2024-08, 2024-09, 2024-10, 2024-11, 2025-05, 2025-09, 2025-10, 2025-11, 2026-08, 2026-09, 2026-10, 2026-11"
140516,Ban Kum,Bang Ban District,Phra Nakhon Si Ayudhya,Central,flood / inundation,0,51,51,180,0.283,24,"202404, 202405, 202406, 202407, 202408, 202409, 202410, 202411, 202412, 202501, 202502, 202503, 202504, 202505, 202506, 202507, 202508, 202509, 202510, 202511, 202603, 202604, 202605, 202606","2024-08, 2024-09, 2024-10, 2024-11, 2025-05, 2025-09, 2025-10, 2025-11, 2026-08, 2026-09, 2026-10, 2026-11"
141205,Bang Nom Kho,Sena District,Phra Nakhon Si Ayudhya,Central,flood / inundation,0,51,51,180,0.283,25,"202404, 202405, 202406, 202407, 202408, 202409, 202410, 202411, 202412, 202501, 202502, 202503, 202504, 202505, 202506, 202507, 202508, 202509, 202510, 202511, 202512, 202603, 202604, 202605, 202606","2024-09, 2024-10, 2024-11, 2025-05, 2025-09, 2025-10, 2025-11, 2026-05, 2026-08, 2026-09, 2026-10, 2026-11"
141214,Lat Nga,Sena District,Phra Nakhon Si Ayudhya,Central,flood / inundation,0,51,51,180,0.283,25,"202404, 202405, 202406, 202407, 202408, 202409, 202410, 202411, 202412, 202501, 202502, 202503, 202504, 202505, 202506, 202507, 202508, 202509, 202510, 202511, 202512, 202603, 202604, 202605, 202606","2024-09, 2024-10, 2024-11, 2025-05, 2025-09, 2025-10, 2025-11, 2026-05, 2026-08, 2026-09, 2026-10, 2026-11"
560901,Huai Kaeo,Phu Kamyao District,Phayao,North,flood / inundation,0,51,51,180,0.283,23,"202402, 202403, 202404, 202405, 202406, 202407, 202408, 202409, 202412, 202501, 202502, 202503, 202504, 202505, 202506, 202507, 202508, 202509, 202602, 202603, 202604, 202605, 202606","2024-07, 2024-08, 2024-09, 2024-10, 2025-05, 2025-06, 2025-08, 2025-09, 2025-10, 2026-05, 2026-06, 2026-09"
640605,Wang Thong,Si Samrong District,Sukhothai,North,flood / inundation,0,51,51,180,0.283,25,"202404, 202405, 202406, 202407, 202408, 202409, 202410, 202411, 202412, 202501, 202502, 202503, 202504, 202505, 202506, 202507, 202508, 202509, 202510, 202601, 202602, 202603, 202604, 202605, 202606","2024-09, 2024-10, 2024-11, 2025-05, 2025-06, 2025-09, 2025-10, 2025-11, 2026-06, 2026-09, 2026-10"
640610,Thap Phueng,Si Samrong District,Sukhothai,North,flood / inundation,0,51,51,180,0.283,25,"202404, 202405, 202406, 202407, 202408, 202409, 202410, 202411, 202412, 202501, 202502, 202503, 202504, 202505, 202506, 202507, 202508, 202509, 202510, 202601, 202602, 202603, 202604, 202605, 202606","2024-09, 2024-10, 2024-11, 2025-05, 2025-06, 2025-09, 2025-10, 2025-11, 2026-06, 2026-09, 2026-10"
650508,Noen Kum,Bang Krathum District,Phitsanu Lok,North,flood / inundation,0,51,51,180,0.283,21,"202403, 202404, 202405, 202406, 202407, 202408, 202409, 202410, 202501, 202502, 202503, 202504, 202505, 202506, 202507, 202508, 202509, 202510, 202604, 202605, 202606","2024-08, 2024-09, 2024-10, 2025-06, 2025-07, 2025-08, 2025-09, 2025-10, 2026-09, 2026-10"
660111,Kha Mang,Mueang Phichit District,Phichit,North,flood / inundation,0,51,51,180,0.283,21,"202404, 202405, 202406, 202407, 202408, 202409, 202410, 202411, 202502, 202503, 202504, 202505, 202506, 202507, 202508, 202509, 202510, 202511, 202604, 202605, 202606","2024-09, 2024-10, 2024-11, 2025-07, 2025-08, 2025-09, 2025-10, 2025-11, 2026-09, 2026-10, 2026-11"
660115,Pa Makhap,Mueang Phichit District,Phichit,North,flood / inundation,0,51,51,180,0.283,21,"202403, 202404, 202405, 202406, 202407, 202408, 202409, 202410, 202411, 202503, 202504, 202505, 202506, 202507, 202508, 202509, 202510, 202511, 202604, 202605, 202606","2024-08, 2024-09, 2024-10, 2024-11, 2025-07, 2025-08, 2025-09, 2025-10, 2025-11, 2026-09, 2026-10, 2026-11"
141509,Ban Na,Maha Rat District,Phra Nakhon Si Ayudhya,Central,flood / inundation,0,50,50,180,0.278,24,"202404, 202405, 202406, 202407, 202408, 202409, 202410, 202411, 202412, 202501, 202502, 202503, 202504, 202505, 202506, 202507, 202508, 202509, 202510, 202511, 202603, 202604, 202605, 202606","2024-08, 2024-09, 2024-10, 2024-11, 2025-05, 2025-09, 2025-10, 2025-11, 2026-08, 2026-09, 2026-10, 2026-11"
520706,Wang Sai,Wang Nuea District,Lampang,North,flood / inundation,0,50,50,180,0.278,24,"202402, 202403, 202404, 202405, 202406, 202407, 202408, 202409, 202412, 202501, 202502, 202503, 202504, 202505, 202506, 202507, 202508, 202509, 202601, 202602, 202603, 202604, 202605, 202606","2024-07, 2024-08, 2024-09, 2024-10, 2025-05, 2025-06, 2025-08, 2025-09, 2025-10, 2026-05, 2026-06, 2026-09"
600306,Bang Khian,Chum Saeng District,Nakhon Sawan,North,flood / inundation,0,50,50,180,0.278,23,"202403, 202404, 202405, 202406, 202407, 202408, 202409, 202410, 202411, 202501, 202502, 202503, 202504, 202505, 202506, 202507, 202508, 202509, 202510, 202511, 202604, 202605, 202606","2024-08, 2024-09, 2024-10, 2024-11, 2025-05, 2025-09, 2025-10, 2025-11, 2026-09, 2026-10, 2026-11"
600309,Khok Mo,Chum Saeng District,Nakhon Sawan,North,flood / inundation,0,50,50,180,0.278,23,"202403, 202404, 202405, 202406, 202407, 202408, 202409, 202410, 202411, 202501, 202502, 202503, 202504, 202505, 202506, 202507, 202508, 202509, 202510, 202511, 202604, 202605, 202606","2024-08, 2024-09, 2024-10, 2024-11, 2025-05, 2025-09, 2025-10, 2025-11, 2026-09, 2026-10, 2026-11"
600510,Nong Krot,Banphot Phisai District,Nakhon Sawan,North,flood / inundation,0,50,50,180,0.278,23,"202403, 202404, 202405, 202406, 202407, 202408, 202409, 202410, 202411, 202501, 202502, 202503, 202504, 202505, 202506, 202507, 202508, 202509, 202510, 202511, 202604, 202605, 202606","2024-08, 2024-09, 2024-10, 2024-11, 2025-06, 2025-09, 2025-10, 2025-11, 2026-09, 2026-10, 2026-11"
640403,Krai Nok,Kong Krailat District,Sukhothai,North,flood / inundation,0,50,50,180,0.278,23,"202403, 202404, 202405, 202406, 202407, 202408, 202409, 202410, 202411, 202501, 202502, 202503, 202504, 202505, 202506, 202507, 202508, 202509, 202510, 202511, 202604, 202605, 202606","2024-08, 2024-09, 2024-10, 2024-11, 2025-06, 2025-09, 2025-10, 2025-11, 2026-09, 2026-10, 2026-11"
640609,Ban Rai,Si Samrong District,Sukhothai,North,flood / inundation,0,50,50,180,0.278,24,"202404, 202405, 202406, 202407, 202408, 202409, 202410, 202411, 202412, 202501, 202502, 202503, 202504, 202505, 202506, 202507, 202508, 202509, 202510, 202601, 202602, 202604, 202605, 202606","2024-09, 2024-10, 2024-11, 2025-05, 2025-06, 2025-09, 2025-10, 2025-11, 2026-06, 2026-09, 2026-10"
640710,Tha Thong,Sawankhalok District,Sukhothai,North,flood / inundation,0,50,50,180,0.278,24,"202403, 202404, 202405, 202406, 202407, 202408, 202409, 202410, 202411, 202412, 202501, 202502, 202503, 202504, 202505, 202506, 202507, 202508, 202509, 202510, 202602, 202604, 202605, 202606","2024-07, 2024-08, 2024-09, 2024-10, 2024-11, 2025-05, 2025-06, 2025-09, 2025-10, 2025-11, 2026-06, 2026-09, 2026-10"
650102,Wang Nam Khu,Mueang Phitsanulok District,Phitsanu Lok,North,flood / inundation,0,50,50,180,0.278,21,"202403, 202404, 202405, 202406, 202407, 202408, 202409, 202410, 202411, 202501, 202504, 202505, 202506, 202507, 202508, 202509, 202510, 202511, 202604, 202605, 202606","2024-08, 2024-09, 2024-10, 2024-11, 2025-06, 2025-09, 2025-10, 2025-11, 2026-09, 2026-10, 2026-11"
860404,Na Kha,Lang Suan District,Chumphon,southeast,flood / inundation,0,50,50,180,0.278,25,"202401, 202403, 202404, 202405, 202406, 202407, 202408, 202409, 202410, 202411, 202412, 202501, 202502, 202503, 202504, 202506, 202507, 202508, 202509, 202510, 202511, 202512, 202604, 202605, 202606","2024-01, 2024-07, 2024-08, 2024-10, 2024-11, 2024-12, 2025-01, 2025-05, 2025-07, 2025-11, 2025-12, 2026-08, 2026-09"
141203,Chao Chet,Sena District,Phra Nakhon Si Ayudhya,Central,flood / inundation,0,49,49,180,0.272,24,"202404, 202405, 202406, 202407, 202408, 202409, 202410, 202411, 202412, 202501, 202502, 202503, 202504, 202505, 202506, 202507, 202508, 202509, 202510, 202511, 202512, 202604, 202605, 202606","2024-09, 2024-10, 2024-11, 2025-05, 2025-09, 2025-10, 2025-11, 2026-05, 2026-09, 2026-10, 2026-11"
141211,Ban Thaeo,Sena District,Phra Nakhon Si Ayudhya,Central,flood / inundation,0,49,49,180,0.272,24,"202404, 202405, 202406, 202407, 202408, 202409, 202410, 202411, 202412, 202501, 202502, 202503, 202504, 202505, 202506, 202507, 202508, 202509, 202510, 202511, 202512, 202604, 202605, 202606","2024-09, 2024-10, 2024-11, 2025-05, 2025-09, 2025-10, 2025-11, 2026-05, 2026-09, 2026-10, 2026-11"
141212,Chai Na,Sena District,Phra Nakhon Si Ayudhya,Central,flood / inundation,0,49,49,180,0.272,24,"202404, 202405, 202406, 202407, 202408, 202409, 202410, 202411, 202412, 202501, 202502, 202503, 202504, 202505, 202506, 202507, 202508, 202509, 202510, 202511, 202512, 202604, 202605, 202606","2024-09, 2024-10, 2024-11, 2025-05, 2025-09, 2025-10, 2025-11, 2026-05, 2026-09, 2026-10, 2026-11"
141215,Don Thong,Sena District,Phra Nakhon Si Ayudhya,Central,flood / inundation,0,49,49,180,0.272,24,"202404, 202405, 202406, 202407, 202408, 202409, 202410, 202411, 202412, 202501, 202502, 202503, 202504, 202505, 202506, 202507, 202508, 202509, 202510, 202511, 202512, 202604, 202605, 202606","2024-09, 2024-10, 2024-11, 2025-05, 2025-09, 2025-10, 2025-11, 2026-05, 2026-09, 2026-10, 2026-11"
141217,Chao Sadet,Sena District,Phra Nakhon Si Ayudhya,Central,flood / inundation,0,49,49,180,0.272,24,"202404, 202405, 202406, 202407, 202408, 202409, 202410, 202411, 202412, 202501, 202502, 202503, 202504, 202505, 202506, 202507, 202508, 202509, 202510, 202511, 202512, 202604, 202605, 202606","2024-09, 2024-10, 2024-11, 2025-05, 2025-09, 2025-10, 2025-11, 2026-05, 2026-09, 2026-10, 2026-11"
141301,Bang Sai,Bang Sai District,Phra Nakhon Si Ayudhya,Central,flood / inundation,0,49,49,180,0.272,24,"202404, 202405, 202406, 202407, 202408, 202409, 202410, 202411, 202412, 202501, 202502, 202503, 202504, 202505, 202506, 202507, 202508, 202509, 202510, 202511, 202512, 202604, 202605, 202606","2024-09, 2024-10, 2024-11, 2025-05, 2025-09, 2025-10, 2025-11, 2026-05, 2026-09, 2026-10, 2026-11"
141302,Kaeo Fa,Bang Sai District,Phra Nakhon Si Ayudhya,Central,flood / inundation,0,49,49,180,0.272,24,"202404, 202405, 202406, 202407, 202408, 202409, 202410, 202411, 202412, 202501, 202502, 202503, 202504, 202505, 202506, 202507, 202508, 202509, 202510, 202511, 202512, 202604, 202605, 202606","2024-09, 2024-10, 2024-11, 2025-05, 2025-09, 2025-10, 2025-11, 2026-05, 2026-09, 2026-10, 2026-11"
141305,Thep Mongkhon,Bang Sai District,Phra Nakhon Si Ayudhya,Central,flood / inundation,0,49,49,180,0.272,24,"202404, 202405, 202406, 202407, 202408, 202409, 202410, 202411, 202412, 202501, 202502, 202503, 202504, 202505, 202506, 202507, 202508, 202509, 202510, 202511, 202512, 202604, 202605, 202606","2024-09, 2024-10, 2024-11, 2025-05, 2025-09, 2025-10, 2025-11, 2026-05, 2026-09, 2026-10, 2026-11"
141306,Wang Phatthana,Bang Sai District,Phra Nakhon Si Ayudhya,Central,flood / inundation,0,49,49,180,0.272,24,"202404, 202405, 202406, 202407, 202408, 202409, 202410, 202411, 202412, 202501, 202502, 202503, 202504, 202505, 202506, 202507, 202508, 202509, 202510, 202511, 202512, 202604, 202605, 202606","2024-09, 2024-10, 2024-11, 2025-05, 2025-09, 2025-10, 2025-11, 2026-05, 2026-09, 2026-10, 2026-11"
141505,Bang Na,Maha Rat District,Phra Nakhon Si Ayudhya,Central,flood / inundation,0,49,49,180,0.272,21,"202404, 202405, 202406, 202407, 202408, 202409, 202410, 202411, 202503, 202504, 202505, 202506, 202507, 202508, 202509, 202510, 202511, 202603, 202604, 202605, 202606","2024-08, 2024-09, 2024-10, 2024-11, 2025-08, 2025-09, 2025-10, 2025-11, 2026-08, 2026-09, 2026-10, 2026-11"
600308,Phan Lan,Chum Saeng District,Nakhon Sawan,North,flood / inundation,0,49,49,180,0.272,22,"202404, 202405, 202406, 202407, 202408, 202409, 202410, 202411, 202501, 202502, 202503, 202504, 202505, 202506, 202507, 202508, 202509, 202510, 202511, 202604, 202605, 202606","2024-08, 2024-09, 2024-10, 2024-11, 2025-05, 2025-09, 2025-10, 2025-11, 2026-09, 2026-10, 2026-11"
600312,Thap Krit Tai,Chum Saeng District,Nakhon Sawan,North,flood / inundation,0,49,49,180,0.272,22,"202404, 202405, 202406, 202407, 202408, 202409, 202410, 202411, 202501, 202502, 202503, 202504, 202505, 202506, 202507, 202508, 202509, 202510, 202511, 202604, 202605, 202606","2024-08, 2024-09, 2024-10, 2024-11, 2025-05, 2025-09, 2025-10, 2025-11, 2026-09, 2026-10, 2026-11"
600508,Ta Sang,Banphot Phisai District,Nakhon Sawan,North,flood / inundation,0,49,49,180,0.272,22,"202404, 202405, 202406, 202407, 202408, 202409, 202410, 202411, 202501, 202502, 202503, 202504, 202505, 202506, 202507, 202508, 202509, 202510, 202511, 202604, 202605, 202606","2024-08, 2024-09, 2024-10, 2024-11, 2025-06, 2025-09, 2025-10, 2025-11, 2026-09, 2026-10, 2026-11"
600513,Charoen Phon,Banphot Phisai District,Nakhon Sawan,North,flood / inundation,0,49,49,180,0.272,22,"202404, 202405, 202406, 202407, 202408, 202409, 202410, 202411, 202501, 202502, 202503, 202504, 202505, 202506, 202507, 202508, 202509, 202510, 202511, 202604, 202605, 202606","2024-08, 2024-09, 2024-10, 2024-11, 2025-06, 2025-09, 2025-10, 2025-11, 2026-09, 2026-10, 2026-11"
630702,Chong Khaep,Phop Phra District,Tak,North,flood / inundation,0,49,49,180,0.272,23,"202402, 202403, 202404, 202405, 202406, 202407, 202408, 202410, 202501, 202502, 202503, 202504, 202505, 202506, 202507, 202508, 202510, 202601, 202602, 202603, 202604, 202605, 202606","2024-07, 2024-08, 2024-09, 2024-10, 2025-05, 2025-06, 2025-07, 2025-08, 2025-10, 2026-06, 2026-07, 2026-08, 2026-09"
640611,Ban San,Si Samrong District,Sukhothai,North,flood / inundation,0,49,49,180,0.272,23,"202404, 202405, 202406, 202407, 202408, 202409, 202410, 202411, 202412, 202501, 202502, 202503, 202504, 202505, 202506, 202507, 202508, 202509, 202510, 202602, 202604, 202605, 202606","2024-09, 2024-10, 2024-11, 2025-05, 2025-06, 2025-09, 2025-10, 2025-11, 2026-06, 2026-09, 2026-10"
650113,Ban Krang,Mueang Phitsanulok District,Phitsanu Lok,North,flood / inundation,0,49,49,180,0.272,21,"202403, 202404, 202405, 202406, 202407, 202408, 202409, 202410, 202411, 202501, 202504, 202505, 202506, 202507, 202508, 202509, 202510, 202511, 202604, 202605, 202606","2024-08, 2024-09, 2024-10, 2024-11, 2025-06, 2025-09, 2025-10, 2025-11, 2026-09, 2026-10, 2026-11"
650407,Chum Saeng Songkhram,Bang Rakam District,Phitsanu Lok,North,flood / inundation,0,49,49,180,0.272,23,"202403, 202404, 202405, 202406, 202407, 202408, 202409, 202410, 202411, 202501, 202502, 202503, 202504, 202505, 202506, 202507, 202508, 202509, 202510, 202511, 202604, 202605, 202606","2024-08, 2024-09, 2024-10, 2024-11, 2025-06, 2025-09, 2025-10, 2025-11, 2026-09, 2026-10, 2026-11"
650410,Tha Nang Ngam,Bang Rakam District,Phitsanu Lok,North,flood / inundation,0,49,49,180,0.272,21,"202403, 202404, 202405, 202406, 202407, 202408, 202409, 202410, 202411, 202501, 202504, 202505, 202506, 202507, 202508, 202509, 202510, 202511, 202604, 202605, 202606","2024-08, 2024-09, 2024-10, 2024-11, 2025-06, 2025-09, 2025-10, 2025-11, 2026-09, 2026-10, 2026-11"
141601,Ban Phraek,Ban Phraek District,Phra Nakhon Si Ayudhya,Central,flood / inundation,0,48,48,180,0.267,23,"202404, 202405, 202406, 202407, 202408, 202409, 202410, 202411, 202412, 202501, 202502, 202503, 202504, 202505, 202506, 202507, 202508, 202509, 202510, 202511, 202604, 202605, 202606","2024-09, 2024-10, 2024-11, 2025-05, 2025-09, 2025-10, 2025-11, 2026-09, 2026-10, 2026-11"
141602,Ban Mai,Ban Phraek District,Phra Nakhon Si Ayudhya,Central,flood / inundation,0,48,48,180,0.267,23,"202404, 202405, 202406, 202407, 202408, 202409, 202410, 202411, 202412, 202501, 202502, 202503, 202504, 202505, 202506, 202507, 202508, 202509, 202510, 202511, 202604, 202605, 202606","2024-09, 2024-10, 2024-11, 2025-05, 2025-09, 2025-10, 2025-11, 2026-09, 2026-10, 2026-11"
141604,Khlong Noi,Ban Phraek District,Phra Nakhon Si Ayudhya,Central,flood / inundation,0,48,48,180,0.267,23,"202404, 202405, 202406, 202407, 202408, 202409, 202410, 202411, 202412, 202501, 202502, 202503, 202504, 202505, 202506, 202507, 202508, 202509, 202510, 202511, 202604, 202605, 202606","2024-09, 2024-10, 2024-11, 2025-05, 2025-09, 2025-10, 2025-11, 2026-09, 2026-10, 2026-11"
141605,Song Hong,Ban Phraek District,Phra Nakhon Si Ayudhya,Central,flood / inundation,0,48,48,180,0.267,23,"202404, 202405, 202406, 202407, 202408, 202409, 202410, 202411, 202412, 202501, 202502, 202503, 202504, 202505, 202506, 202507, 202508, 202509, 202510, 202511, 202604, 202605, 202606","2024-09, 2024-10, 2024-11, 2025-05, 2025-09, 2025-10, 2025-11, 2026-09, 2026-10, 2026-11"
150306,Norasing,Pa Mok District,Ang Thong,Central,flood / inundation,0,48,48,180,0.267,22,"202404, 202405, 202406, 202407, 202408, 202409, 202410, 202411, 202501, 202502, 202503, 202504, 202505, 202506, 202507, 202508, 202509, 202510, 202511, 202604, 202605, 202606","2024-09, 2024-10, 2024-11, 2025-06, 2025-09, 2025-10, 2025-11, 2026-09, 2026-10, 2026-11"
150609,Khlong Khanak,Wiset Chai Chan District,Ang Thong,Central,flood / inundation,0,48,48,180,0.267,22,"202404, 202405, 202406, 202407, 202408, 202409, 202410, 202411, 202501, 202502, 202503, 202504, 202505, 202506, 202507, 202508, 202509, 202510, 202511, 202604, 202605, 202606","2024-09, 2024-10, 2024-11, 2025-06, 2025-09, 2025-10, 2025-11, 2026-09, 2026-10, 2026-11"
150611,Si Roi,Wiset Chai Chan District,Ang Thong,Central,flood / inundation,0,48,48,180,0.267,21,"202403, 202404, 202405, 202406, 202407, 202408, 202409, 202410, 202411, 202504, 202505, 202506, 202507, 202508, 202509, 202510, 202511, 202603, 202604, 202605, 202606","2024-08, 2024-09, 2024-10, 2024-11, 2025-08, 2025-09, 2025-10, 2025-11, 2026-08, 2026-09, 2026-10, 2026-11"
150613,Hua Taphan,Wiset Chai Chan District,Ang Thong,Central,flood / inundation,0,48,48,180,0.267,21,"202403, 202404, 202405, 202406, 202407, 202408, 202409, 202410, 202411, 202504, 202505, 202506, 202507, 202508, 202509, 202510, 202511, 202603, 202604, 202605, 202606","2024-08, 2024-09, 2024-10, 2024-11, 2025-08, 2025-09, 2025-10, 2025-11, 2026-08, 2026-09, 2026-10, 2026-11"
380407,Tha Sa-At,Seka District,Bung kan,Northeast,flood / inundation,0,48,48,180,0.267,20,"202403, 202404, 202405, 202406, 202407, 202408, 202409, 202410, 202503, 202504, 202505, 202506, 202507, 202508, 202509, 202510, 202603, 202604, 202605, 202606","2024-08, 2024-09, 2024-10, 2025-07, 2025-08, 2025-09, 2025-10, 2026-07, 2026-08, 2026-09, 2026-10"
411110,Wang Thong,Ban Dung District,Udon Thani,Northeast,flood / inundation,0,48,48,180,0.267,20,"202403, 202404, 202405, 202406, 202407, 202408, 202409, 202410, 202503, 202504, 202505, 202506, 202507, 202508, 202509, 202510, 202603, 202604, 202605, 202606","2024-08, 2024-09, 2024-10, 2025-07, 2025-08, 2025-09, 2025-10, 2026-07, 2026-08, 2026-09, 2026-10"
411111,Ban Muang,Ban Dung District,Udon Thani,Northeast,flood / inundation,0,48,48,180,0.267,20,"202403, 202404, 202405, 202406, 202407, 202408, 202409, 202410, 202503, 202504, 202505, 202506, 202507, 202508, 202509, 202510, 202603, 202604, 202605, 202606","2024-08, 2024-09, 2024-10, 2025-07, 2025-08, 2025-09, 2025-10, 2026-07, 2026-08, 2026-09, 2026-10"
471004,Dong Nuea,Ban Muang District,Sakon Nakhon,Northeast,flood / inundation,0,48,48,180,0.267,20,"202403, 202404, 202405, 202406, 202407, 202408, 202409, 202410, 202503, 202504, 202505, 202506, 202507, 202508, 202509, 202510, 202603, 202604, 202605, 202606","2024-08, 2024-09, 2024-10, 2025-07, 2025-08, 2025-09, 2025-10, 2026-07, 2026-08, 2026-09, 2026-10"
471006,Huai Lua,Ban Muang District,Sakon Nakhon,Northeast,flood / inundation,0,48,48,180,0.267,20,"202403, 202404, 202405, 202406, 202407, 202408, 202409, 202410, 202503, 202504, 202505, 202506, 202507, 202508, 202509, 202510, 202603, 202604, 202605, 202606","2024-08, 2024-09, 2024-10, 2025-07, 2025-08, 2025-09, 2025-10, 2026-07, 2026-08, 2026-09, 2026-10"
471108,Samakkhi Phatthana,Akat Amnuai District,Sakon Nakhon,Northeast,flood / inundation,0,48,48,180,0.267,20,"202403, 202404, 202405, 202406, 202407, 202408, 202409, 202410, 202503, 202504, 202505, 202506, 202507, 202508, 202509, 202510, 202603, 202604, 202605, 202606","2024-08, 2024-09, 2024-10, 2025-07, 2025-08, 2025-09, 2025-10, 2026-07, 2026-08, 2026-09, 2026-10"
480804,Sam Phong,Si Songkhram District,Nakhon Phanom,Northeast,flood / inundation,0,48,48,180,0.267,20,"202403, 202404, 202405, 202406, 202407, 202408, 202409, 202410, 202503, 202504, 202505, 202506, 202507, 202508, 202509, 202510, 202603, 202604, 202605, 202606","2024-08, 2024-09, 2024-10, 2025-07, 2025-08, 2025-09, 2025-10, 2026-07, 2026-08, 2026-09, 2026-10"
520704,Rong Kho,Wang Nuea District,Lampang,North,flood / inundation,0,48,48,180,0.267,22,"202402, 202403, 202404, 202405, 202406, 202407, 202408, 202409, 202412, 202501, 202502, 202503, 202504, 202505, 202506, 202507, 202508, 202509, 202603, 202604, 202605, 202606","2024-07, 2024-08, 2024-09, 2024-10, 2025-05, 2025-06, 2025-08, 2025-09, 2026-05, 2026-08, 2026-09"
530710,Na In,Phichai District,Auttaradit,North,flood / inundation,0,48,48,180,0.267,21,"202403, 202404, 202405, 202406, 202407, 202408, 202409, 202410, 202503, 202504, 202505, 202506, 202507, 202508, 202509, 202510, 202602, 202603, 202604, 202605, 202606","2024-08, 2024-09, 2024-10, 2025-08, 2025-09, 2025-10, 2026-05, 2026-06, 2026-08, 2026-09, 2026-10"
560402,Ban Mang,Chiang Muan District,Phayao,North,flood / inundation,0,48,48,180,0.267,25,"202402, 202403, 202404, 202405, 202406, 202407, 202408, 202409, 202410, 202412, 202501, 202503, 202504, 202505, 202506, 202507, 202508, 202509, 202510, 202601, 202602, 202603, 202604, 202605, 202606","2024-07, 2024-08, 2024-09, 2024-10, 2025-05, 2025-06, 2025-08, 2025-09, 2025-10, 2026-05, 2026-06, 2026-08"
600110,Ban Makluea,Mueang Nakhon Sawan District,Nakhon Sawan,North,flood / inundation,0,48,48,180,0.267,23,"202404, 202405, 202406, 202407, 202408, 202409, 202410, 202411, 202501, 202502, 202503, 202504, 202505, 202506, 202507, 202508, 202509, 202510, 202511, 202512, 202604, 202605, 202606","2024-09, 2024-10, 2024-11, 2025-05, 2025-09, 2025-10, 2025-11, 2026-05, 2026-09, 2026-10, 2026-11"
600304,Koei Chai,Chum Saeng District,Nakhon Sawan,North,flood / inundation,0,48,48,180,0.267,22,"202404, 202405, 202406, 202407, 202408, 202409, 202410, 202411, 202501, 202502, 202503, 202504, 202505, 202506, 202507, 202508, 202509, 202510, 202511, 202604, 202605, 202606","2024-08, 2024-09, 2024-10, 2024-11, 2025-05, 2025-09, 2025-10, 2025-11, 2026-09, 2026-10, 2026-11"
601005,Yang Khao,Phayuha Khiri District,Nakhon Sawan,North,flood / inundation,0,48,48,180,0.267,22,"202404, 202405, 202406, 202407, 202408, 202409, 202410, 202411, 202501, 202502, 202503, 202504, 202505, 202506, 202507, 202508, 202509, 202510, 202511, 202604, 202605, 202606","2024-09, 2024-10, 2024-11, 2025-06, 2025-09, 2025-10, 2025-11, 2026-09, 2026-10, 2026-11"
601006,Yan Matsi,Phayuha Khiri District,Nakhon Sawan,North,flood / inundation,0,48,48,180,0.267,22,"202404, 202405, 202406, 202407, 202408, 202409, 202410, 202411, 202501, 202502, 202503, 202504, 202505, 202506, 202507, 202508, 202509, 202510, 202511, 202604, 202605, 202606","2024-09, 2024-10, 2024-11, 2025-06, 2025-09, 2025-10, 2025-11, 2026-09, 2026-10, 2026-11"
640405,Krai Nai,Kong Krailat District,Sukhothai,North,flood / inundation,0,48,48,180,0.267,23,"202404, 202405, 202406, 202407, 202408, 202409, 202410, 202411, 202412, 202501, 202502, 202503, 202504, 202505, 202506, 202507, 202508, 202509, 202510, 202602, 202604, 202605, 202606","2024-09, 2024-10, 2024-11, 2025-05, 2025-06, 2025-09, 2025-10, 2025-11, 2026-06, 2026-09, 2026-10"
640604,Ban Na,Si Samrong District,Sukhothai,North,flood / inundation,0,48,48,180,0.267,23,"202404, 202405, 202406, 202407, 202408, 202409, 202410, 202411, 202412, 202501, 202502, 202503, 202504, 202505, 202506, 202507, 202508, 202509, 202510, 202602, 202604, 202605, 202606","2024-09, 2024-10, 2024-11, 2025-05, 2025-06, 2025-09, 2025-10, 2025-11, 2026-06, 2026-09, 2026-10"
640607,Ko Ta Liang,Si Samrong District,Sukhothai,North,flood / inundation,0,48,48,180,0.267,23,"202404, 202405, 202406, 202407, 202408, 202409, 202410, 202411, 202412, 202501, 202502, 202503, 202504, 202505, 202506, 202507, 202508, 202509, 202510, 202602, 202604, 202605, 202606","2024-09, 2024-10, 2024-11, 2025-05, 2025-06, 2025-09, 2025-10, 2025-11, 2026-06, 2026-09, 2026-10"
640608,Wat Ko,Si Samrong District,Sukhothai,North,flood / inundation,0,48,48,180,0.267,23,"202404, 202405, 202406, 202407, 202408, 202409, 202410, 202411, 202412, 202501, 202502, 202503, 202504, 202505, 202506, 202507, 202508, 202509, 202510, 202602, 202604, 202605, 202606","2024-09, 2024-10, 2024-11, 2025-05, 2025-06, 2025-09, 2025-10, 2025-11, 2026-06, 2026-09, 2026-10"
650104,Wat Phrik,Mueang Phitsanulok District,Phitsanu Lok,North,flood / inundation,0,48,48,180,0.267,20,"202403, 202404, 202405, 202406, 202407, 202408, 202409, 202410, 202411, 202504, 202505, 202506, 202507, 202508, 202509, 202510, 202511, 202604, 202605, 202606","2024-08, 2024-09, 2024-10, 2024-11, 2025-09, 2025-10, 2025-11, 2026-09, 2026-10, 2026-11"
650602,Tha Chang,Phrom Phiram District,Phitsanu Lok,North,flood / inundation,0,48,48,180,0.267,20,"202403, 202404, 202405, 202406, 202407, 202408, 202409, 202410, 202411, 202504, 202505, 202506, 202507, 202508, 202509, 202510, 202511, 202604, 202605, 202606","2024-08, 2024-09, 2024-10, 2024-11, 2025-09, 2025-10, 2025-11, 2026-09, 2026-10, 2026-11"
650803,Mae Raka,Wang Thong District,Phitsanu Lok,North,flood / inundation,0,48,48,180,0.267,20,"202403, 202404, 202405, 202406, 202407, 202408, 202409, 202410, 202411, 202504, 202505, 202506, 202507, 202508, 202509, 202510, 202511, 202604, 202605, 202606","2024-08, 2024-09, 2024-10, 2024-11, 2025-09, 2025-10, 2025-11, 2026-09, 2026-10, 2026-11"
901112,Thung Tam Sao,Hat Yai District,Songkhla,southeast,flood / inundation,0,48,48,180,0.267,20,"202401, 202405, 202406, 202407, 202408, 202409, 202410, 202411, 202412, 202501, 202506, 202507, 202508, 202509, 202510, 202511, 202512, 202601, 202602, 202606","2024-01, 2024-10, 2024-11, 2024-12, 2025-01, 2025-02, 2025-11, 2025-12, 2026-02, 2026-11"
801405,Plian,Sichon District,Nakhon Si Thammarat,southeast,flood / inundation,1,47,48,180,0.267,22,"202401, 202406, 202407, 202408, 202409, 202410, 202411, 202412, 202501, 202504, 202506, 202507, 202508, 202509, 202510, 202511, 202512, 202601, 202602, 202603, 202604, 202606","2024-01, 2024-11, 2024-12, 2025-01, 2025-02, 2025-04, 2025-11, 2025-12, 2026-01, 2026-04, 2026-11"
140804,Lat Nam Khem,Phak Hai District,Phra Nakhon Si Ayudhya,Central,flood / inundation,0,47,47,180,0.261,21,"202404, 202405, 202406, 202407, 202408, 202409, 202410, 202411, 202504, 202505, 202506, 202507, 202508, 202509, 202510, 202511, 202602, 202603, 202604, 202605, 202606","2024-08, 2024-09, 2024-10, 2024-11, 2025-08, 2025-09, 2025-10, 2025-11, 2026-07, 2026-08, 2026-09, 2026-10, 2026-11"
140808,Na Khu,Phak Hai District,Phra Nakhon Si Ayudhya,Central,flood / inundation,0,47,47,180,0.261,23,"202404, 202405, 202406, 202407, 202408, 202409, 202410, 202411, 202412, 202501, 202502, 202503, 202504, 202505, 202506, 202507, 202508, 202509, 202510, 202511, 202604, 202605, 202606","2024-09, 2024-10, 2024-11, 2025-05, 2025-09, 2025-10, 2025-11, 2026-09, 2026-10, 2026-11"
140810,Lam Takhian,Phak Hai District,Phra Nakhon Si Ayudhya,Central,flood / inundation,0,47,47,180,0.261,23,"202404, 202405, 202406, 202407, 202408, 202409, 202410, 202411, 202412, 202501, 202502, 202503, 202504, 202505, 202506, 202507, 202508, 202509, 202510, 202511, 202604, 202605, 202606","2024-09, 2024-10, 2024-11, 2025-05, 2025-09, 2025-10, 2025-11, 2026-09, 2026-10, 2026-11"
140812,Chakkarat,Phak Hai District,Phra Nakhon Si Ayudhya,Central,flood / inundation,0,47,47,180,0.261,23,"202404, 202405, 202406, 202407, 202408, 202409, 202410, 202411, 202412, 202501, 202502, 202503, 202504, 202505, 202506, 202507, 202508, 202509, 202510, 202511, 202604, 202605, 202606","2024-09, 2024-10, 2024-11, 2025-05, 2025-09, 2025-10, 2025-11, 2026-09, 2026-10, 2026-11"
140813,Nong Nam Yai,Phak Hai District,Phra Nakhon Si Ayudhya,Central,flood / inundation,0,47,47,180,0.261,23,"202404, 202405, 202406, 202407, 202408, 202409, 202410, 202411, 202412, 202501, 202502, 202503, 202504, 202505, 202506, 202507, 202508, 202509, 202510, 202511, 202604, 202605, 202606","2024-09, 2024-10, 2024-11, 2025-05, 2025-09, 2025-10, 2025-11, 2026-09, 2026-10, 2026-11"
141304,Plai Klat,Bang Sai District,Phra Nakhon Si Ayudhya,Central,flood / inundation,0,47,47,180,0.261,23,"202404, 202405, 202406, 202407, 202408, 202409, 202410, 202411, 202412, 202501, 202502, 202503, 202504, 202505, 202506, 202507, 202508, 202509, 202510, 202511, 202604, 202605, 202606","2024-09, 2024-10, 2024-11, 2025-05, 2025-09, 2025-10, 2025-11, 2026-09, 2026-10, 2026-11"
150604,Sao Rong Hai,Wiset Chai Chan District,Ang Thong,Central,flood / inundation,0,47,47,180,0.261,23,"202404, 202405, 202406, 202407, 202408, 202409, 202410, 202411, 202412, 202501, 202502, 202503, 202504, 202505, 202506, 202507, 202508, 202509, 202510, 202511, 202604, 202605, 202606","2024-09, 2024-10, 2024-11, 2025-05, 2025-09, 2025-10, 2025-11, 2026-09, 2026-10, 2026-11"
150610,Phai Wong,Wiset Chai Chan District,Ang Thong,Central,flood / inundation,0,47,47,180,0.261,23,"202404, 202405, 202406, 202407, 202408, 202409, 202410, 202411, 202412, 202501, 202502, 202503, 202504, 202505, 202506, 202507, 202508, 202509, 202510, 202511, 202604, 202605, 202606","2024-09, 2024-10, 2024-11, 2025-05, 2025-09, 2025-10, 2025-11, 2026-09, 2026-10, 2026-11"
180602,Ban Chian,Hankha District,Chainat,Central,flood / inundation,0,47,47,180,0.261,23,"202402, 202403, 202404, 202405, 202406, 202407, 202408, 202409, 202410, 202411, 202501, 202502, 202503, 202504, 202505, 202506, 202507, 202508, 202509, 202510, 202511, 202605, 202606","2024-07, 2024-09, 2024-10, 2024-11, 2025-05, 2025-06, 2025-10, 2025-11, 2026-10, 2026-11"
471208,Khok Si,Sawang Daen Din District,Sakon Nakhon,Northeast,flood / inundation,0,47,47,180,0.261,20,"202403, 202404, 202405, 202406, 202407, 202408, 202409, 202410, 202503, 202504, 202505, 202506, 202507, 202508, 202509, 202510, 202603, 202604, 202605, 202606","2024-08, 2024-09, 2024-10, 2025-07, 2025-08, 2025-09, 2025-10, 2026-07, 2026-08, 2026-09, 2026-10"
471605,Nong Paen,Charoen Sin District,Sakon Nakhon,Northeast,flood / inundation,0,47,47,180,0.261,20,"202403, 202404, 202405, 202406, 202407, 202408, 202409, 202410, 202503, 202504, 202505, 202506, 202507, 202508, 202509, 202510, 202603, 202604, 202605, 202606","2024-08, 2024-09, 2024-10, 2025-07, 2025-08, 2025-09, 2025-10, 2026-07, 2026-08, 2026-09, 2026-10"
481101,Na Thom,Na Thom District,Nakhon Phanom,Northeast,flood / inundation,0,47,47,180,0.261,20,"202403, 202404, 202405, 202406, 202407, 202408, 202409, 202410, 202503, 202504, 202505, 202506, 202507, 202508, 202509, 202510, 202603, 202604, 202605, 202606","2024-08, 2024-09, 2024-10, 2025-08, 2025-09, 2025-10, 2026-07, 2026-08, 2026-09, 2026-10"
481103,Don Toei,Na Thom District,Nakhon Phanom,Northeast,flood / inundation,0,47,47,180,0.261,20,"202403, 202404, 202405, 202406, 202407, 202408, 202409, 202410, 202503, 202504, 202505, 202506, 202507, 202508, 202509, 202510, 202603, 202604, 202605, 202606","2024-08, 2024-09, 2024-10, 2025-08, 2025-09, 2025-10, 2026-07, 2026-08, 2026-09, 2026-10"
600201,Krok Phra,Krok Phra District,Nakhon Sawan,North,flood / inundation,0,47,47,180,0.261,22,"202404, 202405, 202406, 202407, 202408, 202409, 202410, 202411, 202501, 202502, 202503, 202504, 202505, 202506, 202507, 202508, 202509, 202510, 202511, 202604, 202605, 202606","2024-09, 2024-10, 2024-11, 2025-05, 2025-09, 2025-10, 2025-11, 2026-09, 2026-10, 2026-11"
600202,Yang Tan,Krok Phra District,Nakhon Sawan,North,flood / inundation,0,47,47,180,0.261,22,"202404, 202405, 202406, 202407, 202408, 202409, 202410, 202411, 202501, 202502, 202503, 202504, 202505, 202506, 202507, 202508, 202509, 202510, 202511, 202604, 202605, 202606","2024-09, 2024-10, 2024-11, 2025-05, 2025-09, 2025-10, 2025-11, 2026-09, 2026-10, 2026-11"
600203,Bang Mafo,Krok Phra District,Nakhon Sawan,North,flood / inundation,0,47,47,180,0.261,22,"202404, 202405, 202406, 202407, 202408, 202409, 202410, 202411, 202501, 202502, 202503, 202504, 202505, 202506, 202507, 202508, 202509, 202510, 202511, 202604, 202605, 202606","2024-09, 2024-10, 2024-11, 2025-05, 2025-09, 2025-10, 2025-11, 2026-09, 2026-10, 2026-11"
600204,Bang Pramung,Krok Phra District,Nakhon Sawan,North,flood / inundation,0,47,47,180,0.261,22,"202404, 202405, 202406, 202407, 202408, 202409, 202410, 202411, 202501, 202502, 202503, 202504, 202505, 202506, 202507, 202508, 202509, 202510, 202511, 202604, 202605, 202606","2024-09, 2024-10, 2024-11, 2025-05, 2025-09, 2025-10, 2025-11, 2026-09, 2026-10, 2026-11"
600205,Na Klang,Krok Phra District,Nakhon Sawan,North,flood / inundation,0,47,47,180,0.261,22,"202404, 202405, 202406, 202407, 202408, 202409, 202410, 202411, 202501, 202502, 202503, 202504, 202505, 202506, 202507, 202508, 202509, 202510, 202511, 202604, 202605, 202606","2024-09, 2024-10, 2024-11, 2025-05, 2025-09, 2025-10, 2025-11, 2026-09, 2026-10, 2026-11"
600206,Sala Daeng,Krok Phra District,Nakhon Sawan,North,flood / inundation,0,47,47,180,0.261,22,"202404, 202405, 202406, 202407, 202408, 202409, 202410, 202411, 202501, 202502, 202503, 202504, 202505, 202506, 202507, 202508, 202509, 202510, 202511, 202604, 202605, 202606","2024-09, 2024-10, 2024-11, 2025-05, 2025-09, 2025-10, 2025-11, 2026-09, 2026-10, 2026-11"
600207,Noen Kwao,Krok Phra District,Nakhon Sawan,North,flood / inundation,0,47,47,180,0.261,22,"202404, 202405, 202406, 202407, 202408, 202409, 202410, 202411, 202501, 202502, 202503, 202504, 202505, 202506, 202507, 202508, 202509, 202510, 202511, 202604, 202605, 202606","2024-09, 2024-10, 2024-11, 2025-05, 2025-09, 2025-10, 2025-11, 2026-09, 2026-10, 2026-11"
600303,Phikun,Chum Saeng District,Nakhon Sawan,North,flood / inundation,0,47,47,180,0.261,22,"202404, 202405, 202406, 202407, 202408, 202409, 202410, 202411, 202501, 202502, 202503, 202504, 202505, 202506, 202507, 202508, 202509, 202510, 202511, 202604, 202605, 202606","2024-09, 2024-10, 2024-11, 2025-05, 2025-09, 2025-10, 2025-11, 2026-09, 2026-10, 2026-11"
600305,Tha Mai,Chum Saeng District,Nakhon Sawan,North,flood / inundation,0,47,47,180,0.261,22,"202404, 202405, 202406, 202407, 202408, 202409, 202410, 202411, 202501, 202502, 202503, 202504, 202505, 202506, 202507, 202508, 202509, 202510, 202511, 202604, 202605, 202606","2024-09, 2024-10, 2024-11, 2025-05, 2025-09, 2025-10, 2025-11, 2026-09, 2026-10, 2026-11"
600307,Nong Krachao,Chum Saeng District,Nakhon Sawan,North,flood / inundation,0,47,47,180,0.261,22,"202404, 202405, 202406, 202407, 202408, 202409, 202410, 202411, 202501, 202502, 202503, 202504, 202505, 202506, 202507, 202508, 202509, 202510, 202511, 202604, 202605, 202606","2024-09, 2024-10, 2024-11, 2025-05, 2025-09, 2025-10, 2025-11, 2026-09, 2026-10, 2026-11"
600310,Phai Sing,Chum Saeng District,Nakhon Sawan,North,flood / inundation,0,47,47,180,0.261,22,"202404, 202405, 202406, 202407, 202408, 202409, 202410, 202411, 202501, 202502, 202503, 202504, 202505, 202506, 202507, 202508, 202509, 202510, 202511, 202604, 202605, 202606","2024-09, 2024-10, 2024-11, 2025-05, 2025-09, 2025-10, 2025-11, 2026-09, 2026-10, 2026-11"
600311,Kha Mang,Chum Saeng District,Nakhon Sawan,North,flood / inundation,0,47,47,180,0.261,22,"202404, 202405, 202406, 202407, 202408, 202409, 202410, 202411, 202501, 202502, 202503, 202504, 202505, 202506, 202507, 202508, 202509, 202510, 202511, 202604, 202605, 202606","2024-09, 2024-10, 2024-11, 2025-05, 2025-09, 2025-10, 2025-11, 2026-09, 2026-10, 2026-11"
600708,Soi Thong,Takhli District,Nakhon Sawan,North,flood / inundation,0,47,47,180,0.261,22,"202404, 202405, 202406, 202407, 202408, 202409, 202410, 202411, 202501, 202502, 202503, 202504, 202505, 202506, 202507, 202508, 202509, 202510, 202511, 202604, 202605, 202606","2024-09, 2024-10, 2024-11, 2025-05, 2025-09, 2025-10, 2025-11, 2026-09, 2026-10, 2026-11"
650111,Hua Ro,Mueang Phitsanulok District,Phitsanu Lok,North,flood / inundation,0,47,47,180,0.261,22,"202403, 202404, 202405, 202406, 202407, 202408, 202409, 202410, 202412, 202501, 202502, 202503, 202504, 202505, 202506, 202507, 202508, 202509, 202510, 202604, 202605, 202606","2024-08, 2024-09, 2024-10, 2025-05, 2025-06, 2025-09, 2025-10, 2025-11, 2026-09, 2026-10"
650119,Phai Kho Don,Mueang Phitsanulok District,Phitsanu Lok,North,flood / inundation,0,47,47,180,0.261,20,"202403, 202404, 202405, 202406, 202407, 202408, 202409, 202410, 202411, 202504, 202505, 202506, 202507, 202508, 202509, 202510, 202511, 202604, 202605, 202606","2024-08, 2024-09, 2024-10, 2024-11, 2025-09, 2025-10, 2025-11, 2026-09, 2026-10, 2026-11"
650401,Bang Rakam,Bang Rakam District,Phitsanu Lok,North,flood / inundation,0,47,47,180,0.261,20,"202403, 202404, 202405, 202406, 202407, 202408, 202409, 202410, 202411, 202504, 202505, 202506, 202507, 202508, 202509, 202510, 202511, 202604, 202605, 202606","2024-08, 2024-09, 2024-10, 2024-11, 2025-09, 2025-10, 2025-11, 2026-09, 2026-10, 2026-11"
650404,Wang I Thok,Bang Rakam District,Phitsanu Lok,North,flood / inundation,0,47,47,180,0.261,20,"202403, 202404, 202405, 202406, 202407, 202408, 202409, 202410, 202411, 202504, 202505, 202506, 202507, 202508, 202509, 202510, 202511, 202604, 202605, 202606","2024-08, 2024-09, 2024-10, 2024-11, 2025-09, 2025-10, 2025-11, 2026-09, 2026-10, 2026-11"
650409,Bo Thong,Bang Rakam District,Phitsanu Lok,North,flood / inundation,0,47,47,180,0.261,20,"202403, 202404, 202405, 202406, 202407, 202408, 202409, 202410, 202411, 202504, 202505, 202506, 202507, 202508, 202509, 202510, 202511, 202604, 202605, 202606","2024-08, 2024-09, 2024-10, 2024-11, 2025-09, 2025-10, 2025-11, 2026-09, 2026-10, 2026-11"
660102,Phai Khwang,Mueang Phichit District,Phichit,North,flood / inundation,0,47,47,180,0.261,23,"202404, 202405, 202406, 202407, 202408, 202409, 202410, 202411, 202412, 202501, 202502, 202503, 202504, 202505, 202506, 202507, 202508, 202509, 202510, 202511, 202604, 202605, 202606","2024-09, 2024-10, 2024-11, 2025-05, 2025-09, 2025-10, 2025-11, 2026-09, 2026-10, 2026-11"
660104,Tha Lo,Mueang Phichit District,Phichit,North,flood / inundation,0,47,47,180,0.261,21,"202404, 202405, 202406, 202407, 202408, 202409, 202410, 202411, 202502, 202503, 202504, 202505, 202506, 202507, 202508, 202509, 202510, 202511, 202604, 202605, 202606","2024-09, 2024-10, 2024-11, 2025-07, 2025-09, 2025-10, 2025-11, 2026-09, 2026-10, 2026-11"
660108,Mueang Kao,Mueang Phichit District,Phichit,North,flood / inundation,0,47,47,180,0.261,21,"202404, 202405, 202406, 202407, 202408, 202409, 202410, 202411, 202502, 202503, 202504, 202505, 202506, 202507, 202508, 202509, 202510, 202511, 202604, 202605, 202606","2024-09, 2024-10, 2024-11, 2025-07, 2025-09, 2025-10, 2025-11, 2026-09, 2026-10, 2026-11"
660109,Tha Luang,Mueang Phichit District,Phichit,North,flood / inundation,0,47,47,180,0.261,21,"202404, 202405, 202406, 202407, 202408, 202409, 202410, 202411, 202502, 202503, 202504, 202505, 202506, 202507, 202508, 202509, 202510, 202511, 202604, 202605, 202606","2024-09, 2024-10, 2024-11, 2025-07, 2025-09, 2025-10, 2025-11, 2026-09, 2026-10, 2026-11"
660110,Ban Bung,Mueang Phichit District,Phichit,North,flood / inundation,0,47,47,180,0.261,20,"202404, 202405, 202406, 202407, 202408, 202409, 202410, 202411, 202503, 202504, 202505, 202506, 202507, 202508, 202509, 202510, 202511, 202604, 202605, 202606","2024-09, 2024-10, 2024-11, 2025-07, 2025-08, 2025-09, 2025-10, 2025-11, 2026-09, 2026-10, 2026-11"
660407,Dong Takhop,Taphan Hin District,Phichit,North,flood / inundation,0,47,47,180,0.261,21,"202404, 202405, 202406, 202407, 202408, 202409, 202410, 202411, 202502, 202503, 202504, 202505, 202506, 202507, 202508, 202509, 202510, 202511, 202604, 202605, 202606","2024-09, 2024-10, 2024-11, 2025-07, 2025-09, 2025-10, 2025-11, 2026-09, 2026-10, 2026-11"
660503,Ho Krai,Bang Mun Nak District,Phichit,North,flood / inundation,0,47,47,180,0.261,22,"202404, 202405, 202406, 202407, 202408, 202409, 202410, 202411, 202501, 202502, 202503, 202504, 202505, 202506, 202507, 202508, 202509, 202510, 202511, 202604, 202605, 202606","2024-09, 2024-10, 2024-11, 2025-05, 2025-09, 2025-10, 2025-11, 2026-09, 2026-10, 2026-11"
660504,Noen Makok,Bang Mun Nak District,Phichit,North,flood / inundation,0,47,47,180,0.261,22,"202404, 202405, 202406, 202407, 202408, 202409, 202410, 202411, 202501, 202502, 202503, 202504, 202505, 202506, 202507, 202508, 202509, 202510, 202511, 202604, 202605, 202606","2024-09, 2024-10, 2024-11, 2025-05, 2025-09, 2025-10, 2025-11, 2026-09, 2026-10, 2026-11"
660506,Phum,Bang Mun Nak District,Phichit,North,flood / inundation,0,47,47,180,0.261,20,"202404, 202405, 202406, 202407, 202408, 202409, 202410, 202411, 202503, 202504, 202505, 202506, 202507, 202508, 202509, 202510, 202511, 202604, 202605, 202606","2024-08, 2024-09, 2024-10, 2024-11, 2025-08, 2025-09, 2025-10, 2025-11, 2026-09, 2026-10, 2026-11"
660514,Lam Prada,Bang Mun Nak District,Phichit,North,flood / inundation,0,47,47,180,0.261,22,"202404, 202405, 202406, 202407, 202408, 202409, 202410, 202411, 202501, 202502, 202503, 202504, 202505, 202506, 202507, 202508, 202509, 202510, 202511, 202604, 202605, 202606","2024-09, 2024-10, 2024-11, 2025-05, 2025-09, 2025-10, 2025-11, 2026-09, 2026-10, 2026-11"
660603,Thanong,Pho Thale District,Phichit,North,flood / inundation,0,47,47,180,0.261,22,"202404, 202405, 202406, 202407, 202408, 202409, 202410, 202411, 202501, 202502, 202503, 202504, 202505, 202506, 202507, 202508, 202509, 202510, 202511, 202604, 202605, 202606","2024-09, 2024-10, 2024-11, 2025-05, 2025-09, 2025-10, 2025-11, 2026-09, 2026-10, 2026-11"
660604,Tha Bua,Pho Thale District,Phichit,North,flood / inundation,0,47,47,180,0.261,22,"202404, 202405, 202406, 202407, 202408, 202409, 202410, 202411, 202501, 202502, 202503, 202504, 202505, 202506, 202507, 202508, 202509, 202510, 202511, 202604, 202605, 202606","2024-09, 2024-10, 2024-11, 2025-05, 2025-09, 2025-10, 2025-11, 2026-09, 2026-10, 2026-11"
660606,Tha Khamin,Pho Thale District,Phichit,North,flood / inundation,0,47,47,180,0.261,22,"202404, 202405, 202406, 202407, 202408, 202409, 202410, 202411, 202501, 202502, 202503, 202504, 202505, 202506, 202507, 202508, 202509, 202510, 202511, 202604, 202605, 202606","2024-09, 2024-10, 2024-11, 2025-05, 2025-09, 2025-10, 2025-11, 2026-09, 2026-10, 2026-11"
660608,Bang Khlan,Pho Thale District,Phichit,North,flood / inundation,0,47,47,180,0.261,22,"202404, 202405, 202406, 202407, 202408, 202409, 202410, 202411, 202501, 202502, 202503, 202504, 202505, 202506, 202507, 202508, 202509, 202510, 202511, 202604, 202605, 202606","2024-09, 2024-10, 2024-11, 2025-05, 2025-09, 2025-10, 2025-11, 2026-09, 2026-10, 2026-11"
660611,Tha Nang,Pho Thale District,Phichit,North,flood / inundation,0,47,47,180,0.261,22,"202404, 202405, 202406, 202407, 202408, 202409, 202410, 202411, 202501, 202502, 202503, 202504, 202505, 202506, 202507, 202508, 202509, 202510, 202511, 202604, 202605, 202606","2024-09, 2024-10, 2024-11, 2025-05, 2025-09, 2025-10, 2025-11, 2026-09, 2026-10, 2026-11"
660612,Ban Noi,Pho Thale District,Phichit,North,flood / inundation,0,47,47,180,0.261,22,"202404, 202405, 202406, 202407, 202408, 202409, 202410, 202411, 202501, 202502, 202503, 202504, 202505, 202506, 202507, 202508, 202509, 202510, 202511, 202604, 202605, 202606","2024-09, 2024-10, 2024-11, 2025-05, 2025-09, 2025-10, 2025-11, 2026-09, 2026-10, 2026-11"
140803,Ban Khae,Phak Hai District,Phra Nakhon Si Ayudhya,Central,flood / inundation,0,46,46,180,0.256,20,"202404, 202405, 202406, 202407, 202408, 202409, 202410, 202411, 202504, 202505, 202506, 202507, 202508, 202509, 202510, 202511, 202603, 202604, 202605, 202606","2024-08, 2024-09, 2024-10, 2024-11, 2025-08, 2025-09, 2025-10, 2025-11, 2026-08, 2026-09, 2026-10, 2026-11"
140811,Khok Chang,Phak Hai District,Phra Nakhon Si Ayudhya,Central,flood / inundation,0,46,46,180,0.256,20,"202404, 202405, 202406, 202407, 202408, 202409, 202410, 202411, 202504, 202505, 202506, 202507, 202508, 202509, 202510, 202511, 202603, 202604, 202605, 202606","2024-08, 2024-09, 2024-10, 2024-11, 2025-08, 2025-09, 2025-10, 2025-11, 2026-08, 2026-09, 2026-10, 2026-11"
140815,Na Khok,Phak Hai District,Phra Nakhon Si Ayudhya,Central,flood / inundation,0,46,46,180,0.256,20,"202404, 202405, 202406, 202407, 202408, 202409, 202410, 202411, 202504, 202505, 202506, 202507, 202508, 202509, 202510, 202511, 202603, 202604, 202605, 202606","2024-08, 2024-09, 2024-10, 2024-11, 2025-09, 2025-10, 2025-11, 2026-08, 2026-09, 2026-10, 2026-11"
150603,Phai Dam Phatthana,Wiset Chai Chan District,Ang Thong,Central,flood / inundation,0,46,46,180,0.256,21,"202403, 202404, 202405, 202406, 202407, 202408, 202409, 202410, 202411, 202504, 202505, 202506, 202507, 202508, 202509, 202510, 202511, 202603, 202604, 202605, 202606","2024-08, 2024-09, 2024-10, 2024-11, 2025-09, 2025-10, 2025-11, 2026-08, 2026-09, 2026-10, 2026-11"
180403,Khao Kaeo,Sapphaya District,Chainat,Central,flood / inundation,0,46,46,180,0.256,20,"202403, 202404, 202405, 202406, 202407, 202408, 202409, 202410, 202411, 202504, 202505, 202506, 202507, 202508, 202509, 202510, 202511, 202604, 202605, 202606","2024-08, 2024-09, 2024-10, 2024-11, 2025-08, 2025-09, 2025-10, 2025-11, 2026-09, 2026-10, 2026-11"
361301,Khon San,Khon San District,Chaiyaphum,Northeast,flood / inundation,0,46,46,180,0.256,28,"202401, 202402, 202403, 202404, 202405, 202406, 202407, 202408, 202409, 202410, 202412, 202501, 202502, 202503, 202504, 202505, 202506, 202507, 202508, 202509, 202510, 202512, 202601, 202602, 202603, 202604, 202605, 202606","2024-05, 2024-09, 2024-10, 2025-05, 2025-06, 2025-09, 2025-10, 2026-05, 2026-09, 2026-10"
411108,Na Mai,Ban Dung District,Udon Thani,Northeast,flood / inundation,0,46,46,180,0.256,20,"202403, 202404, 202405, 202406, 202407, 202408, 202409, 202410, 202503, 202504, 202505, 202506, 202507, 202508, 202509, 202510, 202603, 202604, 202605, 202606","2024-08, 2024-09, 2024-10, 2025-07, 2025-08, 2025-09, 2025-10, 2026-08, 2026-09, 2026-10"
412001,Sang Khom,Sang Khom District,Udon Thani,Northeast,flood / inundation,0,46,46,180,0.256,20,"202403, 202404, 202405, 202406, 202407, 202408, 202409, 202410, 202503, 202504, 202505, 202506, 202507, 202508, 202509, 202510, 202603, 202604, 202605, 202606","2024-08, 2024-09, 2024-10, 2025-07, 2025-08, 2025-09, 2025-10, 2026-08, 2026-09, 2026-10"
412006,Ban Hin Ngom,Sang Khom District,Udon Thani,Northeast,flood / inundation,0,46,46,180,0.256,20,"202403, 202404, 202405, 202406, 202407, 202408, 202409, 202410, 202503, 202504, 202505, 202506, 202507, 202508, 202509, 202510, 202603, 202604, 202605, 202606","2024-08, 2024-09, 2024-10, 2025-07, 2025-08, 2025-09, 2025-10, 2026-08, 2026-09, 2026-10"
430508,Na Nang,Phon Phisai District,Nong Khai,Northeast,flood / inundation,0,46,46,180,0.256,20,"202403, 202404, 202405, 202406, 202407, 202408, 202409, 202410, 202503, 202504, 202505, 202506, 202507, 202508, 202509, 202510, 202603, 202604, 202605, 202606","2024-08, 2024-09, 2024-10, 2025-07, 2025-08, 2025-09, 2025-10, 2026-08, 2026-09, 2026-10"
640408,Kok Raet,Kong Krailat District,Sukhothai,North,flood / inundation,0,46,46,180,0.256,22,"202404, 202405, 202406, 202407, 202408, 202409, 202410, 202411, 202412, 202501, 202502, 202503, 202504, 202505, 202506, 202507, 202508, 202509, 202510, 202604, 202605, 202606","2024-09, 2024-10, 2024-11, 2025-05, 2025-06, 2025-09, 2025-10, 2025-11, 2026-09, 2026-10"
640613,Rao Ton Chan,Si Samrong District,Sukhothai,North,flood / inundation,0,46,46,180,0.256,24,"202404, 202405, 202406, 202407, 202408, 202409, 202410, 202411, 202412, 202501, 202502, 202503, 202504, 202505, 202506, 202507, 202508, 202509, 202510, 202601, 202602, 202604, 202605, 202606","2024-09, 2024-10, 2024-11, 2025-05, 2025-06, 2025-09, 2025-10, 2025-11, 2026-06, 2026-09, 2026-10"
640706,Yan Yao,Sawankhalok District,Sukhothai,North,flood / inundation,0,46,46,180,0.256,23,"202404, 202405, 202406, 202407, 202408, 202409, 202410, 202411, 202412, 202501, 202502, 202503, 202504, 202505, 202506, 202507, 202508, 202509, 202510, 202602, 202604, 202605, 202606","2024-08, 2024-09, 2024-10, 2024-11, 2025-05, 2025-09, 2025-10, 2025-11, 2026-05, 2026-06, 2026-09, 2026-10"
650507,Nakhon Pa Mak,Bang Krathum District,Phitsanu Lok,North,flood / inundation,0,46,46,180,0.256,20,"202403, 202404, 202405, 202406, 202407, 202408, 202409, 202410, 202502, 202503, 202504, 202505, 202506, 202507, 202508, 202509, 202510, 202604, 202605, 202606","2024-08, 2024-09, 2024-10, 2025-07, 2025-08, 2025-09, 2025-10, 2026-09, 2026-10"
650607,Taluk Thiam,Phrom Phiram District,Phitsanu Lok,North,flood / inundation,0,46,46,180,0.256,23,"202403, 202404, 202405, 202406, 202407, 202408, 202409, 202411, 202412, 202501, 202502, 202503, 202504, 202505, 202506, 202507, 202508, 202509, 202510, 202602, 202604, 202605, 202606","2024-07, 2024-09, 2024-10, 2024-11, 2025-05, 2025-06, 2025-09, 2025-10, 2025-11, 2026-05, 2026-06, 2026-09"
650608,Wang Won,Phrom Phiram District,Phitsanu Lok,North,flood / inundation,0,46,46,180,0.256,21,"202404, 202405, 202406, 202407, 202408, 202409, 202410, 202412, 202501, 202502, 202503, 202504, 202505, 202506, 202507, 202508, 202509, 202510, 202604, 202605, 202606","2024-09, 2024-10, 2025-05, 2025-06, 2025-09, 2025-10, 2025-11, 2026-05, 2026-09, 2026-10"
660602,Thai Nam,Pho Thale District,Phichit,North,flood / inundation,0,46,46,180,0.256,22,"202404, 202405, 202406, 202407, 202408, 202409, 202410, 202411, 202501, 202502, 202503, 202504, 202505, 202506, 202507, 202508, 202509, 202510, 202511, 202604, 202605, 202606","2024-09, 2024-10, 2024-11, 2025-05, 2025-09, 2025-10, 2025-11, 2026-09, 2026-10, 2026-11"
660605,Thung Noi,Pho Thale District,Phichit,North,flood / inundation,0,46,46,180,0.256,22,"202404, 202405, 202406, 202407, 202408, 202409, 202410, 202411, 202501, 202502, 202503, 202504, 202505, 202506, 202507, 202508, 202509, 202510, 202511, 202604, 202605, 202606","2024-09, 2024-10, 2024-11, 2025-05, 2025-09, 2025-10, 2025-11, 2026-09, 2026-10, 2026-11"
140206,Wang Daeng,Tha Ruea District,Phra Nakhon Si Ayudhya,Central,flood / inundation,0,45,45,180,0.25,21,"202404, 202405, 202406, 202407, 202408, 202409, 202410, 202411, 202504, 202505, 202506, 202507, 202508, 202509, 202510, 202511, 202602, 202603, 202604, 202605, 202606","2024-09, 2024-10, 2024-11, 2025-09, 2025-10, 2025-11, 2026-06, 2026-08, 2026-09, 2026-10, 2026-11"
140505,Mahaphram,Bang Ban District,Phra Nakhon Si Ayudhya,Central,flood / inundation,0,45,45,180,0.25,20,"202404, 202405, 202406, 202407, 202408, 202409, 202410, 202411, 202504, 202505, 202506, 202507, 202508, 202509, 202510, 202511, 202603, 202604, 202605, 202606","2024-08, 2024-09, 2024-10, 2024-11, 2025-09, 2025-10, 2025-11, 2026-08, 2026-09, 2026-10, 2026-11"
150204,Thewarat,Chaiyo District,Ang Thong,Central,flood / inundation,0,45,45,180,0.25,20,"202403, 202404, 202405, 202406, 202407, 202408, 202409, 202410, 202411, 202504, 202505, 202506, 202507, 202508, 202509, 202510, 202511, 202604, 202605, 202606","2024-08, 2024-09, 2024-10, 2024-11, 2025-09, 2025-10, 2025-11, 2026-09, 2026-10, 2026-11"
150205,Ratsathit,Chaiyo District,Ang Thong,Central,flood / inundation,0,45,45,180,0.25,20,"202403, 202404, 202405, 202406, 202407, 202408, 202409, 202410, 202411, 202504, 202505, 202506, 202507, 202508, 202509, 202510, 202511, 202604, 202605, 202606","2024-08, 2024-09, 2024-10, 2024-11, 2025-09, 2025-10, 2025-11, 2026-09, 2026-10, 2026-11"
150308,Phong Pheng,Pa Mok District,Ang Thong,Central,flood / inundation,0,45,45,180,0.25,20,"202404, 202405, 202406, 202407, 202408, 202409, 202410, 202411, 202504, 202505, 202506, 202507, 202508, 202509, 202510, 202511, 202603, 202604, 202605, 202606","2024-08, 2024-09, 2024-10, 2024-11, 2025-09, 2025-10, 2025-11, 2026-08, 2026-09, 2026-10, 2026-11"
150402,Inthapramun,Pho Thong District,Ang Thong,Central,flood / inundation,0,45,45,180,0.25,20,"202403, 202404, 202405, 202406, 202407, 202408, 202409, 202410, 202411, 202504, 202505, 202506, 202507, 202508, 202509, 202510, 202511, 202604, 202605, 202606","2024-08, 2024-09, 2024-10, 2024-11, 2025-09, 2025-10, 2025-11, 2026-09, 2026-10, 2026-11"
160111,Don Pho,Mueang Lop Buri District,Lopburi,Central,flood / inundation,0,45,45,180,0.25,20,"202403, 202404, 202405, 202406, 202407, 202408, 202409, 202410, 202411, 202504, 202505, 202506, 202507, 202508, 202509, 202510, 202511, 202604, 202605, 202606","2024-08, 2024-09, 2024-10, 2024-11, 2025-09, 2025-10, 2025-11, 2026-09, 2026-10, 2026-11"
411908,Chom Si,Phen District,Udon Thani,Northeast,flood / inundation,0,45,45,180,0.25,20,"202403, 202404, 202405, 202406, 202407, 202408, 202409, 202410, 202503, 202504, 202505, 202506, 202507, 202508, 202509, 202510, 202603, 202604, 202605, 202606","2024-08, 2024-09, 2024-10, 2025-08, 2025-09, 2025-10, 2026-08, 2026-09, 2026-10"
430106,Wat That,Mueang Nong Khai District,Nong Khai,Northeast,flood / inundation,0,45,45,180,0.25,20,"202403, 202404, 202405, 202406, 202407, 202408, 202409, 202410, 202503, 202504, 202505, 202506, 202507, 202508, 202509, 202510, 202603, 202604, 202605, 202606","2024-08, 2024-09, 2024-10, 2025-08, 2025-09, 2025-10, 2026-08, 2026-09, 2026-10"
430107,Hat Kham,Mueang Nong Khai District,Nong Khai,Northeast,flood / inundation,0,45,45,180,0.25,20,"202403, 202404, 202405, 202406, 202407, 202408, 202409, 202410, 202503, 202504, 202505, 202506, 202507, 202508, 202509, 202510, 202603, 202604, 202605, 202606","2024-08, 2024-09, 2024-10, 2025-08, 2025-09, 2025-10, 2026-08, 2026-09, 2026-10"
430108,Hin Ngom,Mueang Nong Khai District,Nong Khai,Northeast,flood / inundation,0,45,45,180,0.25,20,"202403, 202404, 202405, 202406, 202407, 202408, 202409, 202410, 202503, 202504, 202505, 202506, 202507, 202508, 202509, 202510, 202603, 202604, 202605, 202606","2024-08, 2024-09, 2024-10, 2025-08, 2025-09, 2025-10, 2026-08, 2026-09, 2026-10"
430507,Lao Tang Kham,Phon Phisai District,Nong Khai,Northeast,flood / inundation,0,45,45,180,0.25,20,"202403, 202404, 202405, 202406, 202407, 202408, 202409, 202410, 202503, 202504, 202505, 202506, 202507, 202508, 202509, 202510, 202603, 202604, 202605, 202606","2024-08, 2024-09, 2024-10, 2025-08, 2025-09, 2025-10, 2026-08, 2026-09, 2026-10"
451018,Bueng Kluea,Selaphum District,Roi Et,Northeast,flood / inundation,0,45,45,180,0.25,19,"202403, 202404, 202405, 202406, 202407, 202408, 202409, 202410, 202503, 202504, 202505, 202506, 202507, 202508, 202509, 202510, 202604, 202605, 202606","2024-07, 2024-08, 2024-09, 2024-10, 2025-07, 2025-09, 2025-10, 2026-07, 2026-08, 2026-09, 2026-10"
470902,Nong Bua Sim,Kham Ta Kla District,Sakon Nakhon,Northeast,flood / inundation,0,45,45,180,0.25,24,"202404, 202405, 202406, 202407, 202408, 202409, 202410, 202501, 202502, 202503, 202504, 202505, 202506, 202507, 202508, 202509, 202510, 202512, 202601, 202602, 202603, 202604, 202605, 202606","2024-09, 2024-10, 2025-05, 2025-07, 2025-08, 2025-09, 2025-10, 2026-05, 2026-07, 2026-08, 2026-09, 2026-10"
520708,Wang Sai Thong,Wang Nuea District,Lampang,North,flood / inundation,0,45,45,180,0.25,23,"202402, 202403, 202404, 202405, 202406, 202407, 202408, 202409, 202412, 202501, 202502, 202503, 202504, 202505, 202506, 202507, 202508, 202509, 202602, 202603, 202604, 202605, 202606","2024-07, 2024-08, 2024-09, 2024-10, 2025-05, 2025-06, 2025-08, 2025-10, 2026-05, 2026-08"
600603,Nong Tao,Kao Liao District,Nakhon Sawan,North,flood / inundation,0,45,45,180,0.25,20,"202403, 202404, 202405, 202406, 202407, 202408, 202409, 202410, 202411, 202504, 202505, 202506, 202507, 202508, 202509, 202510, 202511, 202604, 202605, 202606","2024-08, 2024-09, 2024-10, 2024-11, 2025-09, 2025-10, 2025-11, 2026-09, 2026-10, 2026-11"
640108,Tan Tia,Mueang Sukhothai District,Sukhothai,North,flood / inundation,0,45,45,180,0.25,25,"202403, 202404, 202405, 202406, 202407, 202408, 202409, 202410, 202411, 202412, 202501, 202502, 202503, 202504, 202505, 202506, 202507, 202508, 202509, 202510, 202601, 202602, 202604, 202605, 202606","2024-07, 2024-09, 2024-10, 2024-11, 2025-05, 2025-09, 2025-10, 2025-11, 2026-06, 2026-09, 2026-10"
650604,Matum,Phrom Phiram District,Phitsanu Lok,North,flood / inundation,0,45,45,180,0.25,20,"202403, 202404, 202405, 202406, 202407, 202408, 202409, 202410, 202411, 202504, 202505, 202506, 202507, 202508, 202509, 202510, 202511, 202604, 202605, 202606","2024-08, 2024-09, 2024-10, 2024-11, 2025-09, 2025-10, 2025-11, 2026-09, 2026-10, 2026-11"
660113,Hua Dong,Mueang Phichit District,Phichit,North,flood / inundation,0,45,45,180,0.25,20,"202404, 202405, 202406, 202407, 202408, 202409, 202410, 202411, 202503, 202504, 202505, 202506, 202507, 202508, 202509, 202510, 202511, 202604, 202605, 202606","2024-09, 2024-10, 2024-11, 2025-07, 2025-09, 2025-10, 2025-11, 2026-09, 2026-10, 2026-11"
660402,Ngio Rai,Taphan Hin District,Phichit,North,flood / inundation,0,45,45,180,0.25,20,"202404, 202405, 202406, 202407, 202408, 202409, 202410, 202411, 202503, 202504, 202505, 202506, 202507, 202508, 202509, 202510, 202511, 202604, 202605, 202606","2024-09, 2024-10, 2024-11, 2025-07, 2025-09, 2025-10, 2025-11, 2026-09, 2026-10, 2026-11"
661004,Bang Lai,Bueng Na Rang District,Phichit,North,flood / inundation,0,45,45,180,0.25,20,"202404, 202405, 202406, 202407, 202408, 202409, 202410, 202411, 202503, 202504, 202505, 202506, 202507, 202508, 202509, 202510, 202511, 202604, 202605, 202606","2024-09, 2024-10, 2024-11, 2025-07, 2025-09, 2025-10, 2025-11, 2026-09, 2026-10, 2026-11"
820405,Lo Yung,Takua Thung District,Phang Nga,southwest,flood / inundation,0,45,45,180,0.25,24,"202403, 202404, 202405, 202406, 202407, 202408, 202409, 202410, 202412, 202501, 202502, 202503, 202504, 202505, 202506, 202507, 202508, 202512, 202601, 202602, 202603, 202604, 202605, 202606","2024-07, 2024-08, 2024-09, 2024-10, 2025-05, 2025-06, 2025-08, 2025-09, 2026-05, 2026-08"
140713,Ban Li,Bang Pahan District,Phra Nakhon Si Ayudhya,Central,flood / inundation,0,44,44,180,0.244,20,"202404, 202405, 202406, 202407, 202408, 202409, 202410, 202411, 202504, 202505, 202506, 202507, 202508, 202509, 202510, 202511, 202603, 202604, 202605, 202606","2024-09, 2024-10, 2024-11, 2025-09, 2025-10, 2025-11, 2026-08, 2026-09, 2026-10, 2026-11"
150107,Mahatthai,Mueang Ang Thong District,Ang Thong,Central,flood / inundation,0,44,44,180,0.244,20,"202404, 202405, 202406, 202407, 202408, 202409, 202410, 202411, 202504, 202505, 202506, 202507, 202508, 202509, 202510, 202511, 202603, 202604, 202605, 202606","2024-09, 2024-10, 2024-11, 2025-09, 2025-10, 2025-11, 2026-08, 2026-09, 2026-10, 2026-11"
150307,Ekkarat,Pa Mok District,Ang Thong,Central,flood / inundation,0,44,44,180,0.244,20,"202404, 202405, 202406, 202407, 202408, 202409, 202410, 202411, 202504, 202505, 202506, 202507, 202508, 202509, 202510, 202511, 202603, 202604, 202605, 202606","2024-09, 2024-10, 2024-11, 2025-09, 2025-10, 2025-11, 2026-08, 2026-09, 2026-10, 2026-11"
190605,Horathep,Ban Mo District,Saraburi,Central,flood / inundation,0,44,44,180,0.244,20,"202404, 202405, 202406, 202407, 202408, 202409, 202410, 202411, 202504, 202505, 202506, 202507, 202508, 202509, 202510, 202511, 202603, 202604, 202605, 202606","2024-09, 2024-10, 2024-11, 2025-09, 2025-10, 2025-11, 2026-08, 2026-09, 2026-10, 2026-11"
190701,Don Phut,Don Phut District,Saraburi,Central,flood / inundation,0,44,44,180,0.244,20,"202404, 202405, 202406, 202407, 202408, 202409, 202410, 202411, 202504, 202505, 202506, 202507, 202508, 202509, 202510, 202511, 202603, 202604, 202605, 202606","2024-09, 2024-10, 2024-11, 2025-09, 2025-10, 2025-11, 2026-08, 2026-09, 2026-10, 2026-11"
190702,Phai Lio,Don Phut District,Saraburi,Central,flood / inundation,0,44,44,180,0.244,20,"202404, 202405, 202406, 202407, 202408, 202409, 202410, 202411, 202504, 202505, 202506, 202507, 202508, 202509, 202510, 202511, 202603, 202604, 202605, 202606","2024-09, 2024-10, 2024-11, 2025-09, 2025-10, 2025-11, 2026-08, 2026-09, 2026-10, 2026-11"
190703,Ban Luang,Don Phut District,Saraburi,Central,flood / inundation,0,44,44,180,0.244,20,"202404, 202405, 202406, 202407, 202408, 202409, 202410, 202411, 202504, 202505, 202506, 202507, 202508, 202509, 202510, 202511, 202603, 202604, 202605, 202606","2024-09, 2024-10, 2024-11, 2025-09, 2025-10, 2025-11, 2026-08, 2026-09, 2026-10, 2026-11"
190801,Nong Don,Nong Don District,Saraburi,Central,flood / inundation,0,44,44,180,0.244,20,"202404, 202405, 202406, 202407, 202408, 202409, 202410, 202411, 202504, 202505, 202506, 202507, 202508, 202509, 202510, 202511, 202603, 202604, 202605, 202606","2024-09, 2024-10, 2024-11, 2025-09, 2025-10, 2025-11, 2026-08, 2026-09, 2026-10, 2026-11"
330115,Phon Khewa,Mueang Si Sa Ket District,Sisaket,Northeast,flood / inundation,0,44,44,180,0.244,20,"202404, 202405, 202406, 202407, 202408, 202409, 202410, 202504, 202505, 202506, 202507, 202508, 202509, 202510, 202511, 202512, 202603, 202604, 202605, 202606","2024-09, 2024-10, 2024-11, 2025-09, 2025-10, 2025-11, 2026-05, 2026-08, 2026-09, 2026-10, 2026-11"
330123,Pho,Mueang Si Sa Ket District,Sisaket,Northeast,flood / inundation,0,44,44,180,0.244,18,"202404, 202405, 202406, 202407, 202408, 202409, 202410, 202504, 202505, 202506, 202507, 202508, 202509, 202510, 202511, 202604, 202605, 202606","2024-09, 2024-10, 2024-11, 2025-09, 2025-10, 2025-11, 2026-07, 2026-08, 2026-09, 2026-10, 2026-11"
330202,Lin Fa,Yang Chum Noi District,Sisaket,Northeast,flood / inundation,0,44,44,180,0.244,18,"202404, 202405, 202406, 202407, 202408, 202409, 202410, 202504, 202505, 202506, 202507, 202508, 202509, 202510, 202511, 202604, 202605, 202606","2024-09, 2024-10, 2024-11, 2025-06, 2025-09, 2025-10, 2025-11, 2026-07, 2026-08, 2026-09, 2026-10, 2026-11"
402001,Non Khom,Phu Pha Man District,Khon Kaen,Northeast,flood / inundation,0,44,44,180,0.244,28,"202401, 202402, 202403, 202404, 202405, 202406, 202407, 202408, 202409, 202410, 202412, 202501, 202502, 202503, 202504, 202505, 202506, 202507, 202508, 202509, 202510, 202512, 202601, 202602, 202603, 202604, 202605, 202606","2024-05, 2024-09, 2024-10, 2025-05, 2025-09, 2025-10, 2026-05, 2026-09, 2026-10"
420104,Kok Du,Mueang Loei District,Loei,Northeast,flood / inundation,0,44,44,180,0.244,24,"202403, 202404, 202405, 202406, 202407, 202408, 202409, 202410, 202412, 202501, 202502, 202503, 202504, 202505, 202506, 202507, 202508, 202509, 202512, 202601, 202602, 202603, 202604, 202605","2024-07, 2024-08, 2024-09, 2024-10, 2025-05, 2025-07, 2025-08, 2025-09, 2026-05"
480901,Na Wa,Na Wa District,Nakhon Phanom,Northeast,flood / inundation,0,44,44,180,0.244,19,"202403, 202404, 202405, 202406, 202407, 202408, 202409, 202410, 202503, 202504, 202505, 202506, 202507, 202508, 202509, 202510, 202604, 202605, 202606","2024-08, 2024-09, 2024-10, 2025-07, 2025-08, 2025-09, 2025-10, 2026-07, 2026-08, 2026-09, 2026-10"
480903,Ban Siao,Na Wa District,Nakhon Phanom,Northeast,flood / inundation,0,44,44,180,0.244,19,"202403, 202404, 202405, 202406, 202407, 202408, 202409, 202410, 202503, 202504, 202505, 202506, 202507, 202508, 202509, 202510, 202604, 202605, 202606","2024-08, 2024-09, 2024-10, 2025-07, 2025-08, 2025-09, 2025-10, 2026-07, 2026-08, 2026-09, 2026-10"
480905,Lao Phathana,Na Wa District,Nakhon Phanom,Northeast,flood / inundation,0,44,44,180,0.244,19,"202403, 202404, 202405, 202406, 202407, 202408, 202409, 202410, 202503, 202504, 202505, 202506, 202507, 202508, 202509, 202510, 202604, 202605, 202606","2024-08, 2024-09, 2024-10, 2025-07, 2025-08, 2025-09, 2025-10, 2026-07, 2026-08, 2026-09, 2026-10"
520702,Wang Nuea,Wang Nuea District,Lampang,North,flood / inundation,0,44,44,180,0.244,20,"202402, 202403, 202404, 202405, 202406, 202407, 202408, 202409, 202501, 202502, 202503, 202504, 202505, 202506, 202507, 202508, 202603, 202604, 202605, 202606","2024-07, 2024-08, 2024-09, 2024-10, 2025-05, 2025-06, 2025-08, 2026-05, 2026-06, 2026-08"
640308,Nong Krading,Khiri Mat District,Sukhothai,North,flood / inundation,0,44,44,180,0.244,28,"202401, 202402, 202403, 202404, 202405, 202406, 202407, 202408, 202409, 202410, 202412, 202501, 202502, 202503, 202504, 202505, 202506, 202507, 202508, 202509, 202510, 202512, 202601, 202602, 202603, 202604, 202605, 202606","2024-05, 2024-09, 2024-10, 2025-05, 2025-09, 2025-10, 2026-05, 2026-09, 2026-10"
920901,Khuan Mao,Ratsada District,Trang,southwest,flood / inundation,0,44,44,180,0.244,19,"202401, 202404, 202405, 202406, 202407, 202408, 202409, 202410, 202411, 202412, 202501, 202506, 202507, 202508, 202509, 202510, 202511, 202512, 202606","2024-01, 2024-09, 2024-10, 2024-11, 2024-12, 2025-01, 2025-10, 2025-11, 2025-12, 2026-11"
190704,Dong Ta-Ngao,Don Phut District,Saraburi,Central,flood / inundation,0,43,43,180,0.239,20,"202404, 202405, 202406, 202407, 202408, 202409, 202410, 202411, 202504, 202505, 202506, 202507, 202508, 202509, 202510, 202511, 202603, 202604, 202605, 202606","2024-09, 2024-10, 2024-11, 2025-09, 2025-10, 2025-11, 2026-08, 2026-09, 2026-10, 2026-11"
190803,Don Thong,Nong Don District,Saraburi,Central,flood / inundation,0,43,43,180,0.239,20,"202404, 202405, 202406, 202407, 202408, 202409, 202410, 202411, 202504, 202505, 202506, 202507, 202508, 202509, 202510, 202511, 202603, 202604, 202605, 202606","2024-09, 2024-10, 2024-11, 2025-09, 2025-10, 2025-11, 2026-08, 2026-09, 2026-10, 2026-11"
350602,Hua Mueang,Maha Chana Chai District,Yasothon,Northeast,flood / inundation,0,43,43,180,0.239,18,"202404, 202405, 202406, 202407, 202408, 202409, 202410, 202504, 202505, 202506, 202507, 202508, 202509, 202510, 202511, 202604, 202605, 202606","2024-08, 2024-09, 2024-10, 2024-11, 2025-09, 2025-10, 2025-11, 2026-08, 2026-09, 2026-10, 2026-11"
380506,Na Dong,Pak Khat District,Bung Kan,Northeast,flood / inundation,0,43,43,180,0.239,19,"202404, 202405, 202406, 202407, 202408, 202409, 202410, 202502, 202503, 202504, 202505, 202506, 202507, 202508, 202509, 202510, 202604, 202605, 202606","2024-07, 2024-08, 2024-09, 2024-10, 2025-07, 2025-08, 2025-09, 2025-10, 2026-07, 2026-08, 2026-09, 2026-10"
451006,Wang Luang,Selaphum District,Roi Et,Northeast,flood / inundation,0,43,43,180,0.239,19,"202403, 202404, 202405, 202406, 202407, 202408, 202409, 202410, 202503, 202504, 202505, 202506, 202507, 202508, 202509, 202510, 202604, 202605, 202606","2024-07, 2024-08, 2024-09, 2024-10, 2025-07, 2025-09, 2025-10, 2026-07, 2026-08, 2026-09, 2026-10"
451013,Lao Noi,Selaphum District,Roi Et,Northeast,flood / inundation,0,43,43,180,0.239,19,"202403, 202404, 202405, 202406, 202407, 202408, 202409, 202410, 202503, 202504, 202505, 202506, 202507, 202508, 202509, 202510, 202604, 202605, 202606","2024-07, 2024-08, 2024-09, 2024-10, 2025-07, 2025-09, 2025-10, 2026-07, 2026-08, 2026-09, 2026-10"
460303,Phon Ngam,Kamalasai District,Kalasin,Northeast,flood / inundation,0,43,43,180,0.239,20,"202402, 202403, 202404, 202405, 202406, 202407, 202408, 202409, 202410, 202503, 202504, 202505, 202506, 202507, 202508, 202509, 202510, 202604, 202605, 202606","2024-07, 2024-08, 2024-09, 2024-10, 2025-07, 2025-09, 2025-10, 2026-08, 2026-09, 2026-10"
530807,Thung Yang,Laplae District,Auttaradit,North,flood / inundation,0,43,43,180,0.239,25,"202404, 202405, 202406, 202407, 202408, 202409, 202410, 202412, 202501, 202502, 202503, 202504, 202505, 202506, 202507, 202508, 202509, 202510, 202512, 202601, 202602, 202603, 202604, 202605, 202606","2024-09, 2024-10, 2025-05, 2025-09, 2025-10, 2026-05, 2026-06, 2026-09, 2026-10"
600112,Phra Non,Mueang Nakhon Sawan District,Nakhon Sawan,North,flood / inundation,0,43,43,180,0.239,19,"202404, 202405, 202406, 202407, 202408, 202409, 202410, 202411, 202504, 202505, 202506, 202507, 202508, 202509, 202510, 202511, 202604, 202605, 202606","2024-08, 2024-09, 2024-10, 2024-11, 2025-09, 2025-10, 2025-11, 2026-09, 2026-10, 2026-11"
600809,Phanom Set,Tha Tako District,Nakhon Sawan,North,flood / inundation,0,43,43,180,0.239,19,"202404, 202405, 202406, 202407, 202408, 202409, 202410, 202411, 202504, 202505, 202506, 202507, 202508, 202509, 202510, 202511, 202604, 202605, 202606","2024-08, 2024-09, 2024-10, 2024-11, 2025-09, 2025-10, 2025-11, 2026-09, 2026-10, 2026-11"
660413,Phai Luang,Taphan Hin District,Phichit,North,flood / inundation,0,43,43,180,0.239,19,"202404, 202405, 202406, 202407, 202408, 202409, 202410, 202411, 202504, 202505, 202506, 202507, 202508, 202509, 202510, 202511, 202604, 202605, 202606","2024-09, 2024-10, 2024-11, 2025-07, 2025-09, 2025-10, 2025-11, 2026-09, 2026-10, 2026-11"
141502,Kathum,Maha Rat District,Phra Nakhon Si Ayudhya,Central,flood / inundation,0,42,42,180,0.233,22,"202404, 202405, 202406, 202407, 202408, 202409, 202410, 202412, 202501, 202502, 202503, 202504, 202505, 202506, 202507, 202508, 202509, 202510, 202603, 202604, 202605, 202606","2024-08, 2024-09, 2024-10, 2025-05, 2025-08, 2025-09, 2025-10, 2026-08, 2026-09, 2026-10"
150103,Sala Daeng,Mueang Ang Thong District,Ang Thong,Central,flood / inundation,0,42,42,180,0.233,19,"202404, 202405, 202406, 202407, 202408, 202409, 202410, 202411, 202504, 202505, 202506, 202507, 202508, 202509, 202510, 202511, 202604, 202605, 202606","2024-09, 2024-10, 2024-11, 2025-09, 2025-10, 2025-11, 2026-09, 2026-10, 2026-11"
150104,Pa Ngio,Mueang Ang Thong District,Ang Thong,Central,flood / inundation,0,42,42,180,0.233,19,"202404, 202405, 202406, 202407, 202408, 202409, 202410, 202411, 202504, 202505, 202506, 202507, 202508, 202509, 202510, 202511, 202604, 202605, 202606","2024-09, 2024-10, 2024-11, 2025-09, 2025-10, 2025-11, 2026-09, 2026-10, 2026-11"
150110,Champa Lo,Mueang Ang Thong District,Ang Thong,Central,flood / inundation,0,42,42,180,0.233,19,"202404, 202405, 202406, 202407, 202408, 202409, 202410, 202411, 202504, 202505, 202506, 202507, 202508, 202509, 202510, 202511, 202604, 202605, 202606","2024-09, 2024-10, 2024-11, 2025-09, 2025-10, 2025-11, 2026-09, 2026-10, 2026-11"
150113,Khlong Wua,Mueang Ang Thong District,Ang Thong,Central,flood / inundation,0,42,42,180,0.233,19,"202404, 202405, 202406, 202407, 202408, 202409, 202410, 202411, 202504, 202505, 202506, 202507, 202508, 202509, 202510, 202511, 202604, 202605, 202606","2024-09, 2024-10, 2024-11, 2025-09, 2025-10, 2025-11, 2026-09, 2026-10, 2026-11"
150114,Yan Sue,Mueang Ang Thong District,Ang Thong,Central,flood / inundation,0,42,42,180,0.233,19,"202404, 202405, 202406, 202407, 202408, 202409, 202410, 202411, 202504, 202505, 202506, 202507, 202508, 202509, 202510, 202511, 202604, 202605, 202606","2024-09, 2024-10, 2024-11, 2025-09, 2025-10, 2025-11, 2026-09, 2026-10, 2026-11"
150302,Pa Mok,Pa Mok District,Ang Thong,Central,flood / inundation,0,42,42,180,0.233,19,"202404, 202405, 202406, 202407, 202408, 202409, 202410, 202411, 202504, 202505, 202506, 202507, 202508, 202509, 202510, 202511, 202604, 202605, 202606","2024-09, 2024-10, 2024-11, 2025-09, 2025-10, 2025-11, 2026-09, 2026-10, 2026-11"
150404,Nong Mae Kai,Pho Thong District,Ang Thong,Central,flood / inundation,0,42,42,180,0.233,19,"202404, 202405, 202406, 202407, 202408, 202409, 202410, 202411, 202504, 202505, 202506, 202507, 202508, 202509, 202510, 202511, 202604, 202605, 202606","2024-09, 2024-10, 2024-11, 2025-09, 2025-10, 2025-11, 2026-09, 2026-10, 2026-11"
150408,Ongkharak,Pho Thong District,Ang Thong,Central,flood / inundation,0,42,42,180,0.233,19,"202404, 202405, 202406, 202407, 202408, 202409, 202410, 202411, 202504, 202505, 202506, 202507, 202508, 202509, 202510, 202511, 202604, 202605, 202606","2024-09, 2024-10, 2024-11, 2025-09, 2025-10, 2025-11, 2026-09, 2026-10, 2026-11"
150409,Khok Phutsa,Pho Thong District,Ang Thong,Central,flood / inundation,0,42,42,180,0.233,19,"202404, 202405, 202406, 202407, 202408, 202409, 202410, 202411, 202504, 202505, 202506, 202507, 202508, 202509, 202510, 202511, 202604, 202605, 202606","2024-09, 2024-10, 2024-11, 2025-09, 2025-10, 2025-11, 2026-09, 2026-10, 2026-11"
150411,Bo Rae,Pho Thong District,Ang Thong,Central,flood / inundation,0,42,42,180,0.233,19,"202404, 202405, 202406, 202407, 202408, 202409, 202410, 202411, 202504, 202505, 202506, 202507, 202508, 202509, 202510, 202511, 202604, 202605, 202606","2024-09, 2024-10, 2024-11, 2025-09, 2025-10, 2025-11, 2026-09, 2026-10, 2026-11"
150414,Bang Chao Cha,Pho Thong District,Ang Thong,Central,flood / inundation,0,42,42,180,0.233,19,"202404, 202405, 202406, 202407, 202408, 202409, 202410, 202411, 202504, 202505, 202506, 202507, 202508, 202509, 202510, 202511, 202604, 202605, 202606","2024-09, 2024-10, 2024-11, 2025-09, 2025-10, 2025-11, 2026-09, 2026-10, 2026-11"
150501,Sawaeng Ha,Sawaeng Ha District,Ang Thong,Central,flood / inundation,0,42,42,180,0.233,19,"202404, 202405, 202406, 202407, 202408, 202409, 202410, 202411, 202504, 202505, 202506, 202507, 202508, 202509, 202510, 202511, 202604, 202605, 202606","2024-09, 2024-10, 2024-11, 2025-09, 2025-10, 2025-11, 2026-09, 2026-10, 2026-11"
150502,Si Phran,Sawaeng Ha District,Ang Thong,Central,flood / inundation,0,42,42,180,0.233,19,"202404, 202405, 202406, 202407, 202408, 202409, 202410, 202411, 202504, 202505, 202506, 202507, 202508, 202509, 202510, 202511, 202604, 202605, 202606","2024-09, 2024-10, 2024-11, 2025-09, 2025-10, 2025-11, 2026-09, 2026-10, 2026-11"
150507,Chamlong,Sawaeng Ha District,Ang Thong,Central,flood / inundation,0,42,42,180,0.233,19,"202404, 202405, 202406, 202407, 202408, 202409, 202410, 202411, 202504, 202505, 202506, 202507, 202508, 202509, 202510, 202511, 202604, 202605, 202606","2024-09, 2024-10, 2024-11, 2025-09, 2025-10, 2025-11, 2026-09, 2026-10, 2026-11"
150601,Phai Chamsin,Wiset Chai Chan District,Ang Thong,Central,flood / inundation,0,42,42,180,0.233,19,"202404, 202405, 202406, 202407, 202408, 202409, 202410, 202411, 202504, 202505, 202506, 202507, 202508, 202509, 202510, 202511, 202604, 202605, 202606","2024-09, 2024-10, 2024-11, 2025-09, 2025-10, 2025-11, 2026-09, 2026-10, 2026-11"
150605,Tha Chang,Wiset Chai Chan District,Ang Thong,Central,flood / inundation,0,42,42,180,0.233,19,"202404, 202405, 202406, 202407, 202408, 202409, 202410, 202411, 202504, 202505, 202506, 202507, 202508, 202509, 202510, 202511, 202604, 202605, 202606","2024-09, 2024-10, 2024-11, 2025-09, 2025-10, 2025-11, 2026-09, 2026-10, 2026-11"
150614,Lak Kaeo,Wiset Chai Chan District,Ang Thong,Central,flood / inundation,0,42,42,180,0.233,19,"202404, 202405, 202406, 202407, 202408, 202409, 202410, 202411, 202504, 202505, 202506, 202507, 202508, 202509, 202510, 202511, 202604, 202605, 202606","2024-09, 2024-10, 2024-11, 2025-09, 2025-10, 2025-11, 2026-09, 2026-10, 2026-11"
160104,Kong Thanu,Mueang Lop Buri District,Lopburi,Central,flood / inundation,0,42,42,180,0.233,19,"202404, 202405, 202406, 202407, 202408, 202409, 202410, 202411, 202504, 202505, 202506, 202507, 202508, 202509, 202510, 202511, 202604, 202605, 202606","2024-09, 2024-10, 2024-11, 2025-09, 2025-10, 2025-11, 2026-09, 2026-10, 2026-11"
160108,Khok Lamphan,Mueang Lop Buri District,Lopburi,Central,flood / inundation,0,42,42,180,0.233,19,"202404, 202405, 202406, 202407, 202408, 202409, 202410, 202411, 202504, 202505, 202506, 202507, 202508, 202509, 202510, 202511, 202604, 202605, 202606","2024-09, 2024-10, 2024-11, 2025-09, 2025-10, 2025-11, 2026-09, 2026-10, 2026-11"
160110,Ngio Rai,Mueang Lop Buri District,Lopburi,Central,flood / inundation,0,42,42,180,0.233,19,"202404, 202405, 202406, 202407, 202408, 202409, 202410, 202411, 202504, 202505, 202506, 202507, 202508, 202509, 202510, 202511, 202604, 202605, 202606","2024-09, 2024-10, 2024-11, 2025-09, 2025-10, 2025-11, 2026-09, 2026-10, 2026-11"
160112,Talung,Mueang Lop Buri District,Lopburi,Central,flood / inundation,0,42,42,180,0.233,19,"202404, 202405, 202406, 202407, 202408, 202409, 202410, 202411, 202504, 202505, 202506, 202507, 202508, 202509, 202510, 202511, 202604, 202605, 202606","2024-09, 2024-10, 2024-11, 2025-09, 2025-10, 2025-11, 2026-09, 2026-10, 2026-11"
160117,Bang Khan Mak,Mueang Lop Buri District,Lopburi,Central,flood / inundation,0,42,42,180,0.233,19,"202404, 202405, 202406, 202407, 202408, 202409, 202410, 202411, 202504, 202505, 202506, 202507, 202508, 202509, 202510, 202511, 202604, 202605, 202606","2024-09, 2024-10, 2024-11, 2025-09, 2025-10, 2025-11, 2026-09, 2026-10, 2026-11"
160118,Ban Khoi,Mueang Lop Buri District,Lopburi,Central,flood / inundation,0,42,42,180,0.233,19,"202404, 202405, 202406, 202407, 202408, 202409, 202410, 202411, 202504, 202505, 202506, 202507, 202508, 202509, 202510, 202511, 202604, 202605, 202606","2024-09, 2024-10, 2024-11, 2025-09, 2025-10, 2025-11, 2026-09, 2026-10, 2026-11"
160119,Thai Talat,Mueang Lop Buri District,Lopburi,Central,flood / inundation,0,42,42,180,0.233,19,"202404, 202405, 202406, 202407, 202408, 202409, 202410, 202411, 202504, 202505, 202506, 202507, 202508, 202509, 202510, 202511, 202604, 202605, 202606","2024-09, 2024-10, 2024-11, 2025-09, 2025-10, 2025-11, 2026-09, 2026-10, 2026-11"
160122,Pho Kao Ton,Mueang Lop Buri District,Lopburi,Central,flood / inundation,0,42,42,180,0.233,19,"202404, 202405, 202406, 202407, 202408, 202409, 202410, 202411, 202504, 202505, 202506, 202507, 202508, 202509, 202510, 202511, 202604, 202605, 202606","2024-09, 2024-10, 2024-11, 2025-09, 2025-10, 2025-11, 2026-09, 2026-10, 2026-11"
160123,Pho Tru,Mueang Lop Buri District,Lopburi,Central,flood / inundation,0,42,42,180,0.233,19,"202404, 202405, 202406, 202407, 202408, 202409, 202410, 202411, 202504, 202505, 202506, 202507, 202508, 202509, 202510, 202511, 202604, 202605, 202606","2024-09, 2024-10, 2024-11, 2025-09, 2025-10, 2025-11, 2026-09, 2026-10, 2026-11"
160124,Si Khlong,Mueang Lop Buri District,Lopburi,Central,flood / inundation,0,42,42,180,0.233,19,"202404, 202405, 202406, 202407, 202408, 202409, 202410, 202411, 202504, 202505, 202506, 202507, 202508, 202509, 202510, 202511, 202604, 202605, 202606","2024-09, 2024-10, 2024-11, 2025-09, 2025-10, 2025-11, 2026-09, 2026-10, 2026-11"
160509,Lat Sali,Tha Wung District,Lopburi,Central,flood / inundation,0,42,42,180,0.233,19,"202404, 202405, 202406, 202407, 202408, 202409, 202410, 202411, 202504, 202505, 202506, 202507, 202508, 202509, 202510, 202511, 202604, 202605, 202606","2024-09, 2024-10, 2024-11, 2025-09, 2025-10, 2025-11, 2026-09, 2026-10, 2026-11"
160613,Bang Kham,Ban Mi District,Lopburi,Central,flood / inundation,0,42,42,180,0.233,19,"202404, 202405, 202406, 202407, 202408, 202409, 202410, 202411, 202504, 202505, 202506, 202507, 202508, 202509, 202510, 202511, 202604, 202605, 202606","2024-09, 2024-10, 2024-11, 2025-09, 2025-10, 2025-11, 2026-09, 2026-10, 2026-11"
170604,Ngio Rai,In Buri District,Singburi,Central,flood / inundation,0,42,42,180,0.233,19,"202404, 202405, 202406, 202407, 202408, 202409, 202410, 202411, 202504, 202505, 202506, 202507, 202508, 202509, 202510, 202511, 202604, 202605, 202606","2024-09, 2024-10, 2024-11, 2025-09, 2025-10, 2025-11, 2026-09, 2026-10, 2026-11"
170605,Chi Nam Rai,In Buri District,Singburi,Central,flood / inundation,0,42,42,180,0.233,19,"202404, 202405, 202406, 202407, 202408, 202409, 202410, 202411, 202504, 202505, 202506, 202507, 202508, 202509, 202510, 202511, 202604, 202605, 202606","2024-09, 2024-10, 2024-11, 2025-09, 2025-10, 2025-11, 2026-09, 2026-10, 2026-11"
170606,Tha Ngam,In Buri District,Singburi,Central,flood / inundation,0,42,42,180,0.233,19,"202404, 202405, 202406, 202407, 202408, 202409, 202410, 202411, 202504, 202505, 202506, 202507, 202508, 202509, 202510, 202511, 202604, 202605, 202606","2024-09, 2024-10, 2024-11, 2025-09, 2025-10, 2025-11, 2026-09, 2026-10, 2026-11"
170608,Thong En,In Buri District,Singburi,Central,flood / inundation,0,42,42,180,0.233,19,"202404, 202405, 202406, 202407, 202408, 202409, 202410, 202411, 202504, 202505, 202506, 202507, 202508, 202509, 202510, 202511, 202604, 202605, 202606","2024-09, 2024-10, 2024-11, 2025-09, 2025-10, 2025-11, 2026-09, 2026-10, 2026-11"
180405,Pho Nang Dam Ok,Sapphaya District,Chainat,Central,flood / inundation,0,42,42,180,0.233,19,"202404, 202405, 202406, 202407, 202408, 202409, 202410, 202411, 202504, 202505, 202506, 202507, 202508, 202509, 202510, 202511, 202604, 202605, 202606","2024-09, 2024-10, 2024-11, 2025-09, 2025-10, 2025-11, 2026-09, 2026-10, 2026-11"
180501,Phraek Si Racha,Sankhaburi District,Chainat,Central,flood / inundation,0,42,42,180,0.233,19,"202404, 202405, 202406, 202407, 202408, 202409, 202410, 202411, 202504, 202505, 202506, 202507, 202508, 202509, 202510, 202511, 202604, 202605, 202606","2024-09, 2024-10, 2024-11, 2025-09, 2025-10, 2025-11, 2026-09, 2026-10, 2026-11"
180608,Wang Kai Thuean,Hankha District,Chainat,Central,flood / inundation,0,42,42,180,0.233,19,"202404, 202405, 202406, 202407, 202408, 202409, 202410, 202411, 202504, 202505, 202506, 202507, 202508, 202509, 202510, 202511, 202604, 202605, 202606","2024-09, 2024-10, 2024-11, 2025-09, 2025-10, 2025-11, 2026-09, 2026-10, 2026-11"
190802,Ban Klap,Nong Don District,Saraburi,Central,flood / inundation,0,42,42,180,0.233,19,"202404, 202405, 202406, 202407, 202408, 202409, 202410, 202411, 202504, 202505, 202506, 202507, 202508, 202509, 202510, 202511, 202604, 202605, 202606","2024-09, 2024-10, 2024-11, 2025-09, 2025-10, 2025-11, 2026-09, 2026-10, 2026-11"
240607,Nong Nae,Phanom Sarakham District,Chachoengsao,east,flood / inundation,0,42,42,180,0.233,20,"202403, 202404, 202405, 202406, 202407, 202408, 202409, 202410, 202504, 202505, 202506, 202507, 202508, 202509, 202510, 202602, 202603, 202604, 202605, 202606","2024-07, 2024-08, 2024-09, 2024-10, 2025-09, 2025-10, 2026-07, 2026-08, 2026-09, 2026-10"
330907,Dan,Rasi Salai District,Sisaket,Northeast,flood / inundation,0,42,42,180,0.233,18,"202404, 202405, 202406, 202407, 202408, 202409, 202410, 202504, 202505, 202506, 202507, 202508, 202509, 202510, 202511, 202604, 202605, 202606","2024-09, 2024-10, 2024-11, 2025-09, 2025-10, 2025-11, 2026-08, 2026-09, 2026-10, 2026-11"
332203,Nong Bua Dong,Sila Lat District,Sisaket,Northeast,flood / inundation,0,42,42,180,0.233,18,"202404, 202405, 202406, 202407, 202408, 202409, 202410, 202504, 202505, 202506, 202507, 202508, 202509, 202510, 202511, 202604, 202605, 202606","2024-09, 2024-10, 2024-11, 2025-09, 2025-10, 2025-11, 2026-08, 2026-09, 2026-10, 2026-11"
451003,Mueang Phrai,Selaphum District,Roi Et,Northeast,flood / inundation,0,42,42,180,0.233,19,"202403, 202404, 202405, 202406, 202407, 202408, 202409, 202410, 202503, 202504, 202505, 202506, 202507, 202508, 202509, 202510, 202604, 202605, 202606","2024-07, 2024-08, 2024-09, 2024-10, 2025-07, 2025-09, 2025-10, 2026-08, 2026-09, 2026-10"
451010,Phu Ngoen,Selaphum District,Roi Et,Northeast,flood / inundation,0,42,42,180,0.233,19,"202403, 202404, 202405, 202406, 202407, 202408, 202409, 202410, 202503, 202504, 202505, 202506, 202507, 202508, 202509, 202510, 202604, 202605, 202606","2024-07, 2024-08, 2024-09, 2024-10, 2025-07, 2025-09, 2025-10, 2026-08, 2026-09, 2026-10"
460302,Lak Mueang,Kamalasai District,Kalasin,Northeast,flood / inundation,0,42,42,180,0.233,20,"202402, 202403, 202404, 202405, 202406, 202407, 202408, 202409, 202410, 202503, 202504, 202505, 202506, 202507, 202508, 202509, 202510, 202604, 202605, 202606","2024-07, 2024-08, 2024-09, 2024-10, 2025-07, 2025-09, 2025-10, 2026-08, 2026-09, 2026-10"
600104,Khwae Yai,Mueang Nakhon Sawan District,Nakhon Sawan,North,flood / inundation,0,42,42,180,0.233,19,"202404, 202405, 202406, 202407, 202408, 202409, 202410, 202411, 202504, 202505, 202506, 202507, 202508, 202509, 202510, 202511, 202604, 202605, 202606","2024-09, 2024-10, 2024-11, 2025-09, 2025-10, 2025-11, 2026-09, 2026-10, 2026-11"
600111,Ban Kaeng,Mueang Nakhon Sawan District,Nakhon Sawan,North,flood / inundation,0,42,42,180,0.233,19,"202404, 202405, 202406, 202407, 202408, 202409, 202410, 202411, 202504, 202505, 202506, 202507, 202508, 202509, 202510, 202511, 202604, 202605, 202606","2024-09, 2024-10, 2024-11, 2025-09, 2025-10, 2025-11, 2026-09, 2026-10, 2026-11"
600113,Wat Sai,Mueang Nakhon Sawan District,Nakhon Sawan,North,flood / inundation,0,42,42,180,0.233,19,"202404, 202405, 202406, 202407, 202408, 202409, 202410, 202411, 202504, 202505, 202506, 202507, 202508, 202509, 202510, 202511, 202604, 202605, 202606","2024-09, 2024-10, 2024-11, 2025-09, 2025-10, 2025-11, 2026-09, 2026-10, 2026-11"
600115,Nong Kradon,Mueang Nakhon Sawan District,Nakhon Sawan,North,flood / inundation,0,42,42,180,0.233,19,"202404, 202405, 202406, 202407, 202408, 202409, 202410, 202411, 202504, 202505, 202506, 202507, 202508, 202509, 202510, 202511, 202604, 202605, 202606","2024-09, 2024-10, 2024-11, 2025-09, 2025-10, 2025-11, 2026-09, 2026-10, 2026-11"
600301,Chum Saeng,Chum Saeng District,Nakhon Sawan,North,flood / inundation,0,42,42,180,0.233,19,"202404, 202405, 202406, 202407, 202408, 202409, 202410, 202411, 202504, 202505, 202506, 202507, 202508, 202509, 202510, 202511, 202604, 202605, 202606","2024-09, 2024-10, 2024-11, 2025-09, 2025-10, 2025-11, 2026-09, 2026-10, 2026-11"
600503,Hu Kwang,Banphot Phisai District,Nakhon Sawan,North,flood / inundation,0,42,42,180,0.233,19,"202404, 202405, 202406, 202407, 202408, 202409, 202410, 202411, 202504, 202505, 202506, 202507, 202508, 202509, 202510, 202511, 202604, 202605, 202606","2024-09, 2024-10, 2024-11, 2025-09, 2025-10, 2025-11, 2026-09, 2026-10, 2026-11"
600601,Mahapho,Kao Liao District,Nakhon Sawan,North,flood / inundation,0,42,42,180,0.233,19,"202404, 202405, 202406, 202407, 202408, 202409, 202410, 202411, 202504, 202505, 202506, 202507, 202508, 202509, 202510, 202511, 202604, 202605, 202606","2024-09, 2024-10, 2024-11, 2025-09, 2025-10, 2025-11, 2026-09, 2026-10, 2026-11"
600602,Kao Liao,Kao Liao District,Nakhon Sawan,North,flood / inundation,0,42,42,180,0.233,19,"202404, 202405, 202406, 202407, 202408, 202409, 202410, 202411, 202504, 202505, 202506, 202507, 202508, 202509, 202510, 202511, 202604, 202605, 202606","2024-09, 2024-10, 2024-11, 2025-09, 2025-10, 2025-11, 2026-09, 2026-10, 2026-11"
600604,Khao Din,Kao Liao District,Nakhon Sawan,North,flood / inundation,0,42,42,180,0.233,19,"202404, 202405, 202406, 202407, 202408, 202409, 202410, 202411, 202504, 202505, 202506, 202507, 202508, 202509, 202510, 202511, 202604, 202605, 202606","2024-09, 2024-10, 2024-11, 2025-09, 2025-10, 2025-11, 2026-09, 2026-10, 2026-11"
600605,Hua Dong,Kao Liao District,Nakhon Sawan,North,flood / inundation,0,42,42,180,0.233,19,"202404, 202405, 202406, 202407, 202408, 202409, 202410, 202411, 202504, 202505, 202506, 202507, 202508, 202509, 202510, 202511, 202604, 202605, 202606","2024-09, 2024-10, 2024-11, 2025-09, 2025-10, 2025-11, 2026-09, 2026-10, 2026-11"
600801,Tha Tako,Tha Tako District,Nakhon Sawan,North,flood / inundation,0,42,42,180,0.233,19,"202404, 202405, 202406, 202407, 202408, 202409, 202410, 202411, 202504, 202505, 202506, 202507, 202508, 202509, 202510, 202511, 202604, 202605, 202606","2024-09, 2024-10, 2024-11, 2025-09, 2025-10, 2025-11, 2026-09, 2026-10, 2026-11"
600802,Phanom Rok,Tha Tako District,Nakhon Sawan,North,flood / inundation,0,42,42,180,0.233,19,"202404, 202405, 202406, 202407, 202408, 202409, 202410, 202411, 202504, 202505, 202506, 202507, 202508, 202509, 202510, 202511, 202604, 202605, 202606","2024-09, 2024-10, 2024-11, 2025-09, 2025-10, 2025-11, 2026-09, 2026-10, 2026-11"
600803,Hua Thanon,Tha Tako District,Nakhon Sawan,North,flood / inundation,0,42,42,180,0.233,19,"202404, 202405, 202406, 202407, 202408, 202409, 202410, 202411, 202504, 202505, 202506, 202507, 202508, 202509, 202510, 202511, 202604, 202605, 202606","2024-09, 2024-10, 2024-11, 2025-09, 2025-10, 2025-11, 2026-09, 2026-10, 2026-11"
600805,Wang Mahakon,Tha Tako District,Nakhon Sawan,North,flood / inundation,0,42,42,180,0.233,19,"202404, 202405, 202406, 202407, 202408, 202409, 202410, 202411, 202504, 202505, 202506, 202507, 202508, 202509, 202510, 202511, 202604, 202605, 202606","2024-09, 2024-10, 2024-11, 2025-09, 2025-10, 2025-11, 2026-09, 2026-10, 2026-11"
640404,Krai Klang,Kong Krailat District,Sukhothai,North,flood / inundation,0,42,42,180,0.233,22,"202404, 202405, 202406, 202407, 202408, 202409, 202411, 202412, 202501, 202502, 202503, 202504, 202505, 202506, 202507, 202508, 202509, 202510, 202602, 202604, 202605, 202606","2024-09, 2024-10, 2024-11, 2025-05, 2025-06, 2025-09, 2025-10, 2025-11, 2026-06, 2026-09"
650411,Khui Muang,Bang Rakam District,Phitsanu Lok,North,flood / inundation,0,42,42,180,0.233,19,"202404, 202405, 202406, 202407, 202408, 202409, 202410, 202411, 202504, 202505, 202506, 202507, 202508, 202509, 202510, 202511, 202604, 202605, 202606","2024-09, 2024-10, 2024-11, 2025-09, 2025-10, 2025-11, 2026-09, 2026-10, 2026-11"
660101,Nai Mueang,Mueang Phichit District,Phichit,North,flood / inundation,0,42,42,180,0.233,19,"202404, 202405, 202406, 202407, 202408, 202409, 202410, 202411, 202504, 202505, 202506, 202507, 202508, 202509, 202510, 202511, 202604, 202605, 202606","2024-09, 2024-10, 2024-11, 2025-09, 2025-10, 2025-11, 2026-09, 2026-10, 2026-11"
660404,Sai Rong Khon,Taphan Hin District,Phichit,North,flood / inundation,0,42,42,180,0.233,19,"202404, 202405, 202406, 202407, 202408, 202409, 202410, 202411, 202504, 202505, 202506, 202507, 202508, 202509, 202510, 202511, 202604, 202605, 202606","2024-09, 2024-10, 2024-11, 2025-09, 2025-10, 2025-11, 2026-09, 2026-10, 2026-11"
660408,Khlong Khun,Taphan Hin District,Phichit,North,flood / inundation,0,42,42,180,0.233,19,"202404, 202405, 202406, 202407, 202408, 202409, 202410, 202411, 202504, 202505, 202506, 202507, 202508, 202509, 202510, 202511, 202604, 202605, 202606","2024-09, 2024-10, 2024-11, 2025-09, 2025-10, 2025-11, 2026-09, 2026-10, 2026-11"
660505,Wang Samrong,Bang Mun Nak District,Phichit,North,flood / inundation,0,42,42,180,0.233,19,"202404, 202405, 202406, 202407, 202408, 202409, 202410, 202411, 202504, 202505, 202506, 202507, 202508, 202509, 202510, 202511, 202604, 202605, 202606","2024-09, 2024-10, 2024-11, 2025-09, 2025-10, 2025-11, 2026-09, 2026-10, 2026-11"
660601,Pho Thale,Pho Thale District,Phichit,North,flood / inundation,0,42,42,180,0.233,19,"202404, 202405, 202406, 202407, 202408, 202409, 202410, 202411, 202504, 202505, 202506, 202507, 202508, 202509, 202510, 202511, 202604, 202605, 202606","2024-09, 2024-10, 2024-11, 2025-09, 2025-10, 2025-11, 2026-09, 2026-10, 2026-11"
660613,Wat Khwang,Pho Thale District,Phichit,North,flood / inundation,0,42,42,180,0.233,19,"202404, 202405, 202406, 202407, 202408, 202409, 202410, 202411, 202504, 202505, 202506, 202507, 202508, 202509, 202510, 202511, 202604, 202605, 202606","2024-09, 2024-10, 2024-11, 2025-09, 2025-10, 2025-11, 2026-09, 2026-10, 2026-11"
720102,Rua Yai,Mueang Suphan Buri District,Suphan Buri,Central,flood / inundation,0,42,42,180,0.233,19,"202404, 202405, 202406, 202407, 202408, 202409, 202410, 202411, 202504, 202505, 202506, 202507, 202508, 202509, 202510, 202511, 202604, 202605, 202606","2024-09, 2024-10, 2024-11, 2025-09, 2025-10, 2025-11, 2026-09, 2026-10, 2026-11"
720104,Tha Rahat,Mueang Suphan Buri District,Suphan Buri,Central,flood / inundation,0,42,42,180,0.233,19,"202404, 202405, 202406, 202407, 202408, 202409, 202410, 202411, 202504, 202505, 202506, 202507, 202508, 202509, 202510, 202511, 202604, 202605, 202606","2024-09, 2024-10, 2024-11, 2025-09, 2025-10, 2025-11, 2026-09, 2026-10, 2026-11"
720106,Khok Kho Thao,Mueang Suphan Buri District,Suphan Buri,Central,flood / inundation,0,42,42,180,0.233,19,"202404, 202405, 202406, 202407, 202408, 202409, 202410, 202411, 202504, 202505, 202506, 202507, 202508, 202509, 202510, 202511, 202604, 202605, 202606","2024-09, 2024-10, 2024-11, 2025-09, 2025-10, 2025-11, 2026-09, 2026-10, 2026-11"
720107,Don Tan,Mueang Suphan Buri District,Suphan Buri,Central,flood / inundation,0,42,42,180,0.233,19,"202404, 202405, 202406, 202407, 202408, 202409, 202410, 202411, 202504, 202505, 202506, 202507, 202508, 202509, 202510, 202511, 202604, 202605, 202606","2024-09, 2024-10, 2024-11, 2025-09, 2025-10, 2025-11, 2026-09, 2026-10, 2026-11"
720110,Don Kamyan,Mueang Suphan Buri District,Suphan Buri,Central,flood / inundation,0,42,42,180,0.233,19,"202404, 202405, 202406, 202407, 202408, 202409, 202410, 202411, 202504, 202505, 202506, 202507, 202508, 202509, 202510, 202511, 202604, 202605, 202606","2024-09, 2024-10, 2024-11, 2025-09, 2025-10, 2025-11, 2026-09, 2026-10, 2026-11"
720111,Don Pho Thong,Mueang Suphan Buri District,Suphan Buri,Central,flood / inundation,0,42,42,180,0.233,19,"202404, 202405, 202406, 202407, 202408, 202409, 202410, 202411, 202504, 202505, 202506, 202507, 202508, 202509, 202510, 202511, 202604, 202605, 202606","2024-09, 2024-10, 2024-11, 2025-09, 2025-10, 2025-11, 2026-09, 2026-10, 2026-11"
720113,Sa Kaeo,Mueang Suphan Buri District,Suphan Buri,Central,flood / inundation,0,42,42,180,0.233,19,"202404, 202405, 202406, 202407, 202408, 202409, 202410, 202411, 202504, 202505, 202506, 202507, 202508, 202509, 202510, 202511, 202604, 202605, 202606","2024-09, 2024-10, 2024-11, 2025-09, 2025-10, 2025-11, 2026-09, 2026-10, 2026-11"
720115,Bang Kung,Mueang Suphan Buri District,Suphan Buri,Central,flood / inundation,0,42,42,180,0.233,19,"202404, 202405, 202406, 202407, 202408, 202409, 202410, 202411, 202504, 202505, 202506, 202507, 202508, 202509, 202510, 202511, 202604, 202605, 202606","2024-09, 2024-10, 2024-11, 2025-09, 2025-10, 2025-11, 2026-09, 2026-10, 2026-11"
720116,Sala Khao,Mueang Suphan Buri District,Suphan Buri,Central,flood / inundation,0,42,42,180,0.233,19,"202404, 202405, 202406, 202407, 202408, 202409, 202410, 202411, 202504, 202505, 202506, 202507, 202508, 202509, 202510, 202511, 202604, 202605, 202606","2024-09, 2024-10, 2024-11, 2025-09, 2025-10, 2025-11, 2026-09, 2026-10, 2026-11"
720117,Suan Taeng,Mueang Suphan Buri District,Suphan Buri,Central,flood / inundation,0,42,42,180,0.233,19,"202404, 202405, 202406, 202407, 202408, 202409, 202410, 202411, 202504, 202505, 202506, 202507, 202508, 202509, 202510, 202511, 202604, 202605, 202606","2024-09, 2024-10, 2024-11, 2025-09, 2025-10, 2025-11, 2026-09, 2026-10, 2026-11"
720401,Khok Khram,Bang Pla Ma District,Suphan Buri,Central,flood / inundation,0,42,42,180,0.233,19,"202404, 202405, 202406, 202407, 202408, 202409, 202410, 202411, 202504, 202505, 202506, 202507, 202508, 202509, 202510, 202511, 202604, 202605, 202606","2024-09, 2024-10, 2024-11, 2025-09, 2025-10, 2025-11, 2026-09, 2026-10, 2026-11"
720402,Bang Pla Ma,Bang Pla Ma District,Suphan Buri,Central,flood / inundation,0,42,42,180,0.233,19,"202404, 202405, 202406, 202407, 202408, 202409, 202410, 202411, 202504, 202505, 202506, 202507, 202508, 202509, 202510, 202511, 202604, 202605, 202606","2024-09, 2024-10, 2024-11, 2025-09, 2025-10, 2025-11, 2026-09, 2026-10, 2026-11"
720403,Takha,Bang Pla Ma District,Suphan Buri,Central,flood / inundation,0,42,42,180,0.233,19,"202404, 202405, 202406, 202407, 202408, 202409, 202410, 202411, 202504, 202505, 202506, 202507, 202508, 202509, 202510, 202511, 202604, 202605, 202606","2024-09, 2024-10, 2024-11, 2025-09, 2025-10, 2025-11, 2026-09, 2026-10, 2026-11"
720404,Bang Yai,Bang Pla Ma District,Suphan Buri,Central,flood / inundation,0,42,42,180,0.233,19,"202404, 202405, 202406, 202407, 202408, 202409, 202410, 202411, 202504, 202505, 202506, 202507, 202508, 202509, 202510, 202511, 202604, 202605, 202606","2024-09, 2024-10, 2024-11, 2025-09, 2025-10, 2025-11, 2026-09, 2026-10, 2026-11"
720405,Kritsana,Bang Pla Ma District,Suphan Buri,Central,flood / inundation,0,42,42,180,0.233,19,"202404, 202405, 202406, 202407, 202408, 202409, 202410, 202411, 202504, 202505, 202506, 202507, 202508, 202509, 202510, 202511, 202604, 202605, 202606","2024-09, 2024-10, 2024-11, 2025-09, 2025-10, 2025-11, 2026-09, 2026-10, 2026-11"
720406,Sali,Bang Pla Ma District,Suphan Buri,Central,flood / inundation,0,42,42,180,0.233,19,"202404, 202405, 202406, 202407, 202408, 202409, 202410, 202411, 202504, 202505, 202506, 202507, 202508, 202509, 202510, 202511, 202604, 202605, 202606","2024-09, 2024-10, 2024-11, 2025-09, 2025-10, 2025-11, 2026-09, 2026-10, 2026-11"
720407,Phai Kong Din,Bang Pla Ma District,Suphan Buri,Central,flood / inundation,0,42,42,180,0.233,19,"202404, 202405, 202406, 202407, 202408, 202409, 202410, 202411, 202504, 202505, 202506, 202507, 202508, 202509, 202510, 202511, 202604, 202605, 202606","2024-09, 2024-10, 2024-11, 2025-09, 2025-10, 2025-11, 2026-09, 2026-10, 2026-11"
720408,Ongkharak,Bang Pla Ma District,Suphan Buri,Central,flood / inundation,0,42,42,180,0.233,19,"202404, 202405, 202406, 202407, 202408, 202409, 202410, 202411, 202504, 202505, 202506, 202507, 202508, 202509, 202510, 202511, 202604, 202605, 202606","2024-09, 2024-10, 2024-11, 2025-09, 2025-10, 2025-11, 2026-09, 2026-10, 2026-11"
720409,Chorakhe Yai,Bang Pla Ma District,Suphan Buri,Central,flood / inundation,0,42,42,180,0.233,19,"202404, 202405, 202406, 202407, 202408, 202409, 202410, 202411, 202504, 202505, 202506, 202507, 202508, 202509, 202510, 202511, 202604, 202605, 202606","2024-09, 2024-10, 2024-11, 2025-09, 2025-10, 2025-11, 2026-09, 2026-10, 2026-11"
720410,Ban Laem,Bang Pla Ma District,Suphan Buri,Central,flood / inundation,0,42,42,180,0.233,19,"202404, 202405, 202406, 202407, 202408, 202409, 202410, 202411, 202504, 202505, 202506, 202507, 202508, 202509, 202510, 202511, 202604, 202605, 202606","2024-09, 2024-10, 2024-11, 2025-09, 2025-10, 2025-11, 2026-09, 2026-10, 2026-11"
720411,Makham Lom,Bang Pla Ma District,Suphan Buri,Central,flood / inundation,0,42,42,180,0.233,19,"202404, 202405, 202406, 202407, 202408, 202409, 202410, 202411, 202504, 202505, 202506, 202507, 202508, 202509, 202510, 202511, 202604, 202605, 202606","2024-09, 2024-10, 2024-11, 2025-09, 2025-10, 2025-11, 2026-09, 2026-10, 2026-11"
720412,Wang Nam Yen,Bang Pla Ma District,Suphan Buri,Central,flood / inundation,0,42,42,180,0.233,19,"202404, 202405, 202406, 202407, 202408, 202409, 202410, 202411, 202504, 202505, 202506, 202507, 202508, 202509, 202510, 202511, 202604, 202605, 202606","2024-09, 2024-10, 2024-11, 2025-09, 2025-10, 2025-11, 2026-09, 2026-10, 2026-11"
720413,Wat Bot,Bang Pla Ma District,Suphan Buri,Central,flood / inundation,0,42,42,180,0.233,19,"202404, 202405, 202406, 202407, 202408, 202409, 202410, 202411, 202504, 202505, 202506, 202507, 202508, 202509, 202510, 202511, 202604, 202605, 202606","2024-09, 2024-10, 2024-11, 2025-09, 2025-10, 2025-11, 2026-09, 2026-10, 2026-11"
720414,Wat Dao,Bang Pla Ma District,Suphan Buri,Central,flood / inundation,0,42,42,180,0.233,19,"202404, 202405, 202406, 202407, 202408, 202409, 202410, 202411, 202504, 202505, 202506, 202507, 202508, 202509, 202510, 202511, 202604, 202605, 202606","2024-09, 2024-10, 2024-11, 2025-09, 2025-10, 2025-11, 2026-09, 2026-10, 2026-11"
720701,Song Phi Nong,Song Phi Nong District,Suphan Buri,Central,flood / inundation,0,42,42,180,0.233,19,"202404, 202405, 202406, 202407, 202408, 202409, 202410, 202411, 202504, 202505, 202506, 202507, 202508, 202509, 202510, 202511, 202604, 202605, 202606","2024-09, 2024-10, 2024-11, 2025-09, 2025-10, 2025-11, 2026-09, 2026-10, 2026-11"
720702,Bang Len,Song Phi Nong District,Suphan Buri,Central,flood / inundation,0,42,42,180,0.233,19,"202404, 202405, 202406, 202407, 202408, 202409, 202410, 202411, 202504, 202505, 202506, 202507, 202508, 202509, 202510, 202511, 202604, 202605, 202606","2024-09, 2024-10, 2024-11, 2025-09, 2025-10, 2025-11, 2026-09, 2026-10, 2026-11"
720703,Bang Ta Then,Song Phi Nong District,Suphan Buri,Central,flood / inundation,0,42,42,180,0.233,19,"202404, 202405, 202406, 202407, 202408, 202409, 202410, 202411, 202504, 202505, 202506, 202507, 202508, 202509, 202510, 202511, 202604, 202605, 202606","2024-09, 2024-10, 2024-11, 2025-09, 2025-10, 2025-11, 2026-09, 2026-10, 2026-11"
720704,Bang Takhian,Song Phi Nong District,Suphan Buri,Central,flood / inundation,0,42,42,180,0.233,19,"202404, 202405, 202406, 202407, 202408, 202409, 202410, 202411, 202504, 202505, 202506, 202507, 202508, 202509, 202510, 202511, 202604, 202605, 202606","2024-09, 2024-10, 2024-11, 2025-09, 2025-10, 2025-11, 2026-09, 2026-10, 2026-11"
720705,Ban Kum,Song Phi Nong District,Suphan Buri,Central,flood / inundation,0,42,42,180,0.233,19,"202404, 202405, 202406, 202407, 202408, 202409, 202410, 202411, 202504, 202505, 202506, 202507, 202508, 202509, 202510, 202511, 202604, 202605, 202606","2024-09, 2024-10, 2024-11, 2025-09, 2025-10, 2025-11, 2026-09, 2026-10, 2026-11"
720706,Hua Pho,Song Phi Nong District,Suphan Buri,Central,flood / inundation,0,42,42,180,0.233,19,"202404, 202405, 202406, 202407, 202408, 202409, 202410, 202411, 202504, 202505, 202506, 202507, 202508, 202509, 202510, 202511, 202604, 202605, 202606","2024-09, 2024-10, 2024-11, 2025-09, 2025-10, 2025-11, 2026-09, 2026-10, 2026-11"
720707,Bang Phlap,Song Phi Nong District,Suphan Buri,Central,flood / inundation,0,42,42,180,0.233,19,"202404, 202405, 202406, 202407, 202408, 202409, 202410, 202411, 202504, 202505, 202506, 202507, 202508, 202509, 202510, 202511, 202604, 202605, 202606","2024-09, 2024-10, 2024-11, 2025-09, 2025-10, 2025-11, 2026-09, 2026-10, 2026-11"
720708,Noen Phraprang,Song Phi Nong District,Suphan Buri,Central,flood / inundation,0,42,42,180,0.233,19,"202404, 202405, 202406, 202407, 202408, 202409, 202410, 202411, 202504, 202505, 202506, 202507, 202508, 202509, 202510, 202511, 202604, 202605, 202606","2024-09, 2024-10, 2024-11, 2025-09, 2025-10, 2025-11, 2026-09, 2026-10, 2026-11"
720709,Ban Chang,Song Phi Nong District,Suphan Buri,Central,flood / inundation,0,42,42,180,0.233,19,"202404, 202405, 202406, 202407, 202408, 202409, 202410, 202411, 202504, 202505, 202506, 202507, 202508, 202509, 202510, 202511, 202604, 202605, 202606","2024-09, 2024-10, 2024-11, 2025-09, 2025-10, 2025-11, 2026-09, 2026-10, 2026-11"
720710,Ton Tan,Song Phi Nong District,Suphan Buri,Central,flood / inundation,0,42,42,180,0.233,19,"202404, 202405, 202406, 202407, 202408, 202409, 202410, 202411, 202504, 202505, 202506, 202507, 202508, 202509, 202510, 202511, 202604, 202605, 202606","2024-09, 2024-10, 2024-11, 2025-09, 2025-10, 2025-11, 2026-09, 2026-10, 2026-11"
720711,Si Samran,Song Phi Nong District,Suphan Buri,Central,flood / inundation,0,42,42,180,0.233,19,"202404, 202405, 202406, 202407, 202408, 202409, 202410, 202411, 202504, 202505, 202506, 202507, 202508, 202509, 202510, 202511, 202604, 202605, 202606","2024-09, 2024-10, 2024-11, 2025-09, 2025-10, 2025-11, 2026-09, 2026-10, 2026-11"
720904,Ban Don,U Thong District,Suphan Buri,Central,flood / inundation,0,42,42,180,0.233,19,"202404, 202405, 202406, 202407, 202408, 202409, 202410, 202411, 202504, 202505, 202506, 202507, 202508, 202509, 202510, 202511, 202604, 202605, 202606","2024-09, 2024-10, 2024-11, 2025-09, 2025-10, 2025-11, 2026-09, 2026-10, 2026-11"
720905,Yung Thalai,U Thong District,Suphan Buri,Central,flood / inundation,0,42,42,180,0.233,19,"202404, 202405, 202406, 202407, 202408, 202409, 202410, 202411, 202504, 202505, 202506, 202507, 202508, 202509, 202510, 202511, 202604, 202605, 202606","2024-09, 2024-10, 2024-11, 2025-09, 2025-10, 2025-11, 2026-09, 2026-10, 2026-11"
720906,Don Makluea,U Thong District,Suphan Buri,Central,flood / inundation,0,42,42,180,0.233,19,"202404, 202405, 202406, 202407, 202408, 202409, 202410, 202411, 202504, 202505, 202506, 202507, 202508, 202509, 202510, 202511, 202604, 202605, 202606","2024-09, 2024-10, 2024-11, 2025-09, 2025-10, 2025-11, 2026-09, 2026-10, 2026-11"
720907,Nong Ong,U Thong District,Suphan Buri,Central,flood / inundation,0,42,42,180,0.233,19,"202404, 202405, 202406, 202407, 202408, 202409, 202410, 202411, 202504, 202505, 202506, 202507, 202508, 202509, 202510, 202511, 202604, 202605, 202606","2024-09, 2024-10, 2024-11, 2025-09, 2025-10, 2025-11, 2026-09, 2026-10, 2026-11"
720911,Chedi,U Thong District,Suphan Buri,Central,flood / inundation,0,42,42,180,0.233,19,"202404, 202405, 202406, 202407, 202408, 202409, 202410, 202411, 202504, 202505, 202506, 202507, 202508, 202509, 202510, 202511, 202604, 202605, 202606","2024-09, 2024-10, 2024-11, 2025-09, 2025-10, 2025-11, 2026-09, 2026-10, 2026-11"
720913,Krachan,U Thong District,Suphan Buri,Central,flood / inundation,0,42,42,180,0.233,19,"202404, 202405, 202406, 202407, 202408, 202409, 202410, 202411, 202504, 202505, 202506, 202507, 202508, 202509, 202510, 202511, 202604, 202605, 202606","2024-09, 2024-10, 2024-11, 2025-09, 2025-10, 2025-11, 2026-09, 2026-10, 2026-11"
801402,Thung Prang,Sichon District,Nakhon Si Thammarat,southeast,flood / inundation,0,42,42,180,0.233,21,"202406, 202407, 202408, 202409, 202410, 202411, 202412, 202501, 202504, 202506, 202507, 202508, 202509, 202510, 202511, 202512, 202601, 202602, 202603, 202604, 202606","2024-11, 2024-12, 2025-01, 2025-04, 2025-11, 2025-12, 2026-01, 2026-04, 2026-11"
140515,Bang Chani,Bang Ban District,Phra Nakhon Si Ayudhya,Central,flood / inundation,0,41,41,180,0.228,24,"202404, 202405, 202406, 202407, 202408, 202409, 202410, 202411, 202412, 202501, 202502, 202503, 202504, 202505, 202506, 202507, 202508, 202509, 202510, 202511, 202603, 202604, 202605, 202606","2024-08, 2024-09, 2024-10, 2024-11, 2025-05, 2025-10, 2025-11, 2026-08, 2026-10, 2026-11"
141204,Sam Ko,Sena District,Phra Nakhon Si Ayudhya,Central,flood / inundation,0,41,41,180,0.228,25,"202404, 202405, 202406, 202407, 202408, 202409, 202410, 202411, 202412, 202501, 202502, 202503, 202504, 202505, 202506, 202507, 202508, 202509, 202510, 202511, 202512, 202603, 202604, 202605, 202606","2024-09, 2024-10, 2024-11, 2025-05, 2025-10, 2025-11, 2026-05, 2026-08, 2026-10, 2026-11"
330903,Nong Khae,Rasi Salai District,Sisaket,Northeast,flood / inundation,0,41,41,180,0.228,18,"202404, 202405, 202406, 202407, 202408, 202409, 202410, 202504, 202505, 202506, 202507, 202508, 202509, 202510, 202511, 202604, 202605, 202606","2024-09, 2024-10, 2024-11, 2025-09, 2025-10, 2025-11, 2026-08, 2026-09, 2026-10, 2026-11"
332201,Kung,Sila Lat District,Sisaket,Northeast,flood / inundation,0,41,41,180,0.228,18,"202404, 202405, 202406, 202407, 202408, 202409, 202410, 202504, 202505, 202506, 202507, 202508, 202509, 202510, 202511, 202604, 202605, 202606","2024-09, 2024-10, 2024-11, 2025-09, 2025-10, 2025-11, 2026-08, 2026-09, 2026-10, 2026-11"
380101,Bueng Kan,Mueang Bueng Kan District,Bung Kan,Northeast,flood / inundation,0,41,41,180,0.228,20,"202404, 202405, 202406, 202407, 202408, 202409, 202501, 202502, 202503, 202504, 202505, 202506, 202507, 202508, 202509, 202602, 202603, 202604, 202605, 202606","2024-07, 2024-08, 2024-09, 2025-06, 2025-07, 2025-08, 2025-09, 2026-06, 2026-07, 2026-08, 2026-09"
431601,Rattana Wapi,Rattanawapi District,Nong Khai,Northeast,flood / inundation,0,41,41,180,0.228,18,"202403, 202404, 202405, 202406, 202407, 202408, 202409, 202410, 202504, 202505, 202506, 202507, 202508, 202509, 202510, 202604, 202605, 202606","2024-08, 2024-09, 2024-10, 2025-07, 2025-08, 2025-09, 2025-10, 2026-07, 2026-08, 2026-09, 2026-10"
431603,Ban Ton,Rattanawapi District,Nong Khai,Northeast,flood / inundation,0,41,41,180,0.228,18,"202403, 202404, 202405, 202406, 202407, 202408, 202409, 202410, 202504, 202505, 202506, 202507, 202508, 202509, 202510, 202604, 202605, 202606","2024-08, 2024-09, 2024-10, 2025-07, 2025-08, 2025-09, 2025-10, 2026-07, 2026-08, 2026-09, 2026-10"
431605,Phon Phaeng,Rattanawapi District,Nong Khai,Northeast,flood / inundation,0,41,41,180,0.228,18,"202403, 202404, 202405, 202406, 202407, 202408, 202409, 202410, 202504, 202505, 202506, 202507, 202508, 202509, 202510, 202604, 202605, 202606","2024-08, 2024-09, 2024-10, 2025-07, 2025-08, 2025-09, 2025-10, 2026-07, 2026-08, 2026-09, 2026-10"
451002,Na Ngam,Selaphum District,Roi Et,Northeast,flood / inundation,0,41,41,180,0.228,19,"202403, 202404, 202405, 202406, 202407, 202408, 202409, 202410, 202503, 202504, 202505, 202506, 202507, 202508, 202509, 202510, 202604, 202605, 202606","2024-07, 2024-08, 2024-09, 2024-10, 2025-07, 2025-09, 2025-10, 2026-08, 2026-09, 2026-10"
451008,Khwao,Selaphum District,Roi Et,Northeast,flood / inundation,0,41,41,180,0.228,19,"202403, 202404, 202405, 202406, 202407, 202408, 202409, 202410, 202503, 202504, 202505, 202506, 202507, 202508, 202509, 202510, 202604, 202605, 202606","2024-07, 2024-08, 2024-09, 2024-10, 2025-07, 2025-09, 2025-10, 2026-08, 2026-09, 2026-10"
650801,Wang Thong,Wang Thong District,Phitsanu Lok,North,flood / inundation,0,41,41,180,0.228,19,"202403, 202404, 202405, 202406, 202407, 202408, 202409, 202410, 202503, 202504, 202505, 202506, 202507, 202508, 202509, 202510, 202604, 202605, 202606","2024-08, 2024-09, 2024-10, 2025-07, 2025-09, 2025-10, 2025-11, 2026-09, 2026-10"
800803,Tha Khuen,Tha Sala District,Nakhon Si Thammarat,southeast,flood / inundation,0,41,41,180,0.228,21,"202406, 202407, 202408, 202409, 202410, 202411, 202412, 202501, 202504, 202506, 202507, 202508, 202509, 202510, 202511, 202512, 202601, 202602, 202603, 202604, 202606","2024-11, 2024-12, 2025-01, 2025-04, 2025-11, 2025-12, 2026-01, 2026-04, 2026-11"
140121,Ban Run,Phra Nakhon Si Ayutthaya District,Phra Nakhon Si Ayudhya,Central,flood / inundation,0,40,40,180,0.222,24,"202404, 202405, 202406, 202407, 202408, 202409, 202410, 202411, 202412, 202501, 202502, 202503, 202504, 202505, 202506, 202507, 202508, 202509, 202510, 202511, 202512, 202603, 202605, 202606","2024-09, 2024-10, 2024-11, 2025-05, 2025-10, 2025-11, 2026-05, 2026-08, 2026-10, 2026-11"
140408,Khae Tok,Bang Sai District,Phra Nakhon Si Ayudhya,Central,flood / inundation,0,40,40,180,0.222,24,"202405, 202406, 202407, 202408, 202409, 202410, 202411, 202412, 202501, 202502, 202503, 202504, 202505, 202506, 202507, 202508, 202509, 202510, 202511, 202512, 202603, 202604, 202605, 202606","2024-09, 2024-10, 2024-11, 2025-05, 2025-10, 2025-11, 2026-05, 2026-08, 2026-10, 2026-11"
140413,Ho Mok,Bang Sai District,Phra Nakhon Si Ayudhya,Central,flood / inundation,0,40,40,180,0.222,24,"202405, 202406, 202407, 202408, 202409, 202410, 202411, 202412, 202501, 202502, 202503, 202504, 202505, 202506, 202507, 202508, 202509, 202510, 202511, 202512, 202603, 202604, 202605, 202606","2024-09, 2024-10, 2024-11, 2025-05, 2025-10, 2025-11, 2026-05, 2026-08, 2026-10, 2026-11"
141503,Maharat,Maha Rat District,Phra Nakhon Si Ayudhya,Central,flood / inundation,0,40,40,180,0.222,22,"202404, 202405, 202406, 202407, 202408, 202409, 202410, 202412, 202501, 202502, 202503, 202504, 202505, 202506, 202507, 202508, 202509, 202510, 202603, 202604, 202605, 202606","2024-08, 2024-09, 2024-10, 2025-05, 2025-08, 2025-09, 2025-10, 2026-08, 2026-09, 2026-10"
141504,Namtao,Maha Rat District,Phra Nakhon Si Ayudhya,Central,flood / inundation,0,40,40,180,0.222,22,"202404, 202405, 202406, 202407, 202408, 202409, 202410, 202412, 202501, 202502, 202503, 202504, 202505, 202506, 202507, 202508, 202509, 202510, 202603, 202604, 202605, 202606","2024-08, 2024-09, 2024-10, 2025-05, 2025-08, 2025-09, 2025-10, 2026-08, 2026-09, 2026-10"
350701,Fa Huan,Kho Wang District,Yasothon,Northeast,flood / inundation,0,40,40,180,0.222,18,"202404, 202405, 202406, 202407, 202408, 202409, 202410, 202504, 202505, 202506, 202507, 202508, 202509, 202510, 202511, 202604, 202605, 202606","2024-09, 2024-10, 2024-11, 2025-09, 2025-10, 2025-11, 2026-09, 2026-10, 2026-11"
380102,Non Sombun,Mueang Bueng Kan District,Bung Kan,Northeast,flood / inundation,0,40,40,180,0.222,20,"202403, 202404, 202405, 202406, 202407, 202408, 202409, 202502, 202503, 202504, 202505, 202506, 202507, 202508, 202509, 202602, 202603, 202604, 202605, 202606","2024-07, 2024-08, 2024-09, 2025-07, 2025-08, 2025-09, 2026-07, 2026-08, 2026-09"
380110,Wisit,Mueang Bueng Kan District,Bung Kan,Northeast,flood / inundation,0,40,40,180,0.222,20,"202404, 202405, 202406, 202407, 202408, 202409, 202501, 202502, 202503, 202504, 202505, 202506, 202507, 202508, 202509, 202602, 202603, 202604, 202605, 202606","2024-07, 2024-08, 2024-09, 2025-06, 2025-07, 2025-08, 2025-09, 2026-06, 2026-07, 2026-08, 2026-09"
431604,Phrabat Na Sing,Rattanawapi District,Nong Khai,Northeast,flood / inundation,0,40,40,180,0.222,17,"202404, 202405, 202406, 202407, 202408, 202409, 202410, 202504, 202505, 202506, 202507, 202508, 202509, 202510, 202604, 202605, 202606","2024-08, 2024-09, 2024-10, 2025-07, 2025-08, 2025-09, 2025-10, 2026-07, 2026-08, 2026-09, 2026-10"
460103,Lup,Mueang Kalasin District,Kalasin,Northeast,flood / inundation,0,40,40,180,0.222,19,"202403, 202404, 202405, 202406, 202407, 202408, 202409, 202410, 202503, 202504, 202505, 202506, 202507, 202508, 202509, 202510, 202604, 202605, 202606","2024-07, 2024-09, 2024-10, 2025-07, 2025-09, 2025-10, 2026-08, 2026-09, 2026-10"
471003,Dong Mo Thong,Ban Muang District,Sakon Nakhon,Northeast,flood / inundation,0,40,40,180,0.222,20,"202403, 202404, 202405, 202406, 202407, 202408, 202409, 202410, 202503, 202504, 202505, 202506, 202507, 202508, 202509, 202510, 202603, 202604, 202605, 202606","2024-08, 2024-09, 2024-10, 2025-07, 2025-08, 2025-09, 2025-10, 2026-07, 2026-08, 2026-09"
471005,Dong Mo Thong Tai,Ban Muang District,Sakon Nakhon,Northeast,flood / inundation,0,40,40,180,0.222,20,"202403, 202404, 202405, 202406, 202407, 202408, 202409, 202410, 202503, 202504, 202505, 202506, 202507, 202508, 202509, 202510, 202603, 202604, 202605, 202606","2024-08, 2024-09, 2024-10, 2025-07, 2025-08, 2025-09, 2025-10, 2026-07, 2026-08, 2026-09"
630705,Ruam Thai Phatthana,Phop Phra District,Tak,North,flood / inundation,0,40,40,180,0.222,21,"202403, 202404, 202405, 202406, 202407, 202408, 202501, 202502, 202503, 202504, 202505, 202506, 202507, 202508, 202510, 202512, 202602, 202603, 202604, 202605, 202606","2024-08, 2024-09, 2025-05, 2025-06, 2025-08, 2025-10, 2026-05, 2026-06, 2026-07, 2026-08, 2026-09"
640712,Pa Kum Ko,Sawankhalok District,Sukhothai,North,flood / inundation,0,40,40,180,0.222,21,"202404, 202405, 202406, 202407, 202408, 202409, 202412, 202501, 202502, 202503, 202504, 202505, 202506, 202507, 202508, 202509, 202510, 202602, 202604, 202605, 202606","2024-09, 2024-10, 2025-05, 2025-06, 2025-09, 2025-10, 2026-05, 2026-06, 2026-09"
650105,Tha Thong,Mueang Phitsanulok District,Phitsanu Lok,North,flood / inundation,0,40,40,180,0.222,18,"202403, 202404, 202405, 202406, 202407, 202408, 202409, 202410, 202504, 202505, 202506, 202507, 202508, 202509, 202510, 202604, 202605, 202606","2024-08, 2024-09, 2024-10, 2025-09, 2025-10, 2025-11, 2026-09, 2026-10"
650106,Tha Pho,Mueang Phitsanulok District,Phitsanu Lok,North,flood / inundation,0,40,40,180,0.222,18,"202403, 202404, 202405, 202406, 202407, 202408, 202409, 202410, 202504, 202505, 202506, 202507, 202508, 202509, 202510, 202604, 202605, 202606","2024-08, 2024-09, 2024-10, 2025-09, 2025-10, 2025-11, 2026-09, 2026-10"
650116,Makham Sung,Mueang Phitsanulok District,Phitsanu Lok,North,flood / inundation,0,40,40,180,0.222,18,"202403, 202404, 202405, 202406, 202407, 202408, 202409, 202410, 202504, 202505, 202506, 202507, 202508, 202509, 202510, 202604, 202605, 202606","2024-08, 2024-09, 2024-10, 2025-09, 2025-10, 2025-11, 2026-09, 2026-10"
650609,Nong Khaem,Phrom Phiram District,Phitsanu Lok,North,flood / inundation,0,40,40,180,0.222,20,"202404, 202405, 202406, 202407, 202408, 202409, 202410, 202501, 202502, 202503, 202504, 202505, 202506, 202507, 202508, 202509, 202510, 202604, 202605, 202606","2024-09, 2024-10, 2025-06, 2025-09, 2025-10, 2025-11, 2026-05, 2026-09, 2026-10"
860407,Bang Maphrao,Lang Suan District,Chumphon,southeast,flood / inundation,0,40,40,180,0.222,20,"202401, 202403, 202405, 202406, 202407, 202408, 202409, 202410, 202411, 202412, 202501, 202506, 202507, 202508, 202509, 202510, 202511, 202512, 202605, 202606","2024-01, 2024-08, 2024-10, 2024-11, 2024-12, 2025-01, 2025-11, 2025-12, 2026-08, 2026-11"
140418,Ban Ko,Bang Sai District,Phra Nakhon Si Ayudhya,Central,flood / inundation,0,39,39,180,0.217,24,"202404, 202405, 202406, 202407, 202408, 202409, 202410, 202411, 202412, 202501, 202502, 202503, 202504, 202505, 202506, 202507, 202508, 202509, 202510, 202511, 202512, 202603, 202605, 202606","2024-09, 2024-10, 2024-11, 2025-05, 2025-10, 2025-11, 2026-05, 2026-08, 2026-10, 2026-11"
340410,That Noi,Khueang Nai District,Ubon Ratchathani,Northeast,flood / inundation,0,39,39,180,0.217,18,"202403, 202404, 202405, 202406, 202407, 202408, 202409, 202410, 202504, 202505, 202506, 202507, 202508, 202509, 202510, 202604, 202605, 202606","2024-07, 2024-08, 2024-09, 2024-10, 2025-09, 2025-10, 2026-07, 2026-09, 2026-10"
451801,Chiang Khwan,Chiang Khwan District,Roi Et,Northeast,flood / inundation,0,39,39,180,0.217,18,"202403, 202404, 202405, 202406, 202407, 202408, 202409, 202410, 202504, 202505, 202506, 202507, 202508, 202509, 202510, 202604, 202605, 202606","2024-07, 2024-08, 2024-09, 2024-10, 2025-07, 2025-09, 2025-10, 2026-08, 2026-09, 2026-10"
530707,Tha Mafueang,Phichai District,Auttaradit,North,flood / inundation,0,39,39,180,0.217,22,"202404, 202405, 202406, 202407, 202408, 202409, 202411, 202412, 202501, 202502, 202503, 202504, 202505, 202506, 202507, 202508, 202509, 202510, 202602, 202604, 202605, 202606","2024-09, 2024-10, 2024-11, 2025-05, 2025-09, 2025-10, 2025-11, 2026-05, 2026-06, 2026-09"
560107,Ban Tom,Mueang Phayao District,Phayao,North,flood / inundation,0,39,39,180,0.217,25,"202401, 202402, 202403, 202404, 202405, 202406, 202407, 202408, 202409, 202412, 202501, 202502, 202503, 202504, 202505, 202506, 202507, 202508, 202509, 202512, 202601, 202602, 202603, 202604, 202605","2024-05, 2024-08, 2024-09, 2024-10, 2025-05, 2025-08, 2025-09, 2025-10, 2026-05"
650402,Plak Raet,Bang Rakam District,Phitsanu Lok,North,flood / inundation,0,39,39,180,0.217,18,"202403, 202404, 202405, 202406, 202407, 202408, 202409, 202410, 202504, 202505, 202506, 202507, 202508, 202509, 202510, 202604, 202605, 202606","2024-08, 2024-09, 2024-10, 2025-09, 2025-10, 2025-11, 2026-09, 2026-10"
650811,Din Thong,Wang Thong District,Phitsanu Lok,North,flood / inundation,0,39,39,180,0.217,19,"202403, 202404, 202405, 202406, 202407, 202408, 202409, 202410, 202503, 202504, 202505, 202506, 202507, 202508, 202509, 202510, 202604, 202605, 202606","2024-08, 2024-09, 2024-10, 2025-07, 2025-09, 2025-10, 2026-09, 2026-10"
670506,Bo Rang,Wichian Buri District,Phetchabun,North,flood / inundation,0,39,39,180,0.217,19,"202404, 202405, 202406, 202407, 202408, 202409, 202410, 202502, 202503, 202504, 202505, 202506, 202507, 202508, 202509, 202510, 202604, 202605, 202606","2024-08, 2024-09, 2024-10, 2025-07, 2025-08, 2025-09, 2025-10, 2026-09, 2026-10"
670702,Na Chaliang,Nong Phai District,Phetchabun,North,flood / inundation,0,39,39,180,0.217,20,"202404, 202405, 202406, 202407, 202408, 202409, 202410, 202501, 202502, 202503, 202504, 202505, 202506, 202507, 202508, 202509, 202510, 202604, 202605, 202606","2024-09, 2024-10, 2025-05, 2025-07, 2025-09, 2025-10, 2026-08, 2026-09, 2026-10"
801305,Khuan Phang,Ron Phibun District,Nakhon Si Thammarat,southeast,flood / inundation,0,39,39,180,0.217,18,"202405, 202406, 202407, 202408, 202409, 202410, 202411, 202412, 202501, 202506, 202507, 202508, 202509, 202510, 202511, 202512, 202601, 202606","2024-10, 2024-11, 2024-12, 2025-01, 2025-02, 2025-03, 2025-11, 2025-12, 2026-01, 2026-02, 2026-11"
140119,Ko Rian,Phra Nakhon Si Ayutthaya District,Phra Nakhon Si Ayudhya,Central,flood / inundation,0,38,38,180,0.211,22,"202404, 202405, 202406, 202407, 202408, 202409, 202410, 202411, 202501, 202502, 202503, 202504, 202505, 202506, 202507, 202508, 202509, 202510, 202511, 202603, 202605, 202606","2024-09, 2024-10, 2024-11, 2025-06, 2025-10, 2025-11, 2026-08, 2026-10, 2026-11"
140717,Ban Khlo,Bang Pahan District,Phra Nakhon Si Ayudhya,Central,flood / inundation,0,38,38,180,0.211,19,"202404, 202405, 202406, 202407, 202408, 202409, 202410, 202503, 202504, 202505, 202506, 202507, 202508, 202509, 202510, 202603, 202604, 202605, 202606","2024-08, 2024-09, 2024-10, 2025-08, 2025-09, 2025-10, 2026-08, 2026-09, 2026-10"
141510,Ban Khwang,Maha Rat District,Phra Nakhon Si Ayudhya,Central,flood / inundation,0,38,38,180,0.211,22,"202404, 202405, 202406, 202407, 202408, 202409, 202410, 202412, 202501, 202502, 202503, 202504, 202505, 202506, 202507, 202508, 202509, 202510, 202603, 202604, 202605, 202606","2024-08, 2024-09, 2024-10, 2025-05, 2025-08, 2025-09, 2025-10, 2026-08, 2026-09, 2026-10"
452002,Thoet Thai,Thung Khao Luang District,Roi Et,Northeast,flood / inundation,0,38,38,180,0.211,18,"202404, 202405, 202406, 202407, 202408, 202409, 202410, 202503, 202504, 202505, 202506, 202507, 202508, 202509, 202510, 202604, 202605, 202606","2024-08, 2024-09, 2024-10, 2025-07, 2025-08, 2025-09, 2025-10, 2026-08, 2026-09, 2026-10"
471207,Phon Sung,Sawang Daen Din District,Sakon Nakhon,Northeast,flood / inundation,0,38,38,180,0.211,17,"202404, 202405, 202406, 202407, 202408, 202409, 202410, 202504, 202505, 202506, 202507, 202508, 202509, 202510, 202604, 202605, 202606","2024-08, 2024-09, 2024-10, 2025-07, 2025-08, 2025-09, 2025-10, 2026-07, 2026-08, 2026-09, 2026-10"
530709,Phaya Maen,Phichai District,Auttaradit,North,flood / inundation,0,38,38,180,0.211,19,"202403, 202404, 202405, 202406, 202407, 202408, 202409, 202411, 202504, 202505, 202506, 202507, 202508, 202509, 202510, 202602, 202604, 202605, 202606","2024-08, 2024-09, 2024-10, 2024-11, 2025-09, 2025-10, 2025-11, 2026-05, 2026-06, 2026-09"
640803,Nam Khum,Si Nakhon District,Sukhothai,North,flood / inundation,0,38,38,180,0.211,21,"202404, 202405, 202406, 202407, 202408, 202409, 202412, 202501, 202502, 202503, 202504, 202505, 202506, 202507, 202508, 202509, 202510, 202602, 202604, 202605, 202606","2024-09, 2024-10, 2025-05, 2025-06, 2025-09, 2025-10, 2026-05, 2026-06, 2026-09"
660405,Nong Phayom,Taphan Hin District,Phichit,North,flood / inundation,0,38,38,180,0.211,20,"202404, 202405, 202406, 202407, 202408, 202409, 202410, 202501, 202502, 202503, 202504, 202505, 202506, 202507, 202508, 202509, 202510, 202604, 202605, 202606","2024-09, 2024-10, 2025-05, 2025-07, 2025-09, 2025-10, 2026-09, 2026-10"
820504,Bang Muang,Takua Pa District,Phang Nga,southwest,flood / inundation,0,38,38,180,0.211,18,"202401, 202403, 202404, 202405, 202406, 202407, 202408, 202409, 202412, 202501, 202502, 202503, 202504, 202506, 202601, 202602, 202603, 202604","2024-06, 2024-07, 2024-08, 2024-09, 2025-05, 2025-06, 2025-07, 2025-08, 2025-09, 2026-05"
850402,Nam Chuet Noi,Kra Buri District,Ranong,southwest,flood / inundation,0,38,38,180,0.211,18,"202403, 202404, 202405, 202406, 202407, 202501, 202502, 202503, 202504, 202505, 202506, 202507, 202601, 202602, 202603, 202604, 202605, 202606","2024-07, 2024-08, 2025-06, 2025-07, 2025-08, 2026-06, 2026-07, 2026-08, 2026-09"
860405,Na Phaya,Lang Suan District,Chumphon,southeast,flood / inundation,0,38,38,180,0.211,19,"202401, 202405, 202406, 202407, 202408, 202409, 202410, 202411, 202412, 202501, 202506, 202507, 202508, 202509, 202510, 202511, 202512, 202605, 202606","2024-01, 2024-10, 2024-11, 2024-12, 2025-01, 2025-11, 2025-12, 2026-08, 2026-11"
901006,Tha Pho,Sadao District,Songkhla,southeast,flood / inundation,0,38,38,180,0.211,26,"202405, 202406, 202407, 202408, 202409, 202410, 202411, 202412, 202501, 202502, 202503, 202504, 202505, 202506, 202507, 202508, 202509, 202510, 202511, 202512, 202601, 202602, 202603, 202604, 202605, 202606","2024-09, 2024-11, 2024-12, 2025-05, 2025-09, 2025-11, 2025-12, 2026-05, 2026-11"
140402,Bang Phli,Bang Sai District,Phra Nakhon Si Ayudhya,Central,flood / inundation,0,37,37,180,0.206,24,"202404, 202405, 202406, 202407, 202408, 202409, 202410, 202411, 202412, 202501, 202502, 202503, 202504, 202505, 202506, 202507, 202508, 202509, 202510, 202511, 202512, 202603, 202605, 202606","2024-09, 2024-10, 2024-11, 2025-05, 2025-10, 2025-11, 2026-05, 2026-08, 2026-10, 2026-11"
140716,Tan En,Bang Pahan District,Phra Nakhon Si Ayudhya,Central,flood / inundation,0,37,37,180,0.206,19,"202404, 202405, 202406, 202407, 202408, 202409, 202410, 202503, 202504, 202505, 202506, 202507, 202508, 202509, 202510, 202603, 202604, 202605, 202606","2024-08, 2024-09, 2024-10, 2025-08, 2025-09, 2025-10, 2026-08, 2026-09, 2026-10"
380501,Pak Khat,Pak Khat District,Bung Kan,Northeast,flood / inundation,0,37,37,180,0.206,18,"202403, 202404, 202405, 202406, 202407, 202408, 202409, 202502, 202503, 202504, 202505, 202506, 202507, 202508, 202509, 202604, 202605, 202606","2024-07, 2024-08, 2024-09, 2025-07, 2025-08, 2025-09, 2026-07, 2026-08, 2026-09"
452003,Bueng Ngam,Thung Khao Luang District,Roi Et,Northeast,flood / inundation,0,37,37,180,0.206,18,"202404, 202405, 202406, 202407, 202408, 202409, 202410, 202503, 202504, 202505, 202506, 202507, 202508, 202509, 202510, 202604, 202605, 202606","2024-08, 2024-09, 2024-10, 2025-08, 2025-09, 2025-10, 2026-08, 2026-09, 2026-10"
530201,Wang Daeng,Tron District,Auttaradit,North,flood / inundation,0,37,37,180,0.206,20,"202403, 202404, 202405, 202406, 202407, 202408, 202409, 202503, 202504, 202505, 202506, 202507, 202508, 202509, 202510, 202602, 202603, 202604, 202605, 202606","2024-08, 2024-09, 2024-10, 2025-08, 2025-09, 2025-10, 2026-06, 2026-08, 2026-09"
640304,Sam Phuang,Khiri Mat District,Sukhothai,North,flood / inundation,0,37,37,180,0.206,28,"202401, 202402, 202403, 202404, 202405, 202406, 202407, 202408, 202409, 202410, 202412, 202501, 202502, 202503, 202504, 202505, 202506, 202507, 202508, 202509, 202510, 202512, 202601, 202602, 202603, 202604, 202605, 202606","2024-05, 2024-09, 2024-10, 2025-05, 2025-09, 2025-10, 2026-05, 2026-10"
640702,Nai Mueang,Sawankhalok District,Sukhothai,North,flood / inundation,0,37,37,180,0.206,22,"202403, 202404, 202405, 202406, 202407, 202408, 202409, 202412, 202501, 202502, 202503, 202504, 202505, 202506, 202507, 202508, 202509, 202510, 202602, 202604, 202605, 202606","2024-07, 2024-08, 2024-09, 2024-10, 2025-05, 2025-09, 2025-10, 2026-05, 2026-06, 2026-09"
660305,Dong Suea Lueang,Pho Prathap Chang District,Phichit,North,flood / inundation,0,37,37,180,0.206,21,"202404, 202405, 202406, 202407, 202408, 202409, 202410, 202412, 202501, 202502, 202503, 202504, 202505, 202506, 202507, 202508, 202509, 202510, 202604, 202605, 202606","2024-09, 2024-10, 2025-05, 2025-07, 2025-09, 2025-10, 2026-09, 2026-10"
800809,Thai Buri,Tha Sala District,Nakhon Si Thammarat,southeast,flood / inundation,0,37,37,180,0.206,21,"202406, 202407, 202408, 202409, 202410, 202411, 202412, 202501, 202504, 202506, 202507, 202508, 202509, 202510, 202511, 202512, 202601, 202602, 202603, 202604, 202606","2024-11, 2024-12, 2025-01, 2025-02, 2025-04, 2025-11, 2026-01, 2026-02, 2026-04, 2026-11"
800907,Khao Ro,Thung Song District,Nakhon Si Thammarat,southeast,flood / inundation,0,37,37,180,0.206,18,"202401, 202405, 202406, 202407, 202408, 202409, 202410, 202411, 202412, 202501, 202506, 202507, 202508, 202509, 202510, 202511, 202512, 202606","2024-01, 2024-10, 2024-11, 2024-12, 2025-01, 2025-11, 2025-12, 2026-11"
801502,Khuan Thong,Khanom District,Nakhon Si Thammarat,southeast,flood / inundation,0,37,37,180,0.206,21,"202401, 202406, 202407, 202408, 202409, 202410, 202411, 202412, 202501, 202504, 202507, 202508, 202509, 202510, 202511, 202512, 202601, 202602, 202603, 202604, 202606","2024-01, 2024-11, 2024-12, 2025-01, 2025-02, 2025-04, 2025-11, 2025-12, 2026-01, 2026-04, 2026-11"
910502,La-Ngu,La-ngu District,Satun,southwest,flood / inundation,0,37,37,180,0.206,20,"202403, 202404, 202405, 202406, 202407, 202408, 202409, 202410, 202411, 202412, 202504, 202505, 202506, 202507, 202508, 202509, 202512, 202604, 202605, 202606","2024-08, 2024-09, 2024-10, 2024-11, 2024-12, 2025-09, 2025-10, 2025-12, 2026-09"
140107,Pak Kran,Phra Nakhon Si Ayutthaya District,Phra Nakhon Si Ayudhya,Central,flood / inundation,0,36,36,180,0.2,23,"202405, 202406, 202407, 202408, 202409, 202410, 202411, 202412, 202501, 202502, 202503, 202504, 202505, 202506, 202507, 202508, 202509, 202510, 202511, 202512, 202603, 202605, 202606","2024-09, 2024-10, 2024-11, 2025-05, 2025-10, 2025-11, 2026-05, 2026-08, 2026-10, 2026-11"
140120,Ban Pom,Phra Nakhon Si Ayutthaya District,Phra Nakhon Si Ayudhya,Central,flood / inundation,0,36,36,180,0.2,27,"202402, 202403, 202404, 202405, 202406, 202407, 202408, 202409, 202410, 202412, 202501, 202502, 202503, 202504, 202505, 202506, 202507, 202508, 202509, 202510, 202511, 202512, 202602, 202603, 202604, 202605, 202606","2024-07, 2024-08, 2024-09, 2024-10, 2025-05, 2025-10, 2025-11, 2026-05, 2026-07, 2026-08, 2026-10"
140410,Krachaeng,Bang Sai District,Phra Nakhon Si Ayudhya,Central,flood / inundation,0,36,36,180,0.2,23,"202405, 202406, 202407, 202408, 202409, 202410, 202411, 202412, 202501, 202502, 202503, 202504, 202505, 202506, 202507, 202508, 202509, 202510, 202511, 202512, 202603, 202605, 202606","2024-09, 2024-10, 2024-11, 2025-05, 2025-10, 2025-11, 2026-05, 2026-08, 2026-10, 2026-11"
341511,Bung Wai,Warin Chamrap District,Ubon Ratchathani,Northeast,flood / inundation,0,36,36,180,0.2,18,"202403, 202404, 202405, 202406, 202407, 202408, 202409, 202410, 202504, 202505, 202506, 202507, 202508, 202509, 202510, 202604, 202605, 202606","2024-07, 2024-08, 2024-09, 2024-10, 2025-09, 2025-10, 2026-07, 2026-09, 2026-10"
380402,Sang,Seka District,Bung kan,Northeast,flood / inundation,0,36,36,180,0.2,18,"202404, 202405, 202406, 202407, 202408, 202409, 202410, 202501, 202504, 202505, 202506, 202507, 202508, 202509, 202510, 202604, 202605, 202606","2024-09, 2024-10, 2025-06, 2025-07, 2025-09, 2025-10, 2026-07, 2026-08, 2026-09, 2026-10"
401017,Hua Nong,Ban Phai District,Khon Kaen,Northeast,flood / inundation,0,36,36,180,0.2,21,"202404, 202405, 202406, 202407, 202408, 202409, 202410, 202501, 202502, 202503, 202504, 202505, 202506, 202507, 202508, 202509, 202510, 202512, 202604, 202605, 202606","2024-09, 2024-10, 2025-05, 2025-07, 2025-09, 2025-10, 2026-05, 2026-09, 2026-10"
560701,Mae Chai,Mae Chai District,Phayao,North,flood / inundation,0,36,36,180,0.2,19,"202402, 202403, 202404, 202405, 202406, 202407, 202408, 202409, 202501, 202502, 202503, 202504, 202505, 202506, 202507, 202508, 202509, 202604, 202606","2024-07, 2024-08, 2024-09, 2024-10, 2025-06, 2025-08, 2025-09, 2025-10, 2026-05, 2026-06"
600106,Nakhon Sawan Tok,Mueang Nakhon Sawan District,Nakhon Sawan,North,flood / inundation,0,36,36,180,0.2,22,"202404, 202405, 202406, 202407, 202408, 202409, 202410, 202411, 202501, 202502, 202503, 202504, 202505, 202506, 202507, 202508, 202509, 202510, 202511, 202512, 202605, 202606","2024-09, 2024-10, 2024-11, 2025-05, 2025-10, 2025-11, 2026-05, 2026-10, 2026-11"
800613,Mae Chao Yu Hua,Chian Yai District,Nakhon Si Thammarat,southeast,flood / inundation,0,36,36,180,0.2,18,"202405, 202406, 202407, 202408, 202409, 202410, 202411, 202412, 202501, 202506, 202507, 202508, 202509, 202510, 202511, 202512, 202601, 202606","2024-10, 2024-11, 2024-12, 2025-01, 2025-02, 2025-11, 2025-12, 2026-01, 2026-02, 2026-11"
841606,Sai Sopha,Phrasaeng District,Surat Thani,southeast,flood / inundation,0,36,36,180,0.2,21,"202401, 202403, 202405, 202406, 202407, 202408, 202409, 202410, 202411, 202412, 202501, 202502, 202503, 202504, 202506, 202510, 202511, 202512, 202601, 202602, 202603","2024-01, 2024-06, 2024-10, 2024-11, 2025-01, 2025-03, 2025-06, 2025-11, 2026-03"
801904,Thung Pho,Chulabhorn District,Nakhon Si Thammarat,southeast,flood / inundation,1,35,36,180,0.2,20,"202401, 202406, 202407, 202408, 202409, 202410, 202411, 202412, 202501, 202506, 202507, 202508, 202509, 202510, 202511, 202512, 202601, 202602, 202603, 202606","2024-01, 2024-11, 2024-12, 2025-01, 2025-02, 2025-03, 2025-11, 2025-12, 2026-03, 2026-11"
140115,Ban Mai,Phra Nakhon Si Ayutthaya District,Phra Nakhon Si Ayudhya,Central,flood / inundation,0,35,35,180,0.194,26,"202402, 202403, 202404, 202405, 202406, 202407, 202408, 202409, 202410, 202412, 202501, 202502, 202503, 202504, 202505, 202506, 202507, 202508, 202509, 202510, 202512, 202602, 202603, 202604, 202605, 202606","2024-07, 2024-08, 2024-09, 2024-10, 2025-05, 2025-10, 2026-05, 2026-07, 2026-08, 2026-10"
140401,Bang Sai,Bang Sai District,Phra Nakhon Si Ayudhya,Central,flood / inundation,0,35,35,180,0.194,22,"202405, 202406, 202407, 202408, 202409, 202410, 202411, 202412, 202501, 202502, 202503, 202504, 202505, 202506, 202507, 202508, 202509, 202510, 202511, 202512, 202605, 202606","2024-09, 2024-10, 2024-11, 2025-05, 2025-10, 2025-11, 2026-05, 2026-10, 2026-11"
140403,Sanam Chai,Bang Sai District,Phra Nakhon Si Ayudhya,Central,flood / inundation,0,35,35,180,0.194,22,"202405, 202406, 202407, 202408, 202409, 202410, 202411, 202412, 202501, 202502, 202503, 202504, 202505, 202506, 202507, 202508, 202509, 202510, 202511, 202512, 202605, 202606","2024-09, 2024-10, 2024-11, 2025-05, 2025-10, 2025-11, 2026-05, 2026-10, 2026-11"
140404,Ban Paeng,Bang Sai District,Phra Nakhon Si Ayudhya,Central,flood / inundation,0,35,35,180,0.194,22,"202405, 202406, 202407, 202408, 202409, 202410, 202411, 202412, 202501, 202502, 202503, 202504, 202505, 202506, 202507, 202508, 202509, 202510, 202511, 202512, 202605, 202606","2024-09, 2024-10, 2024-11, 2025-05, 2025-10, 2025-11, 2026-05, 2026-10, 2026-11"
140412,Chang Noi,Bang Sai District,Phra Nakhon Si Ayudhya,Central,flood / inundation,0,35,35,180,0.194,22,"202405, 202406, 202407, 202408, 202409, 202410, 202411, 202412, 202501, 202502, 202503, 202504, 202505, 202506, 202507, 202508, 202509, 202510, 202511, 202512, 202605, 202606","2024-09, 2024-10, 2024-11, 2025-05, 2025-10, 2025-11, 2026-05, 2026-10, 2026-11"
140416,Mai Tra,Bang Sai District,Phra Nakhon Si Ayudhya,Central,flood / inundation,0,35,35,180,0.194,22,"202405, 202406, 202407, 202408, 202409, 202410, 202411, 202412, 202501, 202502, 202503, 202504, 202505, 202506, 202507, 202508, 202509, 202510, 202511, 202512, 202605, 202606","2024-09, 2024-10, 2024-11, 2025-05, 2025-10, 2025-11, 2026-05, 2026-10, 2026-11"
140417,Ban Ma,Bang Sai District,Phra Nakhon Si Ayudhya,Central,flood / inundation,0,35,35,180,0.194,22,"202405, 202406, 202407, 202408, 202409, 202410, 202411, 202412, 202501, 202502, 202503, 202504, 202505, 202506, 202507, 202508, 202509, 202510, 202511, 202512, 202605, 202606","2024-09, 2024-10, 2024-11, 2025-05, 2025-10, 2025-11, 2026-05, 2026-10, 2026-11"
140423,Khok Chang,Bang Sai District,Phra Nakhon Si Ayudhya,Central,flood / inundation,0,35,35,180,0.194,22,"202405, 202406, 202407, 202408, 202409, 202410, 202411, 202412, 202501, 202502, 202503, 202504, 202505, 202506, 202507, 202508, 202509, 202510, 202511, 202512, 202605, 202606","2024-09, 2024-10, 2024-11, 2025-05, 2025-10, 2025-11, 2026-05, 2026-10, 2026-11"
141207,Man Wichai,Sena District,Phra Nakhon Si Ayudhya,Central,flood / inundation,0,35,35,180,0.194,22,"202405, 202406, 202407, 202408, 202409, 202410, 202411, 202412, 202501, 202502, 202503, 202504, 202505, 202506, 202507, 202508, 202509, 202510, 202511, 202512, 202605, 202606","2024-09, 2024-10, 2024-11, 2025-05, 2025-10, 2025-11, 2026-05, 2026-10, 2026-11"
141213,Sam Tum,Sena District,Phra Nakhon Si Ayudhya,Central,flood / inundation,0,35,35,180,0.194,22,"202405, 202406, 202407, 202408, 202409, 202410, 202411, 202412, 202501, 202502, 202503, 202504, 202505, 202506, 202507, 202508, 202509, 202510, 202511, 202512, 202605, 202606","2024-09, 2024-10, 2024-11, 2025-05, 2025-10, 2025-11, 2026-05, 2026-10, 2026-11"
180607,Huai Ngu,Hankha District,Chainat,Central,flood / inundation,0,35,35,180,0.194,20,"202404, 202405, 202406, 202407, 202408, 202409, 202410, 202501, 202502, 202503, 202504, 202505, 202506, 202507, 202508, 202509, 202510, 202604, 202605, 202606","2024-09, 2024-10, 2025-06, 2025-09, 2025-10, 2026-09, 2026-10"
330122,Nam Kham,Mueang Si Sa Ket District,Sisaket,Northeast,flood / inundation,0,35,35,180,0.194,19,"202404, 202405, 202406, 202407, 202408, 202409, 202410, 202504, 202505, 202506, 202507, 202508, 202509, 202510, 202512, 202603, 202604, 202605, 202606","2024-09, 2024-10, 2025-09, 2025-10, 2026-05, 2026-07, 2026-08, 2026-09, 2026-10"
340407,Tha Hai,Khueang Nai District,Ubon Ratchathani,Northeast,flood / inundation,0,35,35,180,0.194,18,"202403, 202404, 202405, 202406, 202407, 202408, 202409, 202410, 202504, 202505, 202506, 202507, 202508, 202509, 202510, 202604, 202605, 202606","2024-07, 2024-08, 2024-09, 2024-10, 2025-09, 2025-10, 2026-07, 2026-09, 2026-10"
340408,Na Kham Yai,Khueang Nai District,Ubon Ratchathani,Northeast,flood / inundation,0,35,35,180,0.194,18,"202403, 202404, 202405, 202406, 202407, 202408, 202409, 202410, 202504, 202505, 202506, 202507, 202508, 202509, 202510, 202604, 202605, 202606","2024-07, 2024-08, 2024-09, 2024-10, 2025-09, 2025-10, 2026-07, 2026-09, 2026-10"
340409,Daeng Mo,Khueang Nai District,Ubon Ratchathani,Northeast,flood / inundation,0,35,35,180,0.194,18,"202403, 202404, 202405, 202406, 202407, 202408, 202409, 202410, 202504, 202505, 202506, 202507, 202508, 202509, 202510, 202604, 202605, 202606","2024-07, 2024-09, 2024-10, 2025-09, 2025-10, 2026-07, 2026-09, 2026-10"
350106,Du Thung,Mueang Yasothon District,Yasothon,Northeast,flood / inundation,0,35,35,180,0.194,17,"202404, 202405, 202406, 202407, 202408, 202409, 202410, 202504, 202505, 202506, 202507, 202508, 202509, 202510, 202604, 202605, 202606","2024-08, 2024-09, 2024-10, 2025-06, 2025-09, 2025-10, 2026-08, 2026-09, 2026-10"
350107,Doet,Mueang Yasothon District,Yasothon,Northeast,flood / inundation,0,35,35,180,0.194,17,"202404, 202405, 202406, 202407, 202408, 202409, 202410, 202504, 202505, 202506, 202507, 202508, 202509, 202510, 202604, 202605, 202606","2024-08, 2024-09, 2024-10, 2025-06, 2025-09, 2025-10, 2026-08, 2026-09, 2026-10"
370704,Dong Bang,Lue Amnat District,Amnaj Charoen,Northeast,flood / inundation,0,35,35,180,0.194,17,"202404, 202405, 202406, 202407, 202408, 202409, 202410, 202504, 202505, 202506, 202507, 202508, 202509, 202510, 202604, 202605, 202606","2024-08, 2024-09, 2024-10, 2025-09, 2025-10, 2026-08, 2026-09, 2026-10"
370705,Rai Khi,Lue Amnat District,Amnaj Charoen,Northeast,flood / inundation,0,35,35,180,0.194,17,"202404, 202405, 202406, 202407, 202408, 202409, 202410, 202504, 202505, 202506, 202507, 202508, 202509, 202510, 202604, 202605, 202606","2024-08, 2024-09, 2024-10, 2025-09, 2025-10, 2026-08, 2026-09, 2026-10"
402402,Khok Samran,Ban Haet District,Khon Kaen,Northeast,flood / inundation,0,35,35,180,0.194,18,"202404, 202405, 202406, 202407, 202408, 202409, 202410, 202504, 202505, 202506, 202507, 202508, 202509, 202510, 202512, 202604, 202605, 202606","2024-08, 2024-09, 2024-10, 2025-07, 2025-09, 2025-10, 2026-05, 2026-09, 2026-10"
411103,Dong Yen,Ban Dung District,Udon Thani,Northeast,flood / inundation,0,35,35,180,0.194,17,"202404, 202405, 202406, 202407, 202408, 202409, 202410, 202504, 202505, 202506, 202507, 202508, 202509, 202510, 202604, 202605, 202606","2024-09, 2024-10, 2025-07, 2025-08, 2025-09, 2025-10, 2026-07, 2026-08, 2026-09, 2026-10"
451404,Nom,At Samat District,Roi Et,Northeast,flood / inundation,0,35,35,180,0.194,17,"202404, 202405, 202406, 202407, 202408, 202409, 202410, 202504, 202505, 202506, 202507, 202508, 202509, 202510, 202604, 202605, 202606","2024-08, 2024-09, 2024-10, 2025-07, 2025-09, 2025-10, 2026-07, 2026-08, 2026-09, 2026-10"
451405,Nong Muen Than,At Samat District,Roi Et,Northeast,flood / inundation,0,35,35,180,0.194,17,"202404, 202405, 202406, 202407, 202408, 202409, 202410, 202504, 202505, 202506, 202507, 202508, 202509, 202510, 202604, 202605, 202606","2024-08, 2024-09, 2024-10, 2025-07, 2025-09, 2025-10, 2026-07, 2026-08, 2026-09, 2026-10"
471104,Phon Ngam,Akat Amnuai District,Sakon Nakhon,Northeast,flood / inundation,0,35,35,180,0.194,17,"202404, 202405, 202406, 202407, 202408, 202409, 202410, 202504, 202505, 202506, 202507, 202508, 202509, 202510, 202604, 202605, 202606","2024-09, 2024-10, 2025-07, 2025-08, 2025-09, 2025-10, 2026-07, 2026-08, 2026-09, 2026-10"
471105,Tha Kon,Akat Amnuai District,Sakon Nakhon,Northeast,flood / inundation,0,35,35,180,0.194,17,"202404, 202405, 202406, 202407, 202408, 202409, 202410, 202504, 202505, 202506, 202507, 202508, 202509, 202510, 202604, 202605, 202606","2024-09, 2024-10, 2025-07, 2025-08, 2025-09, 2025-10, 2026-07, 2026-08, 2026-09, 2026-10"
471106,Na Hi,Akat Amnuai District,Sakon Nakhon,Northeast,flood / inundation,0,35,35,180,0.194,17,"202404, 202405, 202406, 202407, 202408, 202409, 202410, 202504, 202505, 202506, 202507, 202508, 202509, 202510, 202604, 202605, 202606","2024-09, 2024-10, 2025-07, 2025-08, 2025-09, 2025-10, 2026-07, 2026-08, 2026-09, 2026-10"
500906,San Sai,Fang District,Chiang Mai,North,flood / inundation,0,35,35,180,0.194,20,"202403, 202404, 202405, 202406, 202407, 202408, 202409, 202501, 202503, 202504, 202505, 202506, 202507, 202508, 202509, 202510, 202603, 202604, 202605, 202606","2024-07, 2024-08, 2024-09, 2025-05, 2025-07, 2025-08, 2025-09, 2025-10, 2026-05, 2026-08, 2026-09, 2026-10"
521204,Pong Yang Khok,Hang Chat District,Lampang,North,flood / inundation,0,35,35,180,0.194,21,"202402, 202403, 202404, 202405, 202406, 202407, 202408, 202409, 202412, 202501, 202502, 202504, 202505, 202506, 202507, 202508, 202509, 202510, 202604, 202605, 202606","2024-07, 2024-08, 2024-09, 2024-10, 2025-05, 2025-09, 2025-10, 2026-05, 2026-09"
530205,Khoi Sung,Tron District,Auttaradit,North,flood / inundation,0,35,35,180,0.194,24,"202404, 202405, 202406, 202407, 202408, 202409, 202412, 202501, 202502, 202503, 202504, 202505, 202506, 202507, 202508, 202509, 202510, 202512, 202601, 202602, 202603, 202604, 202605, 202606","2024-09, 2024-10, 2025-05, 2025-09, 2025-10, 2026-05, 2026-06, 2026-09"
600804,Sai Lamphong,Tha Tako District,Nakhon Sawan,North,flood / inundation,0,35,35,180,0.194,17,"202404, 202405, 202406, 202407, 202408, 202409, 202410, 202504, 202505, 202506, 202507, 202508, 202509, 202510, 202604, 202605, 202606","2024-08, 2024-09, 2024-10, 2025-08, 2025-09, 2025-10, 2026-09, 2026-10"
610508,Lum Khao,Nong Khayang District,Uthai Thani,Central,flood / inundation,0,35,35,180,0.194,21,"202404, 202405, 202406, 202407, 202408, 202409, 202410, 202411, 202501, 202502, 202503, 202504, 202505, 202506, 202507, 202508, 202509, 202510, 202511, 202605, 202606","2024-09, 2024-10, 2024-11, 2025-06, 2025-10, 2025-11, 2026-10, 2026-11"
650109,Ban Pa,Mueang Phitsanulok District,Phitsanu Lok,North,flood / inundation,0,35,35,180,0.194,18,"202403, 202404, 202405, 202406, 202407, 202408, 202409, 202410, 202504, 202505, 202506, 202507, 202508, 202509, 202510, 202604, 202605, 202606","2024-08, 2024-09, 2024-10, 2025-09, 2025-10, 2026-09, 2026-10"
670321,Ban Rai,Lom Sak District,Phetchabun,North,flood / inundation,0,35,35,180,0.194,21,"202404, 202405, 202406, 202407, 202408, 202409, 202410, 202501, 202502, 202503, 202504, 202505, 202506, 202507, 202508, 202509, 202510, 202512, 202604, 202605, 202606","2024-09, 2024-10, 2025-05, 2025-09, 2025-10, 2026-05, 2026-08, 2026-09, 2026-10"
670507,Phu Toei,Wichian Buri District,Phetchabun,North,flood / inundation,0,35,35,180,0.194,19,"202404, 202405, 202406, 202407, 202408, 202409, 202410, 202502, 202503, 202504, 202505, 202506, 202507, 202508, 202509, 202510, 202604, 202605, 202606","2024-07, 2024-09, 2024-10, 2025-07, 2025-09, 2025-10, 2026-09, 2026-10"
670709,Bua Watthana,Nong Phai District,Phetchabun,North,flood / inundation,0,35,35,180,0.194,20,"202404, 202405, 202406, 202407, 202408, 202409, 202410, 202412, 202501, 202502, 202504, 202505, 202506, 202507, 202508, 202509, 202510, 202604, 202605, 202606","2024-09, 2024-10, 2025-05, 2025-08, 2025-09, 2025-10, 2026-09, 2026-10"
960301,Bacho,Bacho District,Narathiwat,southeast,flood / inundation,0,35,35,180,0.194,15,"202406, 202407, 202408, 202409, 202410, 202411, 202412, 202501, 202507, 202508, 202509, 202510, 202511, 202512, 202606","2024-11, 2024-12, 2025-01, 2025-02, 2025-11, 2025-12, 2026-01, 2026-11"
960302,Lubo Sawo,Bacho District,Narathiwat,southeast,flood / inundation,0,35,35,180,0.194,15,"202406, 202407, 202408, 202409, 202410, 202411, 202412, 202501, 202507, 202508, 202509, 202510, 202511, 202512, 202606","2024-11, 2024-12, 2025-01, 2025-02, 2025-11, 2025-12, 2026-01, 2026-11"
140409,Chang Lek,Bang Sai District,Phra Nakhon Si Ayudhya,Central,flood / inundation,0,34,34,180,0.189,19,"202404, 202405, 202406, 202407, 202408, 202409, 202410, 202411, 202505, 202506, 202507, 202508, 202509, 202510, 202511, 202603, 202604, 202605, 202606","2024-09, 2024-10, 2024-11, 2025-10, 2025-11, 2026-08, 2026-10, 2026-11"
140411,Ban Klueng,Bang Sai District,Phra Nakhon Si Ayudhya,Central,flood / inundation,0,34,34,180,0.189,26,"202402, 202403, 202404, 202405, 202406, 202407, 202408, 202409, 202410, 202412, 202501, 202502, 202503, 202504, 202505, 202506, 202507, 202508, 202509, 202510, 202511, 202512, 202603, 202604, 202605, 202606","2024-07, 2024-09, 2024-10, 2025-05, 2025-10, 2025-11, 2026-05, 2026-08, 2026-10"
301717,Non Yo,Chum Phuang District,Nakhon Ratchasima,Northeast,flood / inundation,0,34,34,180,0.189,19,"202404, 202405, 202406, 202407, 202408, 202409, 202410, 202501, 202503, 202504, 202505, 202506, 202507, 202508, 202509, 202510, 202604, 202605, 202606","2024-09, 2024-10, 2025-06, 2025-09, 2025-10, 2026-09, 2026-10"
340417,Sahathat,Khueang Nai District,Ubon Ratchathani,Northeast,flood / inundation,0,34,34,180,0.189,18,"202403, 202404, 202405, 202406, 202407, 202408, 202409, 202410, 202504, 202505, 202506, 202507, 202508, 202509, 202510, 202604, 202605, 202606","2024-07, 2024-09, 2024-10, 2025-09, 2025-10, 2026-07, 2026-09, 2026-10"
350112,Khueang Kham,Mueang Yasothon District,Yasothon,Northeast,flood / inundation,0,34,34,180,0.189,17,"202404, 202405, 202406, 202407, 202408, 202409, 202410, 202504, 202505, 202506, 202507, 202508, 202509, 202510, 202604, 202605, 202606","2024-08, 2024-09, 2024-10, 2025-06, 2025-09, 2025-10, 2026-08, 2026-09, 2026-10"
350408,Ku Chan,Kham Khuean Kaeo District,Yasothon,Northeast,flood / inundation,0,34,34,180,0.189,17,"202404, 202405, 202406, 202407, 202408, 202409, 202410, 202504, 202505, 202506, 202507, 202508, 202509, 202510, 202604, 202605, 202606","2024-08, 2024-09, 2024-10, 2025-09, 2025-10, 2026-08, 2026-09, 2026-10"
350411,Lao Hai,Kham Khuean Kaeo District,Yasothon,Northeast,flood / inundation,0,34,34,180,0.189,17,"202404, 202405, 202406, 202407, 202408, 202409, 202410, 202504, 202505, 202506, 202507, 202508, 202509, 202510, 202604, 202605, 202606","2024-08, 2024-09, 2024-10, 2025-09, 2025-10, 2026-08, 2026-09, 2026-10"
360601,Ban Kok,Chatturat District,Chaiyaphum,Northeast,flood / inundation,0,34,34,180,0.189,18,"202403, 202404, 202405, 202406, 202407, 202408, 202409, 202410, 202504, 202505, 202506, 202507, 202508, 202509, 202510, 202604, 202605, 202606","2024-08, 2024-09, 2024-10, 2025-09, 2025-10, 2026-09, 2026-10"
370606,Sang Tho Noi,Hua Taphan District,Amnaj Charoen,Northeast,flood / inundation,0,34,34,180,0.189,17,"202404, 202405, 202406, 202407, 202408, 202409, 202410, 202504, 202505, 202506, 202507, 202508, 202509, 202510, 202604, 202605, 202606","2024-08, 2024-09, 2024-10, 2025-09, 2025-10, 2026-08, 2026-09, 2026-10"
431505,Udom Phon,Fao Rai District,Nong Khai,Northeast,flood / inundation,0,34,34,180,0.189,18,"202403, 202404, 202405, 202406, 202407, 202408, 202409, 202503, 202504, 202505, 202506, 202507, 202508, 202509, 202603, 202604, 202605, 202606","2024-08, 2024-09, 2025-07, 2025-08, 2025-09, 2026-07, 2026-08, 2026-09"
471101,Akat,Akat Amnuai District,Sakon Nakhon,Northeast,flood / inundation,0,34,34,180,0.189,17,"202404, 202405, 202406, 202407, 202408, 202409, 202410, 202504, 202505, 202506, 202507, 202508, 202509, 202510, 202604, 202605, 202606","2024-09, 2024-10, 2025-07, 2025-09, 2025-10, 2026-07, 2026-08, 2026-09, 2026-10"
480306,Phathai,Tha Uthen District,Nakhon Phanom,Northeast,flood / inundation,0,34,34,180,0.189,17,"202404, 202405, 202406, 202407, 202408, 202409, 202410, 202504, 202505, 202506, 202507, 202508, 202509, 202510, 202604, 202605, 202606","2024-09, 2024-10, 2025-07, 2025-09, 2025-10, 2026-07, 2026-08, 2026-09, 2026-10"
480801,Si Songkhram,Si Songkhram District,Nakhon Phanom,Northeast,flood / inundation,0,34,34,180,0.189,17,"202404, 202405, 202406, 202407, 202408, 202409, 202410, 202504, 202505, 202506, 202507, 202508, 202509, 202510, 202604, 202605, 202606","2024-09, 2024-10, 2025-07, 2025-09, 2025-10, 2026-07, 2026-08, 2026-09, 2026-10"
480802,Na Duea,Si Songkhram District,Nakhon Phanom,Northeast,flood / inundation,0,34,34,180,0.189,17,"202404, 202405, 202406, 202407, 202408, 202409, 202410, 202504, 202505, 202506, 202507, 202508, 202509, 202510, 202604, 202605, 202606","2024-09, 2024-10, 2025-07, 2025-09, 2025-10, 2026-07, 2026-08, 2026-09, 2026-10"
480803,Ban Ueang,Si Songkhram District,Nakhon Phanom,Northeast,flood / inundation,0,34,34,180,0.189,17,"202404, 202405, 202406, 202407, 202408, 202409, 202410, 202504, 202505, 202506, 202507, 202508, 202509, 202510, 202604, 202605, 202606","2024-09, 2024-10, 2025-07, 2025-09, 2025-10, 2026-07, 2026-08, 2026-09, 2026-10"
480805,Tha Bo Songkhram,Si Songkhram District,Nakhon Phanom,Northeast,flood / inundation,0,34,34,180,0.189,17,"202404, 202405, 202406, 202407, 202408, 202409, 202410, 202504, 202505, 202506, 202507, 202508, 202509, 202510, 202604, 202605, 202606","2024-09, 2024-10, 2025-07, 2025-09, 2025-10, 2026-07, 2026-08, 2026-09, 2026-10"
480806,Ban Kha,Si Songkhram District,Nakhon Phanom,Northeast,flood / inundation,0,34,34,180,0.189,17,"202404, 202405, 202406, 202407, 202408, 202409, 202410, 202504, 202505, 202506, 202507, 202508, 202509, 202510, 202604, 202605, 202606","2024-09, 2024-10, 2025-07, 2025-09, 2025-10, 2026-07, 2026-08, 2026-09, 2026-10"
480808,Phon Sawang,Si Songkhram District,Nakhon Phanom,Northeast,flood / inundation,0,34,34,180,0.189,17,"202404, 202405, 202406, 202407, 202408, 202409, 202410, 202504, 202505, 202506, 202507, 202508, 202509, 202510, 202604, 202605, 202606","2024-09, 2024-10, 2025-07, 2025-09, 2025-10, 2026-07, 2026-08, 2026-09, 2026-10"
480809,Hat Phaeng,Si Songkhram District,Nakhon Phanom,Northeast,flood / inundation,0,34,34,180,0.189,17,"202404, 202405, 202406, 202407, 202408, 202409, 202410, 202504, 202505, 202506, 202507, 202508, 202509, 202510, 202604, 202605, 202606","2024-09, 2024-10, 2025-07, 2025-09, 2025-10, 2026-07, 2026-08, 2026-09, 2026-10"
480906,Tha Ruea,Na Wa District,Nakhon Phanom,Northeast,flood / inundation,0,34,34,180,0.189,17,"202404, 202405, 202406, 202407, 202408, 202409, 202410, 202504, 202505, 202506, 202507, 202508, 202509, 202510, 202604, 202605, 202606","2024-09, 2024-10, 2025-07, 2025-08, 2025-09, 2025-10, 2026-07, 2026-08, 2026-09, 2026-10"
560802,Pa Sak,Phu Sang District,Phayao,North,flood / inundation,0,34,34,180,0.189,22,"202402, 202403, 202404, 202405, 202406, 202407, 202408, 202409, 202412, 202501, 202503, 202504, 202505, 202506, 202507, 202508, 202601, 202602, 202603, 202604, 202605, 202606","2024-07, 2024-08, 2024-09, 2025-05, 2025-08, 2026-05, 2026-08"
560805,Sop Bong,Phu Sang District,Phayao,North,flood / inundation,0,34,34,180,0.189,22,"202402, 202403, 202404, 202405, 202406, 202407, 202408, 202409, 202412, 202501, 202503, 202504, 202505, 202506, 202507, 202508, 202601, 202602, 202603, 202604, 202605, 202606","2024-07, 2024-08, 2024-09, 2025-05, 2025-08, 2026-05, 2026-08"
600703,Chan Sen,Takhli District,Nakhon Sawan,North,flood / inundation,0,34,34,180,0.189,20,"202404, 202405, 202406, 202407, 202408, 202409, 202410, 202501, 202502, 202503, 202504, 202505, 202506, 202507, 202508, 202509, 202510, 202604, 202605, 202606","2024-09, 2024-10, 2025-05, 2025-09, 2025-10, 2026-09, 2026-10"
610102,Nam Suem,Mueang Uthai Thani District,Uthai Thani,Central,flood / inundation,0,34,34,180,0.189,21,"202404, 202405, 202406, 202407, 202408, 202409, 202410, 202411, 202501, 202502, 202503, 202504, 202505, 202506, 202507, 202508, 202509, 202510, 202511, 202605, 202606","2024-09, 2024-10, 2024-11, 2025-05, 2025-10, 2025-11, 2026-10, 2026-11"
610107,Tha Sung,Mueang Uthai Thani District,Uthai Thani,Central,flood / inundation,0,34,34,180,0.189,21,"202404, 202405, 202406, 202407, 202408, 202409, 202410, 202411, 202501, 202502, 202503, 202504, 202505, 202506, 202507, 202508, 202509, 202510, 202511, 202605, 202606","2024-09, 2024-10, 2024-11, 2025-05, 2025-10, 2025-11, 2026-10, 2026-11"
640507,Tha Chai,Si Satchanalai District,Sukhothai,North,flood / inundation,0,34,34,180,0.189,20,"202404, 202405, 202406, 202407, 202408, 202409, 202412, 202501, 202502, 202503, 202504, 202505, 202506, 202507, 202508, 202509, 202510, 202604, 202605, 202606","2024-09, 2024-10, 2025-05, 2025-06, 2025-09, 2025-10, 2026-05, 2026-09"
640707,Na Thung,Sawankhalok District,Sukhothai,North,flood / inundation,0,34,34,180,0.189,19,"202404, 202405, 202406, 202407, 202408, 202411, 202412, 202501, 202502, 202503, 202504, 202505, 202506, 202507, 202508, 202509, 202510, 202602, 202604","2024-09, 2024-10, 2024-11, 2025-05, 2025-06, 2025-10, 2025-11, 2026-05, 2026-06"
650110,Pak Thok,Mueang Phitsanulok District,Phitsanu Lok,North,flood / inundation,0,34,34,180,0.189,18,"202403, 202404, 202405, 202406, 202407, 202408, 202409, 202501, 202504, 202505, 202506, 202507, 202508, 202509, 202510, 202604, 202605, 202606","2024-08, 2024-09, 2025-06, 2025-09, 2025-10, 2025-11, 2026-09"
650117,Aranyik,Mueang Phitsanulok District,Phitsanu Lok,North,flood / inundation,0,34,34,180,0.189,17,"202404, 202405, 202406, 202407, 202408, 202409, 202410, 202504, 202505, 202506, 202507, 202508, 202509, 202510, 202604, 202605, 202606","2024-09, 2024-10, 2025-09, 2025-10, 2025-11, 2026-09, 2026-10"
660301,Pho Prathap Chang,Pho Prathap Chang District,Phichit,North,flood / inundation,0,34,34,180,0.189,18,"202404, 202405, 202406, 202407, 202408, 202409, 202410, 202503, 202504, 202505, 202506, 202507, 202508, 202509, 202510, 202604, 202605, 202606","2024-09, 2024-10, 2025-08, 2025-09, 2025-10, 2026-09, 2026-10"
660411,Wang Lum,Taphan Hin District,Phichit,North,flood / inundation,0,34,34,180,0.189,19,"202404, 202405, 202406, 202407, 202408, 202409, 202410, 202502, 202503, 202504, 202505, 202506, 202507, 202508, 202509, 202510, 202604, 202605, 202606","2024-09, 2024-10, 2025-07, 2025-09, 2025-10, 2026-09, 2026-10"
661204,Nong Lum,Wachirabarami District,Phichit,North,flood / inundation,0,34,34,180,0.189,18,"202403, 202404, 202405, 202406, 202407, 202408, 202409, 202410, 202504, 202505, 202506, 202507, 202508, 202509, 202510, 202604, 202605, 202606","2024-08, 2024-09, 2024-10, 2025-09, 2025-10, 2026-09, 2026-10"
670104,Sadiang,Mueang Phetchabun District,Phetchabun,North,flood / inundation,0,34,34,180,0.189,20,"202404, 202405, 202406, 202407, 202408, 202409, 202410, 202501, 202502, 202503, 202504, 202505, 202506, 202507, 202508, 202509, 202510, 202604, 202605, 202606","2024-09, 2024-10, 2025-05, 2025-09, 2025-10, 2026-09, 2026-10"
670106,Na Ngua,Mueang Phetchabun District,Phetchabun,North,flood / inundation,0,34,34,180,0.189,20,"202404, 202405, 202406, 202407, 202408, 202409, 202410, 202501, 202502, 202503, 202504, 202505, 202506, 202507, 202508, 202509, 202510, 202604, 202605, 202606","2024-09, 2024-10, 2025-05, 2025-09, 2025-10, 2026-09, 2026-10"
670110,Chon Phrai,Mueang Phetchabun District,Phetchabun,North,flood / inundation,0,34,34,180,0.189,20,"202404, 202405, 202406, 202407, 202408, 202409, 202410, 202501, 202502, 202503, 202504, 202505, 202506, 202507, 202508, 202509, 202510, 202604, 202605, 202606","2024-09, 2024-10, 2025-05, 2025-09, 2025-10, 2026-09, 2026-10"
670114,Nam Ron,Mueang Phetchabun District,Phetchabun,North,flood / inundation,0,34,34,180,0.189,20,"202404, 202405, 202406, 202407, 202408, 202409, 202410, 202501, 202502, 202503, 202504, 202505, 202506, 202507, 202508, 202509, 202510, 202604, 202605, 202606","2024-09, 2024-10, 2025-05, 2025-09, 2025-10, 2026-09, 2026-10"
670117,Rawing,Mueang Phetchabun District,Phetchabun,North,flood / inundation,0,34,34,180,0.189,20,"202404, 202405, 202406, 202407, 202408, 202409, 202410, 202501, 202502, 202503, 202504, 202505, 202506, 202507, 202508, 202509, 202510, 202604, 202605, 202606","2024-09, 2024-10, 2025-05, 2025-09, 2025-10, 2026-09, 2026-10"
670316,Lan Ba,Lom Sak District,Phetchabun,North,flood / inundation,0,34,34,180,0.189,20,"202404, 202405, 202406, 202407, 202408, 202409, 202410, 202501, 202502, 202504, 202505, 202506, 202507, 202508, 202509, 202510, 202512, 202604, 202605, 202606","2024-09, 2024-10, 2025-05, 2025-09, 2025-10, 2026-05, 2026-08, 2026-09, 2026-10"
670508,Phu Kham,Wichian Buri District,Phetchabun,North,flood / inundation,0,34,34,180,0.189,19,"202404, 202405, 202406, 202407, 202408, 202409, 202410, 202502, 202503, 202504, 202505, 202506, 202507, 202508, 202509, 202510, 202604, 202605, 202606","2024-09, 2024-10, 2025-07, 2025-09, 2025-10, 2026-09, 2026-10"
670604,Na Sanun,Si Thep District,Phetchabun,North,flood / inundation,0,34,34,180,0.189,19,"202404, 202405, 202406, 202407, 202408, 202409, 202410, 202502, 202503, 202504, 202505, 202506, 202507, 202508, 202509, 202510, 202604, 202605, 202606","2024-09, 2024-10, 2025-07, 2025-09, 2025-10, 2026-09, 2026-10"
670605,Khok Sa-At,Si Thep District,Phetchabun,North,flood / inundation,0,34,34,180,0.189,19,"202404, 202405, 202406, 202407, 202408, 202409, 202410, 202502, 202503, 202504, 202505, 202506, 202507, 202508, 202509, 202510, 202604, 202605, 202606","2024-09, 2024-10, 2025-07, 2025-09, 2025-10, 2026-09, 2026-10"
670710,Nong Phai,Nong Phai District,Phetchabun,North,flood / inundation,0,34,34,180,0.189,19,"202404, 202405, 202406, 202407, 202408, 202409, 202410, 202502, 202503, 202504, 202505, 202506, 202507, 202508, 202509, 202510, 202604, 202605, 202606","2024-09, 2024-10, 2025-07, 2025-09, 2025-10, 2026-09, 2026-10"
670809,Bueng Sam Phan,Bueng Sam Phan District,Phetchabun,North,flood / inundation,0,34,34,180,0.189,19,"202404, 202405, 202406, 202407, 202408, 202409, 202410, 202502, 202503, 202504, 202505, 202506, 202507, 202508, 202509, 202510, 202604, 202605, 202606","2024-09, 2024-10, 2025-07, 2025-09, 2025-10, 2026-09, 2026-10"
711007,Nong Fai,Lao Khwan District,Kanchanaburi,Central,flood / inundation,0,34,34,180,0.189,18,"202402, 202403, 202404, 202405, 202406, 202407, 202408, 202409, 202501, 202502, 202503, 202504, 202505, 202506, 202507, 202508, 202509, 202510","2024-07, 2024-08, 2024-09, 2024-10, 2025-06, 2025-10"
711104,Nong Phai,Dan Makham Tia District,Kanchanaburi,Central,flood / inundation,0,34,34,180,0.189,18,"202404, 202405, 202406, 202407, 202408, 202409, 202410, 202411, 202504, 202505, 202506, 202507, 202508, 202509, 202510, 202511, 202605, 202606","2024-09, 2024-10, 2024-11, 2025-09, 2025-10, 2025-11, 2026-10, 2026-11"
800905,Na Mai Phai,Thung Song District,Nakhon Si Thammarat,southeast,flood / inundation,0,34,34,180,0.189,18,"202403, 202404, 202405, 202406, 202407, 202408, 202409, 202410, 202411, 202412, 202501, 202506, 202510, 202511, 202512, 202601, 202602, 202603","2024-08, 2024-10, 2024-11, 2024-12, 2025-01, 2025-03, 2025-11, 2026-03"
840702,Samo Thong,Tha Chana District,Surat Thani,southeast,flood / inundation,0,34,34,180,0.189,17,"202401, 202406, 202407, 202408, 202409, 202410, 202411, 202412, 202501, 202507, 202508, 202509, 202510, 202511, 202512, 202601, 202602","2024-01, 2024-11, 2024-12, 2025-01, 2025-02, 2025-12, 2026-02"
920113,Na To Ming,Mueang Trang District,Trang,southwest,flood / inundation,0,34,34,180,0.189,19,"202403, 202404, 202405, 202406, 202407, 202409, 202410, 202411, 202412, 202505, 202506, 202507, 202508, 202509, 202510, 202512, 202602, 202603, 202604","2024-07, 2024-08, 2024-09, 2024-10, 2024-11, 2024-12, 2025-10, 2025-11, 2025-12, 2026-07"
960402,Lahan,Yi-ngo District,Narathiwat,southeast,flood / inundation,0,34,34,180,0.189,15,"202406, 202407, 202408, 202409, 202410, 202411, 202412, 202501, 202507, 202508, 202509, 202510, 202511, 202512, 202606","2024-11, 2024-12, 2025-01, 2025-02, 2025-11, 2025-12, 2026-01, 2026-11"
960501,Tanyong Mat,Ra-ngae District,Narathiwat,southeast,flood / inundation,0,34,34,180,0.189,15,"202406, 202407, 202408, 202409, 202410, 202411, 202412, 202501, 202507, 202508, 202509, 202510, 202511, 202512, 202606","2024-11, 2024-12, 2025-01, 2025-02, 2025-11, 2025-12, 2026-01, 2026-11"
960502,Tanyong Limo,Ra-ngae District,Narathiwat,southeast,flood / inundation,0,34,34,180,0.189,15,"202406, 202407, 202408, 202409, 202410, 202411, 202412, 202501, 202507, 202508, 202509, 202510, 202511, 202512, 202606","2024-11, 2024-12, 2025-01, 2025-02, 2025-11, 2025-12, 2026-01, 2026-11"
961301,Chuap,Cho-airong District,Narathiwat,southeast,flood / inundation,0,34,34,180,0.189,15,"202406, 202407, 202408, 202409, 202410, 202411, 202412, 202501, 202507, 202508, 202509, 202510, 202511, 202512, 202606","2024-11, 2024-12, 2025-01, 2025-02, 2025-11, 2025-12, 2026-01, 2026-11"
961302,Bu Kit,Cho-airong District,Narathiwat,southeast,flood / inundation,0,34,34,180,0.189,15,"202406, 202407, 202408, 202409, 202410, 202411, 202412, 202501, 202507, 202508, 202509, 202510, 202511, 202512, 202606","2024-11, 2024-12, 2025-01, 2025-02, 2025-11, 2025-12, 2026-01, 2026-11"
961303,Marue Bo Ok,Cho-airong District,Narathiwat,southeast,flood / inundation,0,34,34,180,0.189,15,"202406, 202407, 202408, 202409, 202410, 202411, 202412, 202501, 202507, 202508, 202509, 202510, 202511, 202512, 202606","2024-11, 2024-12, 2025-01, 2025-02, 2025-11, 2025-12, 2026-01, 2026-11"
140405,Na Mai,Bang Sai District,Phra Nakhon Si Ayudhya,Central,flood / inundation,0,33,33,180,0.183,26,"202402, 202403, 202404, 202405, 202406, 202407, 202408, 202409, 202410, 202412, 202501, 202502, 202503, 202504, 202505, 202506, 202507, 202508, 202509, 202510, 202511, 202512, 202603, 202604, 202605, 202606","2024-07, 2024-09, 2024-10, 2025-05, 2025-10, 2025-11, 2026-05, 2026-08, 2026-10"
140618,Khanon Luang,Phra Nakhon Si Ayutthaya District,Phra Nakhon Si Ayudhya,Central,flood / inundation,0,33,33,180,0.183,18,"202404, 202405, 202406, 202407, 202408, 202409, 202410, 202411, 202505, 202506, 202507, 202508, 202509, 202510, 202511, 202603, 202605, 202606","2024-09, 2024-10, 2024-11, 2025-10, 2025-11, 2026-08, 2026-10, 2026-11"
140715,Phut Lao,Bang Pahan District,Phra Nakhon Si Ayudhya,Central,flood / inundation,0,33,33,180,0.183,18,"202405, 202406, 202407, 202408, 202409, 202410, 202411, 202505, 202506, 202507, 202508, 202509, 202510, 202511, 202603, 202604, 202605, 202606","2024-09, 2024-10, 2024-11, 2025-10, 2025-11, 2026-08, 2026-10, 2026-11"
150305,Bang Sadet,Pa Mok District,Ang Thong,Central,flood / inundation,0,33,33,180,0.183,19,"202404, 202405, 202406, 202407, 202408, 202409, 202410, 202411, 202505, 202506, 202507, 202508, 202509, 202510, 202511, 202603, 202604, 202605, 202606","2024-09, 2024-10, 2024-11, 2025-10, 2025-11, 2026-08, 2026-10, 2026-11"
150608,Huai Khan Laen,Wiset Chai Chan District,Ang Thong,Central,flood / inundation,0,33,33,180,0.183,17,"202404, 202405, 202406, 202407, 202408, 202409, 202410, 202411, 202505, 202506, 202507, 202508, 202509, 202510, 202511, 202605, 202606","2024-09, 2024-10, 2024-11, 2025-10, 2025-11, 2026-10, 2026-11"
330302,Non Sang,Kanthararom District,Sisaket,Northeast,flood / inundation,0,33,33,180,0.183,18,"202403, 202404, 202405, 202406, 202407, 202408, 202409, 202410, 202504, 202505, 202506, 202507, 202508, 202509, 202510, 202604, 202605, 202606","2024-07, 2024-09, 2024-10, 2025-09, 2025-10, 2026-09, 2026-10"
340402,Sang Tho,Khueang Nai District,Ubon Ratchathani,Northeast,flood / inundation,0,33,33,180,0.183,17,"202404, 202405, 202406, 202407, 202408, 202409, 202410, 202504, 202505, 202506, 202507, 202508, 202509, 202510, 202604, 202605, 202606","2024-07, 2024-09, 2024-10, 2025-09, 2025-10, 2026-07, 2026-09, 2026-10"
340403,Kho Thong,Khueang Nai District,Ubon Ratchathani,Northeast,flood / inundation,0,33,33,180,0.183,17,"202404, 202405, 202406, 202407, 202408, 202409, 202410, 202504, 202505, 202506, 202507, 202508, 202509, 202510, 202604, 202605, 202606","2024-07, 2024-09, 2024-10, 2025-09, 2025-10, 2026-07, 2026-09, 2026-10"
341520,Nong Kin Phlen,Warin Chamrap District,Ubon Ratchathani,Northeast,flood / inundation,0,33,33,180,0.183,18,"202403, 202404, 202405, 202406, 202407, 202408, 202409, 202410, 202504, 202505, 202506, 202507, 202508, 202509, 202510, 202604, 202605, 202606","2024-07, 2024-09, 2024-10, 2025-09, 2025-10, 2026-09, 2026-10"
350105,Kho Nuea,Mueang Yasothon District,Yasothon,Northeast,flood / inundation,0,33,33,180,0.183,17,"202404, 202405, 202406, 202407, 202408, 202409, 202410, 202504, 202505, 202506, 202507, 202508, 202509, 202510, 202604, 202605, 202606","2024-08, 2024-09, 2024-10, 2025-09, 2025-10, 2026-08, 2026-09, 2026-10"
350115,Khum Ngoen,Mueang Yasothon District,Yasothon,Northeast,flood / inundation,0,33,33,180,0.183,17,"202404, 202405, 202406, 202407, 202408, 202409, 202410, 202504, 202505, 202506, 202507, 202508, 202509, 202510, 202604, 202605, 202606","2024-08, 2024-09, 2024-10, 2025-09, 2025-10, 2026-08, 2026-09, 2026-10"
350403,Song Pueai,Kham Khuean Kaeo District,Yasothon,Northeast,flood / inundation,0,33,33,180,0.183,17,"202404, 202405, 202406, 202407, 202408, 202409, 202410, 202504, 202505, 202506, 202507, 202508, 202509, 202510, 202604, 202605, 202606","2024-08, 2024-09, 2024-10, 2025-09, 2025-10, 2026-08, 2026-09, 2026-10"
350410,Kut Kung,Kham Khuean Kaeo District,Yasothon,Northeast,flood / inundation,0,33,33,180,0.183,17,"202404, 202405, 202406, 202407, 202408, 202409, 202410, 202504, 202505, 202506, 202507, 202508, 202509, 202510, 202604, 202605, 202606","2024-08, 2024-09, 2024-10, 2025-09, 2025-10, 2026-08, 2026-09, 2026-10"
350501,Pho Sai,Pa Tio District,Yasothon,Northeast,flood / inundation,0,33,33,180,0.183,17,"202404, 202405, 202406, 202407, 202408, 202409, 202410, 202504, 202505, 202506, 202507, 202508, 202509, 202510, 202604, 202605, 202606","2024-08, 2024-09, 2024-10, 2025-09, 2025-10, 2026-08, 2026-09, 2026-10"
350606,Muang,Maha Chana Chai District,Yasothon,Northeast,flood / inundation,0,33,33,180,0.183,17,"202404, 202405, 202406, 202407, 202408, 202409, 202410, 202504, 202505, 202506, 202507, 202508, 202509, 202510, 202604, 202605, 202606","2024-08, 2024-09, 2024-10, 2025-09, 2025-10, 2026-08, 2026-09, 2026-10"
350702,Kut Nam Sai,Kho Wang District,Yasothon,Northeast,flood / inundation,0,33,33,180,0.183,17,"202404, 202405, 202406, 202407, 202408, 202409, 202410, 202504, 202505, 202506, 202507, 202508, 202509, 202510, 202604, 202605, 202606","2024-08, 2024-09, 2024-10, 2025-09, 2025-10, 2026-08, 2026-09, 2026-10"
360110,Nong Na Saeng,Mueang Chaiyaphum District,Chaiyaphum,Northeast,flood / inundation,0,33,33,180,0.183,17,"202404, 202405, 202406, 202407, 202408, 202409, 202410, 202504, 202505, 202506, 202507, 202508, 202509, 202510, 202604, 202605, 202606","2024-08, 2024-09, 2024-10, 2025-09, 2025-10, 2026-09, 2026-10"
370601,Hua Taphan,Hua Taphan District,Amnaj Charoen,Northeast,flood / inundation,0,33,33,180,0.183,17,"202404, 202405, 202406, 202407, 202408, 202409, 202410, 202504, 202505, 202506, 202507, 202508, 202509, 202510, 202604, 202605, 202606","2024-08, 2024-09, 2024-10, 2025-09, 2025-10, 2026-08, 2026-09, 2026-10"
380107,Na Sawan,Mueang Bueng Kan District,Bung Kan,Northeast,flood / inundation,0,33,33,180,0.183,19,"202403, 202404, 202405, 202406, 202407, 202408, 202409, 202502, 202503, 202504, 202505, 202506, 202507, 202508, 202602, 202603, 202604, 202605, 202606","2024-07, 2024-08, 2024-09, 2025-07, 2025-08, 2025-09, 2026-07, 2026-08"
380108,Khai Si,Mueang Bueng Kan District,Bung Kan,Northeast,flood / inundation,0,33,33,180,0.183,19,"202404, 202405, 202406, 202407, 202408, 202409, 202502, 202503, 202504, 202505, 202506, 202507, 202508, 202509, 202602, 202603, 202604, 202605, 202606","2024-07, 2024-08, 2024-09, 2025-07, 2025-08, 2025-09, 2026-07, 2026-08, 2026-09"
380111,Kham Na Di,Mueang Bueng Kan District,Bung Kan,Northeast,flood / inundation,0,33,33,180,0.183,17,"202403, 202404, 202405, 202406, 202407, 202409, 202503, 202504, 202505, 202506, 202507, 202508, 202509, 202603, 202604, 202605, 202606","2024-08, 2024-09, 2025-07, 2025-08, 2025-09, 2026-07, 2026-08, 2026-09"
411106,Ban Chan,Ban Dung District,Udon Thani,Northeast,flood / inundation,0,33,33,180,0.183,18,"202403, 202404, 202405, 202406, 202407, 202408, 202409, 202503, 202504, 202505, 202506, 202507, 202508, 202509, 202603, 202604, 202605, 202606","2024-08, 2024-09, 2025-07, 2025-08, 2025-09, 2026-07, 2026-08, 2026-09"
412002,Chiang Da,Sang Khom District,Udon Thani,Northeast,flood / inundation,0,33,33,180,0.183,17,"202404, 202405, 202406, 202407, 202408, 202409, 202410, 202504, 202505, 202506, 202507, 202508, 202509, 202510, 202604, 202605, 202606","2024-09, 2024-10, 2025-07, 2025-08, 2025-09, 2025-10, 2026-08, 2026-09, 2026-10"
420107,Na An,Mueang Loei District,Loei,Northeast,flood / inundation,0,33,33,180,0.183,17,"202403, 202404, 202405, 202406, 202407, 202408, 202409, 202410, 202502, 202503, 202504, 202505, 202506, 202507, 202508, 202509, 202510","2024-07, 2024-08, 2024-09, 2024-10, 2025-07, 2025-08, 2025-09, 2025-10"
420112,Na Khaem,Mueang Loei District,Loei,Northeast,flood / inundation,0,33,33,180,0.183,21,"202403, 202404, 202405, 202406, 202407, 202408, 202409, 202412, 202501, 202502, 202503, 202504, 202505, 202509, 202510, 202512, 202601, 202602, 202603, 202604, 202605","2024-08, 2024-09, 2024-10, 2025-05, 2025-08, 2025-09, 2025-10, 2026-05"
450605,Pho Yai,Phanom Phrai District,Roi Et,Northeast,flood / inundation,0,33,33,180,0.183,17,"202404, 202405, 202406, 202407, 202408, 202409, 202410, 202504, 202505, 202506, 202507, 202508, 202509, 202510, 202604, 202605, 202606","2024-08, 2024-09, 2024-10, 2025-09, 2025-10, 2026-08, 2026-09, 2026-10"
450613,Kham Hai,Phanom Phrai District,Roi Et,Northeast,flood / inundation,0,33,33,180,0.183,17,"202404, 202405, 202406, 202407, 202408, 202409, 202410, 202504, 202505, 202506, 202507, 202508, 202509, 202510, 202604, 202605, 202606","2024-08, 2024-09, 2024-10, 2025-09, 2025-10, 2026-08, 2026-09, 2026-10"
451402,Phon Mueang,At Samat District,Roi Et,Northeast,flood / inundation,0,33,33,180,0.183,17,"202404, 202405, 202406, 202407, 202408, 202409, 202410, 202504, 202505, 202506, 202507, 202508, 202509, 202510, 202604, 202605, 202606","2024-08, 2024-09, 2024-10, 2025-09, 2025-10, 2026-08, 2026-09, 2026-10"
451403,Ban Chaeng,At Samat District,Roi Et,Northeast,flood / inundation,0,33,33,180,0.183,17,"202404, 202405, 202406, 202407, 202408, 202409, 202410, 202504, 202505, 202506, 202507, 202508, 202509, 202510, 202604, 202605, 202606","2024-08, 2024-09, 2024-10, 2025-09, 2025-10, 2026-08, 2026-09, 2026-10"
480807,Na Kham,Si Songkhram District,Nakhon Phanom,Northeast,flood / inundation,0,33,33,180,0.183,17,"202404, 202405, 202406, 202407, 202408, 202409, 202410, 202504, 202505, 202506, 202507, 202508, 202509, 202510, 202604, 202605, 202606","2024-09, 2024-10, 2025-09, 2025-10, 2026-07, 2026-08, 2026-09, 2026-10"
530203,Hat Song Khwae,Tron District,Auttaradit,North,flood / inundation,0,33,33,180,0.183,23,"202404, 202405, 202406, 202407, 202408, 202409, 202412, 202501, 202502, 202503, 202504, 202505, 202506, 202507, 202508, 202509, 202510, 202601, 202602, 202603, 202604, 202605, 202606","2024-09, 2024-10, 2025-05, 2025-09, 2025-10, 2026-05, 2026-06, 2026-09"
530703,Rai Oi,Phichai District,Auttaradit,North,flood / inundation,0,33,33,180,0.183,17,"202404, 202405, 202406, 202407, 202408, 202409, 202505, 202506, 202507, 202508, 202509, 202510, 202602, 202603, 202604, 202605, 202606","2024-08, 2024-09, 2024-10, 2025-08, 2025-09, 2025-10, 2026-05, 2026-06, 2026-08, 2026-09"
601009,Nam Song,Phayuha Khiri District,Nakhon Sawan,North,flood / inundation,0,33,33,180,0.183,20,"202405, 202406, 202407, 202408, 202409, 202410, 202411, 202501, 202502, 202503, 202504, 202505, 202506, 202507, 202508, 202509, 202510, 202511, 202605, 202606","2024-10, 2024-11, 2025-06, 2025-10, 2025-11, 2026-10, 2026-11"
620103,Ang Thong,Mueang Kamphaeng Phet District,Kampaeng Phet,North,flood / inundation,0,33,33,180,0.183,21,"202403, 202404, 202405, 202406, 202407, 202408, 202409, 202412, 202501, 202502, 202503, 202504, 202505, 202506, 202507, 202508, 202509, 202510, 202604, 202605, 202606","2024-08, 2024-09, 2024-10, 2025-05, 2025-09, 2025-10, 2026-09"
640711,Pak Nam,Sawankhalok District,Sukhothai,North,flood / inundation,0,33,33,180,0.183,21,"202404, 202405, 202406, 202407, 202408, 202409, 202412, 202501, 202502, 202503, 202504, 202505, 202506, 202507, 202508, 202509, 202510, 202602, 202604, 202605, 202606","2024-09, 2024-10, 2025-05, 2025-09, 2025-10, 2026-05, 2026-06, 2026-09"
640801,Si Nakhon,Si Nakhon District,Sukhothai,North,flood / inundation,0,33,33,180,0.183,21,"202404, 202405, 202406, 202407, 202408, 202409, 202412, 202501, 202502, 202503, 202504, 202505, 202506, 202507, 202508, 202509, 202510, 202602, 202604, 202605, 202606","2024-09, 2024-10, 2025-05, 2025-09, 2025-10, 2026-05, 2026-06, 2026-09"
640804,Khlong Maphlap,Si Nakhon District,Sukhothai,North,flood / inundation,0,33,33,180,0.183,21,"202404, 202405, 202406, 202407, 202408, 202409, 202412, 202501, 202502, 202503, 202504, 202505, 202506, 202507, 202508, 202509, 202510, 202602, 202604, 202605, 202606","2024-09, 2024-10, 2025-05, 2025-09, 2025-10, 2026-05, 2026-06, 2026-09"
660306,Noen Sawang,Pho Prathap Chang District,Phichit,North,flood / inundation,0,33,33,180,0.183,18,"202404, 202405, 202406, 202407, 202408, 202409, 202410, 202503, 202504, 202505, 202506, 202507, 202508, 202509, 202510, 202604, 202605, 202606","2024-09, 2024-10, 2025-07, 2025-09, 2025-10, 2026-09, 2026-10"
670601,Si Thep,Si Thep District,Phetchabun,North,flood / inundation,0,33,33,180,0.183,18,"202404, 202405, 202406, 202407, 202408, 202409, 202410, 202503, 202504, 202505, 202506, 202507, 202508, 202509, 202510, 202604, 202605, 202606","2024-09, 2024-10, 2025-07, 2025-09, 2025-10, 2026-09, 2026-10"
720103,Thap Ti Lek,Mueang Suphan Buri District,Suphan Buri,Central,flood / inundation,0,33,33,180,0.183,17,"202404, 202405, 202406, 202407, 202408, 202409, 202410, 202411, 202505, 202506, 202507, 202508, 202509, 202510, 202511, 202605, 202606","2024-09, 2024-10, 2024-11, 2025-10, 2025-11, 2026-10, 2026-11"
720908,Don Kha,U Thong District,Suphan Buri,Central,flood / inundation,0,33,33,180,0.183,17,"202404, 202405, 202406, 202407, 202408, 202409, 202410, 202411, 202505, 202506, 202507, 202508, 202509, 202510, 202511, 202605, 202606","2024-09, 2024-10, 2024-11, 2025-10, 2025-11, 2026-10, 2026-11"
730503,Bang Luang,Bang Len District,Nakhon Prathom,Central,flood / inundation,0,33,33,180,0.183,21,"202405, 202406, 202407, 202408, 202409, 202410, 202411, 202412, 202501, 202502, 202503, 202504, 202505, 202506, 202507, 202508, 202509, 202510, 202511, 202605, 202606","2024-09, 2024-10, 2024-11, 2025-05, 2025-10, 2025-11, 2026-10, 2026-11"
730506,Bang Sai Pa,Bang Len District,Nakhon Prathom,Central,flood / inundation,0,33,33,180,0.183,21,"202405, 202406, 202407, 202408, 202409, 202410, 202412, 202501, 202502, 202503, 202504, 202505, 202506, 202507, 202508, 202509, 202510, 202512, 202604, 202605, 202606","2024-10, 2024-11, 2025-05, 2025-09, 2025-10, 2025-11, 2026-05, 2026-09, 2026-10"
800106,Tha Rai,Mueang Nakhon Si Thammarat District,Nakhon Si Thammarat,southeast,flood / inundation,0,33,33,180,0.183,17,"202406, 202407, 202408, 202409, 202410, 202411, 202412, 202501, 202506, 202507, 202508, 202509, 202510, 202511, 202512, 202601, 202606","2024-11, 2024-12, 2025-01, 2025-02, 2025-03, 2025-11, 2025-12, 2026-01, 2026-02, 2026-11"
800119,Bang Chak,Mueang Nakhon Si Thammarat District,Nakhon Si Thammarat,southeast,flood / inundation,0,33,33,180,0.183,17,"202406, 202407, 202408, 202409, 202410, 202411, 202412, 202501, 202506, 202507, 202508, 202509, 202510, 202511, 202512, 202601, 202606","2024-11, 2024-12, 2025-01, 2025-02, 2025-03, 2025-11, 2025-12, 2026-01, 2026-02, 2026-11"
800122,Tha Ruea,Mueang Nakhon Si Thammarat District,Nakhon Si Thammarat,southeast,flood / inundation,0,33,33,180,0.183,17,"202406, 202407, 202408, 202409, 202410, 202411, 202412, 202501, 202506, 202507, 202508, 202509, 202510, 202511, 202512, 202601, 202606","2024-11, 2024-12, 2025-01, 2025-02, 2025-03, 2025-11, 2025-12, 2026-01, 2026-02, 2026-11"
800601,Chian Yai,Chian Yai District,Nakhon Si Thammarat,southeast,flood / inundation,0,33,33,180,0.183,17,"202406, 202407, 202408, 202409, 202410, 202411, 202412, 202501, 202506, 202507, 202508, 202509, 202510, 202511, 202512, 202601, 202606","2024-11, 2024-12, 2025-01, 2025-02, 2025-03, 2025-11, 2025-12, 2026-01, 2026-02, 2026-11"
800606,Sai Mak,Chian Yai District,Nakhon Si Thammarat,southeast,flood / inundation,0,33,33,180,0.183,17,"202406, 202407, 202408, 202409, 202410, 202411, 202412, 202501, 202506, 202507, 202508, 202509, 202510, 202511, 202512, 202601, 202606","2024-11, 2024-12, 2025-01, 2025-02, 2025-03, 2025-11, 2025-12, 2026-01, 2026-02, 2026-11"
801406,Si Khit,Sichon District,Nakhon Si Thammarat,southeast,flood / inundation,0,33,33,180,0.183,21,"202406, 202407, 202408, 202409, 202410, 202411, 202412, 202501, 202504, 202506, 202507, 202508, 202509, 202510, 202511, 202512, 202601, 202602, 202603, 202604, 202606","2024-11, 2024-12, 2025-01, 2025-04, 2025-11, 2026-01, 2026-04, 2026-11"
802004,Chang Sai,Phra Phrom District,Nakhon Si Thammarat,southeast,flood / inundation,0,33,33,180,0.183,17,"202406, 202407, 202408, 202409, 202410, 202411, 202412, 202501, 202506, 202507, 202508, 202509, 202510, 202511, 202512, 202601, 202606","2024-11, 2024-12, 2025-01, 2025-02, 2025-03, 2025-11, 2025-12, 2026-01, 2026-02, 2026-11"
802301,Chian Khao,Chaloem Phra Kiat District,Nakhon Si Thammarat,southeast,flood / inundation,0,33,33,180,0.183,17,"202406, 202407, 202408, 202409, 202410, 202411, 202412, 202501, 202506, 202507, 202508, 202509, 202510, 202511, 202512, 202601, 202606","2024-11, 2024-12, 2025-01, 2025-02, 2025-03, 2025-11, 2025-12, 2026-01, 2026-02, 2026-11"
802302,Don Tro,Chaloem Phra Kiat District,Nakhon Si Thammarat,southeast,flood / inundation,0,33,33,180,0.183,17,"202406, 202407, 202408, 202409, 202410, 202411, 202412, 202501, 202506, 202507, 202508, 202509, 202510, 202511, 202512, 202601, 202606","2024-11, 2024-12, 2025-01, 2025-02, 2025-03, 2025-11, 2025-12, 2026-01, 2026-02, 2026-11"
802303,Suan Luang,Chaloem Phra Kiat District,Nakhon Si Thammarat,southeast,flood / inundation,0,33,33,180,0.183,17,"202406, 202407, 202408, 202409, 202410, 202411, 202412, 202501, 202506, 202507, 202508, 202509, 202510, 202511, 202512, 202601, 202606","2024-11, 2024-12, 2025-01, 2025-02, 2025-03, 2025-11, 2025-12, 2026-01, 2026-02, 2026-11"
802304,Thang Phun,Chaloem Phra Kiat District,Nakhon Si Thammarat,southeast,flood / inundation,0,33,33,180,0.183,17,"202406, 202407, 202408, 202409, 202410, 202411, 202412, 202501, 202506, 202507, 202508, 202509, 202510, 202511, 202512, 202601, 202606","2024-11, 2024-12, 2025-01, 2025-02, 2025-03, 2025-11, 2025-12, 2026-01, 2026-02, 2026-11"
860410,Pho Daeng,Lang Suan District,Chumphon,southeast,flood / inundation,0,33,33,180,0.183,19,"202403, 202404, 202405, 202406, 202407, 202408, 202409, 202410, 202411, 202412, 202506, 202507, 202508, 202509, 202510, 202511, 202512, 202605, 202606","2024-08, 2024-10, 2024-11, 2024-12, 2025-11, 2025-12, 2026-08, 2026-11"
140609,Bang Pradaeng,Bang Pa-in District,Phra Nakhon Si Ayudhya,Central,flood / inundation,0,32,32,180,0.178,17,"202404, 202405, 202406, 202407, 202408, 202409, 202410, 202411, 202505, 202506, 202507, 202508, 202509, 202510, 202511, 202605, 202606","2024-09, 2024-10, 2024-11, 2025-10, 2025-11, 2026-10, 2026-11"
150415,Kham Yat,Pho Thong District,Ang Thong,Central,flood / inundation,0,32,32,180,0.178,17,"202404, 202405, 202406, 202407, 202408, 202409, 202410, 202411, 202505, 202506, 202507, 202508, 202509, 202510, 202511, 202605, 202606","2024-09, 2024-10, 2024-11, 2025-10, 2025-11, 2026-10, 2026-11"
150606,Yi Lon,Wiset Chai Chan District,Ang Thong,Central,flood / inundation,0,32,32,180,0.178,17,"202404, 202405, 202406, 202407, 202408, 202409, 202410, 202411, 202505, 202506, 202507, 202508, 202509, 202510, 202511, 202605, 202606","2024-09, 2024-10, 2024-11, 2025-10, 2025-11, 2026-10, 2026-11"
150612,Muang Tia,Wiset Chai Chan District,Ang Thong,Central,flood / inundation,0,32,32,180,0.178,17,"202404, 202405, 202406, 202407, 202408, 202409, 202410, 202411, 202505, 202506, 202507, 202508, 202509, 202510, 202511, 202605, 202606","2024-09, 2024-10, 2024-11, 2025-10, 2025-11, 2026-10, 2026-11"
240602,Ban Song,Phanom Sarakham District,Chachoengsao,east,flood / inundation,0,32,32,180,0.178,17,"202404, 202405, 202406, 202407, 202408, 202409, 202410, 202504, 202505, 202506, 202507, 202508, 202509, 202510, 202604, 202605, 202606","2024-08, 2024-09, 2024-10, 2025-06, 2025-09, 2025-10, 2026-09, 2026-10"
240604,Mueang Kao,Phanom Sarakham District,Chachoengsao,east,flood / inundation,0,32,32,180,0.178,17,"202404, 202405, 202406, 202407, 202408, 202409, 202410, 202504, 202505, 202506, 202507, 202508, 202509, 202510, 202604, 202605, 202606","2024-08, 2024-09, 2024-10, 2025-09, 2025-10, 2026-09, 2026-10"
240702,Mueang Mai,Ratchasan District,Chachoengsao,east,flood / inundation,0,32,32,180,0.178,17,"202404, 202405, 202406, 202407, 202408, 202409, 202410, 202504, 202505, 202506, 202507, 202508, 202509, 202510, 202604, 202605, 202606","2024-08, 2024-09, 2024-10, 2025-09, 2025-10, 2026-09, 2026-10"
250803,Ban Tham,Si Maha Phot District,Prachinburi,east,flood / inundation,0,32,32,180,0.178,18,"202404, 202405, 202406, 202407, 202408, 202409, 202410, 202504, 202505, 202506, 202507, 202508, 202509, 202510, 202602, 202604, 202605, 202606","2024-09, 2024-10, 2025-09, 2025-10, 2026-07, 2026-08, 2026-09, 2026-10"
301701,Chum Phuang,Chum Phuang District,Nakhon Ratchasima,Northeast,flood / inundation,0,32,32,180,0.178,18,"202404, 202405, 202406, 202407, 202408, 202409, 202410, 202501, 202504, 202505, 202506, 202507, 202508, 202509, 202510, 202604, 202605, 202606","2024-09, 2024-10, 2025-06, 2025-07, 2025-09, 2025-10, 2026-09, 2026-10"
340109,Chaeramae,Mueang Ubon Ratchathani District,Ubon Ratchathani,Northeast,flood / inundation,0,32,32,180,0.178,17,"202404, 202405, 202406, 202407, 202408, 202409, 202410, 202504, 202505, 202506, 202507, 202508, 202509, 202510, 202604, 202605, 202606","2024-08, 2024-09, 2024-10, 2025-09, 2025-10, 2026-09, 2026-10"
340111,Nong Bo,Mueang Ubon Ratchathani District,Ubon Ratchathani,Northeast,flood / inundation,0,32,32,180,0.178,17,"202404, 202405, 202406, 202407, 202408, 202409, 202410, 202504, 202505, 202506, 202507, 202508, 202509, 202510, 202604, 202605, 202606","2024-08, 2024-09, 2024-10, 2025-09, 2025-10, 2026-09, 2026-10"
341403,Dum Yai,Muang Sam Sip District,Ubon Ratchathani,Northeast,flood / inundation,0,32,32,180,0.178,17,"202404, 202405, 202406, 202407, 202408, 202409, 202410, 202504, 202505, 202506, 202507, 202508, 202509, 202510, 202604, 202605, 202606","2024-08, 2024-09, 2024-10, 2025-09, 2025-10, 2026-08, 2026-09, 2026-10"
360602,Nong Bua Ban,Chatturat District,Chaiyaphum,Northeast,flood / inundation,0,32,32,180,0.178,17,"202404, 202405, 202406, 202407, 202408, 202409, 202410, 202504, 202505, 202506, 202507, 202508, 202509, 202510, 202604, 202605, 202606","2024-08, 2024-09, 2024-10, 2025-09, 2025-10, 2026-09, 2026-10"
401001,Ban Phai,Ban Phai District,Khon Kaen,Northeast,flood / inundation,0,32,32,180,0.178,17,"202404, 202405, 202406, 202407, 202408, 202409, 202410, 202504, 202505, 202506, 202507, 202508, 202509, 202510, 202604, 202605, 202606","2024-08, 2024-09, 2024-10, 2025-07, 2025-09, 2025-10, 2026-09, 2026-10"
420102,Mueang,Mueang Loei District,Loei,Northeast,flood / inundation,0,32,32,180,0.178,17,"202403, 202404, 202405, 202406, 202407, 202408, 202409, 202410, 202502, 202503, 202504, 202505, 202506, 202507, 202508, 202509, 202510","2024-07, 2024-08, 2024-09, 2024-10, 2025-07, 2025-08, 2025-09, 2025-10"
430110,Khai Bok Wan,Mueang Nong Khai District,Nong Khai,Northeast,flood / inundation,0,32,32,180,0.178,17,"202404, 202405, 202406, 202407, 202408, 202409, 202410, 202504, 202505, 202506, 202507, 202508, 202509, 202510, 202604, 202605, 202606","2024-08, 2024-09, 2024-10, 2025-07, 2025-08, 2025-09, 2025-10, 2026-09, 2026-10"
430111,Song Hong,Mueang Nong Khai District,Nong Khai,Northeast,flood / inundation,0,32,32,180,0.178,17,"202404, 202405, 202406, 202407, 202408, 202409, 202410, 202504, 202505, 202506, 202507, 202508, 202509, 202510, 202604, 202605, 202606","2024-08, 2024-09, 2024-10, 2025-08, 2025-09, 2025-10, 2026-09, 2026-10"
440103,Tha Tum,Mueang Maha Sarakham District,Mahasarakham,Northeast,flood / inundation,0,32,32,180,0.178,17,"202404, 202405, 202406, 202407, 202408, 202409, 202410, 202504, 202505, 202506, 202507, 202508, 202509, 202510, 202604, 202605, 202606","2024-09, 2024-10, 2025-07, 2025-09, 2025-10, 2026-08, 2026-09, 2026-10"
451303,Si Sawang,Phon Sai District,Roi Et,Northeast,flood / inundation,0,32,32,180,0.178,17,"202404, 202405, 202406, 202407, 202408, 202409, 202410, 202504, 202505, 202506, 202507, 202508, 202509, 202510, 202604, 202605, 202606","2024-09, 2024-10, 2025-09, 2025-10, 2026-07, 2026-08, 2026-09, 2026-10"
501210,Thung Tom,San Pa Tong District,Chiang Mai,North,flood / inundation,0,32,32,180,0.178,19,"202402, 202403, 202404, 202405, 202406, 202407, 202408, 202409, 202501, 202502, 202503, 202504, 202505, 202507, 202508, 202509, 202604, 202605, 202606","2024-07, 2024-08, 2024-09, 2024-10, 2025-05, 2025-09, 2026-06, 2026-09"
501408,Nong Han,San Sai District,Chiang Mai,North,flood / inundation,0,32,32,180,0.178,15,"202402, 202403, 202404, 202405, 202406, 202407, 202408, 202409, 202501, 202502, 202503, 202504, 202505, 202506, 202508","2024-07, 2024-08, 2024-09, 2024-10, 2025-05, 2025-06, 2025-08"
530202,Ban Kaeng,Tron District,Auttaradit,North,flood / inundation,0,32,32,180,0.178,21,"202403, 202404, 202405, 202406, 202407, 202408, 202409, 202503, 202504, 202505, 202506, 202507, 202508, 202509, 202510, 202601, 202602, 202603, 202604, 202605, 202606","2024-08, 2024-09, 2024-10, 2025-08, 2025-09, 2025-10, 2026-05, 2026-06, 2026-08"
571801,Pong Noi,Doi Luang District,Chiangrai,North,flood / inundation,0,32,32,180,0.178,21,"202403, 202404, 202405, 202406, 202407, 202408, 202409, 202501, 202502, 202503, 202504, 202505, 202506, 202507, 202508, 202601, 202602, 202603, 202604, 202605, 202606","2024-08, 2024-09, 2025-05, 2025-08, 2025-09, 2026-05, 2026-06, 2026-07, 2026-08"
610103,Sakae Krang,Mueang Uthai Thani District,Uthai Thani,Central,flood / inundation,0,32,32,180,0.178,20,"202405, 202406, 202407, 202408, 202409, 202410, 202411, 202501, 202502, 202503, 202504, 202505, 202506, 202507, 202508, 202509, 202510, 202511, 202605, 202606","2024-10, 2024-11, 2025-05, 2025-10, 2025-11, 2026-10, 2026-11"
610105,Hat Thanong,Mueang Uthai Thani District,Uthai Thani,Central,flood / inundation,0,32,32,180,0.178,20,"202405, 202406, 202407, 202408, 202409, 202410, 202411, 202501, 202502, 202503, 202504, 202505, 202506, 202507, 202508, 202509, 202510, 202511, 202605, 202606","2024-10, 2024-11, 2025-05, 2025-10, 2025-11, 2026-10, 2026-11"
610111,Nong Phai Baen,Mueang Uthai Thani District,Uthai Thani,Central,flood / inundation,0,32,32,180,0.178,20,"202405, 202406, 202407, 202408, 202409, 202410, 202411, 202501, 202502, 202503, 202504, 202505, 202506, 202507, 202508, 202509, 202510, 202511, 202605, 202606","2024-10, 2024-11, 2025-05, 2025-10, 2025-11, 2026-10, 2026-11"
610114,Noen Chaeng,Mueang Uthai Thani District,Uthai Thani,Central,flood / inundation,0,32,32,180,0.178,20,"202405, 202406, 202407, 202408, 202409, 202410, 202411, 202501, 202502, 202503, 202504, 202505, 202506, 202507, 202508, 202509, 202510, 202511, 202605, 202606","2024-10, 2024-11, 2025-05, 2025-10, 2025-11, 2026-10, 2026-11"
630113,Nong Bua Tai,Mueang Tak District,Tak,North,flood / inundation,0,32,32,180,0.178,21,"202404, 202405, 202406, 202407, 202408, 202409, 202410, 202501, 202502, 202503, 202504, 202505, 202507, 202508, 202509, 202510, 202512, 202603, 202604, 202605, 202606","2024-08, 2024-09, 2024-10, 2025-05, 2025-08, 2025-09, 2025-10, 2026-05, 2026-08, 2026-09"
640708,Khlong Yang,Sawankhalok District,Sukhothai,North,flood / inundation,0,32,32,180,0.178,20,"202404, 202405, 202406, 202407, 202408, 202409, 202412, 202501, 202502, 202503, 202504, 202505, 202506, 202507, 202508, 202509, 202510, 202604, 202605, 202606","2024-09, 2024-10, 2025-05, 2025-09, 2025-10, 2026-05, 2026-09"
650606,Si Phirom,Phrom Phiram District,Phitsanu Lok,North,flood / inundation,0,32,32,180,0.178,17,"202404, 202405, 202406, 202407, 202408, 202409, 202504, 202505, 202506, 202507, 202508, 202509, 202510, 202602, 202604, 202605, 202606","2024-09, 2024-10, 2025-09, 2025-10, 2025-11, 2026-05, 2026-06, 2026-09"
660119,Sai Kham Ho,Mueang Phichit District,Phichit,North,flood / inundation,0,32,32,180,0.178,18,"202404, 202405, 202406, 202407, 202408, 202409, 202410, 202503, 202504, 202505, 202506, 202507, 202508, 202509, 202510, 202604, 202605, 202606","2024-09, 2024-10, 2025-07, 2025-09, 2025-10, 2026-09, 2026-10"
660412,Thap Man,Taphan Hin District,Phichit,North,flood / inundation,0,32,32,180,0.178,18,"202404, 202405, 202406, 202407, 202408, 202409, 202410, 202503, 202504, 202505, 202506, 202507, 202508, 202509, 202510, 202604, 202605, 202606","2024-09, 2024-10, 2025-07, 2025-09, 2025-10, 2026-09, 2026-10"
670602,Sa Kruat,Si Thep District,Phetchabun,North,flood / inundation,0,32,32,180,0.178,18,"202404, 202405, 202406, 202407, 202408, 202409, 202410, 202503, 202504, 202505, 202506, 202507, 202508, 202509, 202510, 202604, 202605, 202606","2024-09, 2024-10, 2025-07, 2025-09, 2025-10, 2026-09, 2026-10"
670803,Nong Chaeng,Bueng Sam Phan District,Phetchabun,North,flood / inundation,0,32,32,180,0.178,18,"202404, 202405, 202406, 202407, 202408, 202409, 202410, 202503, 202504, 202505, 202506, 202507, 202508, 202509, 202510, 202604, 202605, 202606","2024-09, 2024-10, 2025-07, 2025-09, 2025-10, 2026-09, 2026-10"
720112,Ban Pho,Mueang Suphan Buri District,Suphan Buri,Central,flood / inundation,0,32,32,180,0.178,18,"202404, 202405, 202406, 202407, 202408, 202409, 202410, 202411, 202504, 202505, 202506, 202507, 202508, 202509, 202510, 202604, 202605, 202606","2024-09, 2024-10, 2024-11, 2025-09, 2025-10, 2025-11, 2026-09, 2026-10"
720201,Khao Phra,Doem Bang Nang Buat District,Suphan Buri,Central,flood / inundation,0,32,32,180,0.178,17,"202404, 202405, 202406, 202407, 202408, 202409, 202410, 202411, 202505, 202506, 202507, 202508, 202509, 202510, 202511, 202605, 202606","2024-09, 2024-10, 2024-11, 2025-10, 2025-11, 2026-10, 2026-11"
720203,Nang Buat,Doem Bang Nang Buat District,Suphan Buri,Central,flood / inundation,0,32,32,180,0.178,17,"202404, 202405, 202406, 202407, 202408, 202409, 202410, 202411, 202505, 202506, 202507, 202508, 202509, 202510, 202511, 202605, 202606","2024-09, 2024-10, 2024-11, 2025-10, 2025-11, 2026-10, 2026-11"
720208,Hua Khao,Doem Bang Nang Buat District,Suphan Buri,Central,flood / inundation,0,32,32,180,0.178,17,"202404, 202405, 202406, 202407, 202408, 202409, 202410, 202411, 202505, 202506, 202507, 202508, 202509, 202510, 202511, 202605, 202606","2024-09, 2024-10, 2024-11, 2025-10, 2025-11, 2026-10, 2026-11"
720807,Krasiao,Sam Chuk District,Suphan Buri,Central,flood / inundation,0,32,32,180,0.178,17,"202404, 202405, 202406, 202407, 202408, 202409, 202410, 202411, 202505, 202506, 202507, 202508, 202509, 202510, 202511, 202605, 202606","2024-09, 2024-10, 2024-11, 2025-10, 2025-11, 2026-10, 2026-11"
720902,Sa Yai Som,U Thong District,Suphan Buri,Central,flood / inundation,0,32,32,180,0.178,17,"202404, 202405, 202406, 202407, 202408, 202409, 202410, 202411, 202505, 202506, 202507, 202508, 202509, 202510, 202511, 202605, 202606","2024-09, 2024-10, 2024-11, 2025-10, 2025-11, 2026-10, 2026-11"
720912,Sa Phang Lan,U Thong District,Suphan Buri,Central,flood / inundation,0,32,32,180,0.178,17,"202404, 202405, 202406, 202407, 202408, 202409, 202410, 202411, 202505, 202506, 202507, 202508, 202509, 202510, 202511, 202605, 202606","2024-09, 2024-10, 2024-11, 2025-10, 2025-11, 2026-10, 2026-11"
800604,Ban Klang,Chian Yai District,Nakhon Si Thammarat,southeast,flood / inundation,0,32,32,180,0.178,17,"202406, 202407, 202408, 202409, 202410, 202411, 202412, 202501, 202506, 202507, 202508, 202509, 202510, 202511, 202512, 202601, 202606","2024-11, 2024-12, 2025-01, 2025-02, 2025-11, 2025-12, 2026-01, 2026-02, 2026-11"
800605,Ban Noen,Chian Yai District,Nakhon Si Thammarat,southeast,flood / inundation,0,32,32,180,0.178,17,"202406, 202407, 202408, 202409, 202410, 202411, 202412, 202501, 202506, 202507, 202508, 202509, 202510, 202511, 202512, 202601, 202606","2024-11, 2024-12, 2025-01, 2025-02, 2025-11, 2025-12, 2026-01, 2026-02, 2026-11"
801203,Pa Rakam,Pak Phanang District,Nakhon Si Thammarat,southeast,flood / inundation,0,32,32,180,0.178,17,"202406, 202407, 202408, 202409, 202410, 202411, 202412, 202501, 202506, 202507, 202508, 202509, 202510, 202511, 202512, 202601, 202606","2024-11, 2024-12, 2025-01, 2025-03, 2025-11, 2025-12, 2026-01, 2026-02, 2026-11"
801204,Chamao,Pak Phanang District,Nakhon Si Thammarat,southeast,flood / inundation,0,32,32,180,0.178,17,"202406, 202407, 202408, 202409, 202410, 202411, 202412, 202501, 202506, 202507, 202508, 202509, 202510, 202511, 202512, 202601, 202606","2024-11, 2024-12, 2025-01, 2025-03, 2025-11, 2025-12, 2026-01, 2026-02, 2026-11"
801205,Khlong Krabue,Pak Phanang District,Nakhon Si Thammarat,southeast,flood / inundation,0,32,32,180,0.178,17,"202406, 202407, 202408, 202409, 202410, 202411, 202412, 202501, 202506, 202507, 202508, 202509, 202510, 202511, 202512, 202601, 202606","2024-11, 2024-12, 2025-01, 2025-03, 2025-11, 2025-12, 2026-01, 2026-02, 2026-11"
801206,Ko Thuat,Pak Phanang District,Nakhon Si Thammarat,southeast,flood / inundation,0,32,32,180,0.178,17,"202406, 202407, 202408, 202409, 202410, 202411, 202412, 202501, 202506, 202507, 202508, 202509, 202510, 202511, 202512, 202601, 202606","2024-11, 2024-12, 2025-01, 2025-03, 2025-11, 2025-12, 2026-01, 2026-02, 2026-11"
801213,Bang Taphong,Pak Phanang District,Nakhon Si Thammarat,southeast,flood / inundation,0,32,32,180,0.178,17,"202406, 202407, 202408, 202409, 202410, 202411, 202412, 202501, 202506, 202507, 202508, 202509, 202510, 202511, 202512, 202601, 202606","2024-11, 2024-12, 2025-01, 2025-03, 2025-11, 2025-12, 2026-01, 2026-02, 2026-11"
801703,Wang Hin,Bang Khan District,Nakhon Si Thammarat,southeast,flood / inundation,0,32,32,180,0.178,17,"202401, 202406, 202407, 202408, 202409, 202410, 202411, 202412, 202501, 202506, 202507, 202508, 202509, 202510, 202511, 202512, 202606","2024-01, 2024-11, 2024-12, 2025-01, 2025-11, 2025-12, 2026-11"
860117,Tham Sing,Mueang Chumphon District,Chumphon,southeast,flood / inundation,0,32,32,180,0.178,15,"202401, 202403, 202404, 202405, 202406, 202407, 202408, 202409, 202410, 202411, 202412, 202501, 202604, 202605, 202606","2024-01, 2024-08, 2024-09, 2024-11, 2024-12, 2025-01, 2026-07, 2026-08, 2026-09"
900105,Thung Wang,Mueang Songkhla District,Songkhla,southeast,flood / inundation,0,32,32,180,0.178,17,"202401, 202406, 202407, 202408, 202409, 202410, 202411, 202412, 202501, 202506, 202507, 202508, 202509, 202510, 202511, 202512, 202606","2024-01, 2024-11, 2024-12, 2025-01, 2025-11, 2025-12, 2026-11"
930113,Chai Buri,Mueang Phatthalung District,Phatthalung,southeast,flood / inundation,0,32,32,180,0.178,16,"202406, 202407, 202408, 202409, 202410, 202411, 202412, 202501, 202506, 202507, 202508, 202509, 202510, 202511, 202512, 202606","2024-11, 2024-12, 2025-01, 2025-02, 2025-03, 2025-11, 2025-12, 2026-01, 2026-11"
930502,Thale Noi,Khuan Khanun District,Phatthalung,southeast,flood / inundation,0,32,32,180,0.178,16,"202406, 202407, 202408, 202409, 202410, 202411, 202412, 202501, 202506, 202507, 202508, 202509, 202510, 202511, 202512, 202606","2024-11, 2024-12, 2025-01, 2025-02, 2025-03, 2025-11, 2025-12, 2026-01, 2026-11"
140308,Mae La,Nakhon Luang District,Phra Nakhon Si Ayudhya,Central,flood / inundation,0,31,31,180,0.172,18,"202404, 202405, 202406, 202407, 202408, 202409, 202410, 202504, 202505, 202506, 202507, 202508, 202509, 202510, 202603, 202604, 202605, 202606","2024-09, 2024-10, 2025-09, 2025-10, 2026-08, 2026-09, 2026-10"
140603,Ban Pho,Bang Pa-in District,Phra Nakhon Si Ayudhya,Central,flood / inundation,0,31,31,180,0.172,17,"202404, 202405, 202406, 202407, 202408, 202409, 202410, 202411, 202505, 202506, 202507, 202508, 202509, 202510, 202511, 202605, 202606","2024-09, 2024-10, 2024-11, 2025-10, 2025-11, 2026-10, 2026-11"
140617,Talat Kriap,Bang Pa-in District,Phra Nakhon Si Ayudhya,Central,flood / inundation,0,31,31,180,0.172,17,"202404, 202405, 202406, 202407, 202408, 202409, 202410, 202411, 202505, 202506, 202507, 202508, 202509, 202510, 202511, 202605, 202606","2024-09, 2024-10, 2024-11, 2025-10, 2025-11, 2026-10, 2026-11"
180404,Pho Nang Dam Tok,Sapphaya District,Chainat,Central,flood / inundation,0,31,31,180,0.172,18,"202403, 202404, 202405, 202406, 202407, 202408, 202409, 202410, 202504, 202505, 202506, 202507, 202508, 202509, 202510, 202604, 202605, 202606","2024-07, 2024-09, 2024-10, 2025-09, 2025-10, 2026-09, 2026-10"
190604,Talat Noi,Ban Mo District,Saraburi,Central,flood / inundation,0,31,31,180,0.172,18,"202404, 202405, 202406, 202407, 202408, 202409, 202410, 202504, 202505, 202506, 202507, 202508, 202509, 202510, 202603, 202604, 202605, 202606","2024-09, 2024-10, 2025-09, 2025-10, 2026-08, 2026-09, 2026-10"
240701,Bang Kha,Ratchasan District,Chachoengsao,east,flood / inundation,0,31,31,180,0.172,17,"202404, 202405, 202406, 202407, 202408, 202409, 202410, 202504, 202505, 202506, 202507, 202508, 202509, 202510, 202604, 202605, 202606","2024-08, 2024-09, 2024-10, 2025-09, 2025-10, 2026-09, 2026-10"
250113,Non Hom,Mueang Prachin Buri District,Prachinburi,east,flood / inundation,0,31,31,180,0.172,18,"202404, 202405, 202406, 202407, 202408, 202409, 202410, 202504, 202505, 202506, 202507, 202508, 202509, 202510, 202602, 202604, 202605, 202606","2024-09, 2024-10, 2025-09, 2025-10, 2026-07, 2026-08, 2026-09, 2026-10"
300501,Ban Lueam,Ban Lueam District,Nakhon Ratchasima,Northeast,flood / inundation,0,31,31,180,0.172,19,"202404, 202405, 202406, 202407, 202408, 202409, 202410, 202501, 202504, 202505, 202506, 202507, 202508, 202509, 202510, 202512, 202604, 202605, 202606","2024-09, 2024-10, 2025-05, 2025-09, 2025-10, 2026-05, 2026-09, 2026-10"
301504,Krabueang Yai,Phimai District,Nakhon Ratchasima,Northeast,flood / inundation,0,31,31,180,0.172,18,"202404, 202405, 202406, 202407, 202408, 202409, 202410, 202501, 202504, 202505, 202506, 202507, 202508, 202509, 202510, 202604, 202605, 202606","2024-09, 2024-10, 2025-06, 2025-09, 2025-10, 2026-09, 2026-10"
302901,Khui,Lam Thamenchai District,Nakhon Ratchasima,Northeast,flood / inundation,0,31,31,180,0.172,18,"202404, 202405, 202406, 202407, 202408, 202409, 202410, 202501, 202504, 202505, 202506, 202507, 202508, 202509, 202510, 202604, 202605, 202606","2024-09, 2024-10, 2025-06, 2025-09, 2025-10, 2026-09, 2026-10"
320704,Don Raet,Rattanaburi District,Surin,Northeast,flood / inundation,0,31,31,180,0.172,17,"202404, 202405, 202406, 202407, 202408, 202409, 202410, 202504, 202505, 202506, 202507, 202508, 202509, 202510, 202604, 202605, 202606","2024-09, 2024-10, 2025-09, 2025-10, 2026-08, 2026-09, 2026-10"
330301,Dun,Kanthararom District,Sisaket,Northeast,flood / inundation,0,31,31,180,0.172,18,"202404, 202405, 202406, 202407, 202408, 202409, 202410, 202504, 202505, 202506, 202507, 202508, 202509, 202510, 202512, 202604, 202605, 202606","2024-09, 2024-10, 2025-09, 2025-10, 2026-05, 2026-07, 2026-09, 2026-10"
330312,Nong Bua,Kanthararom District,Sisaket,Northeast,flood / inundation,0,31,31,180,0.172,17,"202404, 202405, 202406, 202407, 202408, 202409, 202410, 202504, 202505, 202506, 202507, 202508, 202509, 202510, 202604, 202605, 202606","2024-09, 2024-10, 2025-09, 2025-10, 2026-07, 2026-08, 2026-09, 2026-10"
330402,Kut Salao,Kantharalak District,Sisaket,Northeast,flood / inundation,0,31,31,180,0.172,19,"202404, 202405, 202406, 202407, 202408, 202409, 202410, 202501, 202504, 202505, 202506, 202507, 202508, 202509, 202510, 202512, 202604, 202605, 202606","2024-08, 2024-09, 2024-10, 2025-05, 2025-09, 2025-10, 2026-05, 2026-07, 2026-08, 2026-09, 2026-10"
331101,Po,Bueng Bun District,Sisaket,Northeast,flood / inundation,0,31,31,180,0.172,17,"202404, 202405, 202406, 202407, 202408, 202409, 202410, 202504, 202505, 202506, 202507, 202508, 202509, 202510, 202604, 202605, 202606","2024-09, 2024-10, 2025-09, 2025-10, 2026-08, 2026-09, 2026-10"
331102,Bueng Bun,Bueng Bun District,Sisaket,Northeast,flood / inundation,0,31,31,180,0.172,17,"202404, 202405, 202406, 202407, 202408, 202409, 202410, 202504, 202505, 202506, 202507, 202508, 202509, 202510, 202604, 202605, 202606","2024-09, 2024-10, 2025-09, 2025-10, 2026-08, 2026-09, 2026-10"
341405,Nong Mueang,Muang Sam Sip District,Ubon Ratchathani,Northeast,flood / inundation,0,31,31,180,0.172,17,"202404, 202405, 202406, 202407, 202408, 202409, 202410, 202504, 202505, 202506, 202507, 202508, 202509, 202510, 202604, 202605, 202606","2024-08, 2024-09, 2024-10, 2025-09, 2025-10, 2026-08, 2026-09, 2026-10"
350406,Na Kham,Kham Khuean Kaeo District,Yasothon,Northeast,flood / inundation,0,31,31,180,0.172,17,"202404, 202405, 202406, 202407, 202408, 202409, 202410, 202504, 202505, 202506, 202507, 202508, 202509, 202510, 202604, 202605, 202606","2024-09, 2024-10, 2025-09, 2025-10, 2026-08, 2026-09, 2026-10"
360308,Nong Kham,Khon Sawan District,Chaiyaphum,Northeast,flood / inundation,0,31,31,180,0.172,17,"202404, 202405, 202406, 202407, 202408, 202409, 202410, 202504, 202505, 202506, 202507, 202508, 202509, 202510, 202604, 202605, 202606","2024-08, 2024-09, 2024-10, 2025-09, 2025-10, 2026-09, 2026-10"
360610,Nong Bua Yai,Chatturat District,Chaiyaphum,Northeast,flood / inundation,0,31,31,180,0.172,17,"202404, 202405, 202406, 202407, 202408, 202409, 202410, 202504, 202505, 202506, 202507, 202508, 202509, 202510, 202604, 202605, 202606","2024-08, 2024-09, 2024-10, 2025-09, 2025-10, 2026-09, 2026-10"
380103,Nong Kheng,Mueang Bueng Kan District,Bung Kan,Northeast,flood / inundation,0,31,31,180,0.172,17,"202404, 202405, 202406, 202407, 202408, 202409, 202410, 202504, 202505, 202506, 202507, 202508, 202509, 202510, 202604, 202605, 202606","2024-09, 2024-10, 2025-09, 2025-10, 2026-08, 2026-09, 2026-10"
380104,Ho Kham,Mueang Bueng Kan District,Bung Kan,Northeast,flood / inundation,0,31,31,180,0.172,18,"202404, 202405, 202406, 202407, 202408, 202409, 202502, 202503, 202504, 202505, 202506, 202507, 202508, 202509, 202603, 202604, 202605, 202606","2024-07, 2024-08, 2024-09, 2025-07, 2025-08, 2025-09, 2026-07, 2026-08, 2026-09"
401005,Mueang Phia,Ban Phai District,Khon Kaen,Northeast,flood / inundation,0,31,31,180,0.172,17,"202404, 202405, 202406, 202407, 202408, 202409, 202410, 202504, 202505, 202506, 202507, 202508, 202509, 202510, 202604, 202605, 202606","2024-08, 2024-09, 2024-10, 2025-07, 2025-09, 2025-10, 2026-09, 2026-10"
411102,Ban Dung,Ban Dung District,Udon Thani,Northeast,flood / inundation,0,31,31,180,0.172,17,"202404, 202405, 202406, 202407, 202408, 202409, 202410, 202504, 202505, 202506, 202507, 202508, 202509, 202510, 202604, 202605, 202606","2024-09, 2024-10, 2025-07, 2025-08, 2025-09, 2025-10, 2026-09, 2026-10"
411104,Phon Sung,Ban Dung District,Udon Thani,Northeast,flood / inundation,0,31,31,180,0.172,17,"202404, 202405, 202406, 202407, 202408, 202409, 202410, 202504, 202505, 202506, 202507, 202508, 202509, 202510, 202604, 202605, 202606","2024-09, 2024-10, 2025-07, 2025-08, 2025-09, 2025-10, 2026-09, 2026-10"
411109,Thon Na Lap,Ban Dung District,Udon Thani,Northeast,flood / inundation,0,31,31,180,0.172,17,"202404, 202405, 202406, 202407, 202408, 202409, 202410, 202504, 202505, 202506, 202507, 202508, 202509, 202510, 202604, 202605, 202606","2024-09, 2024-10, 2025-07, 2025-08, 2025-09, 2025-10, 2026-09, 2026-10"
411907,Ban Lao,Phen District,Udon Thani,Northeast,flood / inundation,0,31,31,180,0.172,17,"202404, 202405, 202406, 202407, 202408, 202409, 202410, 202504, 202505, 202506, 202507, 202508, 202509, 202510, 202604, 202605, 202606","2024-09, 2024-10, 2025-07, 2025-08, 2025-09, 2025-10, 2026-09, 2026-10"
412301,Ban Daeng,Phibun Rak District,Udon Thani,Northeast,flood / inundation,0,31,31,180,0.172,17,"202404, 202405, 202406, 202407, 202408, 202409, 202410, 202504, 202505, 202506, 202507, 202508, 202509, 202510, 202604, 202605, 202606","2024-09, 2024-10, 2025-07, 2025-09, 2025-10, 2026-07, 2026-09, 2026-10"
412302,Na Sai,Phibun Rak District,Udon Thani,Northeast,flood / inundation,0,31,31,180,0.172,17,"202404, 202405, 202406, 202407, 202408, 202409, 202410, 202504, 202505, 202506, 202507, 202508, 202509, 202510, 202604, 202605, 202606","2024-09, 2024-10, 2025-07, 2025-09, 2025-10, 2026-07, 2026-09, 2026-10"
560804,Chiang Raeng,Phu Sang District,Phayao,North,flood / inundation,0,31,31,180,0.172,21,"202403, 202404, 202405, 202406, 202407, 202408, 202409, 202412, 202501, 202503, 202504, 202505, 202506, 202507, 202508, 202601, 202602, 202603, 202604, 202605, 202606","2024-07, 2024-08, 2024-09, 2025-05, 2025-08, 2026-05, 2026-08"
600505,Ban Daen,Banphot Phisai District,Nakhon Sawan,North,flood / inundation,0,31,31,180,0.172,18,"202403, 202404, 202405, 202406, 202407, 202408, 202409, 202410, 202504, 202505, 202506, 202507, 202508, 202509, 202510, 202604, 202605, 202606","2024-08, 2024-09, 2024-10, 2025-09, 2025-10, 2026-09, 2026-10"
640506,Nong O,Si Satchanalai District,Sukhothai,North,flood / inundation,0,31,31,180,0.172,21,"202404, 202405, 202406, 202407, 202408, 202409, 202412, 202501, 202502, 202503, 202504, 202505, 202506, 202507, 202508, 202509, 202510, 202602, 202604, 202605, 202606","2024-09, 2025-05, 2025-06, 2025-09, 2025-10, 2026-05, 2026-06, 2026-09"
650202,Nong Kathao,Nakhon Thai District,Phitsanu Lok,North,flood / inundation,0,31,31,180,0.172,18,"202404, 202405, 202406, 202407, 202502, 202503, 202504, 202505, 202506, 202507, 202508, 202509, 202510, 202602, 202603, 202604, 202605, 202606","2024-07, 2024-08, 2024-09, 2025-07, 2025-09, 2025-10, 2026-07, 2026-09"
650601,Phrom Phiram,Phrom Phiram District,Phitsanu Lok,North,flood / inundation,0,31,31,180,0.172,17,"202403, 202404, 202405, 202406, 202407, 202408, 202409, 202504, 202505, 202506, 202507, 202508, 202509, 202510, 202604, 202605, 202606","2024-08, 2024-09, 2025-09, 2025-10, 2025-11, 2026-09"
670711,Wang Bot,Nong Phai District,Phetchabun,North,flood / inundation,0,31,31,180,0.172,18,"202404, 202405, 202406, 202407, 202408, 202409, 202410, 202503, 202504, 202505, 202506, 202507, 202508, 202509, 202510, 202604, 202605, 202606","2024-09, 2024-10, 2025-07, 2025-09, 2025-10, 2026-09, 2026-10"
720712,Thung Khok,Song Phi Nong District,Suphan Buri,Central,flood / inundation,0,31,31,180,0.172,17,"202404, 202405, 202406, 202407, 202408, 202409, 202410, 202411, 202505, 202506, 202507, 202508, 202509, 202510, 202511, 202605, 202606","2024-09, 2024-10, 2024-11, 2025-10, 2025-11, 2026-10, 2026-11"
800108,Na Sai,Mueang Nakhon Si Thammarat District,Nakhon Si Thammarat,southeast,flood / inundation,0,31,31,180,0.172,17,"202406, 202407, 202408, 202409, 202410, 202411, 202412, 202501, 202506, 202507, 202508, 202509, 202510, 202511, 202512, 202601, 202606","2024-11, 2024-12, 2025-01, 2025-02, 2025-11, 2025-12, 2026-01, 2026-02, 2026-11"
800115,Na Khian,Mueang Nakhon Si Thammarat District,Nakhon Si Thammarat,southeast,flood / inundation,0,31,31,180,0.172,17,"202406, 202407, 202408, 202409, 202410, 202411, 202412, 202501, 202506, 202507, 202508, 202509, 202510, 202511, 202512, 202601, 202606","2024-11, 2024-12, 2025-01, 2025-02, 2025-11, 2025-12, 2026-01, 2026-02, 2026-11"
800120,Pak Phun,Mueang Nakhon Si Thammarat District,Nakhon Si Thammarat,southeast,flood / inundation,0,31,31,180,0.172,17,"202406, 202407, 202408, 202409, 202410, 202411, 202412, 202501, 202506, 202507, 202508, 202509, 202510, 202511, 202512, 202601, 202606","2024-11, 2024-12, 2025-01, 2025-02, 2025-11, 2025-12, 2026-01, 2026-02, 2026-11"
800603,Tha Khanan,Chian Yai District,Nakhon Si Thammarat,southeast,flood / inundation,0,31,31,180,0.172,16,"202406, 202407, 202408, 202409, 202410, 202411, 202412, 202501, 202507, 202508, 202509, 202510, 202511, 202512, 202601, 202606","2024-11, 2024-12, 2025-01, 2025-02, 2025-03, 2025-11, 2025-12, 2026-01, 2026-02, 2026-11"
800607,Thong Lamchiak,Chian Yai District,Nakhon Si Thammarat,southeast,flood / inundation,0,31,31,180,0.172,16,"202406, 202407, 202408, 202409, 202410, 202411, 202412, 202501, 202507, 202508, 202509, 202510, 202511, 202512, 202601, 202606","2024-11, 2024-12, 2025-01, 2025-02, 2025-03, 2025-11, 2025-12, 2026-01, 2026-02, 2026-11"
801207,Ban Mai,Pak Phanang District,Nakhon Si Thammarat,southeast,flood / inundation,0,31,31,180,0.172,17,"202406, 202407, 202408, 202409, 202410, 202411, 202412, 202501, 202506, 202507, 202508, 202509, 202510, 202511, 202512, 202601, 202606","2024-11, 2024-12, 2025-01, 2025-03, 2025-11, 2025-12, 2026-01, 2026-11"
860411,Laem Sai,Lang Suan District,Chumphon,southeast,flood / inundation,0,31,31,180,0.172,19,"202403, 202404, 202405, 202406, 202407, 202408, 202409, 202410, 202411, 202412, 202507, 202508, 202509, 202510, 202511, 202512, 202604, 202605, 202606","2024-08, 2024-09, 2024-10, 2024-11, 2024-12, 2025-12, 2026-08, 2026-09"
930512,Phanang Tung,Khuan Khanun District,Phatthalung,southeast,flood / inundation,0,31,31,180,0.172,16,"202406, 202407, 202408, 202409, 202410, 202411, 202412, 202501, 202506, 202507, 202508, 202509, 202510, 202511, 202512, 202606","2024-11, 2024-12, 2025-01, 2025-02, 2025-11, 2025-12, 2026-01, 2026-11"
940704,Bang Kao,Sai Buri District,Pattani,southeast,flood / inundation,1,30,31,180,0.172,14,"202406, 202407, 202408, 202409, 202410, 202411, 202412, 202501, 202507, 202508, 202509, 202510, 202511, 202512","2024-11, 2024-12, 2025-01, 2025-02, 2025-11, 2025-12, 2026-01"
140608,Wat Yom,Bang Pa-in District,Phra Nakhon Si Ayudhya,Central,flood / inundation,0,30,30,180,0.167,17,"202404, 202405, 202406, 202407, 202408, 202409, 202410, 202411, 202505, 202506, 202507, 202508, 202509, 202510, 202511, 202605, 202606","2024-09, 2024-10, 2024-11, 2025-10, 2025-11, 2026-10, 2026-11"
170304,Tha Kham,Khai Bang Rachan District,Singburi,Central,flood / inundation,0,30,30,180,0.167,18,"202403, 202404, 202405, 202406, 202407, 202408, 202409, 202410, 202411, 202505, 202506, 202507, 202508, 202509, 202510, 202511, 202605, 202606","2024-08, 2024-09, 2024-10, 2024-11, 2025-10, 2025-11, 2026-10, 2026-11"
220501,Makham,Makham District,Chanthaburi,east,flood / inundation,0,30,30,180,0.167,18,"202405, 202406, 202407, 202408, 202409, 202410, 202503, 202504, 202505, 202506, 202507, 202508, 202509, 202510, 202603, 202604, 202605, 202606","2024-08, 2024-09, 2024-10, 2025-08, 2025-09, 2025-10, 2026-08, 2026-09"
240605,Nong Yao,Phanom Sarakham District,Chachoengsao,east,flood / inundation,0,30,30,180,0.167,17,"202404, 202405, 202406, 202407, 202408, 202409, 202410, 202504, 202505, 202506, 202507, 202508, 202509, 202510, 202604, 202605, 202606","2024-08, 2024-09, 2024-10, 2025-09, 2025-10, 2026-09, 2026-10"
250106,Bang Boribun,Mueang Prachin Buri District,Prachinburi,east,flood / inundation,0,30,30,180,0.167,18,"202404, 202405, 202406, 202407, 202408, 202409, 202410, 202504, 202505, 202506, 202507, 202508, 202509, 202510, 202602, 202604, 202605, 202606","2024-09, 2024-10, 2025-09, 2025-10, 2026-07, 2026-09, 2026-10"
250701,Prachantakham,Prachantakham District,Prachinburi,east,flood / inundation,0,30,30,180,0.167,18,"202404, 202405, 202406, 202407, 202408, 202409, 202410, 202504, 202505, 202506, 202507, 202508, 202509, 202510, 202602, 202604, 202605, 202606","2024-09, 2024-10, 2025-09, 2025-10, 2026-07, 2026-09, 2026-10"
250802,Samphan,Si Maha Phot District,Prachinburi,east,flood / inundation,0,30,30,180,0.167,18,"202404, 202405, 202406, 202407, 202408, 202409, 202410, 202504, 202505, 202506, 202507, 202508, 202509, 202510, 202602, 202604, 202605, 202606","2024-09, 2024-10, 2025-09, 2025-10, 2026-07, 2026-09, 2026-10"
250805,Bang Kung,Si Maha Phot District,Prachinburi,east,flood / inundation,0,30,30,180,0.167,18,"202404, 202405, 202406, 202407, 202408, 202409, 202410, 202504, 202505, 202506, 202507, 202508, 202509, 202510, 202602, 202604, 202605, 202606","2024-09, 2024-10, 2025-09, 2025-10, 2026-07, 2026-09, 2026-10"
260107,Si Chula,Mueang Nakhon Nayok District,Nakhon Nayok,east,flood / inundation,0,30,30,180,0.167,17,"202404, 202405, 202406, 202407, 202408, 202409, 202410, 202504, 202505, 202506, 202507, 202508, 202509, 202510, 202604, 202605, 202606","2024-09, 2024-10, 2025-08, 2025-09, 2025-10, 2026-09, 2026-10"
301703,Tha Lat,Chum Phuang District,Nakhon Ratchasima,Northeast,flood / inundation,0,30,30,180,0.167,18,"202405, 202406, 202407, 202408, 202409, 202410, 202501, 202502, 202503, 202504, 202505, 202506, 202507, 202508, 202509, 202510, 202605, 202606","2024-09, 2024-10, 2025-06, 2025-07, 2025-09, 2025-10, 2026-10"
330311,Bua Noi,Kanthararom District,Sisaket,Northeast,flood / inundation,0,30,30,180,0.167,17,"202404, 202405, 202406, 202407, 202408, 202409, 202410, 202504, 202505, 202506, 202507, 202508, 202509, 202510, 202604, 202605, 202606","2024-09, 2024-10, 2025-09, 2025-10, 2026-08, 2026-09, 2026-10"
330910,Bua Hung,Rasi Salai District,Sisaket,Northeast,flood / inundation,0,30,30,180,0.167,17,"202404, 202405, 202406, 202407, 202408, 202409, 202410, 202504, 202505, 202506, 202507, 202508, 202509, 202510, 202604, 202605, 202606","2024-09, 2024-10, 2025-09, 2025-10, 2026-08, 2026-09, 2026-10"
360304,Non Sa-At,Khon Sawan District,Chaiyaphum,Northeast,flood / inundation,0,30,30,180,0.167,17,"202404, 202405, 202406, 202407, 202408, 202409, 202410, 202504, 202505, 202506, 202507, 202508, 202509, 202510, 202604, 202605, 202606","2024-08, 2024-09, 2024-10, 2025-09, 2025-10, 2026-09, 2026-10"
401701,Kut Khao,Mancha Khiri District,Khon Kaen,Northeast,flood / inundation,0,30,30,180,0.167,17,"202404, 202405, 202406, 202407, 202408, 202409, 202410, 202504, 202505, 202506, 202507, 202508, 202509, 202510, 202604, 202605, 202606","2024-09, 2024-10, 2025-07, 2025-09, 2025-10, 2026-09, 2026-10"
401702,Suan Mon,Mancha Khiri District,Khon Kaen,Northeast,flood / inundation,0,30,30,180,0.167,17,"202404, 202405, 202406, 202407, 202408, 202409, 202410, 202504, 202505, 202506, 202507, 202508, 202509, 202510, 202604, 202605, 202606","2024-09, 2024-10, 2025-07, 2025-09, 2025-10, 2026-09, 2026-10"
401703,Nong Paen,Mancha Khiri District,Khon Kaen,Northeast,flood / inundation,0,30,30,180,0.167,17,"202404, 202405, 202406, 202407, 202408, 202409, 202410, 202504, 202505, 202506, 202507, 202508, 202509, 202510, 202604, 202605, 202606","2024-09, 2024-10, 2025-07, 2025-09, 2025-10, 2026-09, 2026-10"
401806,Si Bunrueang,Chonnabot District,Khon Kaen,Northeast,flood / inundation,0,30,30,180,0.167,17,"202404, 202405, 202406, 202407, 202408, 202409, 202410, 202504, 202505, 202506, 202507, 202508, 202509, 202510, 202604, 202605, 202606","2024-09, 2024-10, 2025-07, 2025-09, 2025-10, 2026-09, 2026-10"
410701,Thung Fon,Thung Fon District,Udon Thani,Northeast,flood / inundation,0,30,30,180,0.167,17,"202404, 202405, 202406, 202407, 202408, 202409, 202410, 202504, 202505, 202506, 202507, 202508, 202509, 202510, 202604, 202605, 202606","2024-09, 2024-10, 2025-07, 2025-09, 2025-10, 2026-09, 2026-10"
411101,Si Suttho,Ban Dung District,Udon Thani,Northeast,flood / inundation,0,30,30,180,0.167,17,"202404, 202405, 202406, 202407, 202408, 202409, 202410, 202504, 202505, 202506, 202507, 202508, 202509, 202510, 202604, 202605, 202606","2024-09, 2024-10, 2025-07, 2025-09, 2025-10, 2026-09, 2026-10"
411906,Na Bua,Phen District,Udon Thani,Northeast,flood / inundation,0,30,30,180,0.167,17,"202404, 202405, 202406, 202407, 202408, 202409, 202410, 202504, 202505, 202506, 202507, 202508, 202509, 202510, 202604, 202605, 202606","2024-09, 2024-10, 2025-07, 2025-09, 2025-10, 2026-09, 2026-10"
412201,Na Yung,Na Yung District,Udon Thani,Northeast,flood / inundation,0,30,30,180,0.167,17,"202402, 202403, 202404, 202405, 202406, 202407, 202408, 202409, 202410, 202502, 202503, 202504, 202507, 202508, 202509, 202512, 202604","2024-07, 2024-08, 2024-09, 2024-10, 2025-07, 2025-08, 2025-09, 2026-05"
440112,Huai Aeng,Mueang Maha Sarakham District,Mahasarakham,Northeast,flood / inundation,0,30,30,180,0.167,17,"202404, 202405, 202406, 202407, 202408, 202409, 202410, 202504, 202505, 202506, 202507, 202508, 202509, 202510, 202604, 202605, 202606","2024-09, 2024-10, 2025-07, 2025-09, 2025-10, 2026-09, 2026-10"
450504,Thawat Buri,Thawat Buri District,Roi Et,Northeast,flood / inundation,0,30,30,180,0.167,20,"202402, 202403, 202404, 202405, 202406, 202407, 202408, 202409, 202410, 202502, 202503, 202504, 202505, 202506, 202507, 202508, 202509, 202510, 202605, 202606","2024-07, 2024-08, 2024-10, 2025-07, 2025-10, 2026-08, 2026-10"
450515,Phaisan,Thawat Buri District,Roi Et,Northeast,flood / inundation,0,30,30,180,0.167,20,"202402, 202403, 202404, 202405, 202406, 202407, 202408, 202409, 202410, 202502, 202503, 202504, 202505, 202506, 202507, 202508, 202509, 202510, 202605, 202606","2024-07, 2024-08, 2024-10, 2025-07, 2025-10, 2026-08, 2026-10"
451014,Si Wilai,Selaphum District,Roi Et,Northeast,flood / inundation,0,30,30,180,0.167,18,"202403, 202404, 202405, 202406, 202407, 202408, 202409, 202503, 202504, 202505, 202506, 202507, 202508, 202509, 202510, 202604, 202605, 202606","2024-07, 2024-08, 2024-09, 2025-07, 2025-09, 2025-10, 2026-07, 2026-08, 2026-09"
451903,Duk Ueng,Nong Hi District,Roi Et,Northeast,flood / inundation,0,30,30,180,0.167,17,"202404, 202405, 202406, 202407, 202408, 202409, 202410, 202504, 202505, 202506, 202507, 202508, 202509, 202510, 202604, 202605, 202606","2024-09, 2024-10, 2025-09, 2025-10, 2026-08, 2026-09, 2026-10"
460304,Dong Ling,Kamalasai District,Kalasin,Northeast,flood / inundation,0,30,30,180,0.167,18,"202402, 202403, 202404, 202405, 202406, 202407, 202408, 202409, 202503, 202504, 202505, 202506, 202507, 202508, 202509, 202604, 202605, 202606","2024-07, 2024-08, 2024-09, 2025-07, 2025-09, 2026-08, 2026-09"
480904,Na Khun Yai,Na Wa District,Nakhon Phanom,Northeast,flood / inundation,0,30,30,180,0.167,17,"202403, 202404, 202405, 202406, 202407, 202408, 202409, 202503, 202504, 202505, 202506, 202507, 202508, 202509, 202604, 202605, 202606","2024-08, 2024-09, 2025-07, 2025-08, 2025-09, 2026-07, 2026-08, 2026-09"
500204,Khuang Pao,Chom Thong District,Chiang Mai,North,flood / inundation,0,30,30,180,0.167,20,"202403, 202404, 202405, 202406, 202407, 202408, 202409, 202501, 202502, 202503, 202504, 202505, 202506, 202507, 202508, 202509, 202510, 202604, 202605, 202606","2024-08, 2024-09, 2024-10, 2025-05, 2025-09, 2025-10, 2026-06, 2026-09"
530104,Pa Sao,Mueang Uttaradit District,Auttaradit,North,flood / inundation,0,30,30,180,0.167,17,"202404, 202405, 202406, 202407, 202408, 202409, 202503, 202504, 202505, 202506, 202509, 202510, 202601, 202602, 202603, 202604, 202605","2024-08, 2024-09, 2024-10, 2025-08, 2025-09, 2025-10, 2026-05, 2026-06"
550104,Chaiya Sathan,Mueang Nan District,Nan,North,flood / inundation,0,30,30,180,0.167,19,"202402, 202403, 202404, 202405, 202406, 202407, 202408, 202409, 202503, 202504, 202505, 202506, 202507, 202508, 202509, 202603, 202604, 202605, 202606","2024-07, 2024-08, 2024-09, 2025-08, 2025-09, 2026-06, 2026-08"
640110,Wang Thong Daeng,Mueang Sukhothai District,Sukhothai,North,flood / inundation,0,30,30,180,0.167,19,"202404, 202405, 202406, 202407, 202408, 202412, 202501, 202502, 202503, 202504, 202505, 202506, 202507, 202508, 202509, 202510, 202601, 202602, 202604","2024-09, 2024-10, 2025-05, 2025-06, 2025-09, 2025-10, 2026-06"
640201,Lan Hoi,Ban Dan Lan Hoi District,Sukhothai,North,flood / inundation,0,30,30,180,0.167,25,"202401, 202402, 202403, 202404, 202405, 202406, 202407, 202408, 202412, 202501, 202502, 202503, 202504, 202505, 202506, 202507, 202508, 202509, 202510, 202512, 202601, 202602, 202603, 202604, 202605","2024-05, 2024-09, 2024-10, 2025-05, 2025-09, 2025-10, 2026-05"
640511,Sarachit,Si Satchanalai District,Sukhothai,North,flood / inundation,0,30,30,180,0.167,18,"202404, 202405, 202406, 202407, 202408, 202412, 202501, 202502, 202503, 202504, 202505, 202506, 202507, 202508, 202509, 202510, 202602, 202604","2024-09, 2024-10, 2025-05, 2025-06, 2025-09, 2025-10, 2026-05, 2026-06"
640713,Mueang Bang Khlang,Sawankhalok District,Sukhothai,North,flood / inundation,0,30,30,180,0.167,19,"202404, 202405, 202406, 202407, 202408, 202411, 202412, 202501, 202502, 202503, 202504, 202505, 202506, 202507, 202508, 202509, 202510, 202602, 202604","2024-09, 2024-10, 2024-11, 2025-05, 2025-06, 2025-09, 2025-10, 2025-11, 2026-06"
650204,Noen Phoem,Nakhon Thai District,Phitsanu Lok,North,flood / inundation,0,30,30,180,0.167,19,"202402, 202403, 202404, 202405, 202406, 202407, 202502, 202503, 202504, 202505, 202506, 202507, 202508, 202509, 202602, 202603, 202604, 202605, 202606","2024-07, 2024-08, 2024-09, 2025-07, 2025-09, 2026-07, 2026-09"
800610,Suea Hueng,Chian Yai District,Nakhon Si Thammarat,southeast,flood / inundation,0,30,30,180,0.167,16,"202406, 202407, 202408, 202409, 202410, 202411, 202412, 202501, 202507, 202508, 202509, 202510, 202511, 202512, 202601, 202606","2024-11, 2024-12, 2025-01, 2025-02, 2025-11, 2025-12, 2026-01, 2026-02, 2026-11"
800701,Cha-Uat,Cha-uat District,Nakhon Si Thammarat,southeast,flood / inundation,0,30,30,180,0.167,16,"202406, 202407, 202408, 202409, 202410, 202411, 202412, 202501, 202506, 202507, 202508, 202509, 202510, 202511, 202512, 202606","2024-11, 2024-12, 2025-01, 2025-03, 2025-11, 2025-12, 2026-11"
800704,Khreng,Cha-uat District,Nakhon Si Thammarat,southeast,flood / inundation,0,30,30,180,0.167,16,"202406, 202407, 202408, 202409, 202410, 202411, 202412, 202501, 202506, 202507, 202508, 202509, 202510, 202511, 202512, 202606","2024-11, 2024-12, 2025-01, 2025-02, 2025-11, 2025-12, 2026-11"
800707,Khon Hat,Cha-uat District,Nakhon Si Thammarat,southeast,flood / inundation,0,30,30,180,0.167,16,"202406, 202407, 202408, 202409, 202410, 202411, 202412, 202501, 202506, 202507, 202508, 202509, 202510, 202511, 202512, 202606","2024-11, 2024-12, 2025-01, 2025-02, 2025-11, 2025-12, 2026-11"
800711,Nang Long,Cha-uat District,Nakhon Si Thammarat,southeast,flood / inundation,0,30,30,180,0.167,16,"202406, 202407, 202408, 202409, 202410, 202411, 202412, 202501, 202506, 202507, 202508, 202509, 202510, 202511, 202512, 202606","2024-11, 2024-12, 2025-01, 2025-02, 2025-11, 2025-12, 2026-11"
860304,Chum Kho,Pathio District,Chumphon,southeast,flood / inundation,0,30,30,180,0.167,17,"202405, 202406, 202407, 202408, 202409, 202410, 202411, 202412, 202501, 202506, 202507, 202508, 202509, 202510, 202511, 202512, 202606","2024-10, 2024-11, 2024-12, 2025-01, 2025-11, 2025-12, 2026-11"
930107,Prang Mu,Mueang Phatthalung District,Phatthalung,southeast,flood / inundation,0,30,30,180,0.167,16,"202406, 202407, 202408, 202409, 202410, 202411, 202412, 202501, 202506, 202507, 202508, 202509, 202510, 202511, 202512, 202606","2024-11, 2024-12, 2025-01, 2025-02, 2025-11, 2025-12, 2026-11"
940707,Kadunong,Sai Buri District,Pattani,southeast,flood / inundation,0,30,30,180,0.167,14,"202406, 202407, 202408, 202409, 202410, 202411, 202412, 202501, 202507, 202508, 202509, 202510, 202511, 202512","2024-11, 2024-12, 2025-01, 2025-02, 2025-11, 2025-12, 2026-01"
960607,Rueso Ok,Rueso District,Narathiwat,southeast,flood / inundation,0,30,30,180,0.167,14,"202406, 202407, 202408, 202409, 202410, 202411, 202412, 202501, 202507, 202508, 202509, 202510, 202511, 202512","2024-11, 2024-12, 2025-01, 2025-02, 2025-11, 2025-12, 2026-01"
140108,Phu Khao Thong,Phra Nakhon Si Ayutthaya District,Phra Nakhon Si Ayudhya,Central,flood / inundation,0,29,29,180,0.161,21,"202402, 202403, 202404, 202405, 202406, 202407, 202408, 202409, 202410, 202505, 202506, 202507, 202508, 202509, 202510, 202511, 202602, 202603, 202604, 202605, 202606","2024-07, 2024-08, 2024-09, 2024-10, 2025-10, 2025-11, 2026-07, 2026-08, 2026-10"
140116,Ban Ko,Phra Nakhon Si Ayutthaya District,Phra Nakhon Si Ayudhya,Central,flood / inundation,0,29,29,180,0.161,20,"202402, 202403, 202404, 202405, 202406, 202407, 202408, 202409, 202410, 202505, 202506, 202507, 202508, 202509, 202510, 202602, 202603, 202604, 202605, 202606","2024-07, 2024-08, 2024-09, 2024-10, 2025-08, 2025-10, 2026-07, 2026-08, 2026-10"
140118,Khlong Sa Bua,Phra Nakhon Si Ayutthaya District,Phra Nakhon Si Ayudhya,Central,flood / inundation,0,29,29,180,0.161,21,"202402, 202403, 202404, 202405, 202406, 202407, 202408, 202409, 202410, 202505, 202506, 202507, 202508, 202509, 202510, 202511, 202602, 202603, 202604, 202605, 202606","2024-07, 2024-08, 2024-09, 2024-10, 2025-10, 2025-11, 2026-07, 2026-08, 2026-10"
140415,Kok Kaeo Burapha,Bang Sai District,Phra Nakhon Si Ayudhya,Central,flood / inundation,0,29,29,180,0.161,17,"202405, 202406, 202407, 202408, 202409, 202410, 202411, 202505, 202506, 202507, 202508, 202509, 202510, 202511, 202603, 202605, 202606","2024-09, 2024-10, 2024-11, 2025-10, 2025-11, 2026-08, 2026-10, 2026-11"
140503,Sai Noi,Bang Ban District,Phra Nakhon Si Ayudhya,Central,flood / inundation,0,29,29,180,0.161,23,"202404, 202405, 202406, 202407, 202408, 202409, 202410, 202412, 202501, 202502, 202503, 202504, 202505, 202506, 202507, 202508, 202509, 202510, 202512, 202603, 202604, 202605, 202606","2024-08, 2024-09, 2024-10, 2025-05, 2025-10, 2026-05, 2026-08, 2026-10"
140508,Phra Khao,Bang Ban District,Phra Nakhon Si Ayudhya,Central,flood / inundation,0,29,29,180,0.161,24,"202404, 202405, 202406, 202407, 202408, 202409, 202410, 202412, 202501, 202502, 202503, 202504, 202505, 202506, 202507, 202508, 202509, 202510, 202511, 202512, 202603, 202604, 202605, 202606","2024-09, 2024-10, 2025-05, 2025-10, 2025-11, 2026-05, 2026-08, 2026-10"
140604,Ban Krot,Bang Pa-in District,Phra Nakhon Si Ayudhya,Central,flood / inundation,0,29,29,180,0.161,17,"202405, 202406, 202407, 202408, 202409, 202410, 202411, 202505, 202506, 202507, 202508, 202509, 202510, 202511, 202603, 202605, 202606","2024-09, 2024-10, 2024-11, 2025-10, 2025-11, 2026-08, 2026-10, 2026-11"
140606,Khlong Chik,Bang Pa-in District,Phra Nakhon Si Ayudhya,Central,flood / inundation,0,29,29,180,0.161,17,"202404, 202405, 202406, 202407, 202408, 202409, 202410, 202411, 202505, 202506, 202507, 202508, 202509, 202510, 202511, 202605, 202606","2024-09, 2024-10, 2024-11, 2025-10, 2025-11, 2026-10, 2026-11"
140607,Ban Wa,Bang Pa-in District,Phra Nakhon Si Ayudhya,Central,flood / inundation,0,29,29,180,0.161,16,"202405, 202406, 202407, 202408, 202409, 202410, 202411, 202505, 202506, 202507, 202508, 202509, 202510, 202511, 202605, 202606","2024-09, 2024-10, 2024-11, 2025-10, 2025-11, 2026-10, 2026-11"
140613,Ban Paeng,Bang Pa-in District,Phra Nakhon Si Ayudhya,Central,flood / inundation,0,29,29,180,0.161,17,"202404, 202405, 202406, 202407, 202408, 202409, 202410, 202411, 202505, 202506, 202507, 202508, 202509, 202510, 202511, 202605, 202606","2024-09, 2024-10, 2024-11, 2025-10, 2025-11, 2026-10, 2026-11"
150201,Chorakhe Rong,Chaiyo District,Ang Thong,Central,flood / inundation,0,29,29,180,0.161,16,"202405, 202406, 202407, 202408, 202409, 202410, 202411, 202505, 202506, 202507, 202508, 202509, 202510, 202511, 202605, 202606","2024-09, 2024-10, 2024-11, 2025-10, 2025-11, 2026-10, 2026-11"
150207,Lak Fa,Chaiyo District,Ang Thong,Central,flood / inundation,0,29,29,180,0.161,17,"202404, 202405, 202406, 202407, 202408, 202409, 202410, 202504, 202505, 202506, 202507, 202508, 202509, 202510, 202604, 202605, 202606","2024-09, 2024-10, 2025-09, 2025-10, 2026-09, 2026-10"
150412,Thang Phra,Pho Thong District,Ang Thong,Central,flood / inundation,0,29,29,180,0.161,17,"202404, 202405, 202406, 202407, 202408, 202409, 202410, 202411, 202505, 202506, 202507, 202508, 202509, 202510, 202511, 202605, 202606","2024-09, 2024-10, 2024-11, 2025-10, 2025-11, 2026-10, 2026-11"
150413,Sam Ngam,Pho Thong District,Ang Thong,Central,flood / inundation,0,29,29,180,0.161,17,"202404, 202405, 202406, 202407, 202408, 202409, 202410, 202411, 202505, 202506, 202507, 202508, 202509, 202510, 202511, 202605, 202606","2024-09, 2024-10, 2024-11, 2025-10, 2025-11, 2026-10, 2026-11"
160616,Nong Krabian,Ban Mi District,Lopburi,Central,flood / inundation,0,29,29,180,0.161,17,"202404, 202405, 202406, 202407, 202408, 202409, 202410, 202504, 202505, 202506, 202507, 202508, 202509, 202510, 202604, 202605, 202606","2024-09, 2024-10, 2025-09, 2025-10, 2026-09, 2026-10"
160621,Nong Mueang,Ban Mi District,Lopburi,Central,flood / inundation,0,29,29,180,0.161,17,"202404, 202405, 202406, 202407, 202408, 202409, 202410, 202504, 202505, 202506, 202507, 202508, 202509, 202510, 202604, 202605, 202606","2024-09, 2024-10, 2025-09, 2025-10, 2026-09, 2026-10"
170102,Bang Man,Mueang Sing Buri District,Singburi,Central,flood / inundation,0,29,29,180,0.161,17,"202404, 202405, 202406, 202407, 202408, 202409, 202410, 202411, 202505, 202506, 202507, 202508, 202509, 202510, 202511, 202605, 202606","2024-09, 2024-10, 2024-11, 2025-10, 2025-11, 2026-10, 2026-11"
170607,Namtan,In Buri District,Singburi,Central,flood / inundation,0,29,29,180,0.161,17,"202404, 202405, 202406, 202407, 202408, 202409, 202410, 202504, 202505, 202506, 202507, 202508, 202509, 202510, 202604, 202605, 202606","2024-09, 2024-10, 2025-09, 2025-10, 2026-09, 2026-10"
180107,Thammamun,Mueang Chai Nat District,Chainat,Central,flood / inundation,0,29,29,180,0.161,17,"202404, 202405, 202406, 202407, 202408, 202409, 202410, 202504, 202505, 202506, 202507, 202508, 202509, 202510, 202604, 202605, 202606","2024-09, 2024-10, 2025-09, 2025-10, 2026-09, 2026-10"
180401,Sapphaya,Sapphaya District,Chainat,Central,flood / inundation,0,29,29,180,0.161,17,"202404, 202405, 202406, 202407, 202408, 202409, 202410, 202504, 202505, 202506, 202507, 202508, 202509, 202510, 202604, 202605, 202606","2024-09, 2024-10, 2025-09, 2025-10, 2026-09, 2026-10"
180503,Huai Krot,Sankhaburi District,Chainat,Central,flood / inundation,0,29,29,180,0.161,17,"202404, 202405, 202406, 202407, 202408, 202409, 202410, 202504, 202505, 202506, 202507, 202508, 202509, 202510, 202604, 202605, 202606","2024-09, 2024-10, 2025-09, 2025-10, 2026-09, 2026-10"
180508,Huai Krot Phatthana,Sankhaburi District,Chainat,Central,flood / inundation,0,29,29,180,0.161,17,"202404, 202405, 202406, 202407, 202408, 202409, 202410, 202504, 202505, 202506, 202507, 202508, 202509, 202510, 202604, 202605, 202606","2024-09, 2024-10, 2025-09, 2025-10, 2026-09, 2026-10"
240208,Bang Krachet,Bang Khla District,Chachoengsao,east,flood / inundation,0,29,29,180,0.161,17,"202404, 202405, 202406, 202407, 202408, 202409, 202410, 202504, 202505, 202506, 202507, 202508, 202509, 202510, 202604, 202605, 202606","2024-09, 2024-10, 2025-09, 2025-10, 2026-09, 2026-10"
240210,Tha Thong Lang,Bang Khla District,Chachoengsao,east,flood / inundation,0,29,29,180,0.161,17,"202404, 202405, 202406, 202407, 202408, 202409, 202410, 202504, 202505, 202506, 202507, 202508, 202509, 202510, 202604, 202605, 202606","2024-09, 2024-10, 2025-09, 2025-10, 2026-09, 2026-10"
240214,Hua Sai,Bang Khla District,Chachoengsao,east,flood / inundation,0,29,29,180,0.161,17,"202404, 202405, 202406, 202407, 202408, 202409, 202410, 202504, 202505, 202506, 202507, 202508, 202509, 202510, 202604, 202605, 202606","2024-09, 2024-10, 2025-09, 2025-10, 2026-09, 2026-10"
240307,Yothaka,Bang Nam Priao District,Chachoengsao,east,flood / inundation,0,29,29,180,0.161,17,"202404, 202405, 202406, 202407, 202408, 202409, 202410, 202504, 202505, 202506, 202507, 202508, 202509, 202510, 202604, 202605, 202606","2024-09, 2024-10, 2025-09, 2025-10, 2026-09, 2026-10"
240606,Tha Than,Phanom Sarakham District,Chachoengsao,east,flood / inundation,0,29,29,180,0.161,17,"202404, 202405, 202406, 202407, 202408, 202409, 202410, 202504, 202505, 202506, 202507, 202508, 202509, 202510, 202604, 202605, 202606","2024-09, 2024-10, 2025-09, 2025-10, 2026-09, 2026-10"
240703,Dong Noi,Ratchasan District,Chachoengsao,east,flood / inundation,0,29,29,180,0.161,17,"202404, 202405, 202406, 202407, 202408, 202409, 202410, 202504, 202505, 202506, 202507, 202508, 202509, 202510, 202604, 202605, 202606","2024-09, 2024-10, 2025-09, 2025-10, 2026-09, 2026-10"
240901,Plaeng Yao,Plaeng Yao District,Chachoengsao,east,flood / inundation,0,29,29,180,0.161,17,"202404, 202405, 202406, 202407, 202408, 202409, 202410, 202504, 202505, 202506, 202507, 202508, 202509, 202510, 202604, 202605, 202606","2024-09, 2024-10, 2025-09, 2025-10, 2026-09, 2026-10"
240903,Hua Samrong,Plaeng Yao District,Chachoengsao,east,flood / inundation,0,29,29,180,0.161,17,"202404, 202405, 202406, 202407, 202408, 202409, 202410, 202504, 202505, 202506, 202507, 202508, 202509, 202510, 202604, 202605, 202606","2024-09, 2024-10, 2025-09, 2025-10, 2026-09, 2026-10"
250101,Na Mueang,Mueang Prachin Buri District,Prachinburi,east,flood / inundation,0,29,29,180,0.161,17,"202404, 202405, 202406, 202407, 202408, 202409, 202410, 202504, 202505, 202506, 202507, 202508, 202509, 202510, 202604, 202605, 202606","2024-09, 2024-10, 2025-09, 2025-10, 2026-09, 2026-10"
250102,Rop Mueang,Mueang Prachin Buri District,Prachinburi,east,flood / inundation,0,29,29,180,0.161,17,"202404, 202405, 202406, 202407, 202408, 202409, 202410, 202504, 202505, 202506, 202507, 202508, 202509, 202510, 202604, 202605, 202606","2024-09, 2024-10, 2025-09, 2025-10, 2026-09, 2026-10"
250104,Bang Decha,Mueang Prachin Buri District,Prachinburi,east,flood / inundation,0,29,29,180,0.161,17,"202404, 202405, 202406, 202407, 202408, 202409, 202410, 202504, 202505, 202506, 202507, 202508, 202509, 202510, 202604, 202605, 202606","2024-09, 2024-10, 2025-09, 2025-10, 2026-09, 2026-10"
250105,Tha Ngam,Mueang Prachin Buri District,Prachinburi,east,flood / inundation,0,29,29,180,0.161,17,"202404, 202405, 202406, 202407, 202408, 202409, 202410, 202504, 202505, 202506, 202507, 202508, 202509, 202510, 202604, 202605, 202606","2024-09, 2024-10, 2025-09, 2025-10, 2026-09, 2026-10"
250601,Ban Sang,Ban Sang District,Prachinburi,east,flood / inundation,0,29,29,180,0.161,17,"202404, 202405, 202406, 202407, 202408, 202409, 202410, 202504, 202505, 202506, 202507, 202508, 202509, 202510, 202604, 202605, 202606","2024-09, 2024-10, 2025-09, 2025-10, 2026-09, 2026-10"
250602,Bang Krabao,Ban Sang District,Prachinburi,east,flood / inundation,0,29,29,180,0.161,17,"202404, 202405, 202406, 202407, 202408, 202409, 202410, 202504, 202505, 202506, 202507, 202508, 202509, 202510, 202604, 202605, 202606","2024-09, 2024-10, 2025-09, 2025-10, 2026-09, 2026-10"
250603,Bang Toei,Ban Sang District,Prachinburi,east,flood / inundation,0,29,29,180,0.161,17,"202404, 202405, 202406, 202407, 202408, 202409, 202410, 202504, 202505, 202506, 202507, 202508, 202509, 202510, 202604, 202605, 202606","2024-09, 2024-10, 2025-09, 2025-10, 2026-09, 2026-10"
250604,Bang Yang,Ban Sang District,Prachinburi,east,flood / inundation,0,29,29,180,0.161,17,"202404, 202405, 202406, 202407, 202408, 202409, 202410, 202504, 202505, 202506, 202507, 202508, 202509, 202510, 202604, 202605, 202606","2024-09, 2024-10, 2025-09, 2025-10, 2026-09, 2026-10"
250605,Bang Taen,Ban Sang District,Prachinburi,east,flood / inundation,0,29,29,180,0.161,17,"202404, 202405, 202406, 202407, 202408, 202409, 202410, 202504, 202505, 202506, 202507, 202508, 202509, 202510, 202604, 202605, 202606","2024-09, 2024-10, 2025-09, 2025-10, 2026-09, 2026-10"
250606,Bang Phluang,Ban Sang District,Prachinburi,east,flood / inundation,0,29,29,180,0.161,17,"202404, 202405, 202406, 202407, 202408, 202409, 202410, 202504, 202505, 202506, 202507, 202508, 202509, 202510, 202604, 202605, 202606","2024-09, 2024-10, 2025-09, 2025-10, 2026-09, 2026-10"
250607,Bang Pla Ra,Ban Sang District,Prachinburi,east,flood / inundation,0,29,29,180,0.161,17,"202404, 202405, 202406, 202407, 202408, 202409, 202410, 202504, 202505, 202506, 202507, 202508, 202509, 202510, 202604, 202605, 202606","2024-09, 2024-10, 2025-09, 2025-10, 2026-09, 2026-10"
250608,Bang Kham,Ban Sang District,Prachinburi,east,flood / inundation,0,29,29,180,0.161,17,"202404, 202405, 202406, 202407, 202408, 202409, 202410, 202504, 202505, 202506, 202507, 202508, 202509, 202510, 202604, 202605, 202606","2024-09, 2024-10, 2025-09, 2025-10, 2026-09, 2026-10"
250609,Krathum Phaeo,Ban Sang District,Prachinburi,east,flood / inundation,0,29,29,180,0.161,17,"202404, 202405, 202406, 202407, 202408, 202409, 202410, 202504, 202505, 202506, 202507, 202508, 202509, 202510, 202604, 202605, 202606","2024-09, 2024-10, 2025-09, 2025-10, 2026-09, 2026-10"
250806,Dong Krathong Yam,Si Maha Phot District,Prachinburi,east,flood / inundation,0,29,29,180,0.161,17,"202404, 202405, 202406, 202407, 202408, 202409, 202410, 202504, 202505, 202506, 202507, 202508, 202509, 202510, 202604, 202605, 202606","2024-09, 2024-10, 2025-09, 2025-10, 2026-09, 2026-10"
250808,Hua Wa,Si Maha Phot District,Prachinburi,east,flood / inundation,0,29,29,180,0.161,17,"202404, 202405, 202406, 202407, 202408, 202409, 202410, 202504, 202505, 202506, 202507, 202508, 202509, 202510, 202604, 202605, 202606","2024-09, 2024-10, 2025-09, 2025-10, 2026-09, 2026-10"
250809,Hat Yang,Si Maha Phot District,Prachinburi,east,flood / inundation,0,29,29,180,0.161,17,"202404, 202405, 202406, 202407, 202408, 202409, 202410, 202504, 202505, 202506, 202507, 202508, 202509, 202510, 202604, 202605, 202606","2024-09, 2024-10, 2025-09, 2025-10, 2026-09, 2026-10"
250901,Khok Pip,Si Mahosot District,Prachinburi,east,flood / inundation,0,29,29,180,0.161,17,"202404, 202405, 202406, 202407, 202408, 202409, 202410, 202504, 202505, 202506, 202507, 202508, 202509, 202510, 202604, 202605, 202606","2024-09, 2024-10, 2025-09, 2025-10, 2026-09, 2026-10"
250902,Khok Thai,Si Mahosot District,Prachinburi,east,flood / inundation,0,29,29,180,0.161,17,"202404, 202405, 202406, 202407, 202408, 202409, 202410, 202504, 202505, 202506, 202507, 202508, 202509, 202510, 202604, 202605, 202606","2024-09, 2024-10, 2025-09, 2025-10, 2026-09, 2026-10"
250903,Khu Lamphan,Si Mahosot District,Prachinburi,east,flood / inundation,0,29,29,180,0.161,17,"202404, 202405, 202406, 202407, 202408, 202409, 202410, 202504, 202505, 202506, 202507, 202508, 202509, 202510, 202604, 202605, 202606","2024-09, 2024-10, 2025-09, 2025-10, 2026-09, 2026-10"
250904,Phai Chalueat,Si Mahosot District,Prachinburi,east,flood / inundation,0,29,29,180,0.161,17,"202404, 202405, 202406, 202407, 202408, 202409, 202410, 202504, 202505, 202506, 202507, 202508, 202509, 202510, 202604, 202605, 202606","2024-09, 2024-10, 2025-09, 2025-10, 2026-09, 2026-10"
260205,Tha Ruea,Pak Phli District,Nakhon Nayok,east,flood / inundation,0,29,29,180,0.161,17,"202404, 202405, 202406, 202407, 202408, 202409, 202410, 202504, 202505, 202506, 202507, 202508, 202509, 202510, 202604, 202605, 202606","2024-09, 2024-10, 2025-09, 2025-10, 2026-09, 2026-10"
260405,Bang Sombun,Ongkharak District,Nakhon Nayok,east,flood / inundation,0,29,29,180,0.161,17,"202404, 202405, 202406, 202407, 202408, 202409, 202410, 202504, 202505, 202506, 202507, 202508, 202509, 202510, 202604, 202605, 202606","2024-09, 2024-10, 2025-09, 2025-10, 2026-09, 2026-10"
301003,Tanot,Non Sung District,Nakhon Ratchasima,Northeast,flood / inundation,0,29,29,180,0.161,17,"202404, 202405, 202406, 202407, 202408, 202409, 202410, 202504, 202505, 202506, 202507, 202508, 202509, 202510, 202604, 202605, 202606","2024-09, 2024-10, 2025-09, 2025-10, 2026-09, 2026-10"
301714,Nong Lak,Chum Phuang District,Nakhon Ratchasima,Northeast,flood / inundation,0,29,29,180,0.161,17,"202404, 202405, 202406, 202407, 202408, 202409, 202410, 202504, 202505, 202506, 202507, 202508, 202509, 202510, 202604, 202605, 202606","2024-09, 2024-10, 2025-09, 2025-10, 2026-09, 2026-10"
302301,Kaeng Sanam Nang,Kaeng Sanam Nang District,Nakhon Ratchasima,Northeast,flood / inundation,0,29,29,180,0.161,17,"202404, 202405, 202406, 202407, 202408, 202409, 202410, 202504, 202505, 202506, 202507, 202508, 202509, 202510, 202604, 202605, 202606","2024-09, 2024-10, 2025-09, 2025-10, 2026-09, 2026-10"
302302,Non Samran,Kaeng Sanam Nang District,Nakhon Ratchasima,Northeast,flood / inundation,0,29,29,180,0.161,17,"202404, 202405, 202406, 202407, 202408, 202409, 202410, 202504, 202505, 202506, 202507, 202508, 202509, 202510, 202604, 202605, 202606","2024-09, 2024-10, 2025-09, 2025-10, 2026-09, 2026-10"
302304,Si Suk,Kaeng Sanam Nang District,Nakhon Ratchasima,Northeast,flood / inundation,0,29,29,180,0.161,17,"202404, 202405, 202406, 202407, 202408, 202409, 202410, 202504, 202505, 202506, 202507, 202508, 202509, 202510, 202604, 202605, 202606","2024-09, 2024-10, 2025-09, 2025-10, 2026-09, 2026-10"
302701,Mueang Yang,Mueang Yang District,Nakhon Ratchasima,Northeast,flood / inundation,0,29,29,180,0.161,17,"202404, 202405, 202406, 202407, 202408, 202409, 202410, 202504, 202505, 202506, 202507, 202508, 202509, 202510, 202604, 202605, 202606","2024-09, 2024-10, 2025-09, 2025-10, 2026-09, 2026-10"
302704,Non Udom,Mueang Yang District,Nakhon Ratchasima,Northeast,flood / inundation,0,29,29,180,0.161,17,"202404, 202405, 202406, 202407, 202408, 202409, 202410, 202504, 202505, 202506, 202507, 202508, 202509, 202510, 202604, 202605, 202606","2024-09, 2024-10, 2025-09, 2025-10, 2026-09, 2026-10"
302803,Phang Thiam,Phra Thong Kham District,Nakhon Ratchasima,Northeast,flood / inundation,0,29,29,180,0.161,17,"202404, 202405, 202406, 202407, 202408, 202409, 202410, 202504, 202505, 202506, 202507, 202508, 202509, 202510, 202604, 202605, 202606","2024-09, 2024-10, 2025-09, 2025-10, 2026-09, 2026-10"
310910,Hai Sok,Phutthaisong District,Burirum,Northeast,flood / inundation,0,29,29,180,0.161,17,"202404, 202405, 202406, 202407, 202408, 202409, 202410, 202504, 202505, 202506, 202507, 202508, 202509, 202510, 202604, 202605, 202606","2024-09, 2024-10, 2025-09, 2025-10, 2026-09, 2026-10"
320715,Yang Sawang,Rattanaburi District,Surin,Northeast,flood / inundation,0,29,29,180,0.161,17,"202404, 202405, 202406, 202407, 202408, 202409, 202410, 202504, 202505, 202506, 202507, 202508, 202509, 202510, 202604, 202605, 202606","2024-09, 2024-10, 2025-09, 2025-10, 2026-09, 2026-10"
321012,Thapthan,Sangkha District,Surin,Northeast,flood / inundation,0,29,29,180,0.161,19,"202405, 202406, 202407, 202408, 202409, 202501, 202502, 202503, 202504, 202505, 202506, 202507, 202508, 202509, 202510, 202512, 202604, 202605, 202606","2024-09, 2024-10, 2025-05, 2025-09, 2025-10, 2026-05, 2026-07, 2026-08, 2026-09"
330306,Nong Kaeo,Kanthararom District,Sisaket,Northeast,flood / inundation,0,29,29,180,0.161,17,"202404, 202405, 202406, 202407, 202408, 202409, 202410, 202504, 202505, 202506, 202507, 202508, 202509, 202510, 202604, 202605, 202606","2024-09, 2024-10, 2025-09, 2025-10, 2026-09, 2026-10"
360103,Phon Thong,Mueang Chaiyaphum District,Chaiyaphum,Northeast,flood / inundation,0,29,29,180,0.161,17,"202404, 202405, 202406, 202407, 202408, 202409, 202410, 202504, 202505, 202506, 202507, 202508, 202509, 202510, 202604, 202605, 202606","2024-09, 2024-10, 2025-09, 2025-10, 2026-09, 2026-10"
360105,Ban Khai,Mueang Chaiyaphum District,Chaiyaphum,Northeast,flood / inundation,0,29,29,180,0.161,17,"202404, 202405, 202406, 202407, 202408, 202409, 202410, 202504, 202505, 202506, 202507, 202508, 202509, 202510, 202604, 202605, 202606","2024-09, 2024-10, 2025-09, 2025-10, 2026-09, 2026-10"
360106,Kut Tum,Mueang Chaiyaphum District,Chaiyaphum,Northeast,flood / inundation,0,29,29,180,0.161,17,"202404, 202405, 202406, 202407, 202408, 202409, 202410, 202504, 202505, 202506, 202507, 202508, 202509, 202510, 202604, 202605, 202606","2024-09, 2024-10, 2025-09, 2025-10, 2026-09, 2026-10"
360107,Chilong,Mueang Chaiyaphum District,Chaiyaphum,Northeast,flood / inundation,0,29,29,180,0.161,17,"202404, 202405, 202406, 202407, 202408, 202409, 202410, 202504, 202505, 202506, 202507, 202508, 202509, 202510, 202604, 202605, 202606","2024-09, 2024-10, 2025-09, 2025-10, 2026-09, 2026-10"
360111,Lat Yai,Mueang Chaiyaphum District,Chaiyaphum,Northeast,flood / inundation,0,29,29,180,0.161,17,"202404, 202405, 202406, 202407, 202408, 202409, 202410, 202504, 202505, 202506, 202507, 202508, 202509, 202510, 202604, 202605, 202606","2024-09, 2024-10, 2025-09, 2025-10, 2026-09, 2026-10"
360112,Nong Phai,Mueang Chaiyaphum District,Chaiyaphum,Northeast,flood / inundation,0,29,29,180,0.161,17,"202404, 202405, 202406, 202407, 202408, 202409, 202410, 202504, 202505, 202506, 202507, 202508, 202509, 202510, 202604, 202605, 202606","2024-09, 2024-10, 2025-09, 2025-10, 2026-09, 2026-10"
360116,Non Samran,Mueang Chaiyaphum District,Chaiyaphum,Northeast,flood / inundation,0,29,29,180,0.161,17,"202404, 202405, 202406, 202407, 202408, 202409, 202410, 202504, 202505, 202506, 202507, 202508, 202509, 202510, 202604, 202605, 202606","2024-09, 2024-10, 2025-09, 2025-10, 2026-09, 2026-10"
360118,Bung Khla,Mueang Chaiyaphum District,Chaiyaphum,Northeast,flood / inundation,0,29,29,180,0.161,17,"202404, 202405, 202406, 202407, 202408, 202409, 202410, 202504, 202505, 202506, 202507, 202508, 202509, 202510, 202604, 202605, 202606","2024-09, 2024-10, 2025-09, 2025-10, 2026-09, 2026-10"
360203,Lum Lam Chi,Ban Khwao District,Chaiyaphum,Northeast,flood / inundation,0,29,29,180,0.161,17,"202404, 202405, 202406, 202407, 202408, 202409, 202410, 202504, 202505, 202506, 202507, 202508, 202509, 202510, 202604, 202605, 202606","2024-09, 2024-10, 2025-09, 2025-10, 2026-09, 2026-10"
360301,Khon Sawan,Khon Sawan District,Chaiyaphum,Northeast,flood / inundation,0,29,29,180,0.161,17,"202404, 202405, 202406, 202407, 202408, 202409, 202410, 202504, 202505, 202506, 202507, 202508, 202509, 202510, 202604, 202605, 202606","2024-09, 2024-10, 2025-09, 2025-10, 2026-09, 2026-10"
360309,Si Samran,Khon Sawan District,Chaiyaphum,Northeast,flood / inundation,0,29,29,180,0.161,17,"202404, 202405, 202406, 202407, 202408, 202409, 202410, 202504, 202505, 202506, 202507, 202508, 202509, 202510, 202604, 202605, 202606","2024-09, 2024-10, 2025-09, 2025-10, 2026-09, 2026-10"
360607,Lahan,Chatturat District,Chaiyaphum,Northeast,flood / inundation,0,29,29,180,0.161,17,"202404, 202405, 202406, 202407, 202408, 202409, 202410, 202504, 202505, 202506, 202507, 202508, 202509, 202510, 202604, 202605, 202606","2024-09, 2024-10, 2025-09, 2025-10, 2026-09, 2026-10"
361502,Ta Noen,Noen Sa-nga District,Chaiyaphum,Northeast,flood / inundation,0,29,29,180,0.161,17,"202404, 202405, 202406, 202407, 202408, 202409, 202410, 202504, 202505, 202506, 202507, 202508, 202509, 202510, 202604, 202605, 202606","2024-09, 2024-10, 2025-09, 2025-10, 2026-09, 2026-10"
361503,Kahat,Noen Sa-nga District,Chaiyaphum,Northeast,flood / inundation,0,29,29,180,0.161,17,"202404, 202405, 202406, 202407, 202408, 202409, 202410, 202504, 202505, 202506, 202507, 202508, 202509, 202510, 202604, 202605, 202606","2024-09, 2024-10, 2025-09, 2025-10, 2026-09, 2026-10"
401303,Non Thong,Waeng Yai District,Khon Kaen,Northeast,flood / inundation,0,29,29,180,0.161,17,"202404, 202405, 202406, 202407, 202408, 202409, 202410, 202504, 202505, 202506, 202507, 202508, 202509, 202510, 202604, 202605, 202606","2024-09, 2024-10, 2025-09, 2025-10, 2026-09, 2026-10"
401305,Non Sa-At,Waeng Yai District,Khon Kaen,Northeast,flood / inundation,0,29,29,180,0.161,17,"202404, 202405, 202406, 202407, 202408, 202409, 202410, 202504, 202505, 202506, 202507, 202508, 202509, 202510, 202604, 202605, 202606","2024-09, 2024-10, 2025-09, 2025-10, 2026-09, 2026-10"
401403,Tha Nang Naeo,Waeng Noi District,Khon Kaen,Northeast,flood / inundation,0,29,29,180,0.161,17,"202404, 202405, 202406, 202407, 202408, 202409, 202410, 202504, 202505, 202506, 202507, 202508, 202509, 202510, 202604, 202605, 202606","2024-09, 2024-10, 2025-09, 2025-10, 2026-09, 2026-10"
401404,Lahan Na,Waeng Noi District,Khon Kaen,Northeast,flood / inundation,0,29,29,180,0.161,17,"202404, 202405, 202406, 202407, 202408, 202409, 202410, 202504, 202505, 202506, 202507, 202508, 202509, 202510, 202604, 202605, 202606","2024-09, 2024-10, 2025-09, 2025-10, 2026-09, 2026-10"
401405,Tha Wat,Waeng Noi District,Khon Kaen,Northeast,flood / inundation,0,29,29,180,0.161,17,"202404, 202405, 202406, 202407, 202408, 202409, 202410, 202504, 202505, 202506, 202507, 202508, 202509, 202510, 202604, 202605, 202606","2024-09, 2024-10, 2025-09, 2025-10, 2026-09, 2026-10"
401803,Wang Saeng,Chonnabot District,Khon Kaen,Northeast,flood / inundation,0,29,29,180,0.161,17,"202404, 202405, 202406, 202407, 202408, 202409, 202410, 202504, 202505, 202506, 202507, 202508, 202509, 202510, 202604, 202605, 202606","2024-09, 2024-10, 2025-09, 2025-10, 2026-09, 2026-10"
402201,Ban Khok,Khok Pho Chai District,Khon Kaen,Northeast,flood / inundation,0,29,29,180,0.161,17,"202404, 202405, 202406, 202407, 202408, 202409, 202410, 202504, 202505, 202506, 202507, 202508, 202509, 202510, 202604, 202605, 202606","2024-09, 2024-10, 2025-09, 2025-10, 2026-09, 2026-10"
402202,Pho Chai,Khok Pho Chai District,Khon Kaen,Northeast,flood / inundation,0,29,29,180,0.161,17,"202404, 202405, 202406, 202407, 202408, 202409, 202410, 202504, 202505, 202506, 202507, 202508, 202509, 202510, 202604, 202605, 202606","2024-09, 2024-10, 2025-09, 2025-10, 2026-09, 2026-10"
402204,Na Phaeng,Khok Pho Chai District,Khon Kaen,Northeast,flood / inundation,0,29,29,180,0.161,17,"202404, 202405, 202406, 202407, 202408, 202409, 202410, 202504, 202505, 202506, 202507, 202508, 202509, 202510, 202604, 202605, 202606","2024-09, 2024-10, 2025-09, 2025-10, 2026-09, 2026-10"
450702,Khok Kok Muang,Phon Thong District,Roi Et,Northeast,flood / inundation,0,29,29,180,0.161,17,"202403, 202404, 202405, 202406, 202407, 202408, 202409, 202503, 202504, 202505, 202506, 202507, 202508, 202509, 202604, 202605, 202606","2024-07, 2024-08, 2024-09, 2025-07, 2025-09, 2026-07, 2026-08, 2026-09"
451012,Na Loeng,Selaphum District,Roi Et,Northeast,flood / inundation,0,29,29,180,0.161,18,"202403, 202404, 202405, 202406, 202407, 202408, 202409, 202410, 202503, 202504, 202505, 202506, 202507, 202508, 202509, 202510, 202605, 202606","2024-07, 2024-08, 2024-10, 2025-07, 2025-10, 2026-07, 2026-08, 2026-10"
451301,Phon Sai,Phon Sai District,Roi Et,Northeast,flood / inundation,0,29,29,180,0.161,17,"202404, 202405, 202406, 202407, 202408, 202409, 202410, 202504, 202505, 202506, 202507, 202508, 202509, 202510, 202604, 202605, 202606","2024-09, 2024-10, 2025-09, 2025-10, 2026-09, 2026-10"
451902,Sao Hae,Nong Hi District,Roi Et,Northeast,flood / inundation,0,29,29,180,0.161,17,"202404, 202405, 202406, 202407, 202408, 202409, 202410, 202504, 202505, 202506, 202507, 202508, 202509, 202510, 202604, 202605, 202606","2024-09, 2024-10, 2025-09, 2025-10, 2026-09, 2026-10"
460311,Khok Sombun,Kamalasai District,Kalasin,Northeast,flood / inundation,0,29,29,180,0.161,18,"202402, 202403, 202404, 202405, 202406, 202407, 202408, 202409, 202503, 202504, 202505, 202506, 202507, 202508, 202509, 202604, 202605, 202606","2024-07, 2024-08, 2024-09, 2025-07, 2025-09, 2026-08, 2026-09"
530808,Dan Mae Kham Man,Laplae District,Auttaradit,North,flood / inundation,0,29,29,180,0.161,19,"202404, 202405, 202406, 202407, 202409, 202412, 202501, 202502, 202503, 202504, 202505, 202506, 202509, 202510, 202512, 202601, 202602, 202603, 202604","2024-09, 2024-10, 2025-05, 2025-06, 2025-09, 2025-10, 2026-05, 2026-06"
560703,Mae Suk,Mae Chai District,Phayao,North,flood / inundation,0,29,29,180,0.161,19,"202402, 202403, 202404, 202405, 202406, 202407, 202408, 202409, 202501, 202502, 202503, 202504, 202505, 202506, 202507, 202508, 202509, 202604, 202606","2024-07, 2024-09, 2024-10, 2025-06, 2025-08, 2025-10, 2026-05, 2026-06"
571803,Nong Pa Ko,Doi Luang District,Chiangrai,North,flood / inundation,0,29,29,180,0.161,21,"202403, 202404, 202405, 202406, 202407, 202408, 202409, 202501, 202502, 202503, 202504, 202505, 202506, 202507, 202508, 202601, 202602, 202603, 202604, 202605, 202606","2024-07, 2024-08, 2024-09, 2025-05, 2025-08, 2026-05, 2026-06, 2026-07, 2026-08"
600401,Nong Bua,Nong Bua District,Nakhon Sawan,North,flood / inundation,0,29,29,180,0.161,17,"202404, 202405, 202406, 202407, 202408, 202409, 202410, 202504, 202505, 202506, 202507, 202508, 202509, 202510, 202604, 202605, 202606","2024-09, 2024-10, 2025-09, 2025-10, 2026-09, 2026-10"
600403,Than Thahan,Nong Bua District,Nakhon Sawan,North,flood / inundation,0,29,29,180,0.161,17,"202404, 202405, 202406, 202407, 202408, 202409, 202410, 202504, 202505, 202506, 202507, 202508, 202509, 202510, 202604, 202605, 202606","2024-09, 2024-10, 2025-09, 2025-10, 2026-09, 2026-10"
600405,Huai Thua Tai,Nong Bua District,Nakhon Sawan,North,flood / inundation,0,29,29,180,0.161,17,"202404, 202405, 202406, 202407, 202408, 202409, 202410, 202504, 202505, 202506, 202507, 202508, 202509, 202510, 202604, 202605, 202606","2024-09, 2024-10, 2025-09, 2025-10, 2026-09, 2026-10"
600406,Huai Thua Nuea,Nong Bua District,Nakhon Sawan,North,flood / inundation,0,29,29,180,0.161,17,"202404, 202405, 202406, 202407, 202408, 202409, 202410, 202504, 202505, 202506, 202507, 202508, 202509, 202510, 202604, 202605, 202606","2024-09, 2024-10, 2025-09, 2025-10, 2026-09, 2026-10"
600504,Ang Thong,Banphot Phisai District,Nakhon Sawan,North,flood / inundation,0,29,29,180,0.161,17,"202404, 202405, 202406, 202407, 202408, 202409, 202410, 202411, 202505, 202506, 202507, 202508, 202509, 202510, 202511, 202605, 202606","2024-09, 2024-10, 2024-11, 2025-10, 2025-11, 2026-10, 2026-11"
600701,Ta Khli,Takhli District,Nakhon Sawan,North,flood / inundation,0,29,29,180,0.161,17,"202404, 202405, 202406, 202407, 202408, 202409, 202410, 202504, 202505, 202506, 202507, 202508, 202509, 202510, 202604, 202605, 202606","2024-09, 2024-10, 2025-09, 2025-10, 2026-09, 2026-10"
600806,Don Kha,Tha Tako District,Nakhon Sawan,North,flood / inundation,0,29,29,180,0.161,17,"202404, 202405, 202406, 202407, 202408, 202409, 202410, 202504, 202505, 202506, 202507, 202508, 202509, 202510, 202604, 202605, 202606","2024-09, 2024-10, 2025-09, 2025-10, 2026-09, 2026-10"
620406,Salok Bat,Khanu Woralaksaburi District,Kampaeng Phet,North,flood / inundation,0,29,29,180,0.161,17,"202404, 202405, 202406, 202407, 202408, 202409, 202410, 202504, 202505, 202506, 202507, 202508, 202509, 202510, 202604, 202605, 202606","2024-09, 2024-10, 2025-09, 2025-10, 2026-09, 2026-10"
640704,Wang Phin Phat,Sawankhalok District,Sukhothai,North,flood / inundation,0,29,29,180,0.161,18,"202404, 202405, 202406, 202407, 202408, 202412, 202501, 202502, 202503, 202504, 202505, 202506, 202507, 202508, 202509, 202510, 202602, 202604","2024-09, 2024-10, 2025-05, 2025-06, 2025-10, 2026-05, 2026-06"
640705,Wang Mai Khon,Sawankhalok District,Sukhothai,North,flood / inundation,0,29,29,180,0.161,19,"202404, 202405, 202406, 202407, 202408, 202411, 202412, 202501, 202502, 202503, 202504, 202505, 202506, 202507, 202508, 202509, 202510, 202602, 202604","2024-09, 2024-10, 2024-11, 2025-05, 2025-10, 2025-11, 2026-05, 2026-06"
650610,Matong,Phrom Phiram District,Phitsanu Lok,North,flood / inundation,0,29,29,180,0.161,16,"202404, 202405, 202406, 202407, 202408, 202409, 202504, 202505, 202506, 202507, 202508, 202509, 202510, 202604, 202605, 202606","2024-09, 2024-10, 2025-09, 2025-10, 2025-11, 2026-05, 2026-09"
660120,Dong Klang,Mueang Phichit District,Phichit,North,flood / inundation,0,29,29,180,0.161,17,"202404, 202405, 202406, 202407, 202408, 202409, 202410, 202504, 202505, 202506, 202507, 202508, 202509, 202510, 202604, 202605, 202606","2024-09, 2024-10, 2025-09, 2025-10, 2026-09, 2026-10"
660801,Thap Khlo,Thap Khlo District,Phichit,North,flood / inundation,0,29,29,180,0.161,17,"202405, 202406, 202407, 202408, 202409, 202501, 202502, 202503, 202504, 202505, 202506, 202507, 202508, 202509, 202604, 202605, 202606","2024-09, 2025-05, 2025-07, 2025-08, 2025-09, 2026-09"
661005,Bueng Na Rang,Bueng Na Rang District,Phichit,North,flood / inundation,0,29,29,180,0.161,17,"202404, 202405, 202406, 202407, 202408, 202409, 202410, 202504, 202505, 202506, 202507, 202508, 202509, 202510, 202604, 202605, 202606","2024-09, 2024-10, 2025-09, 2025-10, 2026-09, 2026-10"
670603,Khlong Krachang,Si Thep District,Phetchabun,North,flood / inundation,0,29,29,180,0.161,17,"202404, 202405, 202406, 202407, 202408, 202409, 202410, 202504, 202505, 202506, 202507, 202508, 202509, 202510, 202604, 202605, 202606","2024-09, 2024-10, 2025-09, 2025-10, 2026-09, 2026-10"
800706,Ban Tun,Cha-uat District,Nakhon Si Thammarat,southeast,flood / inundation,0,29,29,180,0.161,16,"202406, 202407, 202408, 202409, 202410, 202411, 202412, 202501, 202506, 202507, 202508, 202509, 202510, 202511, 202512, 202606","2024-11, 2024-12, 2025-01, 2025-11, 2025-12, 2026-11"
800810,Don Tako,Tha Sala District,Nakhon Si Thammarat,southeast,flood / inundation,0,29,29,180,0.161,17,"202406, 202407, 202408, 202409, 202410, 202411, 202412, 202501, 202506, 202507, 202508, 202509, 202510, 202511, 202512, 202601, 202606","2024-11, 2024-12, 2025-01, 2025-02, 2025-11, 2025-12, 2026-01, 2026-02, 2026-11"
800813,Pho Thong,Tha Sala District,Nakhon Si Thammarat,southeast,flood / inundation,0,29,29,180,0.161,17,"202406, 202407, 202408, 202409, 202410, 202411, 202412, 202501, 202506, 202507, 202508, 202509, 202510, 202511, 202512, 202601, 202606","2024-11, 2024-12, 2025-01, 2025-02, 2025-11, 2025-12, 2026-01, 2026-02, 2026-11"
820406,Khok Kloi,Takua Thung District,Phang Nga,southwest,flood / inundation,0,29,29,180,0.161,15,"202403, 202404, 202405, 202406, 202407, 202408, 202409, 202410, 202411, 202506, 202507, 202508, 202509, 202510, 202511","2024-07, 2024-08, 2024-09, 2024-10, 2024-11, 2025-06, 2025-10, 2025-11"
820407,Khlong Khian,Takua Thung District,Phang Nga,southwest,flood / inundation,0,29,29,180,0.161,18,"202403, 202404, 202405, 202406, 202407, 202408, 202409, 202410, 202503, 202504, 202505, 202506, 202507, 202508, 202603, 202604, 202605, 202606","2024-08, 2024-09, 2024-10, 2025-08, 2025-09, 2026-08"
860403,Tha Maphla,Lang Suan District,Chumphon,southeast,flood / inundation,0,29,29,180,0.161,19,"202403, 202404, 202405, 202406, 202407, 202408, 202409, 202410, 202411, 202412, 202507, 202508, 202509, 202510, 202511, 202512, 202604, 202605, 202606","2024-08, 2024-10, 2024-11, 2024-12, 2025-12, 2026-08, 2026-09"
910505,Nam Phut,La-ngu District,Satun,southwest,flood / inundation,0,29,29,180,0.161,20,"202404, 202405, 202406, 202407, 202408, 202409, 202410, 202411, 202412, 202502, 202503, 202504, 202505, 202506, 202507, 202508, 202509, 202512, 202604, 202605","2024-07, 2024-09, 2024-10, 2024-12, 2025-07, 2025-09, 2025-10, 2025-12, 2026-09"
960202,Phrai Wan,Tak Bai District,Narathiwat,southeast,flood / inundation,0,29,29,180,0.161,14,"202406, 202407, 202408, 202409, 202410, 202411, 202412, 202501, 202507, 202508, 202509, 202510, 202511, 202512","2024-11, 2024-12, 2025-01, 2025-02, 2025-11, 2025-12, 2026-01"
960205,Bang Khun Thong,Tak Bai District,Narathiwat,southeast,flood / inundation,0,29,29,180,0.161,14,"202406, 202407, 202408, 202409, 202410, 202411, 202412, 202501, 202507, 202508, 202509, 202510, 202511, 202512","2024-11, 2024-12, 2025-01, 2025-02, 2025-11, 2025-12, 2026-01"
960403,Cho Bo,Yi-ngo District,Narathiwat,southeast,flood / inundation,0,29,29,180,0.161,14,"202406, 202407, 202408, 202409, 202410, 202411, 202412, 202501, 202507, 202508, 202509, 202510, 202511, 202512","2024-11, 2024-12, 2025-01, 2025-02, 2025-12, 2026-01"
960404,Lubo Baya,Yi-ngo District,Narathiwat,southeast,flood / inundation,0,29,29,180,0.161,14,"202406, 202407, 202408, 202409, 202410, 202411, 202412, 202501, 202507, 202508, 202509, 202510, 202511, 202512","2024-11, 2024-12, 2025-01, 2025-02, 2025-12, 2026-01"
960406,Tapo Yo,Yi-ngo District,Narathiwat,southeast,flood / inundation,0,29,29,180,0.161,14,"202406, 202407, 202408, 202409, 202410, 202411, 202412, 202501, 202507, 202508, 202509, 202510, 202511, 202512","2024-11, 2024-12, 2025-01, 2025-02, 2025-12, 2026-01"
960508,Ba-Ngo Sato,Ra-ngae District,Narathiwat,southeast,flood / inundation,0,29,29,180,0.161,14,"202406, 202407, 202408, 202409, 202410, 202411, 202412, 202501, 202507, 202508, 202509, 202510, 202511, 202512","2024-11, 2024-12, 2025-01, 2025-02, 2025-12, 2026-01"
140110,Suan Phrik,Phra Nakhon Si Ayutthaya District,Phra Nakhon Si Ayudhya,Central,flood / inundation,0,28,28,180,0.156,20,"202402, 202403, 202404, 202405, 202406, 202407, 202408, 202409, 202410, 202505, 202506, 202507, 202508, 202509, 202510, 202602, 202603, 202604, 202605, 202606","2024-07, 2024-08, 2024-09, 2024-10, 2025-10, 2026-07, 2026-08, 2026-10"
140112,Wat Tum,Phra Nakhon Si Ayutthaya District,Phra Nakhon Si Ayudhya,Central,flood / inundation,0,28,28,180,0.156,20,"202402, 202403, 202404, 202405, 202406, 202407, 202408, 202409, 202410, 202505, 202506, 202507, 202508, 202509, 202510, 202602, 202603, 202604, 202605, 202606","2024-07, 2024-08, 2024-09, 2024-10, 2025-10, 2026-07, 2026-08, 2026-10"
140114,Lumphli,Phra Nakhon Si Ayutthaya District,Phra Nakhon Si Ayudhya,Central,flood / inundation,0,28,28,180,0.156,20,"202402, 202403, 202404, 202405, 202406, 202407, 202408, 202409, 202410, 202505, 202506, 202507, 202508, 202509, 202510, 202602, 202603, 202604, 202605, 202606","2024-07, 2024-08, 2024-09, 2024-10, 2025-10, 2026-07, 2026-08, 2026-10"
140302,Tha Chang,Nakhon Luang District,Phra Nakhon Si Ayudhya,Central,flood / inundation,0,28,28,180,0.156,18,"202405, 202406, 202407, 202408, 202409, 202410, 202503, 202504, 202505, 202506, 202507, 202508, 202509, 202510, 202603, 202604, 202605, 202606","2024-08, 2024-09, 2024-10, 2025-08, 2025-10, 2026-08, 2026-10"
140414,Phai Phra,Bang Sai District,Phra Nakhon Si Ayudhya,Central,flood / inundation,0,28,28,180,0.156,16,"202405, 202406, 202407, 202408, 202409, 202410, 202411, 202505, 202506, 202507, 202508, 202509, 202510, 202511, 202605, 202606","2024-09, 2024-10, 2024-11, 2025-10, 2025-11, 2026-10, 2026-11"
140614,Khung Lan,Bang Pa-in District,Phra Nakhon Si Ayudhya,Central,flood / inundation,0,28,28,180,0.156,16,"202405, 202406, 202407, 202408, 202409, 202410, 202411, 202505, 202506, 202507, 202508, 202509, 202510, 202511, 202605, 202606","2024-09, 2024-10, 2024-11, 2025-10, 2025-11, 2026-10, 2026-11"
140615,Taling Chan,Bang Pa-in District,Phra Nakhon Si Ayudhya,Central,flood / inundation,0,28,28,180,0.156,16,"202405, 202406, 202407, 202408, 202409, 202410, 202411, 202505, 202506, 202507, 202508, 202509, 202510, 202511, 202605, 202606","2024-09, 2024-10, 2024-11, 2025-10, 2025-11, 2026-10, 2026-11"
141102,Bo Ta Lo,Wang Noi District,Phra Nakhon Si Ayudhya,Central,flood / inundation,0,28,28,180,0.156,16,"202405, 202406, 202407, 202408, 202409, 202410, 202411, 202505, 202506, 202507, 202508, 202509, 202510, 202511, 202605, 202606","2024-09, 2024-10, 2024-11, 2025-10, 2025-11, 2026-10, 2026-11"
141216,Ban Luang,Sena District,Phra Nakhon Si Ayudhya,Central,flood / inundation,0,28,28,180,0.156,16,"202405, 202406, 202407, 202408, 202409, 202410, 202411, 202505, 202506, 202507, 202508, 202509, 202510, 202511, 202605, 202606","2024-09, 2024-10, 2024-11, 2025-10, 2025-11, 2026-10, 2026-11"
150209,Tri Narong,Chaiyo District,Ang Thong,Central,flood / inundation,0,28,28,180,0.156,16,"202405, 202406, 202407, 202408, 202409, 202410, 202411, 202505, 202506, 202507, 202508, 202509, 202510, 202511, 202605, 202606","2024-09, 2024-10, 2024-11, 2025-10, 2025-11, 2026-10, 2026-11"
150401,Ang Kaeo,Pho Thong District,Ang Thong,Central,flood / inundation,0,28,28,180,0.156,16,"202405, 202406, 202407, 202408, 202409, 202410, 202411, 202505, 202506, 202507, 202508, 202509, 202510, 202511, 202605, 202606","2024-09, 2024-10, 2024-11, 2025-10, 2025-11, 2026-10, 2026-11"
150406,Bang Rakam,Pho Thong District,Ang Thong,Central,flood / inundation,0,28,28,180,0.156,16,"202405, 202406, 202407, 202408, 202409, 202410, 202411, 202505, 202506, 202507, 202508, 202509, 202510, 202511, 202605, 202606","2024-09, 2024-10, 2024-11, 2025-10, 2025-11, 2026-10, 2026-11"
150506,Huai Phai,Sawaeng Ha District,Ang Thong,Central,flood / inundation,0,28,28,180,0.156,16,"202405, 202406, 202407, 202408, 202409, 202410, 202411, 202505, 202506, 202507, 202508, 202509, 202510, 202511, 202605, 202606","2024-09, 2024-10, 2024-11, 2025-10, 2025-11, 2026-10, 2026-11"
160501,Tha Wung,Tha Wung District,Lopburi,Central,flood / inundation,0,28,28,180,0.156,16,"202405, 202406, 202407, 202408, 202409, 202410, 202411, 202505, 202506, 202507, 202508, 202509, 202510, 202511, 202605, 202606","2024-09, 2024-10, 2024-11, 2025-10, 2025-11, 2026-10, 2026-11"
160502,Bang Khu,Tha Wung District,Lopburi,Central,flood / inundation,0,28,28,180,0.156,16,"202405, 202406, 202407, 202408, 202409, 202410, 202411, 202505, 202506, 202507, 202508, 202509, 202510, 202511, 202605, 202606","2024-09, 2024-10, 2024-11, 2025-10, 2025-11, 2026-10, 2026-11"
160503,Pho Talat Kaeo,Tha Wung District,Lopburi,Central,flood / inundation,0,28,28,180,0.156,16,"202405, 202406, 202407, 202408, 202409, 202410, 202411, 202505, 202506, 202507, 202508, 202509, 202510, 202511, 202605, 202606","2024-09, 2024-10, 2024-11, 2025-10, 2025-11, 2026-10, 2026-11"
160504,Bang Li,Tha Wung District,Lopburi,Central,flood / inundation,0,28,28,180,0.156,16,"202405, 202406, 202407, 202408, 202409, 202410, 202411, 202505, 202506, 202507, 202508, 202509, 202510, 202511, 202605, 202606","2024-09, 2024-10, 2024-11, 2025-10, 2025-11, 2026-10, 2026-11"
160505,Bang Nga,Tha Wung District,Lopburi,Central,flood / inundation,0,28,28,180,0.156,16,"202405, 202406, 202407, 202408, 202409, 202410, 202411, 202505, 202506, 202507, 202508, 202509, 202510, 202511, 202605, 202606","2024-09, 2024-10, 2024-11, 2025-10, 2025-11, 2026-10, 2026-11"
160506,Khok Salut,Tha Wung District,Lopburi,Central,flood / inundation,0,28,28,180,0.156,16,"202405, 202406, 202407, 202408, 202409, 202410, 202411, 202505, 202506, 202507, 202508, 202509, 202510, 202511, 202605, 202606","2024-09, 2024-10, 2024-11, 2025-10, 2025-11, 2026-10, 2026-11"
160507,Khao Samo Khon,Tha Wung District,Lopburi,Central,flood / inundation,0,28,28,180,0.156,16,"202405, 202406, 202407, 202408, 202409, 202410, 202411, 202505, 202506, 202507, 202508, 202509, 202510, 202511, 202605, 202606","2024-09, 2024-10, 2024-11, 2025-10, 2025-11, 2026-10, 2026-11"
160511,Mutchalin,Tha Wung District,Lopburi,Central,flood / inundation,0,28,28,180,0.156,16,"202405, 202406, 202407, 202408, 202409, 202410, 202411, 202505, 202506, 202507, 202508, 202509, 202510, 202511, 202605, 202606","2024-09, 2024-10, 2024-11, 2025-10, 2025-11, 2026-10, 2026-11"
170103,Phok Ruam,Mueang Sing Buri District,Singburi,Central,flood / inundation,0,28,28,180,0.156,16,"202405, 202406, 202407, 202408, 202409, 202410, 202411, 202505, 202506, 202507, 202508, 202509, 202510, 202511, 202605, 202606","2024-09, 2024-10, 2024-11, 2025-10, 2025-11, 2026-10, 2026-11"
170105,Hua Phai,Mueang Sing Buri District,Singburi,Central,flood / inundation,0,28,28,180,0.156,16,"202405, 202406, 202407, 202408, 202409, 202410, 202411, 202505, 202506, 202507, 202508, 202509, 202510, 202511, 202605, 202606","2024-09, 2024-10, 2024-11, 2025-10, 2025-11, 2026-10, 2026-11"
170501,Thon Samo,Tha Chang District,Singburi,Central,flood / inundation,0,28,28,180,0.156,16,"202405, 202406, 202407, 202408, 202409, 202410, 202411, 202505, 202506, 202507, 202508, 202509, 202510, 202511, 202605, 202606","2024-09, 2024-10, 2024-11, 2025-10, 2025-11, 2026-10, 2026-11"
170504,Phikun Thong,Tha Chang District,Singburi,Central,flood / inundation,0,28,28,180,0.156,16,"202405, 202406, 202407, 202408, 202409, 202410, 202411, 202505, 202506, 202507, 202508, 202509, 202510, 202511, 202605, 202606","2024-09, 2024-10, 2024-11, 2025-10, 2025-11, 2026-10, 2026-11"
170610,Pho Chai,In Buri District,Singburi,Central,flood / inundation,0,28,28,180,0.156,16,"202405, 202406, 202407, 202408, 202409, 202410, 202411, 202505, 202506, 202507, 202508, 202509, 202510, 202511, 202605, 202606","2024-09, 2024-10, 2024-11, 2025-10, 2025-11, 2026-10, 2026-11"
180104,Chai Nat,Mueang Chai Nat District,Chainat,Central,flood / inundation,0,28,28,180,0.156,16,"202405, 202406, 202407, 202408, 202409, 202410, 202411, 202505, 202506, 202507, 202508, 202509, 202510, 202511, 202605, 202606","2024-09, 2024-10, 2024-11, 2025-10, 2025-11, 2026-10, 2026-11"
343202,Tha Chang,Sawang Wirawong District,Ubon Ratchathani,Northeast,flood / inundation,0,28,28,180,0.156,16,"202405, 202406, 202407, 202408, 202409, 202410, 202504, 202505, 202506, 202507, 202508, 202509, 202510, 202604, 202605, 202606","2024-09, 2024-10, 2025-09, 2025-10, 2026-09, 2026-10"
400104,Tha Phra,Mueang Khon Kaen District,Khon Kaen,Northeast,flood / inundation,0,28,28,180,0.156,18,"202403, 202405, 202406, 202407, 202408, 202409, 202410, 202503, 202504, 202505, 202506, 202507, 202508, 202509, 202510, 202604, 202605, 202606","2024-07, 2024-08, 2024-10, 2025-07, 2025-10, 2026-09, 2026-10"
460301,Kamalasai,Kamalasai District,Kalasin,Northeast,flood / inundation,0,28,28,180,0.156,18,"202402, 202403, 202404, 202405, 202406, 202407, 202408, 202409, 202503, 202504, 202505, 202506, 202507, 202508, 202509, 202604, 202605, 202606","2024-07, 2024-08, 2024-09, 2025-07, 2025-09, 2026-08, 2026-09"
460305,Thanya,Kamalasai District,Kalasin,Northeast,flood / inundation,0,28,28,180,0.156,19,"202402, 202403, 202404, 202405, 202406, 202407, 202408, 202409, 202410, 202503, 202504, 202505, 202506, 202507, 202508, 202509, 202510, 202605, 202606","2024-07, 2024-08, 2024-10, 2025-07, 2025-10, 2026-08, 2026-10"
471203,Kham Sa-At,Sawang Daen Din District,Sakon Nakhon,Northeast,flood / inundation,0,28,28,180,0.156,17,"202404, 202405, 202406, 202407, 202408, 202409, 202410, 202504, 202505, 202506, 202507, 202508, 202509, 202510, 202604, 202605, 202606","2024-08, 2024-09, 2024-10, 2025-07, 2025-08, 2025-09, 2025-10, 2026-07, 2026-08, 2026-09"
501705,Bong Tan,Doi Tao District,Chiang Mai,North,flood / inundation,0,28,28,180,0.156,18,"202403, 202404, 202405, 202406, 202407, 202408, 202409, 202501, 202503, 202504, 202505, 202506, 202507, 202508, 202509, 202604, 202605, 202606","2024-08, 2024-09, 2025-06, 2025-08, 2025-09, 2026-06, 2026-09"
502402,Song Khwae,Doi Lo District,Chiang Mai,North,flood / inundation,0,28,28,180,0.156,20,"202403, 202404, 202405, 202406, 202407, 202408, 202409, 202412, 202501, 202502, 202503, 202504, 202505, 202507, 202508, 202509, 202510, 202604, 202605, 202606","2024-08, 2024-09, 2024-10, 2025-05, 2025-09, 2025-10, 2026-06, 2026-09"
540401,Sung Men,Sung Men District,Phrae,North,flood / inundation,0,28,28,180,0.156,19,"202403, 202404, 202405, 202406, 202407, 202408, 202409, 202410, 202505, 202506, 202507, 202508, 202509, 202510, 202601, 202602, 202603, 202604, 202605","2024-08, 2024-09, 2024-10, 2025-10, 2026-05, 2026-10"
540607,Daen Chumphon,Song District,Phrae,North,flood / inundation,0,28,28,180,0.156,17,"202403, 202404, 202405, 202406, 202407, 202408, 202410, 202507, 202508, 202509, 202510, 202601, 202602, 202603, 202604, 202605, 202606","2024-08, 2024-09, 2024-10, 2025-08, 2025-10, 2026-05, 2026-08"
571602,Chom Mok Kaeo,Mae Lao District,Chiangrai,North,flood / inundation,0,28,28,180,0.156,21,"202403, 202404, 202405, 202406, 202407, 202408, 202409, 202501, 202502, 202503, 202504, 202505, 202506, 202507, 202508, 202601, 202602, 202603, 202604, 202605, 202606","2024-08, 2024-09, 2025-05, 2025-08, 2026-05, 2026-08"
711101,Dan Makham Tia,Dan Makham Tia District,Kanchanaburi,Central,flood / inundation,0,28,28,180,0.156,16,"202404, 202405, 202406, 202407, 202408, 202409, 202410, 202411, 202504, 202506, 202507, 202508, 202509, 202510, 202511, 202606","2024-09, 2024-10, 2024-11, 2025-09, 2025-10, 2025-11, 2026-11"
720202,Doem Bang,Doem Bang Nang Buat District,Suphan Buri,Central,flood / inundation,0,28,28,180,0.156,16,"202405, 202406, 202407, 202408, 202409, 202410, 202411, 202505, 202506, 202507, 202508, 202509, 202510, 202511, 202605, 202606","2024-09, 2024-10, 2024-11, 2025-10, 2025-11, 2026-10, 2026-11"
720205,Pak Nam,Doem Bang Nang Buat District,Suphan Buri,Central,flood / inundation,0,28,28,180,0.156,16,"202405, 202406, 202407, 202408, 202409, 202410, 202411, 202505, 202506, 202507, 202508, 202509, 202510, 202511, 202605, 202606","2024-09, 2024-10, 2024-11, 2025-10, 2025-11, 2026-10, 2026-11"
800203,In Khiri,Phrom Khiri District,Nakhon Si Thammarat,southeast,flood / inundation,0,28,28,180,0.156,17,"202406, 202407, 202408, 202409, 202410, 202411, 202412, 202501, 202506, 202507, 202508, 202509, 202510, 202511, 202512, 202601, 202606","2024-11, 2024-12, 2025-01, 2025-11, 2025-12, 2026-01, 2026-02, 2026-11"
800416,Chan Di,Chawang District,Nakhon Si Thammarat,southeast,flood / inundation,0,28,28,180,0.156,15,"202401, 202403, 202404, 202405, 202406, 202407, 202408, 202409, 202410, 202411, 202412, 202501, 202503, 202504, 202506","2024-01, 2024-08, 2024-11, 2024-12, 2025-01, 2025-08, 2025-11"
800612,Khao Phrabat,Chian Yai District,Nakhon Si Thammarat,southeast,flood / inundation,0,28,28,180,0.156,16,"202406, 202407, 202408, 202409, 202410, 202411, 202412, 202501, 202507, 202508, 202509, 202510, 202511, 202512, 202601, 202606","2024-11, 2024-12, 2025-01, 2025-02, 2025-11, 2025-12, 2026-01, 2026-02, 2026-11"
800913,Khao Khao,Thung Song District,Nakhon Si Thammarat,southeast,flood / inundation,0,28,28,180,0.156,15,"202405, 202406, 202407, 202408, 202409, 202410, 202411, 202412, 202501, 202510, 202511, 202512, 202601, 202602, 202603","2024-09, 2024-10, 2024-11, 2024-12, 2025-01, 2025-03, 2026-03"
841002,Ton Yuan,Phanom District,Surat Thani,southeast,flood / inundation,0,28,28,180,0.156,17,"202404, 202405, 202406, 202407, 202408, 202409, 202410, 202411, 202504, 202505, 202506, 202507, 202508, 202509, 202510, 202605, 202606","2024-09, 2024-10, 2024-11, 2024-12, 2025-09, 2025-10, 2026-10"
900501,Thepha,Thepha District,Songkhla,southeast,flood / inundation,0,28,28,180,0.156,14,"202406, 202407, 202408, 202409, 202410, 202411, 202412, 202501, 202507, 202508, 202509, 202510, 202511, 202512","2024-11, 2024-12, 2025-01, 2025-12, 2026-01"
900601,Saba Yoi,Saba Yoi District,Songkhla,southeast,flood / inundation,0,28,28,180,0.156,13,"202406, 202407, 202408, 202409, 202410, 202411, 202412, 202507, 202508, 202509, 202510, 202511, 202512","2024-11, 2024-12, 2025-01, 2025-12, 2026-01"
920114,Nong Trut,Mueang Trang District,Trang,southwest,flood / inundation,0,28,28,180,0.156,17,"202403, 202404, 202405, 202406, 202407, 202408, 202409, 202410, 202411, 202412, 202505, 202506, 202507, 202508, 202509, 202510, 202512","2024-08, 2024-09, 2024-10, 2024-11, 2024-12, 2025-10, 2025-11, 2025-12"
940802,Mai Kaen,Mae Kaen District,Pattani,southeast,flood / inundation,0,28,28,180,0.156,14,"202406, 202407, 202408, 202409, 202410, 202411, 202412, 202501, 202507, 202508, 202509, 202510, 202511, 202512","2024-11, 2024-12, 2025-01, 2025-02, 2025-11, 2025-12, 2026-01"
940803,Talo Krai Thong,Mae Kaen District,Pattani,southeast,flood / inundation,0,28,28,180,0.156,14,"202406, 202407, 202408, 202409, 202410, 202411, 202412, 202501, 202507, 202508, 202509, 202510, 202511, 202512","2024-11, 2024-12, 2025-01, 2025-02, 2025-11, 2025-12, 2026-01"
960102,Lamphu,Mueang Narathiwat District,Narathiwat,southeast,flood / inundation,0,28,28,180,0.156,14,"202406, 202407, 202408, 202409, 202410, 202411, 202412, 202501, 202507, 202508, 202509, 202510, 202511, 202512","2024-11, 2024-12, 2025-01, 2025-02, 2025-12, 2026-01"
960103,Manang Tayo,Mueang Narathiwat District,Narathiwat,southeast,flood / inundation,0,28,28,180,0.156,14,"202406, 202407, 202408, 202409, 202410, 202411, 202412, 202501, 202507, 202508, 202509, 202510, 202511, 202512","2024-11, 2024-12, 2025-01, 2025-02, 2025-12, 2026-01"
960104,Bang Po,Mueang Narathiwat District,Narathiwat,southeast,flood / inundation,0,28,28,180,0.156,14,"202406, 202407, 202408, 202409, 202410, 202411, 202412, 202501, 202507, 202508, 202509, 202510, 202511, 202512","2024-11, 2024-12, 2025-01, 2025-02, 2025-12, 2026-01"
960105,Kaluwo,Mueang Narathiwat District,Narathiwat,southeast,flood / inundation,0,28,28,180,0.156,14,"202406, 202407, 202408, 202409, 202410, 202411, 202412, 202501, 202507, 202508, 202509, 202510, 202511, 202512","2024-11, 2024-12, 2025-01, 2025-02, 2025-12, 2026-01"
960106,Kaluwo Nuea,Mueang Narathiwat District,Narathiwat,southeast,flood / inundation,0,28,28,180,0.156,13,"202406, 202407, 202408, 202409, 202410, 202411, 202412, 202507, 202508, 202509, 202510, 202511, 202512","2024-11, 2024-12, 2025-01, 2025-11, 2025-12, 2026-01"
960107,Khok Khian,Mueang Narathiwat District,Narathiwat,southeast,flood / inundation,0,28,28,180,0.156,14,"202406, 202407, 202408, 202409, 202410, 202411, 202412, 202501, 202507, 202508, 202509, 202510, 202511, 202512","2024-11, 2024-12, 2025-01, 2025-02, 2025-12, 2026-01"
960401,Yi Ngo,Yi-ngo District,Narathiwat,southeast,flood / inundation,0,28,28,180,0.156,14,"202406, 202407, 202408, 202409, 202410, 202411, 202412, 202501, 202507, 202508, 202509, 202510, 202511, 202512","2024-11, 2024-12, 2025-01, 2025-02, 2025-12, 2026-01"
960405,Lubo Buesa,Yi-ngo District,Narathiwat,southeast,flood / inundation,0,28,28,180,0.156,14,"202406, 202407, 202408, 202409, 202410, 202411, 202412, 202501, 202507, 202508, 202509, 202510, 202511, 202512","2024-11, 2024-12, 2025-01, 2025-02, 2025-12, 2026-01"
960802,Kayu Khla,Waeng District,Narathiwat,southeast,flood / inundation,0,28,28,180,0.156,14,"202406, 202407, 202408, 202409, 202410, 202411, 202412, 202501, 202507, 202508, 202509, 202510, 202511, 202512","2024-11, 2024-12, 2025-01, 2025-02, 2025-12, 2026-01"
960901,Ma Mong,Sukhirin District,Narathiwat,southeast,flood / inundation,0,28,28,180,0.156,14,"202406, 202407, 202408, 202409, 202410, 202411, 202412, 202501, 202507, 202508, 202509, 202510, 202511, 202512","2024-11, 2024-12, 2025-01, 2025-02, 2025-12, 2026-01"
961101,Paluru,Su-ngai Padi District,Narathiwat,southeast,flood / inundation,0,28,28,180,0.156,14,"202406, 202407, 202408, 202409, 202410, 202411, 202412, 202501, 202507, 202508, 202509, 202510, 202511, 202512","2024-11, 2024-12, 2025-01, 2025-02, 2025-12, 2026-01"
961104,Sako,Su-ngai Padi District,Narathiwat,southeast,flood / inundation,0,28,28,180,0.156,14,"202406, 202407, 202408, 202409, 202410, 202411, 202412, 202501, 202507, 202508, 202509, 202510, 202511, 202512","2024-11, 2024-12, 2025-01, 2025-02, 2025-12, 2026-01"
961106,Kawa,Su-ngai Padi District,Narathiwat,southeast,flood / inundation,0,28,28,180,0.156,14,"202406, 202407, 202408, 202409, 202410, 202411, 202412, 202501, 202507, 202508, 202509, 202510, 202511, 202512","2024-11, 2024-12, 2025-01, 2025-02, 2025-12, 2026-01"
141001,Lat Bua Luang,Lat Bua Luang District,Phra Nakhon Si Ayudhya,Central,flood / inundation,0,27,27,180,0.15,16,"202405, 202406, 202407, 202408, 202409, 202410, 202411, 202505, 202506, 202507, 202508, 202509, 202510, 202511, 202605, 202606","2024-10, 2024-11, 2025-10, 2025-11, 2026-10, 2026-11"
141002,Lak Chai,Lat Bua Luang District,Phra Nakhon Si Ayudhya,Central,flood / inundation,0,27,27,180,0.15,16,"202405, 202406, 202407, 202408, 202409, 202410, 202411, 202505, 202506, 202507, 202508, 202509, 202510, 202511, 202605, 202606","2024-10, 2024-11, 2025-10, 2025-11, 2026-10, 2026-11"
141004,Phraya Banlue,Lat Bua Luang District,Phra Nakhon Si Ayudhya,Central,flood / inundation,0,27,27,180,0.15,16,"202405, 202406, 202407, 202408, 202409, 202410, 202411, 202505, 202506, 202507, 202508, 202509, 202510, 202511, 202605, 202606","2024-10, 2024-11, 2025-10, 2025-11, 2026-10, 2026-11"
141005,Singhanat,Lat Bua Luang District,Phra Nakhon Si Ayudhya,Central,flood / inundation,0,27,27,180,0.15,16,"202405, 202406, 202407, 202408, 202409, 202410, 202411, 202505, 202506, 202507, 202508, 202509, 202510, 202511, 202605, 202606","2024-10, 2024-11, 2025-10, 2025-11, 2026-10, 2026-11"
141006,Khu Salot,Lat Bua Luang District,Phra Nakhon Si Ayudhya,Central,flood / inundation,0,27,27,180,0.15,16,"202405, 202406, 202407, 202408, 202409, 202410, 202411, 202505, 202506, 202507, 202508, 202509, 202510, 202511, 202605, 202606","2024-10, 2024-11, 2025-10, 2025-11, 2026-10, 2026-11"
141101,Lam Ta Sao,Wang Noi District,Phra Nakhon Si Ayudhya,Central,flood / inundation,0,27,27,180,0.15,16,"202405, 202406, 202407, 202408, 202409, 202410, 202411, 202505, 202506, 202507, 202508, 202509, 202510, 202511, 202605, 202606","2024-10, 2024-11, 2025-10, 2025-11, 2026-10, 2026-11"
150407,Pho Rang Nok,Pho Thong District,Ang Thong,Central,flood / inundation,0,27,27,180,0.15,16,"202405, 202406, 202407, 202408, 202409, 202410, 202411, 202505, 202506, 202507, 202508, 202509, 202510, 202511, 202605, 202606","2024-10, 2024-11, 2025-10, 2025-11, 2026-10, 2026-11"
200611,Tha Kham,Phanat Nikhom District,Chonburi,east,flood / inundation,0,27,27,180,0.15,18,"202404, 202405, 202406, 202407, 202408, 202409, 202412, 202501, 202504, 202505, 202506, 202507, 202508, 202509, 202510, 202604, 202605, 202606","2024-09, 2024-10, 2025-05, 2025-09, 2025-10, 2026-09, 2026-10"
230702,Ko Chang Tai,Ko Chang District,Trat,east,flood / inundation,0,27,27,180,0.15,23,"202404, 202405, 202406, 202407, 202408, 202409, 202412, 202501, 202502, 202503, 202504, 202505, 202506, 202507, 202508, 202509, 202512, 202601, 202602, 202603, 202604, 202605, 202606","2024-09, 2025-05, 2025-09, 2026-05, 2026-09"
310202,Pakhiap,Khu Mueang District,Burirum,Northeast,flood / inundation,0,27,27,180,0.15,19,"202405, 202406, 202407, 202408, 202409, 202410, 202501, 202502, 202503, 202504, 202505, 202506, 202507, 202508, 202509, 202510, 202512, 202605, 202606","2024-09, 2024-10, 2025-05, 2025-09, 2025-10, 2026-05, 2026-10"
360904,Ban Rai,Thep Sathit District,Chaiyaphum,Northeast,flood / inundation,0,27,27,180,0.15,19,"202402, 202403, 202404, 202405, 202406, 202407, 202408, 202409, 202502, 202503, 202504, 202505, 202506, 202507, 202508, 202509, 202604, 202605, 202606","2024-07, 2024-08, 2024-09, 2025-07, 2025-09, 2026-09"
380112,Pong Pueai,Mueang Bueng Kan District,Bung Kan,Northeast,flood / inundation,0,27,27,180,0.15,16,"202404, 202405, 202406, 202407, 202409, 202501, 202502, 202503, 202504, 202505, 202506, 202507, 202603, 202604, 202605, 202606","2024-07, 2024-08, 2024-09, 2025-06, 2025-07, 2026-06, 2026-07, 2026-08"
380306,Tham Charoen,So Phisai District,Bung Kan,Northeast,flood / inundation,0,27,27,180,0.15,17,"202404, 202405, 202406, 202407, 202409, 202502, 202503, 202504, 202505, 202506, 202507, 202508, 202509, 202510, 202604, 202605, 202606","2024-07, 2024-08, 2024-09, 2025-07, 2025-08, 2025-09, 2025-10, 2026-07, 2026-08"
402005,Huai Muang,Phu Pha Man District,Khon Kaen,Northeast,flood / inundation,0,27,27,180,0.15,23,"202401, 202402, 202403, 202404, 202405, 202406, 202407, 202408, 202409, 202412, 202501, 202502, 202503, 202504, 202505, 202509, 202510, 202512, 202601, 202602, 202603, 202604, 202605","2024-05, 2024-09, 2024-10, 2025-05, 2025-09, 2025-10, 2026-05"
460109,Huai Pho,Mueang Kalasin District,Kalasin,Northeast,flood / inundation,0,27,27,180,0.15,18,"202402, 202403, 202404, 202405, 202406, 202407, 202408, 202409, 202503, 202504, 202505, 202506, 202507, 202508, 202509, 202604, 202605, 202606","2024-07, 2024-09, 2025-07, 2025-09, 2026-08, 2026-09"
461803,Khok Sa-At,Khong Chai District,Kalasin,Northeast,flood / inundation,0,27,27,180,0.15,18,"202403, 202404, 202405, 202406, 202407, 202408, 202409, 202410, 202503, 202504, 202505, 202506, 202507, 202508, 202509, 202510, 202605, 202606","2024-07, 2024-08, 2024-10, 2025-07, 2025-10, 2026-08, 2026-10"
471001,Muang,Ban Muang District,Sakon Nakhon,Northeast,flood / inundation,0,27,27,180,0.15,17,"202404, 202405, 202406, 202407, 202408, 202409, 202410, 202504, 202505, 202506, 202507, 202508, 202509, 202510, 202604, 202605, 202606","2024-09, 2024-10, 2025-07, 2025-08, 2025-09, 2025-10, 2026-07, 2026-08, 2026-09"
501504,Nong Tong,Hang Dong District,Chiang Mai,North,flood / inundation,0,27,27,180,0.15,15,"202402, 202403, 202404, 202405, 202406, 202407, 202408, 202409, 202501, 202502, 202503, 202504, 202505, 202510, 202606","2024-07, 2024-08, 2024-09, 2024-10, 2025-05, 2025-10, 2026-06"
502401,Doi Lo,Doi Lo District,Chiang Mai,North,flood / inundation,0,27,27,180,0.15,19,"202403, 202404, 202405, 202406, 202407, 202408, 202409, 202501, 202502, 202503, 202504, 202505, 202507, 202508, 202509, 202510, 202604, 202605, 202606","2024-08, 2024-09, 2024-10, 2025-05, 2025-09, 2025-10, 2026-06, 2026-09"
560110,Mae Ka,Mueang Phayao District,Phayao,North,flood / inundation,0,27,27,180,0.15,13,"202402, 202403, 202404, 202405, 202406, 202407, 202408, 202409, 202505, 202506, 202507, 202508, 202509","2024-07, 2024-08, 2024-09, 2024-10, 2025-08, 2025-10"
560309,Chedi Kham,Chiang Kham District,Phayao,North,flood / inundation,0,27,27,180,0.15,18,"202402, 202403, 202404, 202405, 202406, 202407, 202408, 202409, 202503, 202504, 202505, 202506, 202507, 202508, 202603, 202604, 202605, 202606","2024-07, 2024-08, 2024-09, 2025-08, 2026-08"
560313,Ang Thong,Chiang Kham District,Phayao,North,flood / inundation,0,27,27,180,0.15,19,"202402, 202403, 202404, 202405, 202406, 202407, 202408, 202409, 202412, 202501, 202502, 202503, 202504, 202505, 202508, 202601, 202602, 202603, 202604","2024-07, 2024-08, 2024-09, 2025-05, 2025-08, 2026-05"
560606,Na Prang,Pong District,Phayao,North,flood / inundation,0,27,27,180,0.15,18,"202402, 202403, 202404, 202405, 202406, 202407, 202408, 202503, 202504, 202505, 202506, 202507, 202508, 202509, 202603, 202604, 202605, 202606","2024-07, 2024-08, 2025-08, 2025-10, 2026-08"
571105,Wiang Kalong,Wiang Pa Pao District,Chiangrai,North,flood / inundation,0,27,27,180,0.15,15,"202402, 202403, 202404, 202405, 202406, 202407, 202409, 202501, 202502, 202503, 202504, 202505, 202506, 202508, 202604","2024-07, 2024-08, 2024-09, 2024-10, 2025-05, 2025-08, 2025-10, 2026-05"
620102,Trai Trueng,Mueang Kamphaeng Phet District,Kampaeng Phet,North,flood / inundation,0,27,27,180,0.15,17,"202403, 202404, 202405, 202406, 202407, 202408, 202409, 202504, 202505, 202506, 202507, 202508, 202509, 202510, 202604, 202605, 202606","2024-08, 2024-09, 2024-10, 2025-09, 2025-10, 2026-09, 2026-10"
630903,Pradang,Wang Chao District,Tak,North,flood / inundation,0,27,27,180,0.15,17,"202404, 202405, 202406, 202407, 202501, 202502, 202503, 202504, 202505, 202507, 202508, 202509, 202510, 202512, 202603, 202604, 202606","2024-09, 2024-10, 2025-05, 2025-06, 2025-08, 2025-10, 2026-05, 2026-06, 2026-08"
720715,Don Manao,Song Phi Nong District,Suphan Buri,Central,flood / inundation,0,27,27,180,0.15,16,"202405, 202406, 202407, 202408, 202409, 202410, 202411, 202505, 202506, 202507, 202508, 202509, 202510, 202511, 202605, 202606","2024-10, 2024-11, 2025-10, 2025-11, 2026-10, 2026-11"
730206,Sa Si Mum,Kamphaeng Saen District,Nakhon Prathom,Central,flood / inundation,0,27,27,180,0.15,14,"202405, 202406, 202407, 202408, 202409, 202410, 202505, 202506, 202507, 202508, 202509, 202510, 202605, 202606","2024-08, 2024-10, 2024-11, 2025-10, 2025-11, 2026-10"
730211,Huai Muang,Kamphaeng Saen District,Nakhon Prathom,Central,flood / inundation,0,27,27,180,0.15,16,"202405, 202406, 202407, 202408, 202409, 202410, 202411, 202505, 202506, 202507, 202508, 202509, 202510, 202511, 202605, 202606","2024-10, 2024-11, 2025-10, 2025-11, 2026-10, 2026-11"
730507,Hin Mun,Bang Len District,Nakhon Prathom,Central,flood / inundation,0,27,27,180,0.15,19,"202405, 202406, 202407, 202408, 202409, 202410, 202412, 202501, 202502, 202503, 202504, 202505, 202506, 202507, 202508, 202509, 202510, 202605, 202606","2024-09, 2024-10, 2024-11, 2025-05, 2025-10, 2025-11, 2026-10"
730508,Sai Ngam,Bang Len District,Nakhon Prathom,Central,flood / inundation,0,27,27,180,0.15,20,"202405, 202406, 202407, 202408, 202409, 202410, 202412, 202501, 202502, 202503, 202504, 202505, 202506, 202507, 202508, 202509, 202510, 202512, 202605, 202606","2024-09, 2024-10, 2025-05, 2025-10, 2025-11, 2026-05, 2026-10"
800107,Pak Nakhon,Mueang Nakhon Si Thammarat District,Nakhon Si Thammarat,southeast,flood / inundation,0,27,27,180,0.15,17,"202406, 202407, 202408, 202409, 202410, 202411, 202412, 202501, 202506, 202507, 202508, 202509, 202510, 202511, 202512, 202601, 202606","2024-11, 2024-12, 2025-01, 2025-02, 2025-11, 2025-12, 2026-01, 2026-02, 2026-11"
800114,Mamuang Song Ton,Mueang Nakhon Si Thammarat District,Nakhon Si Thammarat,southeast,flood / inundation,0,27,27,180,0.15,17,"202406, 202407, 202408, 202409, 202410, 202411, 202412, 202501, 202506, 202507, 202508, 202509, 202510, 202511, 202512, 202601, 202606","2024-11, 2024-12, 2025-01, 2025-02, 2025-11, 2025-12, 2026-01, 2026-02, 2026-11"
800205,Na Riang,Phrom Khiri District,Nakhon Si Thammarat,southeast,flood / inundation,0,27,27,180,0.15,17,"202406, 202407, 202408, 202409, 202410, 202411, 202412, 202501, 202506, 202507, 202508, 202509, 202510, 202511, 202512, 202601, 202606","2024-11, 2024-12, 2025-01, 2025-11, 2025-12, 2026-01, 2026-11"
800401,Chawang,Chawang District,Nakhon Si Thammarat,southeast,flood / inundation,0,27,27,180,0.15,14,"202401, 202403, 202404, 202405, 202406, 202407, 202408, 202409, 202410, 202411, 202412, 202501, 202503, 202504","2024-01, 2024-08, 2024-11, 2024-12, 2025-01, 2025-08"
801214,Pak Phanang Fang Tawan Ok,Pak Phanang District,Nakhon Si Thammarat,southeast,flood / inundation,0,27,27,180,0.15,17,"202406, 202407, 202408, 202409, 202410, 202411, 202412, 202501, 202506, 202507, 202508, 202509, 202510, 202511, 202512, 202601, 202606","2024-11, 2024-12, 2025-01, 2025-02, 2025-11, 2025-12, 2026-01, 2026-02, 2026-11"
801401,Sichon,Sichon District,Nakhon Si Thammarat,southeast,flood / inundation,0,27,27,180,0.15,18,"202405, 202406, 202407, 202408, 202409, 202410, 202411, 202412, 202501, 202506, 202507, 202508, 202509, 202510, 202511, 202512, 202601, 202606","2024-10, 2024-11, 2024-12, 2025-01, 2025-11, 2026-01, 2026-11"
801604,Laem,Hua Sai District,Nakhon Si Thammarat,southeast,flood / inundation,0,27,27,180,0.15,15,"202406, 202407, 202408, 202409, 202410, 202411, 202412, 202501, 202507, 202508, 202509, 202510, 202511, 202512, 202606","2024-11, 2024-12, 2025-01, 2025-03, 2025-11, 2025-12, 2026-01, 2026-11"
840609,Pak Mak,Chaiya District,Surat Thani,southeast,flood / inundation,0,27,27,180,0.15,16,"202406, 202407, 202408, 202409, 202410, 202411, 202412, 202501, 202506, 202507, 202508, 202509, 202510, 202511, 202512, 202606","2024-11, 2024-12, 2025-01, 2025-05, 2025-11, 2025-12, 2026-11"
841210,Thung Tao Mai,Ban Na San District,Surat Thani,southeast,flood / inundation,0,27,27,180,0.15,15,"202401, 202406, 202407, 202408, 202409, 202410, 202411, 202412, 202501, 202510, 202511, 202512, 202601, 202602, 202603","2024-01, 2024-11, 2024-12, 2025-01, 2025-03, 2026-03"
860305,Don Yang,Pathio District,Chumphon,southeast,flood / inundation,0,27,27,180,0.15,16,"202405, 202406, 202407, 202408, 202409, 202410, 202411, 202412, 202506, 202507, 202508, 202509, 202510, 202511, 202512, 202606","2024-10, 2024-11, 2024-12, 2025-11, 2025-12, 2026-11"
860408,Bang Nam Chuet,Lang Suan District,Chumphon,southeast,flood / inundation,0,27,27,180,0.15,17,"202406, 202407, 202408, 202409, 202410, 202411, 202412, 202501, 202506, 202507, 202508, 202509, 202510, 202511, 202512, 202604, 202606","2024-11, 2024-12, 2025-01, 2025-11, 2025-12, 2026-06, 2026-11"
901113,Tha Kham,Hat Yai District,Songkhla,southeast,flood / inundation,0,27,27,180,0.15,14,"202406, 202407, 202408, 202409, 202410, 202411, 202412, 202507, 202508, 202509, 202510, 202511, 202512, 202606","2024-11, 2024-12, 2025-01, 2025-11, 2025-12, 2026-01, 2026-11"
930506,Laem Tanot,Khuan Khanun District,Phatthalung,southeast,flood / inundation,0,27,27,180,0.15,16,"202406, 202407, 202408, 202409, 202410, 202411, 202412, 202501, 202506, 202507, 202508, 202509, 202510, 202511, 202512, 202606","2024-11, 2024-12, 2025-02, 2025-03, 2025-11, 2025-12, 2026-11"
940111,Talu Bo,Mueang Pattani District,Pattani,southeast,flood / inundation,0,27,27,180,0.15,13,"202406, 202407, 202408, 202409, 202410, 202411, 202412, 202507, 202508, 202509, 202510, 202511, 202512","2024-11, 2024-12, 2025-01, 2025-11, 2025-12, 2026-01"
960204,Sala Mai,Tak Bai District,Narathiwat,southeast,flood / inundation,0,27,27,180,0.15,14,"202406, 202407, 202408, 202409, 202410, 202411, 202412, 202501, 202507, 202508, 202509, 202510, 202511, 202512","2024-11, 2024-12, 2025-01, 2025-02, 2025-11, 2025-12, 2026-01"
960604,Samakkhi,Rueso District,Narathiwat,southeast,flood / inundation,0,27,27,180,0.15,14,"202406, 202407, 202408, 202409, 202410, 202411, 202412, 202501, 202507, 202508, 202509, 202510, 202511, 202512","2024-11, 2024-12, 2025-01, 2025-02, 2025-11, 2025-12, 2026-01"
961203,Phadung Mat,Chanae District,Narathiwat,southeast,flood / inundation,0,27,27,180,0.15,16,"202406, 202407, 202408, 202409, 202410, 202411, 202412, 202501, 202507, 202508, 202509, 202510, 202511, 202512, 202601, 202602","2024-11, 2024-12, 2025-02, 2025-12, 2026-02"
140407,Khae Ok,Bang Sai District,Phra Nakhon Si Ayudhya,Central,flood / inundation,0,26,26,180,0.144,20,"202402, 202403, 202404, 202405, 202406, 202407, 202408, 202409, 202410, 202505, 202506, 202507, 202508, 202509, 202510, 202511, 202603, 202604, 202605, 202606","2024-07, 2024-09, 2024-10, 2025-10, 2025-11, 2026-08, 2026-10"
141511,Tha To,Maha Rat District,Phra Nakhon Si Ayudhya,Central,flood / inundation,0,26,26,180,0.144,22,"202404, 202405, 202406, 202407, 202408, 202409, 202410, 202412, 202501, 202502, 202503, 202504, 202505, 202506, 202507, 202508, 202509, 202510, 202603, 202604, 202605, 202606","2024-08, 2024-09, 2024-10, 2025-05, 2025-08, 2025-10, 2026-08, 2026-10"
150704,Pho Muang Phan,Samko District,Ang Thong,Central,flood / inundation,0,26,26,180,0.144,16,"202404, 202405, 202406, 202407, 202408, 202409, 202410, 202411, 202505, 202506, 202507, 202508, 202509, 202510, 202605, 202606","2024-09, 2024-10, 2024-11, 2025-10, 2025-11, 2026-10"
180803,Suk Duean Ha,Noen Kham District,Chainat,Central,flood / inundation,0,26,26,180,0.144,18,"202402, 202403, 202404, 202405, 202406, 202407, 202408, 202409, 202501, 202502, 202503, 202504, 202505, 202506, 202507, 202508, 202509, 202510","2024-07, 2024-09, 2024-10, 2025-05, 2025-07, 2025-10, 2025-11"
230305,Sato,Khao Saming District,Trat,east,flood / inundation,0,26,26,180,0.144,14,"202403, 202404, 202405, 202406, 202407, 202408, 202409, 202410, 202503, 202504, 202510, 202604, 202605, 202606","2024-07, 2024-08, 2024-09, 2024-10, 2025-08, 2025-09, 2025-10, 2026-07, 2026-08, 2026-09"
250201,Kabin,Kabin Buri District,Prachinburi,east,flood / inundation,0,26,26,180,0.144,18,"202404, 202405, 202406, 202407, 202408, 202409, 202410, 202504, 202505, 202506, 202507, 202508, 202509, 202602, 202603, 202604, 202605, 202606","2024-08, 2024-09, 2024-10, 2025-09, 2026-07, 2026-08, 2026-09"
270108,Sa Khwan,Mueang Sa Kaeo District,Srakaeo,east,flood / inundation,0,26,26,180,0.144,17,"202404, 202405, 202406, 202407, 202408, 202409, 202504, 202505, 202506, 202507, 202508, 202509, 202510, 202603, 202604, 202605, 202606","2024-08, 2024-09, 2024-10, 2025-09, 2025-10, 2026-08, 2026-09, 2026-10"
331704,Lalom,Phu Sing District,Sisaket,Northeast,flood / inundation,0,26,26,180,0.144,16,"202404, 202405, 202406, 202407, 202410, 202501, 202502, 202503, 202504, 202505, 202506, 202510, 202512, 202604, 202605, 202606","2024-09, 2024-10, 2025-05, 2025-07, 2025-10, 2026-05, 2026-07, 2026-08, 2026-09, 2026-10"
331706,Dong Rak,Phu Sing District,Sisaket,Northeast,flood / inundation,0,26,26,180,0.144,19,"202404, 202405, 202406, 202407, 202408, 202409, 202410, 202501, 202502, 202504, 202506, 202507, 202508, 202509, 202510, 202512, 202604, 202605, 202606","2024-09, 2024-10, 2025-05, 2025-09, 2025-10, 2026-05, 2026-07, 2026-09, 2026-10"
360903,Na Yang Klak,Thep Sathit District,Chaiyaphum,Northeast,flood / inundation,0,26,26,180,0.144,17,"202404, 202405, 202406, 202407, 202408, 202409, 202410, 202504, 202505, 202506, 202507, 202508, 202509, 202510, 202604, 202605, 202606","2024-08, 2024-09, 2024-10, 2025-09, 2025-10, 2026-09"
402403,Non Sombun,Ban Haet District,Khon Kaen,Northeast,flood / inundation,0,26,26,180,0.144,18,"202403, 202405, 202406, 202407, 202408, 202409, 202410, 202504, 202505, 202506, 202507, 202508, 202509, 202510, 202512, 202604, 202605, 202606","2024-07, 2024-08, 2024-09, 2024-10, 2025-07, 2025-10, 2026-05, 2026-10"
501208,Thung Satok,San Pa Tong District,Chiang Mai,North,flood / inundation,0,26,26,180,0.144,18,"202403, 202404, 202405, 202406, 202407, 202408, 202409, 202501, 202502, 202503, 202504, 202505, 202507, 202508, 202509, 202604, 202605, 202606","2024-08, 2024-09, 2024-10, 2025-05, 2025-09, 2026-06, 2026-09"
501503,Han Kaeo,Hang Dong District,Chiang Mai,North,flood / inundation,0,26,26,180,0.144,14,"202402, 202403, 202404, 202405, 202406, 202407, 202408, 202409, 202501, 202502, 202503, 202504, 202505, 202606","2024-07, 2024-08, 2024-09, 2024-10, 2025-05, 2026-06"
520301,Lampang Luang,Ko Kha District,Lampang,North,flood / inundation,0,26,26,180,0.144,15,"202402, 202403, 202404, 202405, 202406, 202407, 202408, 202412, 202501, 202504, 202507, 202508, 202509, 202510, 202604","2024-07, 2024-08, 2024-09, 2024-10, 2025-05, 2025-10, 2026-05"
530704,Tha Sak,Phichai District,Auttaradit,North,flood / inundation,0,26,26,180,0.144,16,"202404, 202405, 202406, 202407, 202408, 202409, 202505, 202506, 202507, 202508, 202509, 202510, 202601, 202602, 202603, 202604","2024-08, 2024-09, 2024-10, 2025-09, 2025-10, 2026-05, 2026-06"
550701,Klang Wiang,Wiang Sa District,Nan,North,flood / inundation,0,26,26,180,0.144,16,"202402, 202403, 202404, 202405, 202406, 202407, 202408, 202502, 202503, 202504, 202507, 202508, 202603, 202604, 202605, 202606","2024-07, 2024-08, 2025-07, 2025-08, 2025-09, 2026-06, 2026-08"
560311,Chiang Ban,Chiang Kham District,Phayao,North,flood / inundation,0,26,26,180,0.144,19,"202402, 202403, 202404, 202405, 202406, 202407, 202408, 202409, 202412, 202501, 202504, 202507, 202508, 202601, 202602, 202603, 202604, 202605, 202606","2024-07, 2024-08, 2024-09, 2025-05, 2025-08, 2026-05, 2026-08"
570514,Than Tawan,Phan District,Chiangrai,North,flood / inundation,0,26,26,180,0.144,18,"202402, 202403, 202404, 202405, 202406, 202407, 202408, 202409, 202412, 202501, 202502, 202503, 202504, 202508, 202601, 202602, 202603, 202604","2024-07, 2024-08, 2024-09, 2025-05, 2025-08, 2026-05"
620106,Songtham,Mueang Kamphaeng Phet District,Kampaeng Phet,North,flood / inundation,0,26,26,180,0.144,16,"202404, 202405, 202406, 202407, 202408, 202409, 202504, 202505, 202506, 202507, 202508, 202509, 202510, 202604, 202605, 202606","2024-09, 2024-10, 2025-09, 2025-10, 2026-09, 2026-10"
630607,Mae Pa,Mae Sot District,Tak,North,flood / inundation,0,26,26,180,0.144,17,"202404, 202405, 202406, 202407, 202408, 202501, 202505, 202507, 202508, 202509, 202510, 202601, 202602, 202603, 202604, 202605, 202606","2024-08, 2024-09, 2025-05, 2025-08, 2025-09, 2025-10, 2026-06, 2026-07, 2026-08, 2026-09"
640509,Dong Khu,Si Satchanalai District,Sukhothai,North,flood / inundation,0,26,26,180,0.144,19,"202404, 202405, 202406, 202407, 202408, 202409, 202412, 202501, 202502, 202503, 202504, 202505, 202506, 202509, 202510, 202601, 202602, 202603, 202604","2024-09, 2025-05, 2025-06, 2025-09, 2025-10, 2026-05, 2026-06"
640601,Khlong Tan,Si Samrong District,Sukhothai,North,flood / inundation,0,26,26,180,0.144,21,"202404, 202405, 202406, 202407, 202408, 202409, 202412, 202501, 202502, 202503, 202504, 202505, 202506, 202507, 202508, 202509, 202510, 202602, 202604, 202605, 202606","2024-09, 2025-05, 2025-09, 2025-10, 2026-06, 2026-09"
640603,Sam Ruean,Si Samrong District,Sukhothai,North,flood / inundation,0,26,26,180,0.144,21,"202404, 202405, 202406, 202407, 202408, 202409, 202412, 202501, 202502, 202503, 202504, 202505, 202506, 202507, 202508, 202509, 202510, 202602, 202604, 202605, 202606","2024-09, 2025-05, 2025-09, 2025-10, 2026-06, 2026-09"
640802,Nakhon Doet,Si Nakhon District,Sukhothai,North,flood / inundation,0,26,26,180,0.144,20,"202404, 202405, 202406, 202407, 202408, 202409, 202412, 202501, 202502, 202503, 202504, 202505, 202507, 202508, 202509, 202510, 202601, 202602, 202603, 202604","2024-09, 2024-10, 2025-05, 2025-09, 2025-10, 2026-05, 2026-06"
650605,Ho Klong,Phrom Phiram District,Phitsanu Lok,North,flood / inundation,0,26,26,180,0.144,16,"202404, 202405, 202406, 202407, 202408, 202409, 202504, 202505, 202506, 202507, 202508, 202509, 202510, 202604, 202605, 202606","2024-09, 2025-09, 2025-10, 2025-11, 2026-09"
650802,Phan Chali,Wang Thong District,Phitsanu Lok,North,flood / inundation,0,26,26,180,0.144,18,"202403, 202404, 202405, 202406, 202407, 202408, 202409, 202503, 202504, 202505, 202506, 202507, 202508, 202509, 202510, 202604, 202605, 202606","2024-08, 2024-09, 2025-08, 2025-09, 2025-10, 2026-09"
661203,Wang Mok,Wachirabarami District,Phichit,North,flood / inundation,0,26,26,180,0.144,20,"202403, 202404, 202405, 202406, 202407, 202408, 202409, 202412, 202501, 202502, 202503, 202504, 202505, 202506, 202507, 202508, 202509, 202604, 202605, 202606","2024-08, 2024-09, 2025-05, 2025-08, 2025-09, 2026-09"
720118,Sanam Chai,Mueang Suphan Buri District,Suphan Buri,Central,flood / inundation,0,26,26,180,0.144,16,"202404, 202405, 202406, 202407, 202408, 202409, 202410, 202411, 202505, 202506, 202507, 202508, 202509, 202510, 202605, 202606","2024-08, 2024-09, 2024-10, 2024-11, 2025-10, 2025-11, 2026-10"
720120,Sanam Khli,Mueang Suphan Buri District,Suphan Buri,Central,flood / inundation,0,26,26,180,0.144,16,"202404, 202405, 202406, 202407, 202408, 202409, 202410, 202411, 202505, 202506, 202507, 202508, 202509, 202510, 202605, 202606","2024-09, 2024-10, 2024-11, 2025-10, 2025-11, 2026-10"
730505,Bang Rakam,Bang Len District,Nakhon Prathom,Central,flood / inundation,0,26,26,180,0.144,18,"202405, 202406, 202407, 202410, 202412, 202501, 202502, 202503, 202504, 202505, 202506, 202507, 202508, 202509, 202510, 202512, 202605, 202606","2024-10, 2024-11, 2025-05, 2025-10, 2025-11, 2026-05, 2026-10"
800404,Na Wae,Chawang District,Nakhon Si Thammarat,southeast,flood / inundation,0,26,26,180,0.144,16,"202401, 202406, 202407, 202408, 202409, 202410, 202411, 202412, 202501, 202506, 202507, 202508, 202509, 202510, 202511, 202606","2024-01, 2024-11, 2024-12, 2025-01, 2025-11, 2026-11"
801611,Ko Phet,Hua Sai District,Nakhon Si Thammarat,southeast,flood / inundation,0,26,26,180,0.144,17,"202406, 202407, 202408, 202409, 202410, 202411, 202412, 202501, 202506, 202507, 202508, 202509, 202510, 202511, 202512, 202601, 202606","2024-11, 2024-12, 2025-01, 2025-11, 2025-12, 2026-01, 2026-11"
830305,Mai Khao,Thalang District,Phuket,southwest,flood / inundation,0,26,26,180,0.144,15,"202401, 202403, 202404, 202405, 202406, 202407, 202409, 202411, 202501, 202502, 202503, 202504, 202509, 202510, 202511","2024-06, 2024-07, 2024-08, 2024-09, 2024-11, 2025-06, 2025-11"
840704,Khan Thuli,Tha Chana District,Surat Thani,southeast,flood / inundation,0,26,26,180,0.144,15,"202401, 202406, 202407, 202408, 202409, 202410, 202411, 202412, 202501, 202507, 202508, 202509, 202510, 202511, 202512","2024-01, 2024-11, 2024-12, 2025-01, 2025-05, 2025-12"
910106,Ko Sarai,Mueang Satun District,Satun,southwest,flood / inundation,0,26,26,180,0.144,13,"202403, 202404, 202405, 202406, 202407, 202505, 202506, 202507, 202508, 202509, 202604, 202605, 202606","2024-08, 2024-09, 2024-10, 2025-09, 2025-10, 2026-06, 2026-08, 2026-09, 2026-10"
920104,Na Phala,Mueang Trang District,Trang,southwest,flood / inundation,0,26,26,180,0.144,16,"202403, 202404, 202405, 202406, 202407, 202409, 202410, 202411, 202412, 202505, 202506, 202507, 202508, 202509, 202510, 202512","2024-08, 2024-09, 2024-11, 2024-12, 2025-10, 2025-11, 2025-12"
920109,Bang Rak,Mueang Trang District,Trang,southwest,flood / inundation,0,26,26,180,0.144,16,"202403, 202404, 202405, 202406, 202407, 202409, 202410, 202411, 202412, 202505, 202506, 202507, 202508, 202509, 202510, 202512","2024-08, 2024-09, 2024-11, 2024-12, 2025-10, 2025-11, 2025-12"
920302,Nong Bo,Yan Ta Khao District,Trang,southwest,flood / inundation,0,26,26,180,0.144,16,"202403, 202404, 202405, 202406, 202407, 202409, 202410, 202411, 202412, 202505, 202506, 202507, 202508, 202509, 202510, 202512","2024-08, 2024-09, 2024-11, 2024-12, 2025-10, 2025-11, 2025-12"
920805,Na Muen Si,Na Yong District,Trang,southwest,flood / inundation,0,26,26,180,0.144,16,"202403, 202404, 202405, 202406, 202407, 202409, 202410, 202411, 202412, 202505, 202506, 202507, 202508, 202509, 202510, 202512","2024-08, 2024-09, 2024-11, 2024-12, 2025-10, 2025-11, 2025-12"
930109,Lampam,Mueang Phatthalung District,Phatthalung,southeast,flood / inundation,0,26,26,180,0.144,16,"202406, 202407, 202408, 202409, 202410, 202411, 202412, 202501, 202506, 202507, 202508, 202509, 202510, 202511, 202512, 202606","2024-11, 2024-12, 2025-02, 2025-11, 2025-12, 2026-11"
930115,Phaya Khan,Mueang Phatthalung District,Phatthalung,southeast,flood / inundation,0,26,26,180,0.144,16,"202406, 202407, 202408, 202409, 202410, 202411, 202412, 202501, 202506, 202507, 202508, 202509, 202510, 202511, 202512, 202606","2024-11, 2024-12, 2025-02, 2025-11, 2025-12, 2026-11"
930307,Khok Muang,Khao Chaison District,Phatthalung,southeast,flood / inundation,0,26,26,180,0.144,16,"202406, 202407, 202408, 202409, 202410, 202411, 202412, 202501, 202506, 202507, 202508, 202509, 202510, 202511, 202512, 202606","2024-11, 2024-12, 2025-02, 2025-11, 2025-12, 2026-11"
930501,Khuan Khanun,Khuan Khanun District,Phatthalung,southeast,flood / inundation,0,26,26,180,0.144,16,"202406, 202407, 202408, 202409, 202410, 202411, 202412, 202501, 202506, 202507, 202508, 202509, 202510, 202511, 202512, 202606","2024-11, 2024-12, 2025-02, 2025-11, 2025-12, 2026-11"
930508,Pantae,Khuan Khanun District,Phatthalung,southeast,flood / inundation,0,26,26,180,0.144,16,"202406, 202407, 202408, 202409, 202410, 202411, 202412, 202501, 202506, 202507, 202508, 202509, 202510, 202511, 202512, 202606","2024-11, 2024-12, 2025-02, 2025-11, 2025-12, 2026-11"
930509,Tanot Duan,Khuan Khanun District,Phatthalung,southeast,flood / inundation,0,26,26,180,0.144,16,"202406, 202407, 202408, 202409, 202410, 202411, 202412, 202501, 202506, 202507, 202508, 202509, 202510, 202511, 202512, 202606","2024-11, 2024-12, 2025-02, 2025-11, 2025-12, 2026-11"
930511,Makok Nuea,Khuan Khanun District,Phatthalung,southeast,flood / inundation,0,26,26,180,0.144,16,"202406, 202407, 202408, 202409, 202410, 202411, 202412, 202501, 202506, 202507, 202508, 202509, 202510, 202511, 202512, 202606","2024-11, 2024-12, 2025-02, 2025-11, 2025-12, 2026-11"
930513,Chamuang,Khuan Khanun District,Phatthalung,southeast,flood / inundation,0,26,26,180,0.144,16,"202406, 202407, 202408, 202409, 202410, 202411, 202412, 202501, 202506, 202507, 202508, 202509, 202510, 202511, 202512, 202606","2024-11, 2024-12, 2025-02, 2025-11, 2025-12, 2026-11"
940109,Paka Harang,Mueang Pattani District,Pattani,southeast,flood / inundation,0,26,26,180,0.144,13,"202406, 202407, 202408, 202409, 202410, 202411, 202412, 202507, 202508, 202509, 202510, 202511, 202512","2024-11, 2024-12, 2025-01, 2025-11, 2025-12, 2026-01"
940110,Ru Samilae,Mueang Pattani District,Pattani,southeast,flood / inundation,0,26,26,180,0.144,13,"202406, 202407, 202408, 202409, 202410, 202411, 202412, 202507, 202508, 202509, 202510, 202511, 202512","2024-11, 2024-12, 2025-01, 2025-11, 2025-12, 2026-01"
940112,Bara Ho,Mueang Pattani District,Pattani,southeast,flood / inundation,0,26,26,180,0.144,13,"202406, 202407, 202408, 202409, 202410, 202411, 202412, 202507, 202508, 202509, 202510, 202511, 202512","2024-11, 2024-12, 2025-01, 2025-11, 2025-12, 2026-01"
940902,Talo Kapo,Yaring District,Pattani,southeast,flood / inundation,0,26,26,180,0.144,13,"202407, 202408, 202409, 202410, 202411, 202412, 202501, 202507, 202508, 202509, 202510, 202511, 202512","2024-12, 2025-01, 2025-02, 2025-11, 2025-12, 2026-01"
950118,Tase,Mueang Yala District,Yala,southeast,flood / inundation,0,26,26,180,0.144,14,"202401, 202407, 202408, 202409, 202410, 202411, 202412, 202501, 202507, 202508, 202509, 202510, 202511, 202512","2024-01, 2024-12, 2025-01, 2025-02, 2025-11, 2025-12, 2026-01"
960806,Erawan,Waeng District,Narathiwat,southeast,flood / inundation,0,26,26,180,0.144,14,"202406, 202407, 202408, 202409, 202410, 202411, 202412, 202501, 202507, 202508, 202509, 202510, 202511, 202512","2024-11, 2024-12, 2025-01, 2025-02, 2025-12, 2026-01"
961102,Su-Ngai Padi,Su-ngai Padi District,Narathiwat,southeast,flood / inundation,0,26,26,180,0.144,14,"202406, 202407, 202408, 202409, 202410, 202411, 202412, 202501, 202507, 202508, 202509, 202510, 202511, 202512","2024-11, 2024-12, 2025-01, 2025-02, 2025-12, 2026-01"
961105,Ri Ko,Su-ngai Padi District,Narathiwat,southeast,flood / inundation,0,26,26,180,0.144,14,"202406, 202407, 202408, 202409, 202410, 202411, 202412, 202501, 202507, 202508, 202509, 202510, 202511, 202512","2024-11, 2024-12, 2025-01, 2025-02, 2025-12, 2026-01"
190608,Ban Khrua,Ban Mo District,Saraburi,Central,flood / inundation,0,25,25,180,0.139,16,"202403, 202404, 202405, 202406, 202407, 202409, 202501, 202502, 202503, 202504, 202505, 202506, 202507, 202602, 202603, 202604","2024-08, 2024-09, 2024-10, 2025-06, 2025-08, 2026-06, 2026-07, 2026-08"
270106,Tha Kasem,Mueang Sa Kaeo District,Srakaeo,east,flood / inundation,0,25,25,180,0.139,17,"202404, 202405, 202406, 202407, 202408, 202409, 202504, 202505, 202506, 202507, 202508, 202509, 202510, 202603, 202604, 202605, 202606","2024-08, 2024-09, 2024-10, 2025-09, 2025-10, 2026-08, 2026-09, 2026-10"
342401,Don Mot Daeng,Don Mot Daeng District,Ubon Ratchathani,Northeast,flood / inundation,0,25,25,180,0.139,15,"202405, 202406, 202407, 202408, 202409, 202410, 202505, 202506, 202507, 202508, 202509, 202510, 202604, 202605, 202606","2024-08, 2024-09, 2024-10, 2025-10, 2026-08, 2026-09, 2026-10"
380105,Nong Loeng,Mueang Bueng Kan District,Bung Kan,Northeast,flood / inundation,0,25,25,180,0.139,17,"202404, 202405, 202406, 202407, 202409, 202502, 202503, 202504, 202505, 202506, 202507, 202508, 202509, 202603, 202604, 202605, 202606","2024-07, 2024-08, 2024-09, 2025-07, 2025-08, 2025-09, 2026-07, 2026-08, 2026-09"
380305,Bua Tum,So Phisai District,Bung Kan,Northeast,flood / inundation,0,25,25,180,0.139,16,"202404, 202405, 202406, 202407, 202409, 202502, 202503, 202504, 202505, 202506, 202507, 202508, 202509, 202510, 202605, 202606","2024-07, 2024-08, 2024-09, 2025-07, 2025-08, 2025-09, 2025-10, 2026-07, 2026-08"
430117,Pakho,Mueang Nong Khai District,Nong Khai,Northeast,flood / inundation,0,25,25,180,0.139,17,"202404, 202405, 202406, 202407, 202408, 202409, 202410, 202504, 202505, 202506, 202507, 202508, 202509, 202510, 202604, 202605, 202606","2024-07, 2024-09, 2024-10, 2025-07, 2025-08, 2025-09, 2025-10, 2026-09"
430705,Nong Pla Pak,Si Chiang Mai District,Nong Khai,Northeast,flood / inundation,0,25,25,180,0.139,17,"202404, 202405, 202406, 202407, 202408, 202409, 202410, 202504, 202505, 202506, 202507, 202508, 202509, 202510, 202604, 202605, 202606","2024-08, 2024-09, 2024-10, 2025-07, 2025-08, 2025-09, 2025-10, 2026-09"
431502,Na Di,Fao Rai District,Nong Khai,Northeast,flood / inundation,0,25,25,180,0.139,15,"202404, 202405, 202406, 202407, 202408, 202409, 202504, 202505, 202506, 202507, 202508, 202509, 202604, 202605, 202606","2024-08, 2024-09, 2025-07, 2025-08, 2025-09, 2026-07, 2026-08, 2026-09"
431701,Pho Tak,Pho Tak District,Nong Khai,Northeast,flood / inundation,0,25,25,180,0.139,17,"202404, 202405, 202406, 202407, 202408, 202409, 202410, 202504, 202505, 202506, 202507, 202508, 202509, 202510, 202604, 202605, 202606","2024-09, 2024-10, 2025-07, 2025-09, 2025-10, 2026-09"
431702,Phon Thong,Pho Tak District,Nong Khai,Northeast,flood / inundation,0,25,25,180,0.139,17,"202404, 202405, 202406, 202407, 202408, 202409, 202410, 202504, 202505, 202506, 202507, 202508, 202509, 202510, 202604, 202605, 202606","2024-08, 2024-09, 2024-10, 2025-07, 2025-08, 2025-09, 2025-10, 2026-09"
460403,Lao Oi,Rong Kham District,Kalasin,Northeast,flood / inundation,0,25,25,180,0.139,16,"202403, 202404, 202405, 202406, 202407, 202408, 202409, 202410, 202505, 202506, 202507, 202508, 202509, 202510, 202605, 202606","2024-07, 2024-08, 2024-10, 2025-07, 2025-10, 2026-08, 2026-10"
471007,Non Sa-At,Ban Muang District,Sakon Nakhon,Northeast,flood / inundation,0,25,25,180,0.139,17,"202404, 202405, 202406, 202407, 202408, 202409, 202410, 202504, 202505, 202506, 202507, 202508, 202509, 202510, 202604, 202605, 202606","2024-09, 2024-10, 2025-07, 2025-08, 2025-09, 2025-10, 2026-07, 2026-08, 2026-09"
502203,Thung Ruang Thong,Mae Wang District,Chiang Mai,North,flood / inundation,0,25,25,180,0.139,14,"202402, 202403, 202404, 202405, 202406, 202407, 202408, 202409, 202501, 202502, 202503, 202504, 202505, 202606","2024-07, 2024-08, 2024-09, 2024-10, 2025-05, 2026-06"
510402,Mae Tuen,Li District,Lamphun,North,flood / inundation,0,25,25,180,0.139,16,"202403, 202404, 202405, 202406, 202407, 202408, 202409, 202412, 202501, 202502, 202503, 202504, 202505, 202507, 202508, 202510","2024-08, 2024-09, 2024-10, 2025-05, 2025-10"
550708,Nam Pua,Wiang Sa District,Nan,North,flood / inundation,0,25,25,180,0.139,17,"202402, 202403, 202404, 202405, 202406, 202407, 202408, 202409, 202504, 202505, 202506, 202507, 202508, 202603, 202604, 202605, 202606","2024-07, 2024-08, 2024-09, 2025-08, 2025-09, 2026-06, 2026-08"
560114,Mae Sai,Mueang Phayao District,Phayao,North,flood / inundation,0,25,25,180,0.139,13,"202402, 202403, 202404, 202405, 202406, 202407, 202408, 202409, 202505, 202506, 202507, 202508, 202509","2024-07, 2024-08, 2024-09, 2024-10, 2025-08, 2025-10"
630114,Wang Prachop,Mueang Tak District,Tak,North,flood / inundation,0,25,25,180,0.139,17,"202404, 202405, 202406, 202407, 202408, 202409, 202410, 202504, 202505, 202506, 202507, 202508, 202509, 202510, 202604, 202605, 202606","2024-09, 2024-10, 2025-09, 2025-10, 2026-09"
640101,Thani,Mueang Sukhothai District,Sukhothai,North,flood / inundation,0,25,25,180,0.139,19,"202403, 202405, 202406, 202407, 202411, 202412, 202501, 202502, 202503, 202504, 202505, 202506, 202507, 202508, 202509, 202510, 202601, 202602, 202604","2024-07, 2024-10, 2024-11, 2025-05, 2025-10, 2025-11, 2026-06"
640805,Nong Bua,Si Nakhon District,Sukhothai,North,flood / inundation,0,25,25,180,0.139,19,"202404, 202405, 202406, 202407, 202408, 202409, 202412, 202501, 202502, 202503, 202504, 202505, 202506, 202507, 202508, 202509, 202510, 202602, 202604","2024-09, 2024-10, 2025-05, 2025-10, 2026-05, 2026-06"
650103,Wat Chan,Mueang Phitsanulok District,Phitsanu Lok,North,flood / inundation,0,25,25,180,0.139,16,"202404, 202405, 202406, 202407, 202408, 202409, 202504, 202505, 202506, 202507, 202508, 202509, 202510, 202604, 202605, 202606","2024-08, 2024-09, 2025-09, 2025-10, 2026-09"
650611,Thap Yai Chiang,Phrom Phiram District,Phitsanu Lok,North,flood / inundation,0,25,25,180,0.139,16,"202404, 202405, 202406, 202407, 202408, 202409, 202504, 202505, 202506, 202507, 202508, 202509, 202510, 202604, 202605, 202606","2024-09, 2025-09, 2025-10, 2025-11, 2026-05, 2026-09"
670505,Nam Ron,Wichian Buri District,Phetchabun,North,flood / inundation,0,25,25,180,0.139,17,"202404, 202405, 202406, 202407, 202408, 202409, 202502, 202503, 202504, 202505, 202506, 202507, 202508, 202509, 202604, 202605, 202606","2024-08, 2024-09, 2025-07, 2025-08, 2025-09, 2026-09"
711006,Thung Krabam,Lao Khwan District,Kanchanaburi,Central,flood / inundation,0,25,25,180,0.139,17,"202402, 202403, 202404, 202405, 202406, 202407, 202408, 202409, 202410, 202505, 202506, 202507, 202508, 202509, 202510, 202605, 202606","2024-07, 2024-09, 2024-10, 2025-10, 2026-10"
720105,Phai Khwang,Mueang Suphan Buri District,Suphan Buri,Central,flood / inundation,0,25,25,180,0.139,16,"202404, 202405, 202406, 202407, 202408, 202409, 202410, 202411, 202505, 202506, 202507, 202508, 202509, 202510, 202605, 202606","2024-09, 2024-10, 2024-11, 2025-10, 2025-11, 2026-10"
720108,Don Masang,Mueang Suphan Buri District,Suphan Buri,Central,flood / inundation,0,25,25,180,0.139,16,"202404, 202405, 202406, 202407, 202408, 202409, 202410, 202411, 202505, 202506, 202507, 202508, 202509, 202510, 202605, 202606","2024-09, 2024-10, 2024-11, 2025-10, 2025-11, 2026-10"
730123,Thap Luang,Mueang Nakhon Pathom District,Nakhon Prathom,Central,flood / inundation,0,25,25,180,0.139,15,"202403, 202404, 202405, 202406, 202407, 202408, 202410, 202505, 202506, 202507, 202508, 202509, 202510, 202605, 202606","2024-08, 2024-10, 2024-11, 2025-10, 2025-11, 2026-10"
800113,Chai Montri,Mueang Nakhon Si Thammarat District,Nakhon Si Thammarat,southeast,flood / inundation,0,25,25,180,0.139,17,"202406, 202407, 202408, 202409, 202410, 202411, 202412, 202501, 202506, 202507, 202508, 202509, 202510, 202511, 202512, 202601, 202606","2024-11, 2024-12, 2025-01, 2025-02, 2025-11, 2025-12, 2026-01, 2026-02, 2026-11"
800121,Tha Sak,Mueang Nakhon Si Thammarat District,Nakhon Si Thammarat,southeast,flood / inundation,0,25,25,180,0.139,17,"202406, 202407, 202408, 202409, 202410, 202411, 202412, 202501, 202506, 202507, 202508, 202509, 202510, 202511, 202512, 202601, 202606","2024-11, 2024-12, 2025-01, 2025-02, 2025-11, 2025-12, 2026-01, 2026-02, 2026-11"
800611,Karaket,Chian Yai District,Nakhon Si Thammarat,southeast,flood / inundation,0,25,25,180,0.139,17,"202406, 202407, 202408, 202409, 202410, 202411, 202412, 202501, 202506, 202507, 202508, 202509, 202510, 202511, 202512, 202601, 202606","2024-11, 2024-12, 2025-01, 2025-02, 2025-11, 2025-12, 2026-01, 2026-02, 2026-11"
800801,Tha Sala,Tha Sala District,Nakhon Si Thammarat,southeast,flood / inundation,0,25,25,180,0.139,18,"202405, 202406, 202407, 202408, 202409, 202410, 202411, 202412, 202501, 202506, 202507, 202508, 202509, 202510, 202511, 202512, 202601, 202606","2024-10, 2024-11, 2024-12, 2025-01, 2025-02, 2025-11, 2025-12, 2026-01, 2026-02, 2026-11"
801210,Pak Phanang Fang Tawan Tok,Pak Phanang District,Nakhon Si Thammarat,southeast,flood / inundation,0,25,25,180,0.139,17,"202406, 202407, 202408, 202409, 202410, 202411, 202412, 202501, 202506, 202507, 202508, 202509, 202510, 202511, 202512, 202601, 202606","2024-11, 2024-12, 2025-01, 2025-11, 2025-12, 2026-01, 2026-11"
802001,Na Phru,Phra Phrom District,Nakhon Si Thammarat,southeast,flood / inundation,0,25,25,180,0.139,17,"202406, 202407, 202408, 202409, 202410, 202411, 202412, 202501, 202506, 202507, 202508, 202509, 202510, 202511, 202512, 202601, 202606","2024-11, 2024-12, 2025-01, 2025-02, 2025-11, 2025-12, 2026-01, 2026-02, 2026-11"
802002,Na San,Phra Phrom District,Nakhon Si Thammarat,southeast,flood / inundation,0,25,25,180,0.139,17,"202406, 202407, 202408, 202409, 202410, 202411, 202412, 202501, 202506, 202507, 202508, 202509, 202510, 202511, 202512, 202601, 202606","2024-11, 2024-12, 2025-01, 2025-02, 2025-11, 2025-12, 2026-01, 2026-02, 2026-11"
802003,Thai Samphao,Phra Phrom District,Nakhon Si Thammarat,southeast,flood / inundation,0,25,25,180,0.139,17,"202406, 202407, 202408, 202409, 202410, 202411, 202412, 202501, 202506, 202507, 202508, 202509, 202510, 202511, 202512, 202601, 202606","2024-11, 2024-12, 2025-01, 2025-02, 2025-11, 2025-12, 2026-01, 2026-02, 2026-11"
901202,Phichit,Na Mom District,Songkhla,southeast,flood / inundation,0,25,25,180,0.139,15,"202401, 202406, 202407, 202408, 202409, 202410, 202411, 202412, 202501, 202507, 202508, 202509, 202510, 202511, 202512","2024-01, 2024-11, 2024-12, 2025-01, 2025-12"
901301,Rattaphum,Khuan Niang District,Songkhla,southeast,flood / inundation,0,25,25,180,0.139,13,"202406, 202407, 202408, 202409, 202410, 202411, 202412, 202507, 202508, 202509, 202510, 202511, 202512","2024-11, 2024-12, 2025-01, 2025-12, 2026-01"
901302,Khuan So,Khuan Niang District,Songkhla,southeast,flood / inundation,0,25,25,180,0.139,13,"202406, 202407, 202408, 202409, 202410, 202411, 202412, 202507, 202508, 202509, 202510, 202511, 202512","2024-11, 2024-12, 2025-01, 2025-12, 2026-01"
901304,Bang Riang,Khuan Niang District,Songkhla,southeast,flood / inundation,0,25,25,180,0.139,13,"202406, 202407, 202408, 202409, 202410, 202411, 202412, 202507, 202508, 202509, 202510, 202511, 202512","2024-11, 2024-12, 2025-01, 2025-12, 2026-01"
920304,Nai Khuan,Yan Ta Khao District,Trang,southwest,flood / inundation,0,25,25,180,0.139,15,"202403, 202404, 202405, 202406, 202407, 202409, 202410, 202411, 202412, 202505, 202506, 202507, 202508, 202509, 202512","2024-08, 2024-09, 2024-10, 2024-11, 2024-12, 2025-10, 2025-12"
930103,Khao Chiak,Mueang Phatthalung District,Phatthalung,southeast,flood / inundation,0,25,25,180,0.139,15,"202406, 202407, 202408, 202409, 202410, 202411, 202412, 202506, 202507, 202508, 202509, 202510, 202511, 202512, 202606","2024-11, 2024-12, 2025-11, 2025-12, 2026-11"
930111,Khuan Maphrao,Mueang Phatthalung District,Phatthalung,southeast,flood / inundation,0,25,25,180,0.139,15,"202406, 202407, 202408, 202409, 202410, 202411, 202412, 202506, 202507, 202508, 202509, 202510, 202511, 202512, 202606","2024-11, 2024-12, 2025-11, 2025-12, 2026-11"
940104,Bana,Mueang Pattani District,Pattani,southeast,flood / inundation,0,25,25,180,0.139,12,"202407, 202408, 202409, 202410, 202411, 202412, 202507, 202508, 202509, 202510, 202511, 202512","2024-12, 2025-01, 2025-11, 2025-12, 2026-01"
940106,Khlong Maning,Mueang Pattani District,Pattani,southeast,flood / inundation,0,25,25,180,0.139,12,"202407, 202408, 202409, 202410, 202411, 202412, 202507, 202508, 202509, 202510, 202511, 202512","2024-12, 2025-01, 2025-11, 2025-12, 2026-01"
940107,Kami Yo,Mueang Pattani District,Pattani,southeast,flood / inundation,0,25,25,180,0.139,12,"202407, 202408, 202409, 202410, 202411, 202412, 202507, 202508, 202509, 202510, 202511, 202512","2024-12, 2025-01, 2025-11, 2025-12, 2026-01"
940113,Pu Yut,Mueang Pattani District,Pattani,southeast,flood / inundation,0,25,25,180,0.139,12,"202407, 202408, 202409, 202410, 202411, 202412, 202507, 202508, 202509, 202510, 202511, 202512","2024-12, 2025-01, 2025-11, 2025-12, 2026-01"
940301,Ko Po,Nong Chik District,Pattani,southeast,flood / inundation,0,25,25,180,0.139,12,"202407, 202408, 202409, 202410, 202411, 202412, 202507, 202508, 202509, 202510, 202511, 202512","2024-12, 2025-01, 2025-11, 2025-12, 2026-01"
940302,Kholo Tanyong,Nong Chik District,Pattani,southeast,flood / inundation,0,25,25,180,0.139,12,"202407, 202408, 202409, 202410, 202411, 202412, 202507, 202508, 202509, 202510, 202511, 202512","2024-12, 2025-01, 2025-11, 2025-12, 2026-01"
940303,Don Rak,Nong Chik District,Pattani,southeast,flood / inundation,0,25,25,180,0.139,12,"202407, 202408, 202409, 202410, 202411, 202412, 202507, 202508, 202509, 202510, 202511, 202512","2024-12, 2025-01, 2025-11, 2025-12, 2026-01"
940305,Tuyong,Nong Chik District,Pattani,southeast,flood / inundation,0,25,25,180,0.139,12,"202407, 202408, 202409, 202410, 202411, 202412, 202507, 202508, 202509, 202510, 202511, 202512","2024-12, 2025-01, 2025-11, 2025-12, 2026-01"
940306,Tha Kamcham,Nong Chik District,Pattani,southeast,flood / inundation,0,25,25,180,0.139,12,"202407, 202408, 202409, 202410, 202411, 202412, 202507, 202508, 202509, 202510, 202511, 202512","2024-12, 2025-01, 2025-11, 2025-12, 2026-01"
940307,Bo Thong,Nong Chik District,Pattani,southeast,flood / inundation,0,25,25,180,0.139,12,"202407, 202408, 202409, 202410, 202411, 202412, 202507, 202508, 202509, 202510, 202511, 202512","2024-12, 2025-01, 2025-11, 2025-12, 2026-01"
940308,Bang Khao,Nong Chik District,Pattani,southeast,flood / inundation,0,25,25,180,0.139,12,"202407, 202408, 202409, 202410, 202411, 202412, 202507, 202508, 202509, 202510, 202511, 202512","2024-12, 2025-01, 2025-11, 2025-12, 2026-01"
940309,Bang Tawa,Nong Chik District,Pattani,southeast,flood / inundation,0,25,25,180,0.139,12,"202407, 202408, 202409, 202410, 202411, 202412, 202507, 202508, 202509, 202510, 202511, 202512","2024-12, 2025-01, 2025-11, 2025-12, 2026-01"
940310,Pulo Puyo,Nong Chik District,Pattani,southeast,flood / inundation,0,25,25,180,0.139,12,"202407, 202408, 202409, 202410, 202411, 202412, 202507, 202508, 202509, 202510, 202511, 202512","2024-12, 2025-01, 2025-11, 2025-12, 2026-01"
940311,Ya Bi,Nong Chik District,Pattani,southeast,flood / inundation,0,25,25,180,0.139,12,"202407, 202408, 202409, 202410, 202411, 202412, 202507, 202508, 202509, 202510, 202511, 202512","2024-12, 2025-01, 2025-11, 2025-12, 2026-01"
940312,Lipa Sa-Ngo,Nong Chik District,Pattani,southeast,flood / inundation,0,25,25,180,0.139,12,"202407, 202408, 202409, 202410, 202411, 202412, 202507, 202508, 202509, 202510, 202511, 202512","2024-12, 2025-01, 2025-11, 2025-12, 2026-01"
940509,Podo,Mayo District,Pattani,southeast,flood / inundation,0,25,25,180,0.139,12,"202407, 202408, 202409, 202410, 202411, 202412, 202507, 202508, 202509, 202510, 202511, 202512","2024-12, 2025-01, 2025-11, 2025-12, 2026-01"
940908,Ya Mu,Yaring District,Pattani,southeast,flood / inundation,0,25,25,180,0.139,12,"202407, 202408, 202409, 202410, 202411, 202412, 202507, 202508, 202509, 202510, 202511, 202512","2024-12, 2025-01, 2025-11, 2025-12, 2026-01"
940911,Piya Mumang,Yaring District,Pattani,southeast,flood / inundation,0,25,25,180,0.139,12,"202407, 202408, 202409, 202410, 202411, 202412, 202507, 202508, 202509, 202510, 202511, 202512","2024-12, 2025-01, 2025-11, 2025-12, 2026-01"
941003,Prachan,Yarang District,Pattani,southeast,flood / inundation,0,25,25,180,0.139,12,"202407, 202408, 202409, 202410, 202411, 202412, 202507, 202508, 202509, 202510, 202511, 202512","2024-12, 2025-01, 2025-11, 2025-12, 2026-01"
941006,Pitu Mudi,Yarang District,Pattani,southeast,flood / inundation,0,25,25,180,0.139,12,"202407, 202408, 202409, 202410, 202411, 202412, 202507, 202508, 202509, 202510, 202511, 202512","2024-12, 2025-01, 2025-11, 2025-12, 2026-01"
941009,Khlong Mai,Yarang District,Pattani,southeast,flood / inundation,0,25,25,180,0.139,12,"202407, 202408, 202409, 202410, 202411, 202412, 202507, 202508, 202509, 202510, 202511, 202512","2024-12, 2025-01, 2025-11, 2025-12, 2026-01"
950112,Po Seng,Mueang Yala District,Yala,southeast,flood / inundation,0,25,25,180,0.139,14,"202401, 202407, 202408, 202409, 202410, 202411, 202412, 202501, 202507, 202508, 202509, 202510, 202511, 202512","2024-01, 2024-12, 2025-01, 2025-02, 2025-11, 2025-12, 2026-01"
960305,Bare Nuea,Bacho District,Narathiwat,southeast,flood / inundation,0,25,25,180,0.139,15,"202406, 202407, 202408, 202409, 202410, 202411, 202412, 202501, 202507, 202508, 202509, 202510, 202511, 202512, 202606","2024-11, 2024-12, 2025-02, 2025-11, 2025-12, 2026-11"
180801,Noen Kham,Noen Kham District,Chainat,Central,flood / inundation,0,24,24,180,0.133,17,"202402, 202403, 202404, 202405, 202406, 202407, 202409, 202501, 202502, 202503, 202504, 202505, 202506, 202507, 202508, 202509, 202510","2024-07, 2024-09, 2024-10, 2025-05, 2025-10, 2025-11"
330308,Lathai,Kanthararom District,Sisaket,Northeast,flood / inundation,0,24,24,180,0.133,16,"202405, 202406, 202407, 202408, 202409, 202410, 202504, 202505, 202506, 202507, 202508, 202509, 202510, 202604, 202605, 202606","2024-09, 2024-10, 2025-09, 2025-10, 2026-09, 2026-10"
330419,Sao Thong Chai,Kantharalak District,Sisaket,Northeast,flood / inundation,0,24,24,180,0.133,14,"202404, 202405, 202406, 202407, 202501, 202502, 202503, 202504, 202505, 202506, 202512, 202604, 202605, 202606","2024-08, 2024-09, 2025-05, 2025-07, 2026-05, 2026-07, 2026-08, 2026-09"
331703,Huai Tuek Chu,Phu Sing District,Sisaket,Northeast,flood / inundation,0,24,24,180,0.133,16,"202404, 202405, 202406, 202407, 202410, 202501, 202502, 202503, 202504, 202505, 202506, 202510, 202512, 202604, 202605, 202606","2024-09, 2024-10, 2025-05, 2025-07, 2025-10, 2026-05, 2026-07, 2026-09, 2026-10"
331707,Phrai Phatthana,Phu Sing District,Sisaket,Northeast,flood / inundation,0,24,24,180,0.133,18,"202404, 202405, 202406, 202407, 202410, 202501, 202502, 202504, 202505, 202506, 202507, 202508, 202509, 202510, 202512, 202604, 202605, 202606","2024-09, 2024-10, 2025-05, 2025-10, 2026-05, 2026-07, 2026-09, 2026-10"
342001,Tan Sum,Tan Sum District,Ubon Ratchathani,Northeast,flood / inundation,0,24,24,180,0.133,15,"202405, 202406, 202407, 202408, 202409, 202410, 202505, 202506, 202507, 202508, 202509, 202510, 202604, 202605, 202606","2024-08, 2024-09, 2024-10, 2025-10, 2026-08, 2026-09, 2026-10"
342003,Chik Thoeng,Tan Sum District,Ubon Ratchathani,Northeast,flood / inundation,0,24,24,180,0.133,15,"202405, 202406, 202407, 202408, 202409, 202410, 202505, 202506, 202507, 202508, 202509, 202510, 202604, 202605, 202606","2024-08, 2024-09, 2024-10, 2025-10, 2026-08, 2026-09, 2026-10"
400106,Mueang Kao,Mueang Khon Kaen District,Khon Kaen,Northeast,flood / inundation,0,24,24,180,0.133,18,"202403, 202405, 202406, 202407, 202408, 202409, 202410, 202503, 202504, 202505, 202506, 202507, 202508, 202509, 202510, 202604, 202605, 202606","2024-07, 2024-08, 2024-10, 2025-07, 2025-10, 2026-09, 2026-10"
420109,Na Din Dam,Mueang Loei District,Loei,Northeast,flood / inundation,0,24,24,180,0.133,14,"202403, 202404, 202405, 202406, 202407, 202408, 202409, 202410, 202503, 202504, 202505, 202506, 202509, 202510","2024-08, 2024-09, 2024-10, 2025-08, 2025-09, 2025-10"
420203,Tha Sa-At,Na Duang District,Loei,Northeast,flood / inundation,0,24,24,180,0.133,15,"202403, 202404, 202405, 202406, 202407, 202408, 202409, 202503, 202504, 202505, 202506, 202507, 202508, 202509, 202510","2024-08, 2024-09, 2024-10, 2025-08, 2025-09, 2025-10"
420204,Tha Sawan,Na Duang District,Loei,Northeast,flood / inundation,0,24,24,180,0.133,15,"202403, 202404, 202405, 202406, 202407, 202408, 202409, 202503, 202504, 202505, 202506, 202507, 202508, 202509, 202510","2024-08, 2024-09, 2024-10, 2025-08, 2025-09, 2025-10"
451803,Phrathat,Chiang Khwan District,Roi Et,Northeast,flood / inundation,0,24,24,180,0.133,16,"202403, 202404, 202405, 202406, 202407, 202408, 202409, 202410, 202505, 202506, 202507, 202508, 202509, 202510, 202605, 202606","2024-07, 2024-08, 2024-10, 2025-07, 2025-10, 2026-08, 2026-10"
460310,Chao Tha,Kamalasai District,Kalasin,Northeast,flood / inundation,0,24,24,180,0.133,16,"202403, 202404, 202405, 202406, 202407, 202408, 202409, 202410, 202505, 202506, 202507, 202508, 202509, 202510, 202605, 202606","2024-07, 2024-08, 2024-10, 2025-07, 2025-10, 2026-08, 2026-10"
461201,Nong Kung Si,Nong Kung Si District,Kalasin,Northeast,flood / inundation,0,24,24,180,0.133,17,"202402, 202403, 202405, 202406, 202407, 202501, 202502, 202503, 202504, 202505, 202506, 202507, 202512, 202602, 202604, 202605, 202606","2024-07, 2024-08, 2025-05, 2025-07, 2026-05, 2026-07, 2026-08"
530204,Nam Ang,Tron District,Auttaradit,North,flood / inundation,0,24,24,180,0.133,18,"202404, 202405, 202406, 202407, 202408, 202409, 202412, 202501, 202502, 202503, 202504, 202505, 202509, 202510, 202601, 202602, 202603, 202604","2024-09, 2024-10, 2025-05, 2025-09, 2025-10, 2026-05, 2026-06"
551402,Na Pang,Phu Phiang District,Nan,North,flood / inundation,0,24,24,180,0.133,17,"202402, 202403, 202404, 202405, 202406, 202407, 202408, 202409, 202504, 202505, 202506, 202507, 202508, 202603, 202604, 202605, 202606","2024-07, 2024-08, 2024-09, 2025-08, 2025-09, 2026-06, 2026-08"
640103,Mueang Kao,Mueang Sukhothai District,Sukhothai,North,flood / inundation,0,24,24,180,0.133,18,"202403, 202404, 202405, 202406, 202407, 202408, 202412, 202501, 202502, 202503, 202504, 202505, 202506, 202507, 202508, 202509, 202510, 202602","2024-07, 2024-09, 2024-10, 2025-05, 2025-09, 2025-10, 2026-06"
650806,Kaeng Sopha,Wang Thong District,Phitsanu Lok,North,flood / inundation,0,24,24,180,0.133,17,"202404, 202405, 202406, 202407, 202408, 202409, 202501, 202504, 202505, 202506, 202507, 202508, 202509, 202510, 202604, 202605, 202606","2024-08, 2024-09, 2025-06, 2025-09, 2025-10, 2026-09"
661202,Bueng Bua,Wachirabarami District,Phichit,North,flood / inundation,0,24,24,180,0.133,20,"202403, 202404, 202405, 202406, 202407, 202408, 202409, 202412, 202501, 202502, 202503, 202504, 202505, 202506, 202507, 202508, 202509, 202604, 202605, 202606","2024-08, 2024-09, 2025-05, 2025-09, 2026-09"
730208,Don Khoi,Kamphaeng Saen District,Nakhon Prathom,Central,flood / inundation,0,24,24,180,0.133,14,"202405, 202406, 202407, 202408, 202409, 202410, 202505, 202506, 202507, 202508, 202509, 202510, 202605, 202606","2024-10, 2024-11, 2025-10, 2025-11, 2026-10"
730502,Bang Pla,Bang Len District,Nakhon Prathom,Central,flood / inundation,0,24,24,180,0.133,17,"202405, 202406, 202407, 202410, 202412, 202501, 202502, 202503, 202504, 202505, 202506, 202507, 202508, 202509, 202510, 202512, 202605","2024-10, 2024-11, 2025-05, 2025-10, 2025-11, 2026-05, 2026-10"
760507,Wang Khrai,Tha Yang District,Phetchaburi,southeast,flood / inundation,0,24,24,180,0.133,14,"202405, 202406, 202407, 202408, 202409, 202410, 202411, 202506, 202507, 202508, 202509, 202510, 202511, 202606","2024-10, 2024-11, 2025-10, 2025-11, 2026-11"
801202,Khlong Noi,Pak Phanang District,Nakhon Si Thammarat,southeast,flood / inundation,0,24,24,180,0.133,16,"202406, 202407, 202408, 202409, 202410, 202411, 202412, 202501, 202506, 202507, 202508, 202509, 202510, 202511, 202512, 202601","2024-11, 2024-12, 2025-01, 2025-11, 2025-12, 2026-01"
801208,Hu Long,Pak Phanang District,Nakhon Si Thammarat,southeast,flood / inundation,0,24,24,180,0.133,16,"202406, 202407, 202408, 202409, 202410, 202411, 202412, 202501, 202506, 202507, 202508, 202509, 202510, 202511, 202512, 202601","2024-11, 2024-12, 2025-01, 2025-11, 2025-12, 2026-01"
801211,Bang Sala,Pak Phanang District,Nakhon Si Thammarat,southeast,flood / inundation,0,24,24,180,0.133,16,"202406, 202407, 202408, 202409, 202410, 202411, 202412, 202501, 202506, 202507, 202508, 202509, 202510, 202511, 202512, 202601","2024-11, 2024-12, 2025-01, 2025-11, 2025-12, 2026-01"
801217,Pak Phraek,Pak Phanang District,Nakhon Si Thammarat,southeast,flood / inundation,0,24,24,180,0.133,16,"202406, 202407, 202408, 202409, 202410, 202411, 202412, 202501, 202506, 202507, 202508, 202509, 202510, 202511, 202512, 202601","2024-11, 2024-12, 2025-01, 2025-11, 2025-12, 2026-01"
801303,Sao Thong,Ron Phibun District,Nakhon Si Thammarat,southeast,flood / inundation,0,24,24,180,0.133,17,"202406, 202407, 202408, 202409, 202410, 202411, 202412, 202501, 202506, 202507, 202508, 202509, 202510, 202511, 202512, 202601, 202606","2024-11, 2024-12, 2025-01, 2025-02, 2025-11, 2025-12, 2026-01, 2026-02, 2026-11"
801306,Khuan Chum,Ron Phibun District,Nakhon Si Thammarat,southeast,flood / inundation,0,24,24,180,0.133,17,"202406, 202407, 202408, 202409, 202410, 202411, 202412, 202501, 202506, 202507, 202508, 202509, 202510, 202511, 202512, 202601, 202606","2024-11, 2024-12, 2025-01, 2025-02, 2025-03, 2025-11, 2025-12, 2026-01, 2026-02, 2026-11"
801404,Sao Phao,Sichon District,Nakhon Si Thammarat,southeast,flood / inundation,0,24,24,180,0.133,16,"202406, 202407, 202408, 202409, 202410, 202411, 202412, 202501, 202506, 202507, 202508, 202509, 202510, 202511, 202601, 202606","2024-11, 2024-12, 2025-01, 2025-11, 2026-01, 2026-11"
860802,Thung Takhrai,Thung Tako District,Chumphon,southeast,flood / inundation,0,24,24,180,0.133,19,"202403, 202404, 202405, 202406, 202407, 202408, 202409, 202410, 202411, 202412, 202501, 202507, 202508, 202509, 202510, 202511, 202512, 202605, 202606","2024-08, 2024-11, 2024-12, 2025-01, 2025-12, 2026-08"
900502,Pak Bang,Thepha District,Songkhla,southeast,flood / inundation,0,24,24,180,0.133,12,"202407, 202408, 202409, 202410, 202411, 202412, 202507, 202508, 202509, 202510, 202511, 202512","2024-12, 2025-01, 2025-11, 2025-12, 2026-01"
920904,Nong Prue,Ratsada District,Trang,southwest,flood / inundation,0,24,24,180,0.133,12,"202404, 202405, 202406, 202407, 202408, 202409, 202410, 202411, 202412, 202501, 202506, 202512","2024-09, 2024-10, 2024-11, 2024-12, 2025-01, 2025-10, 2025-12"
940207,Pak Lo,Khok Pho District,Pattani,southeast,flood / inundation,0,24,24,180,0.133,13,"202401, 202407, 202408, 202409, 202410, 202411, 202412, 202507, 202508, 202509, 202510, 202511, 202512","2024-01, 2024-12, 2025-01, 2025-11, 2025-12, 2026-01"
940211,Tha Ruea,Khok Pho District,Pattani,southeast,flood / inundation,0,24,24,180,0.133,12,"202407, 202408, 202409, 202410, 202411, 202412, 202507, 202508, 202509, 202510, 202511, 202512","2024-12, 2025-01, 2025-11, 2025-12, 2026-01"
940214,Khuan Nori,Khok Pho District,Pattani,southeast,flood / inundation,0,24,24,180,0.133,12,"202407, 202408, 202409, 202410, 202411, 202412, 202507, 202508, 202509, 202510, 202511, 202512","2024-12, 2025-01, 2025-11, 2025-12, 2026-01"
940304,Dato,Nong Chik District,Pattani,southeast,flood / inundation,0,24,24,180,0.133,12,"202407, 202408, 202409, 202410, 202411, 202412, 202507, 202508, 202509, 202510, 202511, 202512","2024-12, 2025-01, 2025-11, 2025-12, 2026-01"
941010,Mo Mawi,Yarang District,Pattani,southeast,flood / inundation,0,24,24,180,0.133,12,"202407, 202408, 202409, 202410, 202411, 202412, 202507, 202508, 202509, 202510, 202511, 202512","2024-12, 2025-01, 2025-11, 2025-12, 2026-01"
941203,Pa Rai,Mae Lan District,Pattani,southeast,flood / inundation,0,24,24,180,0.133,12,"202407, 202408, 202409, 202410, 202411, 202412, 202507, 202508, 202509, 202510, 202511, 202512","2024-12, 2025-01, 2025-11, 2025-12, 2026-01"
950108,Tha Sap,Mueang Yala District,Yala,southeast,flood / inundation,0,24,24,180,0.133,13,"202407, 202408, 202409, 202410, 202411, 202412, 202501, 202507, 202508, 202509, 202510, 202511, 202512","2024-12, 2025-01, 2025-02, 2025-11, 2025-12, 2026-01"
960705,Kalong,Si Sakhon District,Narathiwat,southeast,flood / inundation,0,24,24,180,0.133,18,"202405, 202406, 202407, 202408, 202409, 202410, 202411, 202412, 202501, 202502, 202503, 202504, 202507, 202508, 202509, 202510, 202511, 202512","2024-06, 2024-11, 2024-12, 2025-02, 2025-06, 2025-11, 2025-12"
961003,Mu No,Su-ngai Kolok District,Narathiwat,southeast,flood / inundation,0,24,24,180,0.133,14,"202406, 202407, 202408, 202409, 202410, 202411, 202412, 202501, 202507, 202508, 202509, 202510, 202511, 202512","2024-11, 2024-12, 2025-01, 2025-02, 2025-11, 2025-12"
141508,Phit Phian,Maha Rat District,Phra Nakhon Si Ayudhya,Central,flood / inundation,0,23,23,180,0.128,20,"202405, 202406, 202407, 202408, 202409, 202410, 202412, 202501, 202502, 202503, 202504, 202505, 202506, 202507, 202508, 202509, 202510, 202603, 202605, 202606","2024-08, 2024-09, 2024-10, 2025-05, 2025-10, 2026-08, 2026-10"
190602,Bang Khamot,Ban Mo District,Saraburi,Central,flood / inundation,0,23,23,180,0.128,16,"202403, 202404, 202405, 202406, 202407, 202409, 202501, 202502, 202503, 202504, 202505, 202506, 202507, 202602, 202603, 202604","2024-08, 2024-09, 2024-10, 2025-06, 2025-08, 2026-06, 2026-08"
200602,Na Phrathat,Phanat Nikhom District,Chonburi,east,flood / inundation,0,23,23,180,0.128,16,"202403, 202404, 202405, 202406, 202407, 202408, 202409, 202412, 202501, 202505, 202506, 202507, 202508, 202509, 202510, 202604","2024-08, 2024-09, 2024-10, 2025-05, 2025-10, 2026-09"
300301,Soeng Sang,Soeng Sang District,Nakhon Ratchasima,Northeast,flood / inundation,0,23,23,180,0.128,17,"202403, 202404, 202405, 202406, 202407, 202408, 202409, 202501, 202504, 202505, 202506, 202507, 202508, 202509, 202604, 202605, 202606","2024-08, 2024-09, 2024-10, 2025-05, 2025-09, 2026-09"
330802,Bak Dong,Khun Han District,Sisaket,Northeast,flood / inundation,0,23,23,180,0.128,13,"202404, 202405, 202406, 202407, 202410, 202501, 202502, 202504, 202510, 202512, 202604, 202605, 202606","2024-08, 2024-09, 2024-10, 2025-05, 2025-10, 2026-05, 2026-07, 2026-08, 2026-09, 2026-10"
331205,Chan Saen Chai,Huai Thap Than District,Sisaket,Northeast,flood / inundation,0,23,23,180,0.128,19,"202404, 202405, 202406, 202407, 202408, 202409, 202410, 202501, 202504, 202505, 202506, 202507, 202508, 202509, 202510, 202512, 202604, 202605, 202606","2024-09, 2024-10, 2025-05, 2025-09, 2025-10, 2026-05, 2026-07, 2026-08, 2026-09"
331305,Lao Kwang,Non Khun District,Sisaket,Northeast,flood / inundation,0,23,23,180,0.128,17,"202404, 202405, 202406, 202407, 202408, 202409, 202501, 202504, 202505, 202506, 202507, 202508, 202509, 202512, 202604, 202605, 202606","2024-08, 2024-09, 2025-05, 2025-09, 2026-05, 2026-08, 2026-09"
331705,Takhian Ram,Phu Sing District,Sisaket,Northeast,flood / inundation,0,23,23,180,0.128,14,"202404, 202405, 202406, 202407, 202410, 202501, 202502, 202504, 202506, 202510, 202512, 202604, 202605, 202606","2024-09, 2024-10, 2025-05, 2025-07, 2025-10, 2026-05, 2026-07, 2026-08, 2026-09, 2026-10"
340406,Chi Thuan,Khueang Nai District,Ubon Ratchathani,Northeast,flood / inundation,0,23,23,180,0.128,16,"202403, 202404, 202405, 202406, 202407, 202408, 202409, 202410, 202505, 202506, 202507, 202508, 202509, 202510, 202605, 202606","2024-07, 2024-08, 2024-10, 2025-10, 2026-10"
342005,Na Khai,Tan Sum District,Ubon Ratchathani,Northeast,flood / inundation,0,23,23,180,0.128,15,"202405, 202406, 202407, 202408, 202409, 202410, 202505, 202506, 202507, 202508, 202509, 202510, 202604, 202605, 202606","2024-08, 2024-09, 2024-10, 2025-10, 2026-08, 2026-09, 2026-10"
342402,Lao Daeng,Don Mot Daeng District,Ubon Ratchathani,Northeast,flood / inundation,0,23,23,180,0.128,15,"202405, 202406, 202407, 202408, 202409, 202410, 202505, 202506, 202507, 202508, 202509, 202510, 202604, 202605, 202606","2024-08, 2024-09, 2024-10, 2025-10, 2026-08, 2026-09, 2026-10"
342604,Kut Ruea,Thung Si Udom District,Ubon Ratchathani,Northeast,flood / inundation,0,23,23,180,0.128,15,"202404, 202405, 202406, 202407, 202408, 202409, 202504, 202505, 202506, 202507, 202508, 202509, 202604, 202605, 202606","2024-08, 2024-09, 2025-09, 2026-07, 2026-08, 2026-09"
380502,Nong Yong,Pak Khat District,Bung Kan,Northeast,flood / inundation,0,23,23,180,0.128,16,"202404, 202405, 202406, 202407, 202409, 202502, 202503, 202504, 202505, 202506, 202507, 202508, 202509, 202604, 202605, 202606","2024-07, 2024-08, 2024-09, 2025-07, 2025-08, 2025-09, 2026-07, 2026-08, 2026-09"
380503,Na Kang,Pak Khat District,Bung Kan,Northeast,flood / inundation,0,23,23,180,0.128,14,"202403, 202404, 202405, 202406, 202407, 202408, 202409, 202504, 202505, 202507, 202508, 202604, 202605, 202606","2024-08, 2024-09, 2025-07, 2025-08, 2025-09, 2026-07, 2026-08, 2026-09"
390604,Wang Pla Pom,Na Wang District,Nong Bua Lamphu,Northeast,flood / inundation,0,23,23,180,0.128,13,"202403, 202404, 202405, 202406, 202407, 202408, 202409, 202503, 202504, 202505, 202506, 202509, 202510","2024-07, 2024-08, 2024-09, 2024-10, 2025-07, 2025-09, 2025-10"
400503,Na Nong Thum,Chum Phae District,Khon Kaen,Northeast,flood / inundation,0,23,23,180,0.128,22,"202401, 202402, 202403, 202404, 202405, 202406, 202407, 202408, 202409, 202412, 202501, 202502, 202503, 202504, 202505, 202509, 202512, 202601, 202602, 202603, 202604, 202605","2024-05, 2024-09, 2025-05, 2025-09, 2026-05"
402401,Ban Haet,Ban Haet District,Khon Kaen,Northeast,flood / inundation,0,23,23,180,0.128,18,"202403, 202405, 202406, 202407, 202408, 202409, 202410, 202504, 202505, 202506, 202507, 202508, 202509, 202510, 202512, 202604, 202605, 202606","2024-07, 2024-08, 2024-10, 2025-07, 2025-10, 2026-05, 2026-10"
450805,Sa-At,Pho Chai District,Roi Et,Northeast,flood / inundation,0,23,23,180,0.128,15,"202404, 202405, 202406, 202407, 202408, 202409, 202410, 202505, 202506, 202507, 202508, 202509, 202510, 202605, 202606","2024-07, 2024-08, 2024-10, 2025-07, 2025-10, 2026-08, 2026-10"
520114,Ban Pao,Mueang Lampang District,Lampang,North,flood / inundation,0,23,23,180,0.128,13,"202403, 202404, 202405, 202406, 202407, 202408, 202412, 202501, 202502, 202504, 202507, 202508, 202604","2024-07, 2024-08, 2024-09, 2024-10, 2025-05, 2025-10, 2026-05"
530705,Kho Rum,Phichai District,Auttaradit,North,flood / inundation,0,23,23,180,0.128,17,"202403, 202404, 202405, 202406, 202407, 202408, 202409, 202504, 202505, 202506, 202507, 202508, 202509, 202602, 202604, 202605, 202606","2024-08, 2024-09, 2025-09, 2026-05, 2026-06, 2026-09"
550105,Thuem Tong,Mueang Nan District,Nan,North,flood / inundation,0,23,23,180,0.128,17,"202403, 202404, 202405, 202406, 202407, 202408, 202409, 202503, 202504, 202505, 202506, 202507, 202508, 202603, 202604, 202605, 202606","2024-08, 2024-09, 2025-08, 2025-09, 2026-06, 2026-08"
550705,Na Lueang,Wiang Sa District,Nan,North,flood / inundation,0,23,23,180,0.128,17,"202402, 202403, 202404, 202405, 202406, 202407, 202408, 202503, 202504, 202505, 202506, 202507, 202508, 202603, 202604, 202605, 202606","2024-07, 2024-08, 2025-08, 2026-06, 2026-08"
570506,Hua Ngom,Phan District,Chiangrai,North,flood / inundation,0,23,23,180,0.128,15,"202402, 202403, 202404, 202405, 202406, 202407, 202409, 202501, 202502, 202504, 202508, 202601, 202602, 202603, 202604","2024-07, 2024-08, 2024-09, 2025-05, 2025-08, 2026-05"
600117,Bueng Senat,Mueang Nakhon Sawan District,Nakhon Sawan,North,flood / inundation,0,23,23,180,0.128,20,"202404, 202405, 202406, 202407, 202408, 202409, 202410, 202501, 202502, 202503, 202504, 202505, 202506, 202507, 202508, 202509, 202510, 202512, 202605, 202606","2024-09, 2024-10, 2025-05, 2025-10, 2026-05, 2026-10"
620105,Nakhon Chum,Mueang Kamphaeng Phet District,Kampaeng Phet,North,flood / inundation,0,23,23,180,0.128,18,"202404, 202405, 202406, 202407, 202408, 202409, 202501, 202502, 202504, 202505, 202506, 202507, 202508, 202509, 202510, 202604, 202605, 202606","2024-09, 2025-05, 2025-09, 2025-10, 2026-09"
620110,Nong Pling,Mueang Kamphaeng Phet District,Kampaeng Phet,North,flood / inundation,0,23,23,180,0.128,16,"202404, 202405, 202406, 202407, 202409, 202412, 202501, 202502, 202503, 202504, 202505, 202506, 202507, 202508, 202509, 202510","2024-08, 2024-09, 2024-10, 2025-05, 2025-09, 2025-10"
620508,Hua Thanon,Khlong Khlung District,Kampaeng Phet,North,flood / inundation,0,23,23,180,0.128,15,"202404, 202405, 202406, 202407, 202412, 202501, 202502, 202503, 202504, 202505, 202506, 202507, 202508, 202509, 202510","2024-09, 2024-10, 2025-05, 2025-09, 2025-10, 2025-11"
630107,Pong Daeng,Mueang Tak District,Tak,North,flood / inundation,0,23,23,180,0.128,14,"202404, 202405, 202406, 202407, 202408, 202505, 202506, 202507, 202508, 202509, 202510, 202604, 202605, 202606","2024-09, 2024-10, 2025-09, 2025-10, 2026-09, 2026-10"
640901,Ban Mai Chai Mongkhon,Thung Saliam District,Sukhothai,North,flood / inundation,0,23,23,180,0.128,18,"202404, 202405, 202406, 202407, 202408, 202412, 202501, 202502, 202503, 202504, 202505, 202506, 202507, 202508, 202509, 202510, 202602, 202604","2024-09, 2024-10, 2025-05, 2025-09, 2025-10, 2026-06"
650807,Tha Muen Ram,Wang Thong District,Phitsanu Lok,North,flood / inundation,0,23,23,180,0.128,17,"202403, 202404, 202405, 202406, 202407, 202408, 202409, 202504, 202505, 202506, 202507, 202508, 202509, 202510, 202604, 202605, 202606","2024-08, 2024-09, 2025-09, 2025-10, 2026-09"
710309,Nong Krang,Bo Phloi District,Kanchanaburi,Central,flood / inundation,0,23,23,180,0.128,13,"202403, 202404, 202405, 202406, 202407, 202408, 202409, 202505, 202506, 202507, 202508, 202509, 202510","2024-08, 2024-09, 2024-10, 2025-10"
720109,Phihan Daeng,Mueang Suphan Buri District,Suphan Buri,Central,flood / inundation,0,23,23,180,0.128,16,"202404, 202405, 202406, 202407, 202408, 202409, 202410, 202411, 202505, 202506, 202507, 202508, 202509, 202510, 202605, 202606","2024-09, 2024-10, 2024-11, 2025-10, 2025-11, 2026-10"
720714,Bo Suphan,Song Phi Nong District,Suphan Buri,Central,flood / inundation,0,23,23,180,0.128,13,"202404, 202405, 202406, 202407, 202408, 202409, 202410, 202505, 202506, 202507, 202508, 202509, 202510","2024-09, 2024-10, 2024-11, 2025-10, 2025-11"
730209,Sa Phatthana,Kamphaeng Saen District,Nakhon Prathom,Central,flood / inundation,0,23,23,180,0.128,14,"202405, 202406, 202407, 202408, 202409, 202410, 202505, 202506, 202507, 202508, 202509, 202510, 202605, 202606","2024-10, 2024-11, 2025-10, 2025-11, 2026-10"
730304,Tha Tamnak,Nakhon Chai Si District,Nakhon Prathom,Central,flood / inundation,0,23,23,180,0.128,18,"202405, 202406, 202407, 202409, 202412, 202501, 202502, 202503, 202504, 202505, 202506, 202507, 202508, 202509, 202510, 202512, 202605, 202606","2024-09, 2024-10, 2025-05, 2025-10, 2025-11, 2026-05, 2026-10"
730315,Sampathuan,Nakhon Chai Si District,Nakhon Prathom,Central,flood / inundation,0,23,23,180,0.128,17,"202405, 202406, 202407, 202410, 202411, 202412, 202501, 202502, 202503, 202504, 202505, 202506, 202507, 202508, 202509, 202510, 202512","2024-10, 2024-11, 2025-05, 2025-10, 2025-11, 2026-05"
730408,Lam Luk Bua,Don Tum District,Nakhon Prathom,Central,flood / inundation,0,23,23,180,0.128,14,"202405, 202406, 202407, 202408, 202409, 202410, 202505, 202506, 202507, 202508, 202509, 202510, 202605, 202606","2024-10, 2024-11, 2025-10, 2025-11, 2026-10"
730515,Phai Hu Chang,Bang Len District,Nakhon Prathom,Central,flood / inundation,0,23,23,180,0.128,14,"202405, 202406, 202407, 202408, 202409, 202410, 202505, 202506, 202507, 202508, 202509, 202510, 202605, 202606","2024-10, 2024-11, 2025-10, 2025-11, 2026-10"
730602,Song Khanong,Sam Phran District,Nakhon Prathom,Central,flood / inundation,0,23,23,180,0.128,15,"202405, 202406, 202407, 202408, 202409, 202410, 202411, 202505, 202506, 202507, 202508, 202509, 202510, 202605, 202606","2024-10, 2024-11, 2025-10, 2025-11, 2026-10"
730609,Tha Talat,Sam Phran District,Nakhon Prathom,Central,flood / inundation,0,23,23,180,0.128,15,"202405, 202406, 202407, 202408, 202409, 202410, 202411, 202505, 202506, 202507, 202508, 202509, 202510, 202605, 202606","2024-10, 2024-11, 2025-10, 2025-11, 2026-10"
800702,Tha Samet,Cha-uat District,Nakhon Si Thammarat,southeast,flood / inundation,0,23,23,180,0.128,16,"202406, 202407, 202408, 202409, 202410, 202411, 202412, 202501, 202506, 202507, 202508, 202509, 202510, 202511, 202512, 202606","2024-11, 2024-12, 2025-01, 2025-02, 2025-11, 2025-12, 2026-11"
800703,Tha Pracha,Cha-uat District,Nakhon Si Thammarat,southeast,flood / inundation,0,23,23,180,0.128,16,"202406, 202407, 202408, 202409, 202410, 202411, 202412, 202501, 202506, 202507, 202508, 202509, 202510, 202511, 202512, 202606","2024-11, 2024-12, 2025-01, 2025-02, 2025-11, 2025-12, 2026-11"
801104,Kurae,Thung Yai District,Nakhon Si Thammarat,southeast,flood / inundation,0,23,23,180,0.128,8,"202403, 202404, 202405, 202406, 202407, 202408, 202409, 202410","2024-07, 2024-08, 2024-09, 2024-10, 2024-11"
801903,Khuan Nong Kwa,Chulabhorn District,Nakhon Si Thammarat,southeast,flood / inundation,0,23,23,180,0.128,16,"202406, 202407, 202408, 202409, 202410, 202411, 202412, 202501, 202506, 202507, 202508, 202509, 202510, 202511, 202512, 202606","2024-11, 2024-12, 2025-01, 2025-02, 2025-11, 2025-12, 2026-11"
860106,Na Cha-Ang,Mueang Chumphon District,Chumphon,southeast,flood / inundation,0,23,23,180,0.128,13,"202401, 202406, 202407, 202408, 202409, 202410, 202411, 202412, 202501, 202509, 202510, 202511, 202512","2024-01, 2024-11, 2024-12, 2025-01, 2025-12"
860307,Khao Chaiyarat,Pathio District,Chumphon,southeast,flood / inundation,0,23,23,180,0.128,16,"202405, 202406, 202407, 202408, 202409, 202410, 202411, 202412, 202501, 202506, 202507, 202508, 202509, 202510, 202511, 202606","2024-10, 2024-11, 2024-12, 2025-01, 2025-11, 2026-11"
900712,Daen Sa-Nguan,Ranot District,Songkhla,southeast,flood / inundation,0,23,23,180,0.128,15,"202406, 202407, 202408, 202409, 202410, 202411, 202412, 202501, 202507, 202508, 202509, 202510, 202511, 202512, 202601","2024-11, 2024-12, 2025-01, 2025-02, 2025-12, 2026-01"
920306,Thung Krabue,Yan Ta Khao District,Trang,southwest,flood / inundation,0,23,23,180,0.128,15,"202403, 202404, 202405, 202406, 202407, 202409, 202410, 202411, 202412, 202505, 202506, 202507, 202508, 202509, 202512","2024-08, 2024-09, 2024-11, 2024-12, 2025-10, 2025-12"
920308,Ko Pia,Yan Ta Khao District,Trang,southwest,flood / inundation,0,23,23,180,0.128,16,"202403, 202404, 202405, 202406, 202407, 202409, 202410, 202411, 202412, 202505, 202506, 202507, 202508, 202509, 202510, 202512","2024-08, 2024-09, 2024-11, 2024-12, 2025-10, 2025-11, 2025-12"
920806,Na Khao Sia,Na Yong District,Trang,southwest,flood / inundation,0,23,23,180,0.128,15,"202404, 202405, 202406, 202407, 202409, 202410, 202411, 202412, 202505, 202506, 202507, 202508, 202509, 202510, 202512","2024-09, 2024-11, 2024-12, 2025-10, 2025-11, 2025-12"
940202,Makrut,Khok Pho District,Pattani,southeast,flood / inundation,0,23,23,180,0.128,12,"202407, 202408, 202409, 202410, 202411, 202412, 202507, 202508, 202509, 202510, 202511, 202512","2024-12, 2025-01, 2025-11, 2025-12, 2026-01"
940203,Bang Kro,Khok Pho District,Pattani,southeast,flood / inundation,0,23,23,180,0.128,12,"202407, 202408, 202409, 202410, 202411, 202412, 202507, 202508, 202509, 202510, 202511, 202512","2024-12, 2025-01, 2025-11, 2025-12, 2026-01"
940213,Na Ket,Khok Pho District,Pattani,southeast,flood / inundation,0,23,23,180,0.128,12,"202407, 202408, 202409, 202410, 202411, 202412, 202507, 202508, 202509, 202510, 202511, 202512","2024-12, 2025-01, 2025-11, 2025-12, 2026-01"
941201,Mae Lan,Mae Lan District,Pattani,southeast,flood / inundation,0,23,23,180,0.128,12,"202407, 202408, 202409, 202410, 202411, 202412, 202507, 202508, 202509, 202510, 202511, 202512","2024-12, 2025-01, 2025-11, 2025-12, 2026-01"
960803,Kho Lo,Waeng District,Narathiwat,southeast,flood / inundation,0,23,23,180,0.128,14,"202406, 202407, 202408, 202409, 202410, 202411, 202412, 202501, 202507, 202508, 202509, 202510, 202511, 202512","2024-11, 2024-12, 2025-02, 2025-12, 2026-01"
940206,Na Pradu,Khok Pho District,Pattani,southeast,flood / inundation,1,22,23,180,0.128,12,"202407, 202408, 202409, 202410, 202411, 202412, 202507, 202508, 202509, 202510, 202511, 202512","2024-12, 2025-01, 2025-11, 2025-12, 2026-01"
140303,Bo Phong,Nakhon Luang District,Phra Nakhon Si Ayudhya,Central,flood / inundation,0,22,22,180,0.122,18,"202404, 202405, 202406, 202407, 202408, 202409, 202410, 202505, 202506, 202507, 202508, 202509, 202510, 202602, 202603, 202604, 202605, 202606","2024-09, 2024-10, 2025-10, 2026-07, 2026-08, 2026-10"
160304,Lum Khao,Khon Samrong District,Lopburi,Central,flood / inundation,0,22,22,180,0.122,19,"202403, 202405, 202406, 202407, 202408, 202409, 202410, 202501, 202502, 202503, 202504, 202505, 202506, 202507, 202508, 202509, 202510, 202605, 202606","2024-07, 2024-09, 2024-10, 2025-06, 2025-10, 2026-10"
321404,Ta Miang,Phanom Dong Rak District,Surin,Northeast,flood / inundation,0,22,22,180,0.122,15,"202405, 202406, 202407, 202408, 202409, 202504, 202505, 202506, 202507, 202508, 202509, 202510, 202604, 202605, 202606","2024-09, 2024-10, 2025-07, 2025-09, 2025-10, 2026-09"
340116,Kut Lat,Mueang Ubon Ratchathani District,Ubon Ratchathani,Northeast,flood / inundation,0,22,22,180,0.122,15,"202405, 202406, 202407, 202408, 202409, 202410, 202505, 202506, 202507, 202508, 202509, 202510, 202604, 202605, 202606","2024-08, 2024-10, 2025-06, 2025-10, 2026-08, 2026-09, 2026-10"
340904,Dom Pradit,Nam Yuen District,Ubon Ratchathani,Northeast,flood / inundation,0,22,22,180,0.122,15,"202403, 202404, 202405, 202406, 202407, 202501, 202502, 202503, 202504, 202505, 202506, 202603, 202604, 202605, 202606","2024-08, 2024-09, 2025-06, 2025-07, 2026-07, 2026-08"
360204,Chi Bon,Ban Khwao District,Chaiyaphum,Northeast,flood / inundation,0,22,22,180,0.122,17,"202404, 202405, 202406, 202407, 202408, 202409, 202410, 202504, 202505, 202506, 202507, 202508, 202509, 202510, 202604, 202605, 202606","2024-09, 2024-10, 2025-09, 2025-10, 2026-09"
370703,Pueai,Lue Amnat District,Amnaj Charoen,Northeast,flood / inundation,0,22,22,180,0.122,16,"202404, 202405, 202406, 202407, 202408, 202409, 202504, 202505, 202506, 202507, 202508, 202509, 202510, 202604, 202605, 202606","2024-08, 2024-09, 2025-09, 2025-10, 2026-08, 2026-09"
380106,Khok Kong,Mueang Bueng Kan District,Bung Kan,Northeast,flood / inundation,0,22,22,180,0.122,15,"202404, 202405, 202406, 202407, 202408, 202409, 202504, 202505, 202506, 202507, 202508, 202509, 202604, 202605, 202606","2024-09, 2025-07, 2025-08, 2025-09, 2026-07, 2026-08, 2026-09"
380307,Lao Thong,So Phisai District,Bung Kan,Northeast,flood / inundation,0,22,22,180,0.122,14,"202404, 202405, 202406, 202407, 202409, 202502, 202503, 202504, 202505, 202506, 202507, 202604, 202605, 202606","2024-07, 2024-08, 2024-09, 2025-07, 2025-09, 2026-07, 2026-08"
430503,Kut Bong,Phon Phisai District,Nong Khai,Northeast,flood / inundation,0,22,22,180,0.122,15,"202404, 202405, 202406, 202407, 202408, 202409, 202504, 202505, 202506, 202507, 202508, 202509, 202604, 202605, 202606","2024-08, 2024-09, 2025-07, 2025-08, 2025-09, 2026-08, 2026-09"
470121,Khok Kong,Mueang Sakon Nakhon District,Sakon Nakhon,Northeast,flood / inundation,0,22,22,180,0.122,15,"202404, 202405, 202406, 202407, 202408, 202409, 202504, 202505, 202506, 202507, 202508, 202509, 202604, 202605, 202606","2024-09, 2025-07, 2025-09, 2025-10, 2026-07, 2026-08, 2026-09"
470803,Khua Kai,Wanon Niwat District,Sakon Nakhon,Northeast,flood / inundation,0,22,22,180,0.122,16,"202404, 202405, 202406, 202407, 202408, 202409, 202410, 202504, 202505, 202506, 202507, 202508, 202509, 202604, 202605, 202606","2024-09, 2024-10, 2025-07, 2025-08, 2025-09, 2026-07, 2026-08, 2026-09"
470804,Nong Sanom,Wanon Niwat District,Sakon Nakhon,Northeast,flood / inundation,0,22,22,180,0.122,16,"202404, 202405, 202406, 202407, 202408, 202409, 202410, 202504, 202505, 202506, 202507, 202508, 202509, 202604, 202605, 202606","2024-09, 2024-10, 2025-07, 2025-08, 2025-09, 2026-07, 2026-08, 2026-09"
471102,Phon Phaeng,Akat Amnuai District,Sakon Nakhon,Northeast,flood / inundation,0,22,22,180,0.122,16,"202404, 202405, 202406, 202407, 202408, 202409, 202410, 202504, 202505, 202506, 202507, 202508, 202509, 202604, 202605, 202606","2024-09, 2024-10, 2025-07, 2025-08, 2025-09, 2026-07, 2026-08, 2026-09"
471103,Wa Yai,Akat Amnuai District,Sakon Nakhon,Northeast,flood / inundation,0,22,22,180,0.122,16,"202404, 202405, 202406, 202407, 202408, 202409, 202410, 202504, 202505, 202506, 202507, 202508, 202509, 202604, 202605, 202606","2024-09, 2024-10, 2025-07, 2025-08, 2025-09, 2026-07, 2026-08, 2026-09"
500706,Huai Sai,Mae Rim District,Chiang Mai,North,flood / inundation,0,22,22,180,0.122,10,"202402, 202403, 202404, 202405, 202406, 202407, 202408, 202409, 202508, 202605","2024-07, 2024-08, 2024-09, 2024-10, 2025-08, 2026-08"
501205,Mae Ka,San Pa Tong District,Chiang Mai,North,flood / inundation,0,22,22,180,0.122,15,"202403, 202404, 202405, 202406, 202407, 202408, 202409, 202412, 202501, 202502, 202503, 202504, 202505, 202510, 202606","2024-08, 2024-09, 2024-10, 2025-05, 2025-10, 2026-06"
501215,Makhun Wan,San Pa Tong District,Chiang Mai,North,flood / inundation,0,22,22,180,0.122,18,"202403, 202404, 202405, 202406, 202407, 202408, 202409, 202501, 202502, 202503, 202504, 202505, 202507, 202508, 202509, 202604, 202605, 202606","2024-08, 2024-09, 2025-05, 2025-09, 2026-09"
530701,Nai Mueang,Phichai District,Auttaradit,North,flood / inundation,0,22,22,180,0.122,14,"202404, 202405, 202406, 202407, 202408, 202409, 202505, 202506, 202507, 202508, 202509, 202510, 202602, 202604","2024-08, 2024-09, 2024-10, 2025-10, 2026-05, 2026-06"
570116,Pa O Don Chai,Mueang Chiang Rai District,Chiangrai,North,flood / inundation,0,22,22,180,0.122,17,"202403, 202404, 202405, 202406, 202407, 202408, 202409, 202501, 202502, 202503, 202504, 202508, 202601, 202602, 202603, 202604, 202605","2024-07, 2024-08, 2024-09, 2025-05, 2025-08, 2026-05"
620509,Wang Sai,Khlong Khlung District,Kampaeng Phet,North,flood / inundation,0,22,22,180,0.122,16,"202404, 202405, 202406, 202412, 202501, 202502, 202503, 202504, 202505, 202506, 202507, 202508, 202509, 202510, 202605, 202606","2024-09, 2024-10, 2025-05, 2025-10, 2025-11, 2026-10"
630115,Taluk Klang Thung,Mueang Tak District,Tak,North,flood / inundation,0,22,22,180,0.122,15,"202403, 202404, 202405, 202406, 202407, 202408, 202505, 202506, 202507, 202508, 202509, 202510, 202604, 202605, 202606","2024-07, 2024-09, 2024-10, 2025-09, 2025-10, 2025-11, 2026-09"
640309,Ban Namphu,Khiri Mat District,Sukhothai,North,flood / inundation,0,22,22,180,0.122,21,"202401, 202402, 202403, 202404, 202405, 202406, 202407, 202408, 202412, 202501, 202502, 202503, 202504, 202505, 202509, 202512, 202601, 202602, 202603, 202604, 202605","2024-05, 2024-07, 2024-09, 2025-05, 2025-09, 2026-05"
640508,Si Satchanalai,Si Satchanalai District,Sukhothai,North,flood / inundation,0,22,22,180,0.122,16,"202404, 202405, 202406, 202407, 202408, 202409, 202412, 202501, 202502, 202503, 202504, 202505, 202506, 202509, 202602, 202604","2024-09, 2025-05, 2025-06, 2025-09, 2026-05, 2026-06"
640602,Wang Luek,Si Samrong District,Sukhothai,North,flood / inundation,0,22,22,180,0.122,18,"202404, 202405, 202406, 202407, 202408, 202411, 202412, 202501, 202502, 202503, 202504, 202505, 202506, 202507, 202508, 202509, 202510, 202602","2024-09, 2024-11, 2025-05, 2025-10, 2025-11, 2026-06"
700801,Thung Luang,Pak Tho District,Ratchaburi,Central,flood / inundation,0,22,22,180,0.122,18,"202404, 202405, 202406, 202407, 202408, 202409, 202410, 202411, 202412, 202501, 202502, 202503, 202504, 202506, 202507, 202508, 202509, 202510","2024-09, 2024-10, 2024-11, 2025-05, 2025-10, 2025-11"
730324,Thaiyawat,Nakhon Chai Si District,Nakhon Prathom,Central,flood / inundation,0,22,22,180,0.122,17,"202405, 202406, 202407, 202410, 202411, 202412, 202501, 202502, 202503, 202504, 202505, 202506, 202507, 202508, 202509, 202510, 202512","2024-10, 2024-11, 2025-05, 2025-10, 2025-11, 2026-05"
730501,Bang Len,Bang Len District,Nakhon Prathom,Central,flood / inundation,0,22,22,180,0.122,12,"202405, 202406, 202410, 202505, 202506, 202507, 202508, 202509, 202510, 202604, 202605, 202606","2024-10, 2024-11, 2025-09, 2025-10, 2025-11, 2026-09, 2026-10"
730512,Khlong Nok Krathung,Bang Len District,Nakhon Prathom,Central,flood / inundation,0,22,22,180,0.122,16,"202405, 202406, 202407, 202410, 202412, 202501, 202502, 202503, 202504, 202505, 202506, 202507, 202508, 202509, 202510, 202512","2024-10, 2024-11, 2025-05, 2025-10, 2025-11, 2026-05"
730514,Lam Phaya,Bang Len District,Nakhon Prathom,Central,flood / inundation,0,22,22,180,0.122,16,"202405, 202406, 202407, 202410, 202412, 202501, 202502, 202503, 202504, 202505, 202506, 202507, 202508, 202509, 202510, 202512","2024-10, 2024-11, 2025-05, 2025-10, 2025-11, 2026-05"
770604,Pak Nam Pran,Pran Buri District,Prachuap Khilikhan,southeast,flood / inundation,0,22,22,180,0.122,13,"202401, 202405, 202406, 202407, 202408, 202409, 202410, 202411, 202412, 202501, 202506, 202509, 202510","2024-01, 2024-10, 2024-11, 2025-01, 2025-10"
800118,Pho Sadet,Mueang Nakhon Si Thammarat District,Nakhon Si Thammarat,southeast,flood / inundation,0,22,22,180,0.122,17,"202406, 202407, 202408, 202409, 202410, 202411, 202412, 202501, 202506, 202507, 202508, 202509, 202510, 202511, 202512, 202601, 202606","2024-11, 2024-12, 2025-01, 2025-02, 2025-11, 2025-12, 2026-01, 2026-02, 2026-11"
800708,Ko Khan,Cha-uat District,Nakhon Si Thammarat,southeast,flood / inundation,0,22,22,180,0.122,16,"202406, 202407, 202408, 202409, 202410, 202411, 202412, 202501, 202506, 202507, 202508, 202509, 202510, 202511, 202512, 202606","2024-11, 2024-12, 2025-01, 2025-11, 2025-12, 2026-11"
800709,Khuan Nong Hong,Cha-uat District,Nakhon Si Thammarat,southeast,flood / inundation,0,22,22,180,0.122,16,"202406, 202407, 202408, 202409, 202410, 202411, 202412, 202501, 202506, 202507, 202508, 202509, 202510, 202511, 202512, 202606","2024-11, 2024-12, 2025-01, 2025-02, 2025-11, 2025-12, 2026-11"
800710,Khao Phra Thong,Cha-uat District,Nakhon Si Thammarat,southeast,flood / inundation,0,22,22,180,0.122,16,"202406, 202407, 202408, 202409, 202410, 202411, 202412, 202501, 202506, 202507, 202508, 202509, 202510, 202511, 202512, 202606","2024-11, 2024-12, 2025-01, 2025-02, 2025-11, 2025-12, 2026-11"
801304,Khuan Koei,Ron Phibun District,Nakhon Si Thammarat,southeast,flood / inundation,0,22,22,180,0.122,16,"202406, 202407, 202408, 202409, 202410, 202411, 202412, 202501, 202506, 202507, 202508, 202509, 202510, 202511, 202512, 202606","2024-11, 2024-12, 2025-01, 2025-02, 2025-11, 2025-12, 2026-11"
801601,Hua Sai,Hua Sai District,Nakhon Si Thammarat,southeast,flood / inundation,0,22,22,180,0.122,15,"202406, 202407, 202408, 202409, 202410, 202411, 202412, 202501, 202507, 202508, 202509, 202510, 202511, 202512, 202601","2024-11, 2024-12, 2025-01, 2025-12, 2026-01"
801608,Tha Som,Hua Sai District,Nakhon Si Thammarat,southeast,flood / inundation,0,22,22,180,0.122,15,"202406, 202407, 202408, 202409, 202410, 202411, 202412, 202501, 202507, 202508, 202509, 202510, 202511, 202512, 202601","2024-11, 2024-12, 2025-01, 2025-12, 2026-01"
801901,Ban Khuan Mut,Chulabhorn District,Nakhon Si Thammarat,southeast,flood / inundation,0,22,22,180,0.122,16,"202406, 202407, 202408, 202409, 202410, 202411, 202412, 202501, 202506, 202507, 202508, 202509, 202510, 202511, 202512, 202606","2024-11, 2024-12, 2025-01, 2025-02, 2025-11, 2025-12, 2026-11"
801902,Ban Cha-Uat,Chulabhorn District,Nakhon Si Thammarat,southeast,flood / inundation,0,22,22,180,0.122,16,"202406, 202407, 202408, 202409, 202410, 202411, 202412, 202501, 202506, 202507, 202508, 202509, 202510, 202511, 202512, 202606","2024-11, 2024-12, 2025-01, 2025-02, 2025-11, 2025-12, 2026-11"
801905,Na Mo Bun,Chulabhorn District,Nakhon Si Thammarat,southeast,flood / inundation,0,22,22,180,0.122,16,"202406, 202407, 202408, 202409, 202410, 202411, 202412, 202501, 202506, 202507, 202508, 202509, 202510, 202511, 202512, 202606","2024-11, 2024-12, 2025-01, 2025-02, 2025-11, 2025-12, 2026-11"
820802,Na Toei,Thai Mueang District,Phang Nga,southwest,flood / inundation,0,22,22,180,0.122,12,"202403, 202404, 202405, 202406, 202407, 202408, 202409, 202501, 202504, 202506, 202510, 202606","2024-07, 2024-08, 2024-09, 2024-10, 2025-06, 2025-09, 2025-10, 2026-06"
900702,Khlong Daen,Ranot District,Songkhla,southeast,flood / inundation,0,22,22,180,0.122,15,"202406, 202407, 202408, 202409, 202410, 202411, 202412, 202501, 202507, 202508, 202509, 202510, 202511, 202512, 202601","2024-11, 2024-12, 2025-01, 2025-12, 2026-01"
910504,Pak Nam,La-ngu District,Satun,southwest,flood / inundation,0,22,22,180,0.122,13,"202403, 202404, 202405, 202406, 202407, 202505, 202506, 202507, 202508, 202509, 202604, 202605, 202606","2024-08, 2024-09, 2024-10, 2025-09, 2025-10, 2026-09, 2026-10"
920110,Khok Lo,Mueang Trang District,Trang,southwest,flood / inundation,0,22,22,180,0.122,14,"202404, 202405, 202406, 202407, 202409, 202410, 202411, 202412, 202505, 202506, 202507, 202508, 202509, 202512","2024-09, 2024-11, 2024-12, 2025-09, 2025-10, 2025-11, 2025-12"
920307,Thung Khai,Yan Ta Khao District,Trang,southwest,flood / inundation,0,22,22,180,0.122,15,"202404, 202405, 202406, 202407, 202409, 202410, 202411, 202412, 202505, 202506, 202507, 202508, 202509, 202510, 202512","2024-09, 2024-11, 2024-12, 2025-10, 2025-11, 2025-12"
920413,Laem Som,Palian District,Trang,southwest,flood / inundation,0,22,22,180,0.122,15,"202403, 202404, 202405, 202406, 202407, 202409, 202410, 202411, 202412, 202505, 202506, 202508, 202509, 202512, 202606","2024-08, 2024-09, 2024-11, 2024-12, 2025-10, 2025-12, 2026-06"
920801,Na Yong Nuea,Na Yong District,Trang,southwest,flood / inundation,0,22,22,180,0.122,15,"202404, 202405, 202406, 202407, 202409, 202410, 202411, 202412, 202505, 202506, 202507, 202508, 202509, 202510, 202512","2024-09, 2024-11, 2024-12, 2025-10, 2025-11, 2025-12"
930602,Don Pradu,Pak Phayun District,Phatthalung,southeast,flood / inundation,0,22,22,180,0.122,15,"202406, 202407, 202408, 202409, 202410, 202411, 202412, 202501, 202507, 202508, 202509, 202510, 202511, 202512, 202606","2024-11, 2024-12, 2025-02, 2025-11, 2025-12, 2026-11"
930606,Han Thao,Pak Phayun District,Phatthalung,southeast,flood / inundation,0,22,22,180,0.122,15,"202406, 202407, 202408, 202409, 202410, 202411, 202412, 202501, 202507, 202508, 202509, 202510, 202511, 202512, 202606","2024-11, 2024-12, 2025-02, 2025-11, 2025-12, 2026-11"
930802,Khok Sai,Pa Bon District,Phatthalung,southeast,flood / inundation,0,22,22,180,0.122,15,"202406, 202407, 202408, 202409, 202410, 202411, 202412, 202506, 202507, 202508, 202509, 202510, 202511, 202512, 202606","2024-11, 2024-12, 2025-11, 2025-12, 2026-01, 2026-11"
940201,Khok Pho,Khok Pho District,Pattani,southeast,flood / inundation,0,22,22,180,0.122,12,"202407, 202408, 202409, 202410, 202411, 202412, 202507, 202508, 202509, 202510, 202511, 202512","2024-12, 2025-01, 2025-12, 2026-01"
940204,Pa Bon,Khok Pho District,Pattani,southeast,flood / inundation,0,22,22,180,0.122,12,"202407, 202408, 202409, 202410, 202411, 202412, 202507, 202508, 202509, 202510, 202511, 202512","2024-12, 2025-01, 2025-12, 2026-01"
940215,Chang Hai Tok,Khok Pho District,Pattani,southeast,flood / inundation,0,22,22,180,0.122,12,"202407, 202408, 202409, 202410, 202411, 202412, 202507, 202508, 202509, 202510, 202511, 202512","2024-12, 2025-01, 2025-12, 2026-01"
800705,Wang Ang,Cha-uat District,Nakhon Si Thammarat,southeast,flood / inundation,1,21,22,180,0.122,16,"202406, 202407, 202408, 202409, 202410, 202411, 202412, 202501, 202506, 202507, 202508, 202509, 202510, 202511, 202512, 202606","2024-11, 2024-12, 2025-01, 2025-11, 2025-12, 2026-11"
140306,Bang Rakam,Nakhon Luang District,Phra Nakhon Si Ayudhya,Central,flood / inundation,0,21,21,180,0.117,16,"202405, 202406, 202407, 202408, 202409, 202410, 202505, 202506, 202507, 202508, 202509, 202510, 202603, 202604, 202605, 202606","2024-08, 2024-09, 2024-10, 2025-10, 2026-08, 2026-10"
140310,Khlong Sakae,Nakhon Luang District,Phra Nakhon Si Ayudhya,Central,flood / inundation,0,21,21,180,0.117,16,"202405, 202406, 202407, 202408, 202409, 202410, 202505, 202506, 202507, 202508, 202509, 202510, 202603, 202604, 202605, 202606","2024-08, 2024-09, 2024-10, 2025-10, 2026-08, 2026-10"
140705,Thang Klang,Bang Pahan District,Phra Nakhon Si Ayudhya,Central,flood / inundation,0,21,21,180,0.117,17,"202404, 202405, 202406, 202407, 202408, 202409, 202410, 202505, 202506, 202507, 202508, 202509, 202510, 202603, 202604, 202605, 202606","2024-09, 2024-10, 2025-10, 2026-08, 2026-10"
140706,Bang Phloeng,Bang Pahan District,Phra Nakhon Si Ayudhya,Central,flood / inundation,0,21,21,180,0.117,17,"202404, 202405, 202406, 202407, 202408, 202409, 202410, 202505, 202506, 202507, 202508, 202509, 202510, 202603, 202604, 202605, 202606","2024-09, 2024-10, 2025-10, 2026-08, 2026-10"
141603,Sam Pha Niang,Ban Phraek District,Phra Nakhon Si Ayudhya,Central,flood / inundation,0,21,21,180,0.117,19,"202405, 202406, 202407, 202408, 202409, 202410, 202412, 202501, 202502, 202503, 202504, 202505, 202506, 202507, 202508, 202509, 202510, 202605, 202606","2024-09, 2024-10, 2025-05, 2025-10, 2026-10"
150702,Ratsadon Phatthana,Samko District,Ang Thong,Central,flood / inundation,0,21,21,180,0.117,15,"202404, 202405, 202406, 202407, 202408, 202409, 202410, 202505, 202506, 202507, 202508, 202509, 202510, 202605, 202606","2024-09, 2024-10, 2025-10, 2025-11, 2026-10"
180207,U Taphao,Manorom District,Chainat,Central,flood / inundation,0,21,21,180,0.117,19,"202404, 202405, 202406, 202407, 202408, 202409, 202410, 202501, 202502, 202503, 202504, 202505, 202506, 202507, 202508, 202509, 202510, 202605, 202606","2024-09, 2024-10, 2025-05, 2025-10, 2026-10"
250708,Nong Kaeo,Prachantakham District,Prachinburi,east,flood / inundation,0,21,21,180,0.117,18,"202404, 202405, 202406, 202407, 202408, 202409, 202410, 202504, 202505, 202506, 202507, 202508, 202509, 202602, 202603, 202604, 202605, 202606","2024-09, 2024-10, 2025-08, 2025-09, 2026-07, 2026-08, 2026-09"
270603,Han Sai,Aranyaprathet District,Srakaeo,east,flood / inundation,0,21,21,180,0.117,12,"202403, 202404, 202405, 202406, 202407, 202408, 202409, 202412, 202504, 202505, 202506, 202510","2024-08, 2024-09, 2024-10, 2025-05, 2025-09, 2025-10"
301506,Rang Ka Yai,Phimai District,Nakhon Ratchasima,Northeast,flood / inundation,0,21,21,180,0.117,15,"202405, 202406, 202407, 202408, 202409, 202501, 202504, 202505, 202506, 202507, 202508, 202509, 202510, 202605, 202606","2024-09, 2024-10, 2025-05, 2025-06, 2025-07, 2025-09, 2025-10, 2026-10"
331302,Bok,Non Khun District,Sisaket,Northeast,flood / inundation,0,21,21,180,0.117,17,"202404, 202405, 202406, 202407, 202408, 202409, 202501, 202504, 202505, 202506, 202507, 202508, 202509, 202512, 202604, 202605, 202606","2024-08, 2024-09, 2025-05, 2025-09, 2026-05, 2026-08, 2026-09"
341105,Kham Pia,Trakan Phuet Phon District,Ubon Ratchathani,Northeast,flood / inundation,0,21,21,180,0.117,15,"202404, 202405, 202406, 202407, 202408, 202409, 202504, 202505, 202506, 202507, 202508, 202509, 202604, 202605, 202606","2024-08, 2024-09, 2025-09, 2026-07, 2026-08, 2026-09"
341526,Bung Mai,Warin Chamrap District,Ubon Ratchathani,Northeast,flood / inundation,0,21,21,180,0.117,15,"202405, 202406, 202407, 202408, 202409, 202410, 202505, 202506, 202507, 202508, 202509, 202510, 202604, 202605, 202606","2024-10, 2025-09, 2025-10, 2026-07, 2026-09, 2026-10"
360603,Ban Kham,Chatturat District,Chaiyaphum,Northeast,flood / inundation,0,21,21,180,0.117,17,"202403, 202404, 202405, 202406, 202407, 202408, 202409, 202504, 202505, 202506, 202507, 202508, 202509, 202510, 202604, 202605, 202606","2024-08, 2024-09, 2025-09, 2025-10, 2026-09"
360803,Huai Yae,Nong Bua Rawe District,Chaiyaphum,Northeast,flood / inundation,0,21,21,180,0.117,16,"202404, 202405, 202406, 202407, 202408, 202409, 202410, 202504, 202505, 202506, 202507, 202508, 202509, 202604, 202605, 202606","2024-09, 2024-10, 2025-09, 2026-09"
370402,Chan Lan,Phana District,Amnaj Charoen,Northeast,flood / inundation,0,21,21,180,0.117,15,"202404, 202405, 202406, 202407, 202408, 202409, 202504, 202505, 202506, 202507, 202508, 202509, 202604, 202605, 202606","2024-08, 2024-09, 2025-09, 2026-08, 2026-09"
380302,Nong Phan Tha,So Phisai District,Bung Kan,Northeast,flood / inundation,0,21,21,180,0.117,13,"202404, 202405, 202406, 202407, 202409, 202502, 202503, 202504, 202505, 202506, 202507, 202605, 202606","2024-07, 2024-08, 2024-09, 2025-07, 2025-09, 2026-07, 2026-08"
380401,Seka,Seka District,Bung kan,Northeast,flood / inundation,0,21,21,180,0.117,15,"202404, 202405, 202406, 202407, 202408, 202409, 202504, 202505, 202506, 202507, 202508, 202509, 202604, 202605, 202606","2024-09, 2025-07, 2025-08, 2025-09, 2026-07, 2026-08, 2026-09"
380403,Tha Kok Daeng,Seka District,Bung kan,Northeast,flood / inundation,0,21,21,180,0.117,15,"202404, 202405, 202406, 202407, 202408, 202409, 202504, 202505, 202506, 202507, 202508, 202509, 202604, 202605, 202606","2024-09, 2025-07, 2025-08, 2025-09, 2026-07, 2026-08, 2026-09"
380408,Nong Thum,Seka District,Bung kan,Northeast,flood / inundation,0,21,21,180,0.117,15,"202404, 202405, 202406, 202407, 202408, 202409, 202504, 202505, 202506, 202507, 202508, 202509, 202604, 202605, 202606","2024-09, 2025-07, 2025-08, 2025-09, 2026-07, 2026-08, 2026-09"
410110,Kut Sa,Mueang Udon Thani District,Udon Thani,Northeast,flood / inundation,0,21,21,180,0.117,16,"202404, 202405, 202406, 202407, 202408, 202409, 202504, 202505, 202506, 202507, 202508, 202509, 202510, 202604, 202605, 202606","2024-09, 2025-09, 2025-10, 2026-09"
410120,Na Kwang,Mueang Udon Thani District,Udon Thani,Northeast,flood / inundation,0,21,21,180,0.117,16,"202404, 202405, 202406, 202407, 202408, 202409, 202504, 202505, 202506, 202507, 202508, 202509, 202510, 202604, 202605, 202606","2024-09, 2025-09, 2025-10, 2026-09"
430109,Ban Duea,Mueang Nong Khai District,Nong Khai,Northeast,flood / inundation,0,21,21,180,0.117,15,"202404, 202405, 202406, 202407, 202408, 202409, 202504, 202505, 202506, 202507, 202508, 202509, 202604, 202605, 202606","2024-08, 2024-09, 2025-08, 2025-09, 2026-08, 2026-09"
430202,Nam Mong,Tha Bo District,Nong Khai,Northeast,flood / inundation,0,21,21,180,0.117,16,"202404, 202405, 202406, 202407, 202408, 202409, 202504, 202505, 202506, 202507, 202508, 202509, 202510, 202604, 202605, 202606","2024-08, 2024-09, 2025-08, 2025-09, 2025-10, 2026-09"
430501,Chumphon,Phon Phisai District,Nong Khai,Northeast,flood / inundation,0,21,21,180,0.117,15,"202404, 202405, 202406, 202407, 202408, 202409, 202504, 202505, 202506, 202507, 202508, 202509, 202604, 202605, 202606","2024-08, 2024-09, 2025-08, 2025-09, 2026-08, 2026-09"
451007,Tha Muang,Selaphum District,Roi Et,Northeast,flood / inundation,0,21,21,180,0.117,15,"202404, 202405, 202406, 202407, 202408, 202409, 202410, 202505, 202506, 202507, 202508, 202509, 202510, 202605, 202606","2024-08, 2024-10, 2025-07, 2025-10, 2026-08, 2026-10"
480501,That Phanom,That Phanom District,Nakhon Phanom,Northeast,flood / inundation,0,21,21,180,0.117,19,"202404, 202405, 202406, 202407, 202408, 202409, 202501, 202502, 202503, 202504, 202505, 202506, 202507, 202508, 202509, 202512, 202604, 202605, 202606","2024-09, 2025-05, 2025-09, 2026-05, 2026-09"
501204,Makham Luang,San Pa Tong District,Chiang Mai,North,flood / inundation,0,21,21,180,0.117,13,"202402, 202403, 202404, 202405, 202406, 202407, 202408, 202409, 202501, 202502, 202503, 202504, 202505","2024-07, 2024-08, 2024-09, 2025-05"
530711,Na Yang,Phichai District,Auttaradit,North,flood / inundation,0,21,21,180,0.117,13,"202404, 202405, 202406, 202407, 202408, 202505, 202506, 202507, 202508, 202509, 202510, 202602, 202604","2024-08, 2024-09, 2024-10, 2025-10, 2026-05, 2026-06"
540205,Nam Lao,Rong Kwang District,Phrae,North,flood / inundation,0,21,21,180,0.117,17,"202403, 202404, 202405, 202406, 202407, 202408, 202409, 202503, 202504, 202505, 202506, 202507, 202508, 202603, 202604, 202605, 202606","2024-08, 2024-09, 2025-08, 2026-08"
540802,Nong Muang Khai,Nong Muang Khai District,Phrae,North,flood / inundation,0,21,21,180,0.117,18,"202403, 202404, 202405, 202406, 202407, 202408, 202503, 202504, 202505, 202506, 202507, 202508, 202601, 202602, 202603, 202604, 202605, 202606","2024-08, 2025-08, 2026-05, 2026-08"
550704,Tan Chum,Wiang Sa District,Nan,North,flood / inundation,0,21,21,180,0.117,15,"202402, 202403, 202404, 202405, 202406, 202407, 202408, 202503, 202504, 202507, 202508, 202603, 202604, 202605, 202606","2024-07, 2024-08, 2025-08, 2026-06, 2026-08"
551405,Mueang Chang,Phu Phiang District,Nan,North,flood / inundation,0,21,21,180,0.117,15,"202402, 202403, 202404, 202405, 202406, 202407, 202408, 202409, 202501, 202507, 202508, 202603, 202604, 202605, 202606","2024-07, 2024-08, 2024-09, 2025-06, 2025-08, 2026-06, 2026-08"
570507,Charoen Mueang,Phan District,Chiangrai,North,flood / inundation,0,21,21,180,0.117,15,"202403, 202404, 202405, 202406, 202407, 202409, 202501, 202507, 202508, 202601, 202602, 202603, 202604, 202605, 202606","2024-07, 2024-08, 2024-09, 2025-05, 2025-08, 2026-05, 2026-08"
610106,Ko Thepho,Mueang Uthai Thani District,Uthai Thani,Central,flood / inundation,0,21,21,180,0.117,19,"202404, 202405, 202406, 202407, 202408, 202409, 202410, 202501, 202502, 202503, 202504, 202505, 202506, 202507, 202508, 202509, 202510, 202605, 202606","2024-09, 2024-10, 2025-05, 2025-10, 2026-10"
620119,Sa Kaeo,Mueang Kamphaeng Phet District,Kampaeng Phet,North,flood / inundation,0,21,21,180,0.117,16,"202404, 202405, 202406, 202407, 202409, 202412, 202501, 202502, 202503, 202504, 202505, 202506, 202507, 202508, 202509, 202510","2024-09, 2024-10, 2025-05, 2025-09, 2025-10"
620604,Wang Khuang,Phran Kratai District,Kampaeng Phet,North,flood / inundation,0,21,21,180,0.117,16,"202404, 202405, 202406, 202407, 202408, 202409, 202410, 202504, 202505, 202506, 202507, 202508, 202509, 202604, 202605, 202606","2024-09, 2024-10, 2025-09, 2026-09"
620610,Huai Yang,Phran Kratai District,Kampaeng Phet,North,flood / inundation,0,21,21,180,0.117,21,"202401, 202402, 202403, 202404, 202405, 202406, 202407, 202408, 202412, 202501, 202502, 202503, 202504, 202505, 202509, 202512, 202601, 202602, 202603, 202604, 202605","2024-05, 2024-09, 2025-05, 2025-09, 2026-05"
640202,Ban Dan,Ban Dan Lan Hoi District,Sukhothai,North,flood / inundation,0,21,21,180,0.117,16,"202404, 202405, 202406, 202407, 202408, 202412, 202501, 202502, 202503, 202504, 202505, 202506, 202507, 202508, 202509, 202510","2024-09, 2024-10, 2025-05, 2025-09, 2025-10"
640606,Na Khun Krai,Si Samrong District,Sukhothai,North,flood / inundation,0,21,21,180,0.117,18,"202404, 202405, 202406, 202407, 202408, 202412, 202501, 202502, 202503, 202504, 202505, 202507, 202508, 202509, 202510, 202604, 202605, 202606","2024-09, 2025-05, 2025-09, 2025-10, 2026-09"
640902,Thai Chana Suek,Thung Saliam District,Sukhothai,North,flood / inundation,0,21,21,180,0.117,16,"202404, 202405, 202406, 202407, 202408, 202412, 202501, 202502, 202503, 202504, 202505, 202506, 202507, 202508, 202509, 202510","2024-09, 2024-10, 2025-05, 2025-09, 2025-10"
640903,Thung Saliam,Thung Saliam District,Sukhothai,North,flood / inundation,0,21,21,180,0.117,16,"202404, 202405, 202406, 202407, 202408, 202412, 202501, 202502, 202503, 202504, 202505, 202506, 202507, 202508, 202509, 202510","2024-09, 2024-10, 2025-05, 2025-09, 2025-10"
661104,Huai Phuk,Dong Charoen District,Phichit,North,flood / inundation,0,21,21,180,0.117,18,"202404, 202405, 202406, 202407, 202408, 202409, 202501, 202502, 202503, 202504, 202505, 202506, 202507, 202508, 202509, 202604, 202605, 202606","2024-09, 2025-05, 2025-08, 2025-09, 2026-09"
700205,Kaem On,Chom Bueng District,Ratchaburi,Central,flood / inundation,0,21,21,180,0.117,13,"202405, 202406, 202407, 202408, 202409, 202410, 202411, 202505, 202506, 202507, 202508, 202509, 202510","2024-10, 2024-11, 2025-10, 2025-11"
710305,Lum Rang,Bo Phloi District,Kanchanaburi,Central,flood / inundation,0,21,21,180,0.117,16,"202404, 202405, 202406, 202407, 202408, 202409, 202501, 202502, 202503, 202504, 202505, 202506, 202507, 202508, 202509, 202510","2024-09, 2024-10, 2025-06, 2025-10"
720213,Yang Non,Doem Bang Nang Buat District,Suphan Buri,Central,flood / inundation,0,21,21,180,0.117,15,"202404, 202405, 202406, 202407, 202408, 202409, 202410, 202505, 202506, 202507, 202508, 202509, 202510, 202605, 202606","2024-09, 2024-10, 2025-10, 2025-11, 2026-10"
800802,Klai,Tha Sala District,Nakhon Si Thammarat,southeast,flood / inundation,0,21,21,180,0.117,16,"202406, 202407, 202408, 202409, 202410, 202411, 202412, 202501, 202506, 202507, 202508, 202509, 202510, 202511, 202601, 202606","2024-11, 2024-12, 2025-01, 2025-11, 2026-01, 2026-11"
800908,Kapang,Thung Song District,Nakhon Si Thammarat,southeast,flood / inundation,0,21,21,180,0.117,16,"202406, 202407, 202408, 202409, 202410, 202411, 202412, 202501, 202506, 202507, 202508, 202509, 202510, 202511, 202512, 202606","2024-11, 2024-12, 2025-01, 2025-11, 2025-12, 2026-11"
801603,Sai Khao,Hua Sai District,Nakhon Si Thammarat,southeast,flood / inundation,0,21,21,180,0.117,15,"202406, 202407, 202408, 202409, 202410, 202411, 202412, 202501, 202507, 202508, 202509, 202510, 202511, 202512, 202601","2024-11, 2024-12, 2025-01, 2025-12, 2026-01"
801605,Khao Phang Krai,Hua Sai District,Nakhon Si Thammarat,southeast,flood / inundation,0,21,21,180,0.117,15,"202406, 202407, 202408, 202409, 202410, 202411, 202412, 202501, 202507, 202508, 202509, 202510, 202511, 202512, 202601","2024-11, 2024-12, 2025-01, 2025-12, 2026-01"
801609,Khuan Chalik,Hua Sai District,Nakhon Si Thammarat,southeast,flood / inundation,0,21,21,180,0.117,14,"202406, 202407, 202408, 202409, 202410, 202411, 202412, 202501, 202507, 202508, 202509, 202510, 202511, 202512","2024-11, 2024-12, 2025-01, 2025-03, 2025-12, 2026-01"
801610,Ram Kaeo,Hua Sai District,Nakhon Si Thammarat,southeast,flood / inundation,0,21,21,180,0.117,14,"202406, 202407, 202408, 202409, 202410, 202411, 202412, 202501, 202507, 202508, 202509, 202510, 202511, 202512","2024-11, 2024-12, 2025-01, 2025-12, 2026-01"
900402,Chang,Na Thawi District,Songkhla,southeast,flood / inundation,0,21,21,180,0.117,12,"202407, 202408, 202409, 202410, 202411, 202412, 202507, 202508, 202509, 202510, 202511, 202512","2024-12, 2025-01, 2025-12, 2026-01"
900504,Lam Phli,Thepha District,Songkhla,southeast,flood / inundation,0,21,21,180,0.117,12,"202407, 202408, 202409, 202410, 202411, 202412, 202507, 202508, 202509, 202510, 202511, 202512","2024-12, 2025-01, 2025-12, 2026-01"
900505,Tha Muang,Thepha District,Songkhla,southeast,flood / inundation,0,21,21,180,0.117,12,"202407, 202408, 202409, 202410, 202411, 202412, 202507, 202508, 202509, 202510, 202511, 202512","2024-12, 2025-01, 2025-12, 2026-01"
900603,Pian,Saba Yoi District,Songkhla,southeast,flood / inundation,0,21,21,180,0.117,12,"202407, 202408, 202409, 202410, 202411, 202412, 202507, 202508, 202509, 202510, 202511, 202512","2024-12, 2025-01, 2025-12, 2026-01"
900605,Cha Nae,Saba Yoi District,Songkhla,southeast,flood / inundation,0,21,21,180,0.117,12,"202407, 202408, 202409, 202410, 202411, 202412, 202507, 202508, 202509, 202510, 202511, 202512","2024-12, 2025-01, 2025-12, 2026-01"
900703,Takhria,Ranot District,Songkhla,southeast,flood / inundation,0,21,21,180,0.117,14,"202406, 202407, 202408, 202409, 202410, 202411, 202412, 202501, 202507, 202508, 202509, 202510, 202511, 202512","2024-11, 2024-12, 2025-01, 2025-12, 2026-01"
900704,Tha Bon,Ranot District,Songkhla,southeast,flood / inundation,0,21,21,180,0.117,14,"202406, 202407, 202408, 202409, 202410, 202411, 202412, 202507, 202508, 202509, 202510, 202511, 202512, 202606","2024-11, 2024-12, 2025-11, 2025-12, 2026-11"
900705,Ban Mai,Ranot District,Songkhla,southeast,flood / inundation,0,21,21,180,0.117,14,"202406, 202407, 202408, 202409, 202410, 202411, 202412, 202501, 202507, 202508, 202509, 202510, 202511, 202512","2024-11, 2024-12, 2025-01, 2025-12, 2026-01"
900708,Phang Yang,Ranot District,Songkhla,southeast,flood / inundation,0,21,21,180,0.117,14,"202406, 202407, 202408, 202409, 202410, 202411, 202412, 202507, 202508, 202509, 202510, 202511, 202512, 202606","2024-11, 2024-12, 2025-11, 2025-12, 2026-11"
900710,Wat Son,Ranot District,Songkhla,southeast,flood / inundation,0,21,21,180,0.117,14,"202406, 202407, 202408, 202409, 202410, 202411, 202412, 202507, 202508, 202509, 202510, 202511, 202512, 202606","2024-11, 2024-12, 2025-11, 2025-12, 2026-11"
900711,Ban Khao,Ranot District,Songkhla,southeast,flood / inundation,0,21,21,180,0.117,14,"202406, 202407, 202408, 202409, 202410, 202411, 202412, 202501, 202507, 202508, 202509, 202510, 202511, 202512","2024-11, 2024-12, 2025-01, 2025-03, 2025-12, 2026-01"
900904,Khuan Ru,Rattaphum District,Songkhla,southeast,flood / inundation,0,21,21,180,0.117,14,"202406, 202407, 202408, 202409, 202410, 202411, 202412, 202507, 202508, 202509, 202510, 202511, 202512, 202606","2024-11, 2024-12, 2025-11, 2025-12, 2026-11"
901118,Phatong,Hat Yai District,Songkhla,southeast,flood / inundation,0,21,21,180,0.117,9,"202406, 202407, 202408, 202409, 202410, 202411, 202412, 202511, 202512","2024-11, 2024-12, 2025-01, 2025-12, 2026-01"
901401,Bang Klam,Bang Klam District,Songkhla,southeast,flood / inundation,0,21,21,180,0.117,12,"202407, 202408, 202409, 202410, 202411, 202412, 202507, 202508, 202509, 202510, 202511, 202512","2024-12, 2025-01, 2025-12, 2026-01"
901402,Tha Chang,Bang Klam District,Songkhla,southeast,flood / inundation,0,21,21,180,0.117,12,"202407, 202408, 202409, 202410, 202411, 202412, 202507, 202508, 202509, 202510, 202511, 202512","2024-12, 2025-01, 2025-12, 2026-01"
920117,Na Ta Luang,Mueang Trang District,Trang,southwest,flood / inundation,0,21,21,180,0.117,15,"202404, 202405, 202406, 202407, 202409, 202410, 202411, 202412, 202505, 202506, 202507, 202508, 202509, 202510, 202512","2024-09, 2024-11, 2024-12, 2025-10, 2025-11, 2025-12"
920412,Tha Phaya,Palian District,Trang,southwest,flood / inundation,0,21,21,180,0.117,16,"202404, 202405, 202406, 202407, 202408, 202409, 202410, 202411, 202412, 202505, 202506, 202507, 202508, 202509, 202510, 202512","2024-09, 2024-11, 2024-12, 2025-10, 2025-11, 2025-12"
930516,Phraek Ha,Khuan Khanun District,Phatthalung,southeast,flood / inundation,0,21,21,180,0.117,15,"202406, 202407, 202408, 202409, 202410, 202411, 202412, 202501, 202507, 202508, 202509, 202510, 202511, 202512, 202606","2024-11, 2024-12, 2025-02, 2025-11, 2025-12, 2026-11"
930607,Don Sai,Pak Phayun District,Phatthalung,southeast,flood / inundation,0,21,21,180,0.117,15,"202406, 202407, 202408, 202409, 202410, 202411, 202412, 202501, 202507, 202508, 202509, 202510, 202511, 202512, 202606","2024-11, 2024-12, 2025-02, 2025-11, 2025-12, 2026-11"
960602,Sawo,Rueso District,Narathiwat,southeast,flood / inundation,0,21,21,180,0.117,14,"202406, 202407, 202408, 202409, 202410, 202411, 202412, 202501, 202507, 202508, 202509, 202510, 202511, 202512","2024-11, 2024-12, 2025-02, 2025-11, 2025-12"
140307,Bang Phrakhru,Nakhon Luang District,Phra Nakhon Si Ayudhya,Central,flood / inundation,0,20,20,180,0.111,16,"202405, 202406, 202407, 202408, 202409, 202410, 202505, 202506, 202507, 202508, 202509, 202510, 202603, 202604, 202605, 202606","2024-09, 2024-10, 2025-10, 2026-08, 2026-10"
141507,Chao Pluk,Maha Rat District,Phra Nakhon Si Ayudhya,Central,flood / inundation,0,20,20,180,0.111,16,"202405, 202406, 202407, 202408, 202409, 202410, 202505, 202506, 202507, 202508, 202509, 202510, 202603, 202604, 202605, 202606","2024-08, 2024-09, 2024-10, 2025-08, 2025-10, 2026-08, 2026-10"
141512,Ban Mai,Maha Rat District,Phra Nakhon Si Ayudhya,Central,flood / inundation,0,20,20,180,0.111,17,"202404, 202405, 202406, 202407, 202408, 202409, 202410, 202505, 202506, 202507, 202508, 202509, 202510, 202603, 202604, 202605, 202606","2024-08, 2024-09, 2024-10, 2025-08, 2025-10, 2026-08, 2026-10"
150203,Chaiyarit,Chaiyo District,Ang Thong,Central,flood / inundation,0,20,20,180,0.111,16,"202403, 202404, 202405, 202406, 202407, 202408, 202409, 202410, 202505, 202506, 202507, 202508, 202509, 202510, 202605, 202606","2024-08, 2024-09, 2024-10, 2025-10, 2026-10"
150303,Sai Thong,Pa Mok District,Ang Thong,Central,flood / inundation,0,20,20,180,0.111,17,"202404, 202405, 202406, 202407, 202408, 202409, 202410, 202505, 202506, 202507, 202508, 202509, 202510, 202603, 202604, 202605, 202606","2024-09, 2024-10, 2025-10, 2026-08, 2026-10"
150304,Rong Chang,Pa Mok District,Ang Thong,Central,flood / inundation,0,20,20,180,0.111,17,"202404, 202405, 202406, 202407, 202408, 202409, 202410, 202505, 202506, 202507, 202508, 202509, 202510, 202603, 202604, 202605, 202606","2024-09, 2024-10, 2025-10, 2026-08, 2026-10"
150615,Talat Mai,Wiset Chai Chan District,Ang Thong,Central,flood / inundation,0,20,20,180,0.111,15,"202404, 202405, 202406, 202407, 202408, 202409, 202501, 202502, 202503, 202504, 202505, 202506, 202507, 202509, 202510","2024-09, 2024-10, 2025-06, 2025-10, 2025-11"
160305,Huai Pong,Khon Samrong District,Lopburi,Central,flood / inundation,0,20,20,180,0.111,17,"202402, 202403, 202404, 202405, 202406, 202407, 202408, 202409, 202410, 202505, 202506, 202507, 202508, 202509, 202510, 202605, 202606","2024-07, 2024-09, 2024-10, 2025-10, 2026-10"
180601,Han Kha,Hankha District,Chainat,Central,flood / inundation,0,20,20,180,0.111,15,"202404, 202405, 202406, 202407, 202408, 202409, 202410, 202505, 202506, 202507, 202508, 202509, 202510, 202605, 202606","2024-09, 2024-10, 2025-10, 2025-11, 2026-10"
180802,Kabok Tia,Noen Kham District,Chainat,Central,flood / inundation,0,20,20,180,0.111,16,"202404, 202405, 202406, 202407, 202408, 202409, 202501, 202502, 202503, 202504, 202505, 202506, 202507, 202508, 202509, 202510","2024-09, 2024-10, 2025-05, 2025-10, 2025-11"
210507,Chak Bok,Ban Khai District,Rayong,east,flood / inundation,0,20,20,180,0.111,11,"202403, 202404, 202405, 202406, 202407, 202408, 202409, 202501, 202506, 202510, 202605","2024-07, 2024-08, 2024-09, 2024-10, 2025-06, 2025-10, 2026-10"
240603,Phanom Sarakham,Phanom Sarakham District,Chachoengsao,east,flood / inundation,0,20,20,180,0.111,16,"202404, 202405, 202406, 202407, 202408, 202409, 202410, 202505, 202506, 202507, 202508, 202509, 202510, 202604, 202605, 202606","2024-09, 2024-10, 2025-10, 2026-09, 2026-10"
250203,Wang Dan,Kabin Buri District,Prachinburi,east,flood / inundation,0,20,20,180,0.111,18,"202404, 202405, 202406, 202407, 202408, 202409, 202410, 202504, 202505, 202506, 202507, 202508, 202509, 202602, 202603, 202604, 202605, 202606","2024-09, 2024-10, 2025-09, 2026-07, 2026-08, 2026-09"
250207,Hat Nang Kaeo,Kabin Buri District,Prachinburi,east,flood / inundation,0,20,20,180,0.111,18,"202404, 202405, 202406, 202407, 202408, 202409, 202410, 202504, 202505, 202506, 202507, 202508, 202509, 202602, 202603, 202604, 202605, 202606","2024-09, 2024-10, 2025-09, 2026-07, 2026-08, 2026-09"
300705,Tha Lat Khao,Chok Chai District,Nakhon Ratchasima,Northeast,flood / inundation,0,20,20,180,0.111,16,"202404, 202405, 202406, 202407, 202408, 202409, 202504, 202505, 202506, 202507, 202508, 202509, 202510, 202604, 202605, 202606","2024-09, 2024-10, 2025-09, 2025-10, 2026-08, 2026-09"
300906,Ban Wang,Non Thai District,Nakhon Ratchasima,Northeast,flood / inundation,0,20,20,180,0.111,17,"202404, 202405, 202406, 202407, 202408, 202409, 202501, 202504, 202505, 202506, 202507, 202508, 202509, 202510, 202604, 202605, 202606","2024-09, 2024-10, 2025-05, 2025-09, 2025-10, 2026-09"
301410,Ngio,Pak Thong Chai District,Nakhon Ratchasima,Northeast,flood / inundation,0,20,20,180,0.111,16,"202404, 202405, 202406, 202407, 202408, 202409, 202504, 202505, 202506, 202507, 202508, 202509, 202510, 202604, 202605, 202606","2024-09, 2024-10, 2025-09, 2025-10, 2026-08, 2026-09"
321010,Sakat,Sangkha District,Surin,Northeast,flood / inundation,0,20,20,180,0.111,17,"202405, 202406, 202407, 202501, 202502, 202503, 202504, 202505, 202506, 202507, 202508, 202509, 202510, 202512, 202604, 202605, 202606","2024-09, 2024-10, 2025-05, 2025-10, 2026-05, 2026-09"
321017,Thep Raksa,Sangkha District,Surin,Northeast,flood / inundation,0,20,20,180,0.111,15,"202404, 202405, 202406, 202407, 202408, 202501, 202505, 202506, 202507, 202508, 202509, 202510, 202604, 202605, 202606","2024-09, 2024-10, 2025-06, 2025-10, 2026-09, 2026-10"
331025,Khok Chan,Uthumphon Phisai District,Sisaket,Northeast,flood / inundation,0,20,20,180,0.111,18,"202404, 202405, 202406, 202407, 202408, 202409, 202501, 202504, 202505, 202506, 202507, 202508, 202509, 202510, 202512, 202604, 202605, 202606","2024-09, 2025-05, 2025-09, 2025-10, 2026-05, 2026-07, 2026-09"
331303,Pho,Non Khun District,Sisaket,Northeast,flood / inundation,0,20,20,180,0.111,14,"202404, 202405, 202406, 202407, 202408, 202409, 202501, 202504, 202505, 202506, 202512, 202604, 202605, 202606","2024-08, 2024-09, 2025-05, 2025-09, 2026-05, 2026-08, 2026-09"
331702,Huai Ta Mon,Phu Sing District,Sisaket,Northeast,flood / inundation,0,20,20,180,0.111,14,"202404, 202405, 202406, 202407, 202501, 202502, 202504, 202507, 202508, 202510, 202512, 202604, 202605, 202606","2024-09, 2024-10, 2025-05, 2025-10, 2026-05, 2026-07, 2026-09, 2026-10"
342403,Tha Mueang,Don Mot Daeng District,Ubon Ratchathani,Northeast,flood / inundation,0,20,20,180,0.111,15,"202404, 202405, 202406, 202407, 202408, 202409, 202504, 202505, 202506, 202507, 202508, 202509, 202604, 202605, 202606","2024-08, 2024-09, 2025-09, 2026-08, 2026-09"
343203,Bung Malaeng,Sawang Wirawong District,Ubon Ratchathani,Northeast,flood / inundation,0,20,20,180,0.111,15,"202405, 202406, 202407, 202408, 202409, 202410, 202505, 202506, 202507, 202508, 202509, 202510, 202604, 202605, 202606","2024-09, 2024-10, 2025-10, 2026-09, 2026-10"
350505,Si Than,Pa Tio District,Yasothon,Northeast,flood / inundation,0,20,20,180,0.111,15,"202404, 202405, 202406, 202407, 202408, 202409, 202504, 202505, 202506, 202507, 202508, 202509, 202604, 202605, 202606","2024-08, 2024-09, 2025-09, 2026-08, 2026-09"
370602,Kham Phra,Hua Taphan District,Amnaj Charoen,Northeast,flood / inundation,0,20,20,180,0.111,16,"202404, 202405, 202406, 202407, 202408, 202409, 202504, 202505, 202506, 202507, 202508, 202509, 202510, 202604, 202605, 202606","2024-08, 2024-09, 2025-09, 2025-10, 2026-08, 2026-09"
390502,Ban Khok,Suwannakhuha District,Nong Bua Lamphu,Northeast,flood / inundation,0,20,20,180,0.111,16,"202404, 202405, 202406, 202407, 202408, 202409, 202412, 202501, 202502, 202503, 202504, 202505, 202509, 202510, 202512, 202604","2024-08, 2024-09, 2025-05, 2025-09, 2025-10, 2026-05"
390602,Na Kae,Na Wang District,Nong Bua Lamphu,Northeast,flood / inundation,0,20,20,180,0.111,12,"202403, 202404, 202405, 202406, 202407, 202408, 202409, 202503, 202504, 202505, 202509, 202510","2024-07, 2024-08, 2024-09, 2024-10, 2025-07, 2025-09, 2025-10"
400112,Don Chang,Mueang Khon Kaen District,Khon Kaen,Northeast,flood / inundation,0,20,20,180,0.111,16,"202403, 202405, 202406, 202407, 202408, 202409, 202410, 202504, 202505, 202506, 202507, 202508, 202509, 202510, 202605, 202606","2024-07, 2024-08, 2024-10, 2025-07, 2025-10, 2026-10"
430119,Si Kai,Mueang Nong Khai District,Nong Khai,Northeast,flood / inundation,0,20,20,180,0.111,15,"202404, 202405, 202406, 202407, 202408, 202409, 202504, 202505, 202506, 202507, 202508, 202509, 202604, 202605, 202606","2024-08, 2024-09, 2025-08, 2025-09, 2026-08, 2026-09"
430522,Sang Nang Khao,Phon Phisai District,Nong Khai,Northeast,flood / inundation,0,20,20,180,0.111,15,"202404, 202405, 202406, 202407, 202408, 202409, 202504, 202505, 202506, 202507, 202508, 202509, 202604, 202605, 202606","2024-08, 2024-09, 2025-07, 2025-08, 2025-09, 2026-08, 2026-09"
451011,Ko Kaeo,Selaphum District,Roi Et,Northeast,flood / inundation,0,20,20,180,0.111,15,"202404, 202405, 202406, 202407, 202408, 202409, 202410, 202505, 202506, 202507, 202508, 202509, 202510, 202605, 202606","2024-08, 2024-10, 2025-10, 2026-08, 2026-10"
451703,Muang Lat,Changhan District,Roi Et,Northeast,flood / inundation,0,20,20,180,0.111,14,"202405, 202406, 202407, 202408, 202409, 202410, 202505, 202506, 202507, 202508, 202509, 202510, 202605, 202606","2024-08, 2024-10, 2025-07, 2025-10, 2026-08, 2026-10"
451707,Phak Waen,Changhan District,Roi Et,Northeast,flood / inundation,0,20,20,180,0.111,14,"202405, 202406, 202407, 202408, 202409, 202410, 202505, 202506, 202507, 202508, 202509, 202510, 202605, 202606","2024-08, 2024-10, 2025-07, 2025-10, 2026-08, 2026-10"
452004,Maba,Thung Khao Luang District,Roi Et,Northeast,flood / inundation,0,20,20,180,0.111,14,"202405, 202406, 202407, 202408, 202409, 202410, 202505, 202506, 202507, 202508, 202509, 202510, 202605, 202606","2024-08, 2024-10, 2025-07, 2025-10, 2026-08, 2026-10"
470203,Na Phiang,Kusuman District,Sakon Nakhon,Northeast,flood / inundation,0,20,20,180,0.111,15,"202404, 202405, 202406, 202407, 202408, 202409, 202504, 202505, 202506, 202507, 202508, 202509, 202604, 202605, 202606","2024-09, 2025-07, 2025-09, 2026-07, 2026-08, 2026-09"
470205,Um Chan,Kusuman District,Sakon Nakhon,Northeast,flood / inundation,0,20,20,180,0.111,15,"202404, 202405, 202406, 202407, 202408, 202409, 202504, 202505, 202506, 202507, 202508, 202509, 202604, 202605, 202606","2024-09, 2025-07, 2025-09, 2026-07, 2026-08, 2026-09"
470402,Wang Yang,Phanna Nikhom District,Sakon Nakhon,Northeast,flood / inundation,0,20,20,180,0.111,15,"202404, 202405, 202406, 202407, 202408, 202409, 202504, 202505, 202506, 202507, 202508, 202509, 202604, 202605, 202606","2024-09, 2025-07, 2025-09, 2026-07, 2026-08, 2026-09"
470403,Phok Noi,Phanna Nikhom District,Sakon Nakhon,Northeast,flood / inundation,0,20,20,180,0.111,15,"202404, 202405, 202406, 202407, 202408, 202409, 202504, 202505, 202506, 202507, 202508, 202509, 202604, 202605, 202606","2024-09, 2025-07, 2025-09, 2026-07, 2026-08, 2026-09"
471215,Sai Mun,Sawang Daen Din District,Sakon Nakhon,Northeast,flood / inundation,0,20,20,180,0.111,17,"202404, 202405, 202406, 202407, 202408, 202409, 202410, 202504, 202505, 202506, 202507, 202508, 202509, 202510, 202604, 202605, 202606","2024-09, 2024-10, 2025-07, 2025-09, 2025-10, 2026-09"
471703,Na Tong Watthana,Phon Na Kaeo District,Sakon Nakhon,Northeast,flood / inundation,0,20,20,180,0.111,15,"202404, 202405, 202406, 202407, 202408, 202409, 202504, 202505, 202506, 202507, 202508, 202509, 202604, 202605, 202606","2024-09, 2025-07, 2025-09, 2026-07, 2026-08, 2026-09"
500701,Rim Tai,Mae Rim District,Chiang Mai,North,flood / inundation,0,20,20,180,0.111,8,"202402, 202403, 202404, 202405, 202406, 202407, 202408, 202409","2024-07, 2024-08, 2024-09, 2024-10"
540605,Hua Mueang,Song District,Phrae,North,flood / inundation,0,20,20,180,0.111,15,"202403, 202404, 202405, 202406, 202407, 202408, 202410, 202507, 202508, 202601, 202602, 202603, 202604, 202605, 202606","2024-08, 2024-10, 2025-08, 2026-05, 2026-08"
560112,Champa Wai,Mueang Phayao District,Phayao,North,flood / inundation,0,20,20,180,0.111,12,"202403, 202404, 202405, 202406, 202407, 202408, 202409, 202505, 202506, 202507, 202508, 202509","2024-08, 2024-09, 2024-10, 2025-08, 2025-10"
560207,Phrathat Khing Kaeng,Chun District,Phayao,North,flood / inundation,0,20,20,180,0.111,16,"202402, 202403, 202404, 202405, 202406, 202407, 202408, 202409, 202412, 202501, 202502, 202504, 202508, 202602, 202603, 202604","2024-07, 2024-09, 2025-05, 2025-08, 2026-05"
560512,Khue Wiang,Dok Khamtai District,Phayao,North,flood / inundation,0,20,20,180,0.111,10,"202402, 202403, 202404, 202405, 202406, 202407, 202408, 202409, 202508, 202606","2024-07, 2024-08, 2024-09, 2025-08, 2026-06"
570515,Wiang Hao,Phan District,Chiangrai,North,flood / inundation,0,20,20,180,0.111,17,"202402, 202404, 202405, 202406, 202407, 202408, 202409, 202412, 202501, 202502, 202503, 202504, 202508, 202601, 202602, 202603, 202604","2024-07, 2024-09, 2025-05, 2025-08, 2026-05"
600710,Phrom Nimit,Takhli District,Nakhon Sawan,North,flood / inundation,0,20,20,180,0.111,18,"202405, 202406, 202407, 202408, 202409, 202410, 202501, 202502, 202503, 202504, 202505, 202506, 202507, 202508, 202509, 202510, 202605, 202606","2024-09, 2024-10, 2025-05, 2025-10, 2026-10"
601001,Phayuha,Phayuha Khiri District,Nakhon Sawan,North,flood / inundation,0,20,20,180,0.111,18,"202405, 202406, 202407, 202408, 202409, 202410, 202501, 202502, 202503, 202504, 202505, 202506, 202507, 202508, 202509, 202510, 202605, 202606","2024-10, 2025-06, 2025-10, 2026-10"
620113,Thep Nakhon,Mueang Kamphaeng Phet District,Kampaeng Phet,North,flood / inundation,0,20,20,180,0.111,16,"202404, 202405, 202406, 202407, 202409, 202412, 202501, 202502, 202503, 202504, 202505, 202506, 202507, 202508, 202509, 202510","2024-09, 2024-10, 2025-05, 2025-09, 2025-10"
620407,Bo Tham,Khanu Woralaksaburi District,Kampaeng Phet,North,flood / inundation,0,20,20,180,0.111,15,"202405, 202406, 202407, 202408, 202409, 202410, 202505, 202506, 202507, 202508, 202509, 202510, 202604, 202605, 202606","2024-10, 2025-09, 2025-10, 2026-09, 2026-10"
650301,Pa Daeng,Chat Trakan District,Phitsanu Lok,North,flood / inundation,0,20,20,180,0.111,11,"202404, 202405, 202406, 202407, 202507, 202508, 202509, 202603, 202604, 202605, 202606","2024-08, 2024-09, 2025-08, 2025-09, 2026-08, 2026-09"
650703,Tho Thae,Wat Bot District,Phitsanu Lok,North,flood / inundation,0,20,20,180,0.111,16,"202404, 202405, 202406, 202407, 202408, 202409, 202504, 202505, 202506, 202507, 202508, 202509, 202510, 202604, 202605, 202606","2024-09, 2025-09, 2025-11, 2026-09"
720901,U Thong,U Thong District,Suphan Buri,Central,flood / inundation,0,20,20,180,0.111,15,"202404, 202405, 202406, 202407, 202408, 202409, 202410, 202505, 202506, 202507, 202508, 202509, 202510, 202605, 202606","2024-09, 2024-10, 2025-10, 2026-10"
730207,Thung Bua,Kamphaeng Saen District,Nakhon Prathom,Central,flood / inundation,0,20,20,180,0.111,13,"202405, 202406, 202407, 202408, 202409, 202410, 202505, 202506, 202507, 202508, 202509, 202510, 202605","2024-10, 2024-11, 2025-10, 2025-11, 2026-10"
730212,Kamphaeng Saen,Kamphaeng Saen District,Nakhon Prathom,Central,flood / inundation,0,20,20,180,0.111,13,"202405, 202406, 202407, 202408, 202409, 202410, 202505, 202506, 202507, 202508, 202509, 202510, 202605","2024-10, 2024-11, 2025-10, 2025-11, 2026-10"
730215,Wang Nam Khiao,Kamphaeng Saen District,Nakhon Prathom,Central,flood / inundation,0,20,20,180,0.111,13,"202405, 202406, 202407, 202408, 202409, 202410, 202505, 202506, 202507, 202508, 202509, 202510, 202605","2024-10, 2024-11, 2025-10, 2025-11, 2026-10"
730322,Lan Tak Fa,Nakhon Chai Si District,Nakhon Prathom,Central,flood / inundation,0,20,20,180,0.111,17,"202405, 202406, 202407, 202410, 202411, 202412, 202501, 202502, 202503, 202504, 202505, 202506, 202507, 202508, 202509, 202510, 202512","2024-10, 2024-11, 2025-05, 2025-10, 2025-11, 2026-05"
730403,Lam Hoei,Don Tum District,Nakhon Prathom,Central,flood / inundation,0,20,20,180,0.111,13,"202405, 202406, 202407, 202408, 202409, 202410, 202505, 202506, 202507, 202508, 202509, 202510, 202605","2024-10, 2024-11, 2025-10, 2025-11, 2026-10"
730509,Don Tum,Bang Len District,Nakhon Prathom,Central,flood / inundation,0,20,20,180,0.111,13,"202403, 202404, 202405, 202406, 202407, 202410, 202505, 202506, 202507, 202508, 202509, 202510, 202605","2024-08, 2024-11, 2025-10, 2025-11, 2026-10"
770202,Kui Nuea,Kui Buri District,Prachuap Khilikhan,southeast,flood / inundation,0,20,20,180,0.111,13,"202401, 202403, 202404, 202405, 202406, 202407, 202408, 202409, 202410, 202411, 202412, 202501, 202503","2024-01, 2024-08, 2024-11, 2025-01, 2025-08"
800112,Kamphaeng Sao,Mueang Nakhon Si Thammarat District,Nakhon Si Thammarat,southeast,flood / inundation,0,20,20,180,0.111,16,"202406, 202407, 202408, 202409, 202410, 202411, 202412, 202501, 202506, 202507, 202508, 202509, 202510, 202511, 202601, 202606","2024-11, 2024-12, 2025-01, 2025-02, 2025-11, 2026-01, 2026-02, 2026-11"
801218,Khanap Nak,Pak Phanang District,Nakhon Si Thammarat,southeast,flood / inundation,0,20,20,180,0.111,11,"202406, 202407, 202408, 202409, 202410, 202411, 202412, 202501, 202506, 202512, 202601","2024-11, 2024-12, 2025-01, 2025-11, 2025-12, 2026-01, 2026-02"
860115,Wisai Nuea,Mueang Chumphon District,Chumphon,southeast,flood / inundation,0,20,20,180,0.111,13,"202403, 202404, 202405, 202406, 202407, 202408, 202409, 202410, 202411, 202412, 202501, 202605, 202606","2024-08, 2024-11, 2024-12, 2025-01, 2026-07, 2026-08"
860302,Thale Sap,Pathio District,Chumphon,southeast,flood / inundation,0,20,20,180,0.111,14,"202405, 202406, 202407, 202408, 202409, 202410, 202411, 202412, 202507, 202508, 202509, 202510, 202511, 202512","2024-10, 2024-11, 2024-12, 2025-12"
860303,Saphli,Pathio District,Chumphon,southeast,flood / inundation,0,20,20,180,0.111,10,"202405, 202406, 202407, 202408, 202409, 202410, 202411, 202412, 202501, 202510","2024-10, 2024-11, 2024-12, 2025-01, 2025-12"
860701,Na Pho,Sawi District,Chumphon,southeast,flood / inundation,0,20,20,180,0.111,17,"202406, 202407, 202408, 202409, 202410, 202411, 202412, 202501, 202507, 202508, 202509, 202510, 202511, 202512, 202604, 202605, 202606","2024-11, 2024-12, 2025-01, 2025-12, 2026-07"
900310,Chanong,Chanae District,Songkhla,southeast,flood / inundation,0,20,20,180,0.111,14,"202406, 202407, 202408, 202409, 202410, 202411, 202412, 202507, 202508, 202509, 202510, 202511, 202512, 202606","2024-11, 2024-12, 2025-11, 2025-12, 2026-11"
900403,Na Mo Si,Na Thawi District,Songkhla,southeast,flood / inundation,0,20,20,180,0.111,12,"202407, 202408, 202409, 202410, 202411, 202412, 202507, 202508, 202509, 202510, 202511, 202512","2024-12, 2025-01, 2025-12, 2026-01"
901603,Khok Muang,Khlong Hoi Khong District,Songkhla,southeast,flood / inundation,0,20,20,180,0.111,13,"202407, 202408, 202409, 202410, 202411, 202412, 202507, 202508, 202509, 202510, 202511, 202512, 202606","2024-12, 2025-01, 2025-11, 2025-12, 2026-01, 2026-11"
910503,Khao Khao,La-ngu District,Satun,southwest,flood / inundation,0,20,20,180,0.111,16,"202403, 202405, 202406, 202407, 202410, 202411, 202412, 202505, 202506, 202507, 202508, 202509, 202512, 202604, 202605, 202606","2024-08, 2024-10, 2024-12, 2025-09, 2025-10, 2025-12, 2026-09"
920301,Yan Ta Khao,Yan Ta Khao District,Trang,southwest,flood / inundation,0,20,20,180,0.111,15,"202403, 202404, 202405, 202406, 202407, 202409, 202410, 202411, 202412, 202505, 202506, 202507, 202508, 202509, 202512","2024-08, 2024-09, 2024-12, 2025-10, 2025-12"
920407,Ban Na,Palian District,Trang,southwest,flood / inundation,0,20,20,180,0.111,15,"202403, 202404, 202405, 202406, 202407, 202409, 202410, 202411, 202412, 202505, 202506, 202507, 202508, 202509, 202512","2024-08, 2024-09, 2024-12, 2025-10, 2025-12"
920704,Tha Saba,Wang Wiset District,Trang,southwest,flood / inundation,0,20,20,180,0.111,15,"202403, 202404, 202405, 202406, 202407, 202410, 202411, 202412, 202505, 202506, 202507, 202508, 202509, 202512, 202602","2024-07, 2024-10, 2024-11, 2024-12, 2025-10, 2025-12, 2026-07"
920902,Khlong Pang,Ratsada District,Trang,southwest,flood / inundation,0,20,20,180,0.111,13,"202405, 202406, 202407, 202410, 202411, 202412, 202501, 202507, 202508, 202509, 202510, 202511, 202512","2024-10, 2024-11, 2024-12, 2025-01, 2025-12"
940702,Tabing,Sai Buri District,Pattani,southeast,flood / inundation,0,20,20,180,0.111,14,"202406, 202407, 202408, 202409, 202410, 202411, 202412, 202501, 202507, 202508, 202509, 202510, 202511, 202512","2024-11, 2024-12, 2025-02, 2025-11, 2025-12"
940703,Pase Yawo,Sai Buri District,Pattani,southeast,flood / inundation,0,20,20,180,0.111,14,"202406, 202407, 202408, 202409, 202410, 202411, 202412, 202501, 202507, 202508, 202509, 202510, 202511, 202512","2024-11, 2024-12, 2025-02, 2025-11, 2025-12"
940705,Buere,Sai Buri District,Pattani,southeast,flood / inundation,0,20,20,180,0.111,14,"202406, 202407, 202408, 202409, 202410, 202411, 202412, 202501, 202507, 202508, 202509, 202510, 202511, 202512","2024-11, 2024-12, 2025-02, 2025-11, 2025-12"
940708,Lahan,Sai Buri District,Pattani,southeast,flood / inundation,0,20,20,180,0.111,14,"202406, 202407, 202408, 202409, 202410, 202411, 202412, 202501, 202507, 202508, 202509, 202510, 202511, 202512","2024-11, 2024-12, 2025-02, 2025-11, 2025-12"
940709,Manang Dalam,Sai Buri District,Pattani,southeast,flood / inundation,0,20,20,180,0.111,14,"202406, 202407, 202408, 202409, 202410, 202411, 202412, 202501, 202507, 202508, 202509, 202510, 202511, 202512","2024-11, 2024-12, 2025-02, 2025-11, 2025-12"
960304,Paluka Samo,Bacho District,Narathiwat,southeast,flood / inundation,0,20,20,180,0.111,14,"202406, 202407, 202408, 202409, 202410, 202411, 202412, 202501, 202507, 202508, 202509, 202510, 202511, 202512","2024-11, 2024-12, 2025-02, 2025-11, 2025-12"
960702,Tama Yung,Si Sakhon District,Narathiwat,southeast,flood / inundation,0,20,20,180,0.111,14,"202406, 202407, 202408, 202409, 202410, 202411, 202412, 202501, 202507, 202508, 202509, 202510, 202511, 202512","2024-11, 2024-12, 2025-02, 2025-11, 2025-12"
920402,Thung Yao,Palian District,Trang,southwest,flood / inundation,1,19,20,180,0.111,16,"202403, 202404, 202405, 202406, 202407, 202408, 202409, 202410, 202411, 202412, 202503, 202504, 202506, 202509, 202512, 202606","2024-08, 2024-09, 2024-12, 2025-08, 2025-10, 2025-12, 2026-06"
940408,Pho Ming,Panare District,Pattani,southeast,flood / inundation,1,19,20,180,0.111,13,"202406, 202407, 202408, 202409, 202410, 202411, 202412, 202507, 202508, 202509, 202510, 202511, 202512","2024-11, 2024-12, 2025-11, 2025-12"
940410,Ban Nam Bo,Panare District,Pattani,southeast,flood / inundation,1,19,20,180,0.111,13,"202406, 202407, 202408, 202409, 202410, 202411, 202412, 202507, 202508, 202509, 202510, 202511, 202512","2024-11, 2024-12, 2025-11, 2025-12"
141506,Rong Chang,Maha Rat District,Phra Nakhon Si Ayudhya,Central,flood / inundation,0,19,19,180,0.106,16,"202405, 202406, 202407, 202408, 202409, 202410, 202505, 202506, 202507, 202508, 202509, 202510, 202603, 202604, 202605, 202606","2024-08, 2024-09, 2024-10, 2025-08, 2025-10, 2026-08, 2026-10"
150602,San Chao Rong Thong,Wiset Chai Chan District,Ang Thong,Central,flood / inundation,0,19,19,180,0.106,14,"202405, 202406, 202407, 202408, 202409, 202410, 202505, 202506, 202507, 202508, 202509, 202510, 202605, 202606","2024-09, 2024-10, 2025-10, 2025-11, 2026-10"
170302,Bang Rachan,Khai Bang Rachan District,Singburi,Central,flood / inundation,0,19,19,180,0.106,15,"202404, 202405, 202406, 202407, 202408, 202409, 202410, 202505, 202506, 202507, 202508, 202509, 202510, 202605, 202606","2024-09, 2024-10, 2025-10, 2026-10"
170305,Kho Sai,Khai Bang Rachan District,Singburi,Central,flood / inundation,0,19,19,180,0.106,15,"202404, 202405, 202406, 202407, 202408, 202409, 202410, 202505, 202506, 202507, 202508, 202509, 202510, 202605, 202606","2024-09, 2024-10, 2025-10, 2026-10"
180506,Dong Khon,Sankhaburi District,Chainat,Central,flood / inundation,0,19,19,180,0.106,15,"202404, 202405, 202406, 202407, 202408, 202409, 202410, 202505, 202506, 202507, 202508, 202509, 202510, 202605, 202606","2024-09, 2024-10, 2025-10, 2026-10"
180507,Don Kam,Sankhaburi District,Chainat,Central,flood / inundation,0,19,19,180,0.106,15,"202404, 202405, 202406, 202407, 202408, 202409, 202410, 202505, 202506, 202507, 202508, 202509, 202510, 202605, 202606","2024-09, 2024-10, 2025-10, 2026-10"
200606,Mon Nang,Phanat Nikhom District,Chonburi,east,flood / inundation,0,19,19,180,0.106,16,"202404, 202405, 202406, 202407, 202408, 202409, 202412, 202501, 202505, 202506, 202507, 202508, 202509, 202510, 202604, 202605","2024-09, 2024-10, 2025-05, 2025-10, 2026-09, 2026-10"
200617,Na Wang Hin,Phanat Nikhom District,Chonburi,east,flood / inundation,0,19,19,180,0.106,16,"202404, 202405, 202406, 202407, 202408, 202409, 202412, 202501, 202505, 202506, 202507, 202508, 202509, 202510, 202604, 202605","2024-09, 2024-10, 2025-05, 2025-10, 2026-09, 2026-10"
200618,Ban Chang,Phanat Nikhom District,Chonburi,east,flood / inundation,0,19,19,180,0.106,16,"202404, 202405, 202406, 202407, 202408, 202409, 202412, 202501, 202505, 202506, 202507, 202508, 202509, 202510, 202604, 202605","2024-09, 2024-10, 2025-05, 2025-10, 2026-09, 2026-10"
250103,Wat Bot,Mueang Prachin Buri District,Prachinburi,east,flood / inundation,0,19,19,180,0.106,16,"202404, 202405, 202406, 202407, 202408, 202409, 202504, 202505, 202506, 202507, 202508, 202509, 202510, 202604, 202605, 202606","2024-09, 2024-10, 2025-09, 2025-10, 2026-09"
250801,Si Mahapho,Si Maha Phot District,Prachinburi,east,flood / inundation,0,19,19,180,0.106,15,"202404, 202405, 202406, 202407, 202408, 202409, 202504, 202505, 202506, 202507, 202508, 202509, 202604, 202605, 202606","2024-09, 2024-10, 2025-09, 2026-08, 2026-09"
260111,Hin Tang,Mueang Nakhon Nayok District,Nakhon Nayok,east,flood / inundation,0,19,19,180,0.106,14,"202404, 202405, 202406, 202407, 202408, 202409, 202503, 202504, 202507, 202508, 202602, 202604, 202605, 202606","2024-08, 2024-09, 2025-07, 2025-08, 2025-09, 2026-07, 2026-08"
260408,Bang Luk Suea,Ongkharak District,Nakhon Nayok,east,flood / inundation,0,19,19,180,0.106,15,"202404, 202405, 202406, 202407, 202408, 202409, 202410, 202505, 202506, 202507, 202508, 202509, 202510, 202605, 202606","2024-09, 2024-10, 2025-10, 2026-10"
270602,Mueang Phai,Aranyaprathet District,Srakaeo,east,flood / inundation,0,19,19,180,0.106,12,"202403, 202404, 202405, 202406, 202407, 202408, 202409, 202506, 202509, 202510, 202604, 202605","2024-08, 2024-09, 2024-10, 2025-10, 2026-09, 2026-10"
270606,Pa Rai,Aranyaprathet District,Srakaeo,east,flood / inundation,0,19,19,180,0.106,11,"202404, 202405, 202406, 202407, 202408, 202409, 202504, 202505, 202506, 202509, 202510","2024-08, 2024-09, 2024-10, 2025-09, 2025-10"
300907,Banlang,Non Thai District,Nakhon Ratchasima,Northeast,flood / inundation,0,19,19,180,0.106,16,"202404, 202405, 202406, 202407, 202408, 202409, 202504, 202505, 202506, 202507, 202508, 202509, 202510, 202604, 202605, 202606","2024-09, 2024-10, 2025-09, 2025-10, 2026-09"
301502,Samrit,Phimai District,Nakhon Ratchasima,Northeast,flood / inundation,0,19,19,180,0.106,15,"202405, 202406, 202407, 202408, 202409, 202410, 202501, 202505, 202506, 202507, 202508, 202509, 202510, 202605, 202606","2024-09, 2024-10, 2025-05, 2025-06, 2025-10, 2026-10"
301503,Bot,Phimai District,Nakhon Ratchasima,Northeast,flood / inundation,0,19,19,180,0.106,16,"202405, 202406, 202407, 202408, 202409, 202410, 202501, 202504, 202505, 202506, 202507, 202508, 202509, 202510, 202605, 202606","2024-10, 2025-05, 2025-06, 2025-07, 2025-10, 2026-10"
302603,Bueng Prue,Thepharak District,Nakhon Ratchasima,Northeast,flood / inundation,0,19,19,180,0.106,14,"202403, 202404, 202405, 202406, 202407, 202505, 202506, 202507, 202508, 202509, 202510, 202604, 202605, 202606","2024-08, 2025-09, 2025-10, 2026-08, 2026-09"
311101,Satuek,Satuek District,Burirum,Northeast,flood / inundation,0,19,19,180,0.106,19,"202405, 202406, 202407, 202408, 202409, 202410, 202501, 202502, 202503, 202504, 202505, 202506, 202507, 202508, 202509, 202510, 202512, 202605, 202606","2024-10, 2025-05, 2025-10, 2026-05, 2026-10"
311102,Nikhom,Satuek District,Burirum,Northeast,flood / inundation,0,19,19,180,0.106,19,"202405, 202406, 202407, 202408, 202409, 202410, 202501, 202502, 202503, 202504, 202505, 202506, 202507, 202508, 202509, 202510, 202512, 202605, 202606","2024-10, 2025-05, 2025-10, 2026-05, 2026-10"
311112,Sakae,Satuek District,Burirum,Northeast,flood / inundation,0,19,19,180,0.106,19,"202405, 202406, 202407, 202408, 202409, 202410, 202501, 202502, 202503, 202504, 202505, 202506, 202507, 202508, 202509, 202510, 202512, 202605, 202606","2024-10, 2025-05, 2025-10, 2026-05, 2026-10"
312201,Khaen Dong,Khaen Dong District,Burirum,Northeast,flood / inundation,0,19,19,180,0.106,19,"202405, 202406, 202407, 202408, 202409, 202410, 202501, 202502, 202503, 202504, 202505, 202506, 202507, 202508, 202509, 202510, 202512, 202605, 202606","2024-10, 2025-05, 2025-10, 2026-05, 2026-10"
312202,Dong Phlong,Khaen Dong District,Burirum,Northeast,flood / inundation,0,19,19,180,0.106,19,"202405, 202406, 202407, 202408, 202409, 202410, 202501, 202502, 202503, 202504, 202505, 202506, 202507, 202508, 202509, 202510, 202512, 202605, 202606","2024-10, 2025-05, 2025-10, 2026-05, 2026-10"
312203,Sa Bua,Khaen Dong District,Burirum,Northeast,flood / inundation,0,19,19,180,0.106,19,"202405, 202406, 202407, 202408, 202409, 202410, 202501, 202502, 202503, 202504, 202505, 202506, 202507, 202508, 202509, 202510, 202512, 202605, 202606","2024-10, 2025-05, 2025-10, 2026-05, 2026-10"
312204,Hua Fai,Khaen Dong District,Burirum,Northeast,flood / inundation,0,19,19,180,0.106,19,"202405, 202406, 202407, 202408, 202409, 202410, 202501, 202502, 202503, 202504, 202505, 202506, 202507, 202508, 202509, 202510, 202512, 202605, 202606","2024-10, 2025-05, 2025-10, 2026-05, 2026-10"
321207,Muen Si,Samrong Thap District,Surin,Northeast,flood / inundation,0,19,19,180,0.106,15,"202405, 202406, 202407, 202408, 202409, 202410, 202505, 202506, 202507, 202508, 202509, 202510, 202604, 202605, 202606","2024-10, 2025-10, 2026-07, 2026-08, 2026-09, 2026-10"
330127,Nong Phai,Mueang Si Sa Ket District,Sisaket,Northeast,flood / inundation,0,19,19,180,0.106,16,"202405, 202406, 202407, 202408, 202409, 202410, 202505, 202506, 202507, 202508, 202509, 202510, 202512, 202603, 202605, 202606","2024-10, 2025-10, 2026-05, 2026-07, 2026-09, 2026-10"
330309,Mueang Noi,Kanthararom District,Sisaket,Northeast,flood / inundation,0,19,19,180,0.106,16,"202403, 202404, 202405, 202406, 202407, 202408, 202409, 202410, 202505, 202506, 202507, 202508, 202509, 202510, 202605, 202606","2024-07, 2024-10, 2025-10, 2026-09, 2026-10"
330420,Khanun,Kantharalak District,Sisaket,Northeast,flood / inundation,0,19,19,180,0.106,11,"202404, 202405, 202406, 202407, 202501, 202502, 202504, 202512, 202604, 202605, 202606","2024-08, 2024-09, 2025-05, 2026-05, 2026-07, 2026-08, 2026-09, 2026-10"
330425,Phu Pha Mok,Kantharalak District,Sisaket,Northeast,flood / inundation,0,19,19,180,0.106,11,"202404, 202405, 202406, 202407, 202501, 202502, 202504, 202512, 202604, 202605, 202606","2024-08, 2024-09, 2025-05, 2025-07, 2026-05, 2026-07, 2026-08, 2026-09"
330803,Phran,Khun Han District,Sisaket,Northeast,flood / inundation,0,19,19,180,0.106,11,"202404, 202405, 202406, 202407, 202410, 202501, 202510, 202512, 202604, 202605, 202606","2024-09, 2024-10, 2025-05, 2025-10, 2026-05, 2026-07, 2026-08, 2026-09, 2026-10"
330808,Non Sung,Khun Han District,Sisaket,Northeast,flood / inundation,0,19,19,180,0.106,11,"202404, 202405, 202406, 202407, 202410, 202501, 202510, 202512, 202604, 202605, 202606","2024-09, 2024-10, 2025-05, 2025-10, 2026-05, 2026-07, 2026-08, 2026-09, 2026-10"
331003,Kan Lueang,Uthumphon Phisai District,Sisaket,Northeast,flood / inundation,0,19,19,180,0.106,17,"202404, 202405, 202406, 202407, 202408, 202409, 202501, 202504, 202505, 202506, 202507, 202508, 202509, 202512, 202604, 202605, 202606","2024-09, 2025-05, 2025-09, 2026-05, 2026-07, 2026-09"
331701,Khok Tan,Phu Sing District,Sisaket,Northeast,flood / inundation,0,19,19,180,0.106,13,"202404, 202405, 202406, 202407, 202410, 202501, 202502, 202504, 202510, 202512, 202604, 202605, 202606","2024-09, 2024-10, 2025-05, 2025-10, 2026-05, 2026-07, 2026-09, 2026-10"
340401,Khueang Nai,Khueang Nai District,Ubon Ratchathani,Northeast,flood / inundation,0,19,19,180,0.106,15,"202404, 202405, 202406, 202407, 202408, 202409, 202410, 202505, 202506, 202507, 202508, 202509, 202510, 202605, 202606","2024-07, 2024-08, 2024-10, 2025-10, 2026-07, 2026-10"
340903,Yang,Nam Yuen District,Ubon Ratchathani,Northeast,flood / inundation,0,19,19,180,0.106,10,"202403, 202404, 202405, 202406, 202407, 202501, 202506, 202604, 202605, 202606","2024-08, 2024-09, 2025-06, 2026-07, 2026-08, 2026-09"
341521,Non Phueng,Warin Chamrap District,Ubon Ratchathani,Northeast,flood / inundation,0,19,19,180,0.106,16,"202403, 202404, 202405, 202406, 202407, 202408, 202409, 202504, 202505, 202506, 202507, 202508, 202509, 202604, 202605, 202606","2024-07, 2024-09, 2025-09, 2026-09"
360613,Som Poi,Chatturat District,Chaiyaphum,Northeast,flood / inundation,0,19,19,180,0.106,16,"202404, 202405, 202406, 202407, 202408, 202409, 202504, 202505, 202506, 202507, 202508, 202509, 202510, 202604, 202605, 202606","2024-08, 2024-09, 2025-09, 2025-10, 2026-09"
360905,Pong Nok,Thep Sathit District,Chaiyaphum,Northeast,flood / inundation,0,19,19,180,0.106,16,"202404, 202405, 202406, 202407, 202408, 202409, 202504, 202505, 202506, 202507, 202508, 202509, 202510, 202604, 202605, 202606","2024-08, 2024-09, 2025-09, 2025-10, 2026-09"
400304,Nong Waeng,Phra Yuen District,Khon Kaen,Northeast,flood / inundation,0,19,19,180,0.106,16,"202403, 202405, 202406, 202407, 202408, 202409, 202410, 202504, 202505, 202506, 202507, 202508, 202509, 202510, 202605, 202606","2024-07, 2024-09, 2024-10, 2025-07, 2025-10, 2026-10"
411107,Ban Chai,Ban Dung District,Udon Thani,Northeast,flood / inundation,0,19,19,180,0.106,15,"202404, 202405, 202406, 202407, 202408, 202409, 202504, 202505, 202506, 202507, 202508, 202509, 202604, 202605, 202606","2024-09, 2025-07, 2025-08, 2025-09, 2026-07, 2026-09"
430203,Kong Nang,Tha Bo District,Nong Khai,Northeast,flood / inundation,0,19,19,180,0.106,13,"202404, 202405, 202406, 202407, 202408, 202410, 202504, 202505, 202506, 202507, 202508, 202509, 202510","2024-08, 2024-09, 2024-10, 2025-08, 2025-09, 2025-10"
430504,Chum Chang,Phon Phisai District,Nong Khai,Northeast,flood / inundation,0,19,19,180,0.106,15,"202404, 202405, 202406, 202407, 202408, 202409, 202504, 202505, 202506, 202507, 202508, 202509, 202604, 202605, 202606","2024-09, 2025-07, 2025-08, 2025-09, 2026-08, 2026-09"
450601,Phanom Phrai,Phanom Phrai District,Roi Et,Northeast,flood / inundation,0,19,19,180,0.106,15,"202404, 202405, 202406, 202407, 202408, 202409, 202504, 202505, 202506, 202507, 202508, 202509, 202604, 202605, 202606","2024-08, 2024-09, 2025-09, 2026-08, 2026-09"
451001,Klang,Selaphum District,Roi Et,Northeast,flood / inundation,0,19,19,180,0.106,14,"202405, 202406, 202407, 202408, 202409, 202410, 202505, 202506, 202507, 202508, 202509, 202510, 202605, 202606","2024-08, 2024-10, 2025-10, 2026-08, 2026-10"
451005,Na Mueang,Selaphum District,Roi Et,Northeast,flood / inundation,0,19,19,180,0.106,14,"202405, 202406, 202407, 202408, 202409, 202410, 202505, 202506, 202507, 202508, 202509, 202510, 202605, 202606","2024-08, 2024-10, 2025-10, 2026-08, 2026-10"
451406,Nong Kham,At Samat District,Roi Et,Northeast,flood / inundation,0,19,19,180,0.106,15,"202404, 202405, 202406, 202407, 202408, 202409, 202504, 202505, 202506, 202507, 202508, 202509, 202604, 202605, 202606","2024-09, 2025-07, 2025-09, 2026-07, 2026-08, 2026-09"
451802,Phlapphla,Chiang Khwan District,Roi Et,Northeast,flood / inundation,0,19,19,180,0.106,14,"202405, 202406, 202407, 202408, 202409, 202410, 202505, 202506, 202507, 202508, 202509, 202510, 202605, 202606","2024-08, 2024-10, 2025-10, 2026-08, 2026-10"
461204,Nong Suang,Nong Kung Si District,Kalasin,Northeast,flood / inundation,0,19,19,180,0.106,16,"202402, 202403, 202404, 202405, 202406, 202501, 202502, 202503, 202504, 202505, 202506, 202507, 202512, 202602, 202604, 202605","2024-07, 2025-05, 2025-07, 2026-05, 2026-07"
461206,Nong Yai,Nong Kung Si District,Kalasin,Northeast,flood / inundation,0,19,19,180,0.106,15,"202402, 202403, 202405, 202406, 202501, 202502, 202503, 202504, 202505, 202506, 202507, 202512, 202602, 202604, 202605","2024-07, 2024-09, 2025-05, 2025-07, 2026-05, 2026-07"
461801,Khong Chai Phatthana,Khong Chai District,Kalasin,Northeast,flood / inundation,0,19,19,180,0.106,14,"202405, 202406, 202407, 202408, 202409, 202410, 202505, 202506, 202507, 202508, 202509, 202510, 202605, 202606","2024-08, 2024-10, 2025-07, 2025-10, 2026-08, 2026-10"
480305,Phanom,Tha Uthen District,Nakhon Phanom,Northeast,flood / inundation,0,19,19,180,0.106,15,"202404, 202405, 202406, 202407, 202408, 202409, 202504, 202505, 202506, 202507, 202508, 202509, 202604, 202605, 202606","2024-09, 2025-09, 2026-07, 2026-08, 2026-09"
500709,Mae Sa,Mae Rim District,Chiang Mai,North,flood / inundation,0,19,19,180,0.106,12,"202403, 202404, 202405, 202406, 202407, 202408, 202409, 202501, 202502, 202503, 202504, 202505","2024-08, 2024-09, 2024-10, 2025-05"
500711,Mueang Kaeo,Mae Rim District,Chiang Mai,North,flood / inundation,0,19,19,180,0.106,8,"202402, 202403, 202404, 202405, 202406, 202407, 202408, 202409","2024-07, 2024-08, 2024-09, 2024-10"
501502,Nong Kaeo,Hang Dong District,Chiang Mai,North,flood / inundation,0,19,19,180,0.106,12,"202403, 202404, 202405, 202406, 202407, 202408, 202501, 202502, 202503, 202504, 202505, 202606","2024-08, 2024-09, 2024-10, 2025-05, 2026-06"
501507,Ban Waen,Hang Dong District,Chiang Mai,North,flood / inundation,0,19,19,180,0.106,12,"202403, 202404, 202405, 202406, 202407, 202408, 202409, 202501, 202502, 202503, 202504, 202505","2024-08, 2024-09, 2024-10, 2025-05"
520903,Mae Pu,Mae Phrik District,Lampang,North,flood / inundation,0,19,19,180,0.106,15,"202404, 202405, 202406, 202407, 202408, 202409, 202501, 202503, 202504, 202506, 202507, 202508, 202509, 202510, 202606","2024-09, 2024-10, 2025-06, 2025-09, 2025-10, 2026-06"
540402,Nam Cham,Sung Men District,Phrae,North,flood / inundation,0,19,19,180,0.106,12,"202403, 202404, 202405, 202406, 202407, 202408, 202410, 202601, 202602, 202603, 202604, 202605","2024-08, 2024-09, 2024-10, 2026-05"
540608,Thung Nao,Song District,Phrae,North,flood / inundation,0,19,19,180,0.106,12,"202403, 202404, 202405, 202406, 202407, 202408, 202409, 202410, 202507, 202508, 202509, 202510","2024-08, 2024-09, 2024-10, 2025-08, 2025-10"
551401,Muang Tuet,Phu Phiang District,Nan,North,flood / inundation,0,19,19,180,0.106,13,"202402, 202403, 202404, 202405, 202406, 202407, 202408, 202507, 202508, 202603, 202604, 202605, 202606","2024-07, 2024-08, 2025-08, 2026-06, 2026-08"
570118,Tha Sai,Mueang Chiang Rai District,Chiangrai,North,flood / inundation,0,19,19,180,0.106,17,"202403, 202404, 202405, 202406, 202407, 202408, 202501, 202502, 202503, 202504, 202506, 202508, 202601, 202602, 202603, 202604, 202605","2024-07, 2024-08, 2025-05, 2025-06, 2025-08, 2026-05"
570412,Si Don Chai,Thoeng District,Chiangrai,North,flood / inundation,0,19,19,180,0.106,14,"202402, 202403, 202404, 202405, 202406, 202407, 202409, 202501, 202504, 202508, 202601, 202602, 202603, 202604","2024-07, 2024-08, 2024-09, 2025-05, 2025-08, 2026-05"
570908,Ban Dai,Mae Sai District,Chiangrai,North,flood / inundation,0,19,19,180,0.106,13,"202403, 202404, 202406, 202407, 202409, 202507, 202508, 202601, 202602, 202603, 202604, 202605, 202606","2024-07, 2024-08, 2024-09, 2025-08, 2026-05, 2026-06, 2026-07, 2026-08"
600114,Nong Krot,Mueang Nakhon Sawan District,Nakhon Sawan,North,flood / inundation,0,19,19,180,0.106,15,"202404, 202405, 202406, 202407, 202408, 202409, 202410, 202505, 202506, 202507, 202508, 202509, 202510, 202605, 202606","2024-08, 2024-09, 2024-10, 2025-10, 2026-10"
610104,Don Khwang,Mueang Uthai Thani District,Uthai Thani,Central,flood / inundation,0,19,19,180,0.106,18,"202406, 202407, 202408, 202409, 202410, 202411, 202501, 202502, 202503, 202504, 202505, 202506, 202507, 202508, 202509, 202510, 202511, 202606","2024-11, 2025-05, 2025-10, 2025-11, 2026-11"
610603,Huai Haeng,Ban Rai District,Uthai Thani,Central,flood / inundation,0,19,19,180,0.106,15,"202404, 202405, 202406, 202407, 202408, 202409, 202412, 202501, 202502, 202503, 202504, 202505, 202507, 202509, 202510","2024-09, 2024-10, 2025-05, 2025-10"
620107,Lan Dokmai,Mueang Kamphaeng Phet District,Kampaeng Phet,North,flood / inundation,0,19,19,180,0.106,15,"202404, 202405, 202406, 202407, 202409, 202412, 202501, 202502, 202503, 202504, 202505, 202507, 202508, 202509, 202510","2024-09, 2024-10, 2025-05, 2025-09, 2025-10"
620605,Wang Tabaek,Phran Kratai District,Kampaeng Phet,North,flood / inundation,0,19,19,180,0.106,15,"202404, 202405, 202406, 202407, 202412, 202501, 202502, 202503, 202504, 202505, 202506, 202507, 202508, 202509, 202510","2024-09, 2024-10, 2025-05, 2025-09, 2025-10"
650603,Wong Khong,Phrom Phiram District,Phitsanu Lok,North,flood / inundation,0,19,19,180,0.106,12,"202404, 202405, 202406, 202407, 202408, 202505, 202506, 202507, 202508, 202509, 202510, 202604","2024-09, 2024-10, 2025-10, 2025-11, 2026-05"
670504,Khok Prong,Wichian Buri District,Phetchabun,North,flood / inundation,0,19,19,180,0.106,16,"202404, 202405, 202406, 202407, 202408, 202409, 202503, 202504, 202505, 202506, 202507, 202508, 202509, 202604, 202605, 202606","2024-09, 2025-08, 2025-09, 2026-09"
700512,Nong Pla Mo,Ban Pong District,Ratchaburi,Central,flood / inundation,0,19,19,180,0.106,13,"202405, 202406, 202407, 202408, 202409, 202410, 202411, 202505, 202506, 202507, 202508, 202509, 202510","2024-10, 2024-11, 2025-10, 2025-11"
720204,Khao Din,Doem Bang Nang Buat District,Suphan Buri,Central,flood / inundation,0,19,19,180,0.106,15,"202404, 202405, 202406, 202407, 202408, 202409, 202410, 202505, 202506, 202507, 202508, 202509, 202510, 202605, 202606","2024-09, 2024-10, 2025-10, 2026-10"
730303,Wat Khae,Nakhon Chai Si District,Nakhon Prathom,Central,flood / inundation,0,19,19,180,0.106,12,"202405, 202406, 202407, 202409, 202410, 202411, 202505, 202506, 202507, 202508, 202509, 202510","2024-09, 2024-10, 2024-11, 2025-10, 2025-11"
730316,Wat Samrong,Nakhon Chai Si District,Nakhon Prathom,Central,flood / inundation,0,19,19,180,0.106,17,"202406, 202407, 202409, 202410, 202411, 202412, 202501, 202502, 202503, 202504, 202505, 202506, 202507, 202508, 202509, 202510, 202512","2024-09, 2024-11, 2025-05, 2025-10, 2025-11, 2026-05"
730323,Ngio Rai,Nakhon Chai Si District,Nakhon Prathom,Central,flood / inundation,0,19,19,180,0.106,17,"202406, 202407, 202409, 202410, 202411, 202412, 202501, 202502, 202503, 202504, 202505, 202506, 202507, 202508, 202509, 202510, 202512","2024-09, 2024-11, 2025-05, 2025-10, 2025-11, 2026-05"
730401,Sam Ngam,Don Tum District,Nakhon Prathom,Central,flood / inundation,0,19,19,180,0.106,12,"202405, 202406, 202407, 202408, 202410, 202505, 202506, 202507, 202508, 202509, 202510, 202605","2024-10, 2024-11, 2025-10, 2025-11, 2026-10"
800405,Mai Riang,Chawang District,Nakhon Si Thammarat,southeast,flood / inundation,0,19,19,180,0.106,14,"202405, 202406, 202407, 202408, 202409, 202410, 202411, 202506, 202507, 202508, 202509, 202510, 202511, 202606","2024-10, 2024-11, 2025-11, 2026-11"
801002,Thung Song,Na Bon District,Nakhon Si Thammarat,southeast,flood / inundation,0,19,19,180,0.106,8,"202405, 202406, 202407, 202408, 202409, 202410, 202411, 202412","2024-09, 2024-10, 2024-11, 2024-12"
801212,Bang Phra,Pak Phanang District,Nakhon Si Thammarat,southeast,flood / inundation,0,19,19,180,0.106,11,"202406, 202407, 202408, 202409, 202410, 202411, 202412, 202501, 202506, 202512, 202601","2024-11, 2024-12, 2025-01, 2025-11, 2025-12, 2026-01"
801215,Ban Phoeng,Pak Phanang District,Nakhon Si Thammarat,southeast,flood / inundation,0,19,19,180,0.106,11,"202406, 202407, 202408, 202409, 202410, 202411, 202412, 202501, 202506, 202512, 202601","2024-11, 2024-12, 2025-01, 2025-11, 2025-12, 2026-01"
801216,Tha Phaya,Pak Phanang District,Nakhon Si Thammarat,southeast,flood / inundation,0,19,19,180,0.106,11,"202406, 202407, 202408, 202409, 202410, 202411, 202412, 202501, 202506, 202512, 202601","2024-11, 2024-12, 2025-01, 2025-11, 2025-12, 2026-01"
801701,Bang Khan,Bang Khan District,Nakhon Si Thammarat,southeast,flood / inundation,0,19,19,180,0.106,9,"202405, 202406, 202407, 202408, 202409, 202410, 202411, 202412, 202501","2024-10, 2024-11, 2024-12, 2025-01"
801702,Ban Lamnao,Bang Khan District,Nakhon Si Thammarat,southeast,flood / inundation,0,19,19,180,0.106,9,"202403, 202404, 202405, 202406, 202407, 202408, 202409, 202410, 202501","2024-08, 2024-09, 2024-10, 2024-11, 2025-01"
810406,Phru Din Na,Khlong Thom District,Krabi,southwest,flood / inundation,0,19,19,180,0.106,9,"202403, 202404, 202405, 202406, 202407, 202410, 202502, 202503, 202504","2024-07, 2024-08, 2024-10, 2024-11, 2025-07"
810701,Lam Thap,Lam Thap District,Krabi,southwest,flood / inundation,0,19,19,180,0.106,9,"202403, 202404, 202405, 202406, 202407, 202408, 202409, 202410, 202411","2024-07, 2024-08, 2024-09, 2024-10, 2024-12"
841105,Sawiat,Tha Chang District,Surat Thani,southeast,flood / inundation,0,19,19,180,0.106,14,"202407, 202408, 202409, 202410, 202411, 202412, 202501, 202507, 202508, 202509, 202510, 202511, 202512, 202606","2024-12, 2025-01, 2025-11, 2025-12, 2026-11"
901007,Padang Besar,Sadao District,Songkhla,southeast,flood / inundation,0,19,19,180,0.106,11,"202405, 202406, 202407, 202408, 202409, 202410, 202411, 202412, 202503, 202504, 202512","2024-08, 2024-11, 2024-12, 2025-08, 2025-12"
901604,Khlong La,Khlong Hoi Khong District,Songkhla,southeast,flood / inundation,0,19,19,180,0.106,13,"202407, 202408, 202409, 202410, 202411, 202412, 202507, 202508, 202509, 202510, 202511, 202512, 202606","2024-12, 2025-01, 2025-11, 2025-12, 2026-11"
920106,Na Bin La,Mueang Trang District,Trang,southwest,flood / inundation,0,19,19,180,0.106,12,"202406, 202407, 202410, 202411, 202412, 202505, 202506, 202507, 202508, 202509, 202510, 202512","2024-11, 2024-12, 2025-10, 2025-11, 2025-12"
920504,Mai Fat,Sikao District,Trang,southwest,flood / inundation,0,19,19,180,0.106,12,"202401, 202403, 202405, 202406, 202407, 202409, 202501, 202502, 202503, 202504, 202506, 202509","2024-06, 2024-07, 2024-09, 2025-06, 2025-07, 2025-10"
920601,Huai Yot,Huai Yot District,Trang,southwest,flood / inundation,0,19,19,180,0.106,12,"202403, 202404, 202405, 202406, 202407, 202410, 202411, 202412, 202502, 202503, 202504, 202512","2024-07, 2024-08, 2024-11, 2024-12, 2025-07, 2025-12"
941202,Muang Tia,Mae Lan District,Pattani,southeast,flood / inundation,0,19,19,180,0.106,12,"202407, 202408, 202409, 202410, 202411, 202412, 202501, 202508, 202509, 202510, 202511, 202512","2024-12, 2025-01, 2025-02, 2025-11, 2026-01"
960203,Phron,Tak Bai District,Narathiwat,southeast,flood / inundation,0,19,19,180,0.106,14,"202406, 202407, 202408, 202409, 202410, 202411, 202412, 202501, 202507, 202508, 202509, 202510, 202511, 202512","2024-11, 2024-12, 2025-02, 2025-11, 2025-12"
960206,Ko Sathon,Tak Bai District,Narathiwat,southeast,flood / inundation,0,19,19,180,0.106,14,"202406, 202407, 202408, 202409, 202410, 202411, 202412, 202501, 202507, 202508, 202509, 202510, 202511, 202512","2024-11, 2024-12, 2025-02, 2025-11, 2025-12"
960207,Na Nak,Tak Bai District,Narathiwat,southeast,flood / inundation,0,19,19,180,0.106,14,"202406, 202407, 202408, 202409, 202410, 202411, 202412, 202501, 202507, 202508, 202509, 202510, 202511, 202512","2024-11, 2024-12, 2025-02, 2025-11, 2025-12"
960208,Khosit,Tak Bai District,Narathiwat,southeast,flood / inundation,0,19,19,180,0.106,14,"202406, 202407, 202408, 202409, 202410, 202411, 202412, 202501, 202507, 202508, 202509, 202510, 202511, 202512","2024-11, 2024-12, 2025-02, 2025-11, 2025-12"
960306,Bare Tai,Bacho District,Narathiwat,southeast,flood / inundation,0,19,19,180,0.106,14,"202406, 202407, 202408, 202409, 202410, 202411, 202412, 202501, 202507, 202508, 202509, 202510, 202511, 202512","2024-11, 2024-12, 2025-02, 2025-12"
940409,Ban Klang,Panare District,Pattani,southeast,flood / inundation,1,18,19,180,0.106,13,"202406, 202407, 202408, 202409, 202410, 202411, 202412, 202507, 202508, 202509, 202510, 202511, 202512","2024-11, 2024-12, 2025-11, 2025-12"
110206,Khlong Suan,Bang Bo District,Samut Prakarn,Central,flood / inundation,0,18,18,180,0.1,13,"202403, 202404, 202405, 202406, 202407, 202409, 202506, 202507, 202508, 202509, 202510, 202511, 202604","2024-08, 2024-09, 2025-10, 2025-11, 2026-09"
140117,Khlong Suan Phlu,Phra Nakhon Si Ayutthaya District,Phra Nakhon Si Ayudhya,Central,flood / inundation,0,18,18,180,0.1,17,"202405, 202406, 202407, 202408, 202409, 202410, 202505, 202506, 202507, 202508, 202509, 202510, 202511, 202603, 202604, 202605, 202606","2024-09, 2024-10, 2025-10, 2025-11, 2026-08, 2026-10"
140701,Bang Pahan,Bang Pahan District,Phra Nakhon Si Ayudhya,Central,flood / inundation,0,18,18,180,0.1,14,"202405, 202406, 202407, 202408, 202409, 202410, 202505, 202506, 202507, 202508, 202509, 202510, 202605, 202606","2024-09, 2024-10, 2025-10, 2026-10"
140710,Thap Nam,Bang Pahan District,Phra Nakhon Si Ayudhya,Central,flood / inundation,0,18,18,180,0.1,14,"202405, 202406, 202407, 202408, 202409, 202410, 202505, 202506, 202507, 202508, 202509, 202510, 202605, 202606","2024-09, 2024-10, 2025-10, 2026-10"
140712,Khwan Mueang,Bang Pahan District,Phra Nakhon Si Ayudhya,Central,flood / inundation,0,18,18,180,0.1,14,"202405, 202406, 202407, 202408, 202409, 202410, 202505, 202506, 202507, 202508, 202509, 202510, 202605, 202606","2024-09, 2024-10, 2025-10, 2026-10"
150301,Bang Pla Kot,Pa Mok District,Ang Thong,Central,flood / inundation,0,18,18,180,0.1,15,"202404, 202405, 202406, 202407, 202408, 202409, 202410, 202505, 202506, 202507, 202508, 202509, 202510, 202605, 202606","2024-09, 2024-10, 2025-10, 2026-10"
160103,Kok Ko,Mueang Lop Buri District,Lopburi,Central,flood / inundation,0,18,18,180,0.1,16,"202403, 202404, 202405, 202406, 202407, 202408, 202409, 202504, 202505, 202506, 202507, 202508, 202509, 202604, 202605, 202606","2024-08, 2024-09, 2025-09, 2026-09"
160412,Ko Rang,Chai Badan District,Lopburi,Central,flood / inundation,0,18,18,180,0.1,14,"202404, 202405, 202406, 202407, 202408, 202409, 202504, 202505, 202506, 202507, 202508, 202509, 202510, 202606","2024-08, 2024-09, 2025-06, 2025-09, 2025-10, 2026-08"
190607,Phai Khwang,Ban Mo District,Saraburi,Central,flood / inundation,0,18,18,180,0.1,17,"202405, 202406, 202407, 202408, 202409, 202410, 202505, 202506, 202507, 202508, 202509, 202510, 202602, 202603, 202604, 202605, 202606","2024-09, 2024-10, 2025-10, 2026-06, 2026-08, 2026-10"
200608,Wat Bot,Phanat Nikhom District,Chonburi,east,flood / inundation,0,18,18,180,0.1,15,"202404, 202405, 202406, 202407, 202408, 202409, 202412, 202501, 202505, 202506, 202507, 202508, 202509, 202510, 202604","2024-09, 2024-10, 2025-05, 2025-10, 2026-09"
200621,Rai Lak Thong,Phanat Nikhom District,Chonburi,east,flood / inundation,0,18,18,180,0.1,15,"202404, 202405, 202406, 202407, 202408, 202409, 202412, 202501, 202505, 202506, 202507, 202508, 202509, 202510, 202604","2024-09, 2024-10, 2025-05, 2025-10, 2026-09"
200708,Bo Win,Si Racha District,Chonburi,east,flood / inundation,0,18,18,180,0.1,13,"202403, 202404, 202405, 202406, 202407, 202408, 202409, 202501, 202506, 202507, 202508, 202509, 202510","2024-08, 2024-09, 2024-10, 2025-06, 2025-10"
210103,Taphong,Mueang Rayong District,Rayong,east,flood / inundation,0,18,18,180,0.1,12,"202404, 202405, 202406, 202407, 202408, 202409, 202501, 202504, 202505, 202506, 202510, 202605","2024-09, 2024-10, 2025-06, 2025-09, 2025-10, 2026-10"
210110,Kachet,Mueang Rayong District,Rayong,east,flood / inundation,0,18,18,180,0.1,9,"202403, 202404, 202405, 202406, 202407, 202408, 202409, 202510, 202605","2024-07, 2024-08, 2024-09, 2024-10, 2025-10, 2026-10"
210501,Ban Khai,Ban Khai District,Rayong,east,flood / inundation,0,18,18,180,0.1,9,"202403, 202404, 202405, 202406, 202407, 202408, 202409, 202510, 202605","2024-07, 2024-08, 2024-09, 2024-10, 2025-10, 2026-10"
240601,Ko Khanun,Phanom Sarakham District,Chachoengsao,east,flood / inundation,0,18,18,180,0.1,12,"202404, 202405, 202406, 202407, 202408, 202409, 202410, 202505, 202506, 202604, 202605, 202606","2024-09, 2024-10, 2025-06, 2025-10, 2026-09, 2026-10"
270611,Khlong Thap Chan,Aranyaprathet District,Srakaeo,east,flood / inundation,0,18,18,180,0.1,11,"202403, 202404, 202405, 202406, 202407, 202408, 202409, 202509, 202510, 202604, 202605","2024-08, 2024-09, 2024-10, 2025-10, 2026-09, 2026-10"
270703,Phra Phloeng,Khao Chakan District,Srakaeo,east,flood / inundation,0,18,18,180,0.1,10,"202402, 202403, 202404, 202405, 202406, 202407, 202408, 202409, 202410, 202504","2024-07, 2024-09, 2024-10, 2025-09"
300201,Chae,Khon Buri District,Nakhon Ratchasima,Northeast,flood / inundation,0,18,18,180,0.1,15,"202404, 202405, 202406, 202407, 202408, 202409, 202504, 202505, 202506, 202507, 202508, 202509, 202604, 202605, 202606","2024-09, 2024-10, 2025-09, 2026-09"
301510,Dong Yai,Phimai District,Nakhon Ratchasima,Northeast,flood / inundation,0,18,18,180,0.1,16,"202405, 202406, 202407, 202408, 202409, 202410, 202501, 202505, 202506, 202507, 202508, 202509, 202510, 202512, 202605, 202606","2024-10, 2025-05, 2025-06, 2025-10, 2026-05, 2026-10"
301512,Nong Rawiang,Phimai District,Nakhon Ratchasima,Northeast,flood / inundation,0,18,18,180,0.1,15,"202405, 202406, 202407, 202408, 202409, 202410, 202501, 202505, 202506, 202507, 202508, 202509, 202510, 202605, 202606","2024-09, 2024-10, 2025-05, 2025-06, 2025-10, 2026-10"
302004,Lat Bua Khao,Sikhio District,Nakhon Ratchasima,Northeast,flood / inundation,0,18,18,180,0.1,14,"202405, 202406, 202407, 202408, 202409, 202410, 202505, 202506, 202507, 202508, 202509, 202510, 202604, 202606","2024-09, 2024-10, 2025-07, 2025-09, 2025-10, 2026-09"
302305,Bueng Samrong,Kaeng Sanam Nang District,Nakhon Ratchasima,Northeast,flood / inundation,0,18,18,180,0.1,15,"202404, 202405, 202406, 202407, 202408, 202409, 202410, 202505, 202506, 202507, 202508, 202509, 202510, 202605, 202606","2024-09, 2024-10, 2025-10, 2026-10"
311013,Hin Khon,Lam Plai Mat District,Burirum,Northeast,flood / inundation,0,18,18,180,0.1,18,"202405, 202406, 202407, 202408, 202409, 202410, 202501, 202502, 202504, 202505, 202506, 202507, 202508, 202509, 202510, 202512, 202605, 202606","2024-10, 2025-05, 2025-10, 2026-05, 2026-10"
311016,Nong Don,Lam Plai Mat District,Burirum,Northeast,flood / inundation,0,18,18,180,0.1,18,"202405, 202406, 202407, 202408, 202409, 202410, 202501, 202502, 202504, 202505, 202506, 202507, 202508, 202509, 202510, 202512, 202605, 202606","2024-10, 2025-05, 2025-10, 2026-05, 2026-10"
320301,Tha Tum,Tha Tum District,Surin,Northeast,flood / inundation,0,18,18,180,0.1,15,"202405, 202406, 202407, 202408, 202409, 202410, 202505, 202506, 202507, 202508, 202509, 202510, 202604, 202605, 202606","2024-10, 2025-10, 2026-08, 2026-09, 2026-10"
320304,Phon Khrok,Tha Tum District,Surin,Northeast,flood / inundation,0,18,18,180,0.1,15,"202405, 202406, 202407, 202408, 202409, 202410, 202505, 202506, 202507, 202508, 202509, 202510, 202604, 202605, 202606","2024-10, 2025-10, 2026-08, 2026-09, 2026-10"
320307,Nong Bua,Tha Tum District,Surin,Northeast,flood / inundation,0,18,18,180,0.1,15,"202405, 202406, 202407, 202408, 202409, 202410, 202505, 202506, 202507, 202508, 202509, 202510, 202604, 202605, 202606","2024-10, 2025-10, 2026-08, 2026-09, 2026-10"
320703,Kae,Rattanaburi District,Surin,Northeast,flood / inundation,0,18,18,180,0.1,15,"202405, 202406, 202407, 202408, 202409, 202410, 202505, 202506, 202507, 202508, 202509, 202510, 202604, 202605, 202606","2024-10, 2025-10, 2026-08, 2026-09, 2026-10"
320705,Nong Bua Thong,Rattanaburi District,Surin,Northeast,flood / inundation,0,18,18,180,0.1,15,"202405, 202406, 202407, 202408, 202409, 202410, 202505, 202506, 202507, 202508, 202509, 202510, 202604, 202605, 202606","2024-10, 2025-10, 2026-08, 2026-09, 2026-10"
320713,Nam Khiao,Rattanaburi District,Surin,Northeast,flood / inundation,0,18,18,180,0.1,15,"202405, 202406, 202407, 202408, 202409, 202410, 202505, 202506, 202507, 202508, 202509, 202510, 202604, 202605, 202606","2024-10, 2025-10, 2026-08, 2026-09, 2026-10"
320714,Kut Kha Khim,Rattanaburi District,Surin,Northeast,flood / inundation,0,18,18,180,0.1,15,"202405, 202406, 202407, 202408, 202409, 202410, 202505, 202506, 202507, 202508, 202509, 202510, 202604, 202605, 202606","2024-10, 2025-10, 2026-08, 2026-09, 2026-10"
320716,Thap Yai,Rattanaburi District,Surin,Northeast,flood / inundation,0,18,18,180,0.1,15,"202405, 202406, 202407, 202408, 202409, 202410, 202505, 202506, 202507, 202508, 202509, 202510, 202604, 202605, 202606","2024-10, 2025-10, 2026-08, 2026-09, 2026-10"
321015,Ban Chop,Sangkha District,Surin,Northeast,flood / inundation,0,18,18,180,0.1,17,"202405, 202406, 202407, 202501, 202502, 202503, 202504, 202505, 202506, 202507, 202508, 202509, 202510, 202512, 202604, 202605, 202606","2024-10, 2025-05, 2025-10, 2026-05, 2026-07, 2026-09"
330415,Non Samran,Kantharalak District,Sisaket,Northeast,flood / inundation,0,18,18,180,0.1,12,"202404, 202405, 202406, 202407, 202501, 202502, 202504, 202506, 202512, 202604, 202605, 202606","2024-09, 2025-05, 2025-07, 2026-05, 2026-07, 2026-08, 2026-09"
330812,Huai Chan,Khun Han District,Sisaket,Northeast,flood / inundation,0,18,18,180,0.1,12,"202404, 202405, 202406, 202407, 202501, 202502, 202504, 202510, 202512, 202604, 202605, 202606","2024-09, 2024-10, 2025-05, 2025-10, 2026-05, 2026-07, 2026-09, 2026-10"
340909,Yang Yai,Nam Yuen District,Ubon Ratchathani,Northeast,flood / inundation,0,18,18,180,0.1,9,"202403, 202404, 202405, 202406, 202407, 202603, 202604, 202605, 202606","2024-08, 2024-09, 2026-07, 2026-08, 2026-09"
341402,Lao Bok,Muang Sam Sip District,Ubon Ratchathani,Northeast,flood / inundation,0,18,18,180,0.1,15,"202404, 202405, 202406, 202407, 202408, 202409, 202504, 202505, 202506, 202507, 202508, 202509, 202604, 202605, 202606","2024-08, 2024-09, 2025-09, 2026-08, 2026-09"
341404,Nong Chang Yai,Muang Sam Sip District,Ubon Ratchathani,Northeast,flood / inundation,0,18,18,180,0.1,15,"202404, 202405, 202406, 202407, 202408, 202409, 202504, 202505, 202506, 202507, 202508, 202509, 202604, 202605, 202606","2024-08, 2024-09, 2025-09, 2026-08, 2026-09"
350402,Yo,Kham Khuean Kaeo District,Yasothon,Northeast,flood / inundation,0,18,18,180,0.1,14,"202405, 202406, 202407, 202408, 202409, 202410, 202505, 202506, 202507, 202508, 202509, 202510, 202605, 202606","2024-08, 2024-10, 2025-10, 2026-08, 2026-10"
350601,Fa Yat,Maha Chana Chai District,Yasothon,Northeast,flood / inundation,0,18,18,180,0.1,14,"202405, 202406, 202407, 202408, 202409, 202410, 202505, 202506, 202507, 202508, 202509, 202510, 202605, 202606","2024-08, 2024-10, 2025-10, 2026-08, 2026-10"
350604,Phue Hi,Maha Chana Chai District,Yasothon,Northeast,flood / inundation,0,18,18,180,0.1,14,"202405, 202406, 202407, 202408, 202409, 202410, 202505, 202506, 202507, 202508, 202509, 202510, 202605, 202606","2024-08, 2024-10, 2025-10, 2026-08, 2026-10"
350605,Bak Ruea,Maha Chana Chai District,Yasothon,Northeast,flood / inundation,0,18,18,180,0.1,14,"202405, 202406, 202407, 202408, 202409, 202410, 202505, 202506, 202507, 202508, 202509, 202510, 202605, 202606","2024-08, 2024-10, 2025-10, 2026-08, 2026-10"
350607,Non Sai,Maha Chana Chai District,Yasothon,Northeast,flood / inundation,0,18,18,180,0.1,14,"202405, 202406, 202407, 202408, 202409, 202410, 202505, 202506, 202507, 202508, 202509, 202510, 202605, 202606","2024-08, 2024-10, 2025-10, 2026-08, 2026-10"
350608,Bueng Kae,Maha Chana Chai District,Yasothon,Northeast,flood / inundation,0,18,18,180,0.1,14,"202405, 202406, 202407, 202408, 202409, 202410, 202505, 202506, 202507, 202508, 202509, 202510, 202605, 202606","2024-08, 2024-10, 2025-10, 2026-08, 2026-10"
360302,Yang Wai,Khon Sawan District,Chaiyaphum,Northeast,flood / inundation,0,18,18,180,0.1,15,"202404, 202405, 202406, 202407, 202408, 202409, 202410, 202505, 202506, 202507, 202508, 202509, 202510, 202605, 202606","2024-08, 2024-09, 2024-10, 2025-10, 2026-10"
360605,Kut Nam Sai,Chatturat District,Chaiyaphum,Northeast,flood / inundation,0,18,18,180,0.1,16,"202404, 202405, 202406, 202407, 202408, 202409, 202504, 202505, 202506, 202507, 202508, 202509, 202510, 202604, 202605, 202606","2024-08, 2024-09, 2025-09, 2025-10, 2026-09"
360606,Nong Don,Chatturat District,Chaiyaphum,Northeast,flood / inundation,0,18,18,180,0.1,16,"202404, 202405, 202406, 202407, 202408, 202409, 202504, 202505, 202506, 202507, 202508, 202509, 202510, 202604, 202605, 202606","2024-08, 2024-09, 2025-09, 2025-10, 2026-09"
380303,Si Chomphu,So Phisai District,Bung Kan,Northeast,flood / inundation,0,18,18,180,0.1,13,"202404, 202405, 202406, 202407, 202408, 202409, 202504, 202505, 202506, 202507, 202604, 202605, 202606","2024-08, 2024-09, 2025-07, 2025-09, 2026-07, 2026-08"
411905,Sum Sao,Phen District,Udon Thani,Northeast,flood / inundation,0,18,18,180,0.1,15,"202404, 202405, 202406, 202407, 202408, 202409, 202504, 202505, 202506, 202507, 202508, 202509, 202604, 202605, 202606","2024-08, 2024-09, 2025-07, 2025-08, 2025-09, 2026-09"
430103,Pho Chai,Mueang Nong Khai District,Nong Khai,Northeast,flood / inundation,0,18,18,180,0.1,15,"202404, 202405, 202406, 202407, 202408, 202409, 202504, 202505, 202506, 202507, 202508, 202509, 202604, 202605, 202606","2024-07, 2024-09, 2025-07, 2025-08, 2025-09, 2026-09"
430208,Na Kha,Tha Bo District,Nong Khai,Northeast,flood / inundation,0,18,18,180,0.1,15,"202404, 202405, 202406, 202407, 202408, 202409, 202504, 202505, 202506, 202507, 202508, 202509, 202604, 202605, 202606","2024-08, 2024-09, 2025-08, 2025-09, 2026-09"
430521,Ban Phue,Phon Phisai District,Nong Khai,Northeast,flood / inundation,0,18,18,180,0.1,15,"202404, 202405, 202406, 202407, 202408, 202409, 202504, 202505, 202506, 202507, 202508, 202509, 202604, 202605, 202606","2024-09, 2025-08, 2025-09, 2026-08, 2026-09"
431703,Dan Si Suk,Pho Tak District,Nong Khai,Northeast,flood / inundation,0,18,18,180,0.1,12,"202404, 202405, 202406, 202407, 202408, 202410, 202505, 202506, 202507, 202508, 202509, 202510","2024-08, 2024-09, 2024-10, 2025-07, 2025-08, 2025-09, 2025-10"
450602,Saen Suk,Phanom Phrai District,Roi Et,Northeast,flood / inundation,0,18,18,180,0.1,14,"202405, 202406, 202407, 202408, 202409, 202410, 202505, 202506, 202507, 202508, 202509, 202510, 202605, 202606","2024-08, 2024-10, 2025-10, 2026-08, 2026-10"
451101,Sa Khu,Suwannaphum District,Roi Et,Northeast,flood / inundation,0,18,18,180,0.1,14,"202405, 202406, 202407, 202408, 202409, 202410, 202505, 202506, 202507, 202508, 202509, 202510, 202605, 202606","2024-10, 2025-07, 2025-10, 2026-07, 2026-08, 2026-10"
451114,Thung Si Mueang,Suwannaphum District,Roi Et,Northeast,flood / inundation,0,18,18,180,0.1,15,"202404, 202405, 202406, 202407, 202408, 202409, 202504, 202505, 202506, 202507, 202508, 202509, 202604, 202605, 202606","2024-09, 2025-09, 2026-07, 2026-08, 2026-09"
461804,Non Sila Loeng,Khong Chai District,Kalasin,Northeast,flood / inundation,0,18,18,180,0.1,14,"202405, 202406, 202407, 202408, 202409, 202410, 202505, 202506, 202507, 202508, 202509, 202510, 202605, 202606","2024-08, 2024-10, 2025-07, 2025-10, 2026-08, 2026-10"
470408,Sawang,Phanna Nikhom District,Sakon Nakhon,Northeast,flood / inundation,0,18,18,180,0.1,15,"202404, 202405, 202406, 202407, 202408, 202409, 202504, 202505, 202506, 202507, 202508, 202509, 202604, 202605, 202606","2024-09, 2025-07, 2025-09, 2026-07, 2026-09"
470410,Choeng Chum,Phanna Nikhom District,Sakon Nakhon,Northeast,flood / inundation,0,18,18,180,0.1,15,"202404, 202405, 202406, 202407, 202408, 202409, 202504, 202505, 202506, 202507, 202508, 202509, 202604, 202605, 202606","2024-09, 2025-07, 2025-09, 2026-07, 2026-09"
470904,Phaet,Kham Ta Kla District,Sakon Nakhon,Northeast,flood / inundation,0,18,18,180,0.1,16,"202410, 202501, 202502, 202503, 202504, 202505, 202507, 202508, 202510, 202512, 202601, 202602, 202603, 202604, 202605, 202606","2024-10, 2025-05, 2025-07, 2025-08, 2025-10, 2026-05, 2026-07, 2026-08"
471503,Dan Muang Kham,Khok Si Suphan District,Sakon Nakhon,Northeast,flood / inundation,0,18,18,180,0.1,15,"202404, 202405, 202406, 202407, 202408, 202409, 202504, 202505, 202506, 202507, 202508, 202509, 202604, 202605, 202606","2024-09, 2025-07, 2025-09, 2026-07, 2026-09"
471701,Ban Phon,Phon Na Kaeo District,Sakon Nakhon,Northeast,flood / inundation,0,18,18,180,0.1,15,"202404, 202405, 202406, 202407, 202408, 202409, 202504, 202505, 202506, 202507, 202508, 202509, 202604, 202605, 202606","2024-09, 2025-07, 2025-09, 2026-07, 2026-09"
471705,Chiang Sue,Phon Na Kaeo District,Sakon Nakhon,Northeast,flood / inundation,0,18,18,180,0.1,15,"202404, 202405, 202406, 202407, 202408, 202409, 202504, 202505, 202506, 202507, 202508, 202509, 202604, 202605, 202606","2024-09, 2025-07, 2025-09, 2026-07, 2026-09"
480304,Chai Buri,Tha Uthen District,Nakhon Phanom,Northeast,flood / inundation,0,18,18,180,0.1,15,"202404, 202405, 202406, 202407, 202408, 202409, 202504, 202505, 202506, 202507, 202508, 202509, 202604, 202605, 202606","2024-09, 2025-09, 2026-07, 2026-08, 2026-09"
481201,Wang Yang,Wang Yang District,Nakhon Phanom,Northeast,flood / inundation,0,18,18,180,0.1,15,"202404, 202405, 202406, 202407, 202408, 202409, 202504, 202505, 202506, 202507, 202508, 202509, 202604, 202605, 202606","2024-09, 2025-07, 2025-09, 2026-07, 2026-09"
481202,Khok Si,Wang Yang District,Nakhon Phanom,Northeast,flood / inundation,0,18,18,180,0.1,15,"202404, 202405, 202406, 202407, 202408, 202409, 202504, 202505, 202506, 202507, 202508, 202509, 202604, 202605, 202606","2024-09, 2025-07, 2025-09, 2026-07, 2026-09"
500510,Talat Yai,Doi Saket District,Chiang Mai,North,flood / inundation,0,18,18,180,0.1,11,"202403, 202404, 202405, 202406, 202407, 202408, 202501, 202502, 202503, 202504, 202505","2024-08, 2024-09, 2024-10, 2025-05"
501201,Yu Wa,San Pa Tong District,Chiang Mai,North,flood / inundation,0,18,18,180,0.1,17,"202404, 202405, 202406, 202407, 202408, 202409, 202501, 202502, 202503, 202504, 202505, 202507, 202508, 202509, 202604, 202605, 202606","2024-09, 2025-05, 2025-09, 2026-06, 2026-09"
501506,Sop Mae Kha,Hang Dong District,Chiang Mai,North,flood / inundation,0,18,18,180,0.1,12,"202402, 202403, 202404, 202405, 202406, 202407, 202408, 202501, 202502, 202503, 202504, 202505","2024-07, 2024-09, 2024-10, 2025-05"
502403,Yang Khram,Doi Lo District,Chiang Mai,North,flood / inundation,0,18,18,180,0.1,11,"202403, 202404, 202405, 202406, 202407, 202408, 202501, 202502, 202503, 202504, 202505","2024-08, 2024-09, 2024-10, 2025-05"
550107,Na Sao,Mueang Nan District,Nan,North,flood / inundation,0,18,18,180,0.1,12,"202402, 202403, 202404, 202405, 202406, 202407, 202408, 202503, 202504, 202507, 202508, 202606","2024-07, 2024-08, 2025-08, 2025-09, 2026-06"
550716,Mae Sa,Wiang Sa District,Nan,North,flood / inundation,0,18,18,180,0.1,11,"202402, 202403, 202404, 202405, 202406, 202407, 202408, 202502, 202503, 202504, 202508","2024-07, 2024-08, 2025-07, 2025-08"
551406,Tha Nao,Phu Phiang District,Nan,North,flood / inundation,0,18,18,180,0.1,16,"202403, 202404, 202405, 202406, 202407, 202408, 202409, 202504, 202505, 202506, 202507, 202508, 202603, 202604, 202605, 202606","2024-08, 2024-09, 2025-08, 2025-09, 2026-06, 2026-08"
560504,Ban Pin,Dok Khamtai District,Phayao,North,flood / inundation,0,18,18,180,0.1,11,"202404, 202405, 202406, 202407, 202408, 202409, 202505, 202506, 202507, 202508, 202509","2024-08, 2024-09, 2024-10, 2025-08, 2025-10"
610602,Thap Luang,Ban Rai District,Uthai Thani,Central,flood / inundation,0,18,18,180,0.1,14,"202404, 202405, 202406, 202407, 202408, 202409, 202501, 202502, 202503, 202504, 202505, 202506, 202509, 202510","2024-09, 2024-10, 2025-06, 2025-10"
610606,Mueang Karung,Ban Rai District,Uthai Thani,Central,flood / inundation,0,18,18,180,0.1,13,"202404, 202405, 202406, 202407, 202408, 202409, 202501, 202502, 202503, 202504, 202505, 202506, 202510","2024-09, 2025-05, 2025-06, 2025-10"
620504,Tha Phutsa,Khlong Khlung District,Kampaeng Phet,North,flood / inundation,0,18,18,180,0.1,11,"202405, 202406, 202407, 202505, 202506, 202507, 202508, 202509, 202510, 202605, 202606","2024-09, 2024-10, 2025-09, 2025-10, 2025-11, 2026-10"
620516,Khlong Sombun,Khlong Khlung District,Kampaeng Phet,North,flood / inundation,0,18,18,180,0.1,15,"202404, 202405, 202406, 202407, 202412, 202501, 202502, 202503, 202504, 202505, 202506, 202507, 202508, 202509, 202510","2024-09, 2024-10, 2025-05, 2025-09, 2025-10"
630108,Nam Ruem,Mueang Tak District,Tak,North,flood / inundation,0,18,18,180,0.1,11,"202404, 202405, 202406, 202407, 202408, 202505, 202506, 202507, 202508, 202509, 202510","2024-09, 2024-10, 2025-10, 2025-11"
630604,Mae Tao,Mae Sot District,Tak,North,flood / inundation,0,18,18,180,0.1,12,"202405, 202406, 202407, 202408, 202505, 202508, 202510, 202602, 202603, 202604, 202605, 202606","2024-08, 2024-09, 2025-05, 2025-08, 2025-10, 2026-06, 2026-07, 2026-08"
650509,Wat Ta Yom,Bang Krathum District,Phitsanu Lok,North,flood / inundation,0,18,18,180,0.1,12,"202403, 202404, 202405, 202406, 202407, 202408, 202502, 202503, 202504, 202505, 202506, 202507","2024-08, 2024-09, 2025-07, 2025-08"
670315,Nong Khwai,Lom Sak District,Phetchabun,North,flood / inundation,0,18,18,180,0.1,17,"202404, 202405, 202406, 202407, 202408, 202409, 202501, 202504, 202505, 202506, 202507, 202508, 202509, 202512, 202604, 202605, 202606","2024-09, 2025-05, 2025-09, 2026-05, 2026-08, 2026-09"
700204,Dan Thap Tako,Chom Bueng District,Ratchaburi,Central,flood / inundation,0,18,18,180,0.1,12,"202405, 202406, 202407, 202408, 202409, 202410, 202505, 202506, 202507, 202508, 202509, 202510","2024-10, 2024-11, 2025-10, 2025-11"
700504,Pak Raet,Ban Pong District,Ratchaburi,Central,flood / inundation,0,18,18,180,0.1,11,"202405, 202406, 202407, 202408, 202410, 202505, 202506, 202507, 202508, 202509, 202510","2024-10, 2024-11, 2025-10, 2025-11"
700505,Nong Kop,Ban Pong District,Ratchaburi,Central,flood / inundation,0,18,18,180,0.1,11,"202405, 202406, 202407, 202408, 202410, 202505, 202506, 202507, 202508, 202509, 202510","2024-10, 2024-11, 2025-10, 2025-11"
711005,Nong Nok Kaeo,Lao Khwan District,Kanchanaburi,Central,flood / inundation,0,18,18,180,0.1,15,"202404, 202405, 202406, 202407, 202408, 202409, 202412, 202501, 202502, 202503, 202504, 202507, 202508, 202509, 202510","2024-09, 2024-10, 2025-05, 2025-10"
720114,Taling Chan,Mueang Suphan Buri District,Suphan Buri,Central,flood / inundation,0,18,18,180,0.1,12,"202404, 202405, 202406, 202407, 202408, 202409, 202411, 202506, 202507, 202508, 202509, 202510","2024-09, 2024-10, 2024-11, 2025-10, 2025-11"
730106,Map Khae,Mueang Nakhon Pathom District,Nakhon Prathom,Central,flood / inundation,0,18,18,180,0.1,11,"202405, 202406, 202407, 202410, 202505, 202506, 202507, 202508, 202509, 202510, 202605","2024-10, 2024-11, 2025-10, 2025-11, 2026-10"
730317,Don Faek,Nakhon Chai Si District,Nakhon Prathom,Central,flood / inundation,0,18,18,180,0.1,16,"202405, 202406, 202407, 202410, 202412, 202501, 202502, 202503, 202504, 202505, 202506, 202507, 202508, 202509, 202510, 202512","2024-10, 2024-11, 2025-05, 2025-10, 2025-11, 2026-05"
730318,Huai Phlu,Nakhon Chai Si District,Nakhon Prathom,Central,flood / inundation,0,18,18,180,0.1,16,"202405, 202406, 202407, 202410, 202412, 202501, 202502, 202503, 202504, 202505, 202506, 202507, 202508, 202509, 202510, 202512","2024-10, 2024-11, 2025-05, 2025-10, 2025-11, 2026-05"
730320,Bang Phra,Nakhon Chai Si District,Nakhon Prathom,Central,flood / inundation,0,18,18,180,0.1,12,"202405, 202406, 202407, 202409, 202410, 202505, 202506, 202507, 202508, 202509, 202510, 202512","2024-09, 2024-10, 2024-11, 2025-10, 2025-11, 2026-05"
730402,Huai Phra,Don Tum District,Nakhon Prathom,Central,flood / inundation,0,18,18,180,0.1,11,"202405, 202406, 202407, 202410, 202505, 202506, 202507, 202508, 202509, 202510, 202605","2024-10, 2024-11, 2025-10, 2025-11, 2026-10"
730404,Don Phutsa,Don Tum District,Nakhon Prathom,Central,flood / inundation,0,18,18,180,0.1,11,"202405, 202406, 202407, 202410, 202505, 202506, 202507, 202508, 202509, 202510, 202605","2024-10, 2024-11, 2025-10, 2025-11, 2026-10"
730604,Bang Krathuek,Sam Phran District,Nakhon Prathom,Central,flood / inundation,0,18,18,180,0.1,12,"202405, 202406, 202407, 202410, 202411, 202506, 202507, 202508, 202509, 202510, 202605, 202606","2024-10, 2024-11, 2025-10, 2025-11, 2026-10"
800804,Hua Taphan,Tha Sala District,Nakhon Si Thammarat,southeast,flood / inundation,0,18,18,180,0.1,17,"202406, 202407, 202408, 202409, 202410, 202411, 202412, 202501, 202506, 202507, 202508, 202509, 202510, 202511, 202512, 202601, 202606","2024-11, 2024-12, 2025-01, 2025-11, 2025-12, 2026-01, 2026-02, 2026-11"
800807,Mo Khlan,Tha Sala District,Nakhon Si Thammarat,southeast,flood / inundation,0,18,18,180,0.1,17,"202406, 202407, 202408, 202409, 202410, 202411, 202412, 202501, 202506, 202507, 202508, 202509, 202510, 202511, 202512, 202601, 202606","2024-11, 2024-12, 2025-01, 2025-11, 2025-12, 2026-01, 2026-02, 2026-11"
800909,Thi Wang,Thung Song District,Nakhon Si Thammarat,southeast,flood / inundation,0,18,18,180,0.1,15,"202406, 202407, 202408, 202409, 202410, 202411, 202412, 202501, 202506, 202507, 202508, 202509, 202510, 202511, 202606","2024-11, 2024-12, 2025-01, 2025-11, 2026-11"
801209,Laem Talumphuk,Pak Phanang District,Nakhon Si Thammarat,southeast,flood / inundation,0,18,18,180,0.1,10,"202406, 202407, 202408, 202409, 202410, 202411, 202412, 202501, 202506, 202512","2024-11, 2024-12, 2025-01, 2025-11, 2025-12"
810703,Thung Sai Thong,Lam Thap District,Krabi,southwest,flood / inundation,0,18,18,180,0.1,9,"202403, 202404, 202405, 202406, 202407, 202408, 202409, 202410, 202411","2024-07, 2024-08, 2024-09, 2024-11, 2024-12"
810704,Din Daeng,Lam Thap District,Krabi,southwest,flood / inundation,0,18,18,180,0.1,6,"202403, 202404, 202405, 202406, 202407, 202409","2024-07, 2024-08, 2024-09, 2024-10, 2024-11"
900102,Khao Rup Chang,Mueang Songkhla District,Songkhla,southeast,flood / inundation,0,18,18,180,0.1,13,"202406, 202407, 202408, 202409, 202410, 202411, 202412, 202507, 202508, 202509, 202510, 202511, 202512","2024-11, 2024-12, 2025-12"
900208,Tha Hin,Sathing Phra District,Songkhla,southeast,flood / inundation,0,18,18,180,0.1,14,"202406, 202407, 202408, 202409, 202410, 202411, 202412, 202507, 202508, 202509, 202510, 202511, 202512, 202606","2024-11, 2024-12, 2025-11, 2025-12, 2026-11"
900503,Ko Saba,Thepha District,Songkhla,southeast,flood / inundation,0,18,18,180,0.1,13,"202406, 202407, 202408, 202409, 202410, 202411, 202412, 202507, 202508, 202509, 202510, 202511, 202512","2024-11, 2024-12, 2025-12"
900507,Sakom,Thepha District,Songkhla,southeast,flood / inundation,0,18,18,180,0.1,13,"202406, 202407, 202408, 202409, 202410, 202411, 202412, 202507, 202508, 202509, 202510, 202511, 202512","2024-11, 2024-12, 2025-12"
901504,Ram Daeng,Singhanakhon District,Songkhla,southeast,flood / inundation,0,18,18,180,0.1,13,"202406, 202407, 202408, 202409, 202410, 202411, 202412, 202507, 202508, 202509, 202510, 202511, 202512","2024-11, 2024-12, 2025-12"
901505,Wat Khanun,Singhanakhon District,Songkhla,southeast,flood / inundation,0,18,18,180,0.1,13,"202406, 202407, 202408, 202409, 202410, 202411, 202412, 202507, 202508, 202509, 202510, 202511, 202512","2024-11, 2024-12, 2025-12"
901510,Bang Khiat,Singhanakhon District,Songkhla,southeast,flood / inundation,0,18,18,180,0.1,13,"202406, 202407, 202408, 202409, 202410, 202411, 202412, 202507, 202508, 202509, 202510, 202511, 202512","2024-11, 2024-12, 2025-12"
920409,Suso,Palian District,Trang,southwest,flood / inundation,0,18,18,180,0.1,12,"202403, 202404, 202405, 202406, 202407, 202409, 202505, 202506, 202507, 202508, 202509, 202606","2024-07, 2024-09, 2024-10, 2025-10, 2026-06"
920505,Na Mueang Phet,Sikao District,Trang,southwest,flood / inundation,0,18,18,180,0.1,12,"202403, 202404, 202405, 202406, 202407, 202408, 202409, 202505, 202506, 202507, 202508, 202509","2024-08, 2024-09, 2024-10, 2025-10"
920701,Khao Wiset,Wang Wiset District,Trang,southwest,flood / inundation,0,18,18,180,0.1,15,"202403, 202404, 202405, 202406, 202407, 202410, 202411, 202412, 202505, 202506, 202507, 202508, 202509, 202512, 202602","2024-07, 2024-10, 2024-11, 2024-12, 2025-10, 2025-12, 2026-07"
920702,Wang Maprang,Wang Wiset District,Trang,southwest,flood / inundation,0,18,18,180,0.1,15,"202403, 202404, 202405, 202406, 202407, 202410, 202411, 202412, 202505, 202506, 202507, 202508, 202509, 202512, 202602","2024-07, 2024-10, 2024-11, 2024-12, 2025-10, 2025-12, 2026-07"
940401,Panare,Panare District,Pattani,southeast,flood / inundation,0,18,18,180,0.1,13,"202406, 202407, 202408, 202409, 202410, 202411, 202412, 202507, 202508, 202509, 202510, 202511, 202512","2024-11, 2024-12, 2025-11, 2025-12"
940402,Tha Kham,Panare District,Pattani,southeast,flood / inundation,0,18,18,180,0.1,13,"202406, 202407, 202408, 202409, 202410, 202411, 202412, 202507, 202508, 202509, 202510, 202511, 202512","2024-11, 2024-12, 2025-11, 2025-12"
940403,Ban Nok,Panare District,Pattani,southeast,flood / inundation,0,18,18,180,0.1,13,"202406, 202407, 202408, 202409, 202410, 202411, 202412, 202507, 202508, 202509, 202510, 202511, 202512","2024-11, 2024-12, 2025-11, 2025-12"
940801,Sai Thong,Mae Kaen District,Pattani,southeast,flood / inundation,0,18,18,180,0.1,14,"202406, 202407, 202408, 202409, 202410, 202411, 202412, 202501, 202507, 202508, 202509, 202510, 202511, 202512","2024-11, 2024-12, 2025-02, 2025-11, 2025-12"
961002,Pa Semat,Su-ngai Kolok District,Narathiwat,southeast,flood / inundation,0,18,18,180,0.1,14,"202406, 202407, 202408, 202409, 202410, 202411, 202412, 202501, 202507, 202508, 202509, 202510, 202511, 202512","2024-11, 2024-12, 2025-02, 2025-12"
961004,Puyo,Su-ngai Kolok District,Narathiwat,southeast,flood / inundation,0,18,18,180,0.1,14,"202406, 202407, 202408, 202409, 202410, 202411, 202412, 202501, 202507, 202508, 202509, 202510, 202511, 202512","2024-11, 2024-12, 2025-02, 2025-12"
961204,Chang Phueak,Chanae District,Narathiwat,southeast,flood / inundation,0,18,18,180,0.1,14,"202406, 202407, 202408, 202409, 202410, 202411, 202412, 202501, 202507, 202508, 202509, 202510, 202511, 202512","2024-11, 2024-12, 2025-02, 2025-12"
960601,Rueso,Rueso District,Narathiwat,southeast,flood / inundation,40,1,41,180,0.228,17,"202401, 202406, 202407, 202408, 202409, 202410, 202411, 202412, 202501, 202507, 202508, 202509, 202510, 202511, 202512, 202601, 202602","2024-01, 2024-11, 2024-12, 2025-01, 2025-02, 2025-11, 2025-12, 2026-01, 2026-02"
960608,Khok Sato,Rueso District,Narathiwat,southeast,flood / inundation,39,1,40,180,0.222,17,"202401, 202406, 202407, 202408, 202409, 202410, 202411, 202412, 202501, 202507, 202508, 202509, 202510, 202511, 202512, 202601, 202602","2024-01, 2024-11, 2024-12, 2025-01, 2025-02, 2025-11, 2025-12, 2026-01, 2026-02"
950601,Kayu Boko,Raman District,Yala,southeast,flood / inundation,38,1,39,180,0.217,17,"202401, 202406, 202407, 202408, 202409, 202410, 202411, 202412, 202501, 202507, 202508, 202509, 202510, 202511, 202512, 202601, 202602","2024-01, 2024-11, 2024-12, 2025-01, 2025-02, 2025-11, 2025-12, 2026-01, 2026-02"
960902,Sukhirin,Sukhirin District,Narathiwat,southeast,flood / inundation,36,1,37,180,0.206,16,"202406, 202407, 202408, 202409, 202410, 202411, 202412, 202501, 202507, 202508, 202509, 202510, 202511, 202512, 202601, 202602","2024-11, 2024-12, 2025-01, 2025-02, 2025-12, 2026-01, 2026-02"
950607,Cha Kwua,Raman District,Yala,southeast,flood / inundation,34,1,35,180,0.194,15,"202406, 202407, 202408, 202409, 202410, 202411, 202412, 202501, 202507, 202508, 202509, 202510, 202511, 202512, 202606","2024-11, 2024-12, 2025-01, 2025-02, 2025-11, 2025-12, 2026-01, 2026-11"
950616,Talo Halo,Raman District,Yala,southeast,flood / inundation,33,1,34,180,0.189,15,"202405, 202406, 202407, 202408, 202409, 202410, 202411, 202412, 202501, 202507, 202508, 202509, 202510, 202511, 202512","2024-10, 2024-11, 2024-12, 2025-01, 2025-02, 2025-11, 2025-12, 2026-01"
950116,Sateng Nok,Mueang Yala District,Yala,southeast,flood / inundation,32,1,33,180,0.183,16,"202401, 202406, 202407, 202408, 202409, 202410, 202411, 202412, 202501, 202507, 202508, 202509, 202510, 202511, 202512, 202606","2024-01, 2024-11, 2024-12, 2025-01, 2025-02, 2025-11, 2025-12, 2026-01, 2026-11"
960804,Lo Chut,Waeng District,Narathiwat,southeast,flood / inundation,32,1,33,180,0.183,15,"202405, 202406, 202407, 202408, 202409, 202410, 202411, 202412, 202501, 202507, 202508, 202509, 202510, 202511, 202512","2024-10, 2024-11, 2024-12, 2025-01, 2025-02, 2025-12, 2026-01"
950303,Tano Pute,Bannang Sata District,Yala,southeast,flood / inundation,31,1,32,180,0.178,15,"202405, 202406, 202407, 202408, 202409, 202410, 202411, 202412, 202501, 202507, 202508, 202509, 202510, 202511, 202512","2024-10, 2024-11, 2024-12, 2025-01, 2025-02, 2025-11, 2025-12, 2026-01"
950608,Tha Thong,Raman District,Yala,southeast,flood / inundation,31,1,32,180,0.178,15,"202405, 202406, 202407, 202408, 202409, 202410, 202411, 202412, 202501, 202507, 202508, 202509, 202510, 202511, 202512","2024-10, 2024-11, 2024-12, 2025-01, 2025-02, 2025-11, 2025-12, 2026-01"
950615,A Song,Raman District,Yala,southeast,flood / inundation,31,1,32,180,0.178,16,"202401, 202405, 202406, 202407, 202408, 202409, 202410, 202411, 202412, 202501, 202507, 202508, 202509, 202510, 202511, 202512","2024-01, 2024-10, 2024-11, 2024-12, 2025-01, 2025-02, 2025-11, 2025-12, 2026-01"
960605,Batong,Rueso District,Narathiwat,southeast,flood / inundation,31,1,32,180,0.178,15,"202401, 202406, 202407, 202408, 202409, 202410, 202411, 202412, 202501, 202507, 202508, 202509, 202510, 202511, 202512","2024-01, 2024-11, 2024-12, 2025-01, 2025-02, 2025-11, 2025-12, 2026-01"
950606,Ke Ro,Raman District,Yala,southeast,flood / inundation,30,1,31,180,0.172,15,"202405, 202406, 202407, 202408, 202409, 202410, 202411, 202412, 202501, 202507, 202508, 202509, 202510, 202511, 202512","2024-10, 2024-11, 2024-12, 2025-01, 2025-02, 2025-11, 2025-12, 2026-01"
950610,Balo,Raman District,Yala,southeast,flood / inundation,30,1,31,180,0.172,15,"202405, 202406, 202407, 202408, 202409, 202410, 202411, 202412, 202501, 202507, 202508, 202509, 202510, 202511, 202512","2024-10, 2024-11, 2024-12, 2025-01, 2025-02, 2025-11, 2025-12, 2026-01"
950305,Taling Chan,Bannang Sata District,Yala,southeast,flood / inundation,29,1,30,180,0.167,15,"202405, 202406, 202407, 202408, 202409, 202410, 202411, 202412, 202501, 202507, 202508, 202509, 202510, 202511, 202512","2024-10, 2024-11, 2024-12, 2025-01, 2025-02, 2025-11, 2025-12, 2026-01"
941101,Karubi,Kapho District,Pattani,southeast,flood / inundation,28,1,29,180,0.161,13,"202406, 202407, 202408, 202409, 202410, 202411, 202412, 202507, 202508, 202509, 202510, 202511, 202512","2024-11, 2024-12, 2025-01, 2025-11, 2025-12, 2026-01"
941102,Talo Due Raman,Kapho District,Pattani,southeast,flood / inundation,28,1,29,180,0.161,13,"202406, 202407, 202408, 202409, 202410, 202411, 202412, 202507, 202508, 202509, 202510, 202511, 202512","2024-11, 2024-12, 2025-01, 2025-11, 2025-12, 2026-01"
941103,Plong Hoi,Kapho District,Pattani,southeast,flood / inundation,28,1,29,180,0.161,13,"202406, 202407, 202408, 202409, 202410, 202411, 202412, 202507, 202508, 202509, 202510, 202511, 202512","2024-11, 2024-12, 2025-01, 2025-11, 2025-12, 2026-01"
950801,Krong Pinang,Krong Pinang District,Yala,southeast,flood / inundation,28,1,29,180,0.161,15,"202401, 202406, 202407, 202408, 202409, 202410, 202411, 202412, 202501, 202507, 202508, 202509, 202510, 202511, 202512","2024-01, 2024-11, 2024-12, 2025-01, 2025-02, 2025-11, 2025-12, 2026-01"
960701,Sa Ko,Si Sakhon District,Narathiwat,southeast,flood / inundation,28,1,29,180,0.161,16,"202406, 202407, 202408, 202409, 202410, 202411, 202412, 202501, 202507, 202508, 202509, 202510, 202511, 202512, 202601, 202602","2024-11, 2024-12, 2025-02, 2025-11, 2025-12, 2026-02"
950115,Bannang Sareng,Mueang Yala District,Yala,southeast,flood / inundation,27,1,28,180,0.156,15,"202401, 202406, 202407, 202408, 202409, 202410, 202411, 202412, 202501, 202507, 202508, 202509, 202510, 202511, 202512","2024-01, 2024-11, 2024-12, 2025-01, 2025-02, 2025-11, 2025-12, 2026-01"
950302,Bacho,Bannang Sata District,Yala,southeast,flood / inundation,27,1,28,180,0.156,14,"202406, 202407, 202408, 202409, 202410, 202411, 202412, 202501, 202507, 202508, 202509, 202510, 202511, 202512","2024-11, 2024-12, 2025-01, 2025-02, 2025-11, 2025-12, 2026-01"
950802,Sa-Ae,Krong Pinang District,Yala,southeast,flood / inundation,27,1,28,180,0.156,15,"202401, 202406, 202407, 202408, 202409, 202410, 202411, 202412, 202501, 202507, 202508, 202509, 202510, 202511, 202512","2024-01, 2024-11, 2024-12, 2025-01, 2025-02, 2025-11, 2025-12, 2026-01"
950803,Huai Krathing,Krong Pinang District,Yala,southeast,flood / inundation,27,1,28,180,0.156,15,"202401, 202406, 202407, 202408, 202409, 202410, 202411, 202412, 202501, 202507, 202508, 202509, 202510, 202511, 202512","2024-01, 2024-11, 2024-12, 2025-01, 2025-02, 2025-11, 2025-12, 2026-01"
950804,Pu Rong,Krong Pinang District,Yala,southeast,flood / inundation,27,1,28,180,0.156,15,"202401, 202406, 202407, 202408, 202409, 202410, 202411, 202412, 202501, 202507, 202508, 202509, 202510, 202511, 202512","2024-01, 2024-11, 2024-12, 2025-01, 2025-02, 2025-11, 2025-12, 2026-01"
960903,Kia,Sukhirin District,Narathiwat,southeast,flood / inundation,27,1,28,180,0.156,14,"202406, 202407, 202408, 202409, 202410, 202411, 202412, 202501, 202507, 202508, 202509, 202510, 202511, 202512","2024-11, 2024-12, 2025-01, 2025-02, 2025-12, 2026-01"
960904,Phu Khao Thong,Sukhirin District,Narathiwat,southeast,flood / inundation,27,1,28,180,0.156,14,"202406, 202407, 202408, 202409, 202410, 202411, 202412, 202501, 202507, 202508, 202509, 202510, 202511, 202512","2024-11, 2024-12, 2025-01, 2025-02, 2025-12, 2026-01"
961201,Chanae,Chanae District,Narathiwat,southeast,flood / inundation,26,1,27,180,0.15,16,"202406, 202407, 202408, 202409, 202410, 202411, 202412, 202501, 202507, 202508, 202509, 202510, 202511, 202512, 202601, 202602","2024-11, 2024-12, 2025-02, 2025-12, 2026-02"
950103,Yu Po,Mueang Yala District,Yala,southeast,flood / inundation,25,1,26,180,0.144,14,"202401, 202407, 202408, 202409, 202410, 202411, 202412, 202501, 202507, 202508, 202509, 202510, 202511, 202512","2024-01, 2024-12, 2025-01, 2025-02, 2025-11, 2025-12, 2026-01"
960506,Bo-Ngo,Ra-ngae District,Narathiwat,southeast,flood / inundation,25,1,26,180,0.144,14,"202406, 202407, 202408, 202409, 202410, 202411, 202412, 202501, 202507, 202508, 202509, 202510, 202511, 202512","2024-11, 2024-12, 2025-01, 2025-02, 2025-12, 2026-01"
961202,Du Song Yo,Chanae District,Narathiwat,southeast,flood / inundation,25,1,26,180,0.144,16,"202406, 202407, 202408, 202409, 202410, 202411, 202412, 202501, 202506, 202507, 202508, 202509, 202510, 202511, 202512, 202606","2024-11, 2024-12, 2025-02, 2025-11, 2025-12, 2026-11"
941012,Khao Tum,Yarang District,Pattani,southeast,flood / inundation,24,1,25,180,0.139,12,"202407, 202408, 202409, 202410, 202411, 202412, 202507, 202508, 202509, 202510, 202511, 202512","2024-12, 2025-01, 2025-11, 2025-12, 2026-01"
950301,Bannang Sata,Bannang Sata District,Yala,southeast,flood / inundation,23,1,24,180,0.133,13,"202407, 202408, 202409, 202410, 202411, 202412, 202501, 202507, 202508, 202509, 202510, 202511, 202512","2024-12, 2025-01, 2025-02, 2025-11, 2025-12, 2026-01"
960603,Riang,Rueso District,Narathiwat,southeast,flood / inundation,20,1,21,180,0.117,14,"202406, 202407, 202408, 202409, 202410, 202411, 202412, 202501, 202507, 202508, 202509, 202510, 202511, 202512","2024-11, 2024-12, 2025-02, 2025-11, 2025-12"
960703,Si Sakhon,Si Sakhon District,Narathiwat,southeast,flood / inundation,18,1,19,180,0.106,14,"202406, 202407, 202408, 202409, 202410, 202411, 202412, 202501, 202507, 202508, 202509, 202510, 202511, 202512","2024-11, 2024-12, 2025-02, 2025-11, 2025-12"
960706,Si Banphot,Si Sakhon District,Narathiwat,southeast,flood / inundation,17,1,18,180,0.1,14,"202406, 202407, 202408, 202409, 202410, 202411, 202412, 202501, 202507, 202508, 202509, 202510, 202511, 202512","2024-11, 2024-12, 2025-02, 2025-12"
960905,Rom Sai,Sukhirin District,Narathiwat,southeast,flood / inundation,17,1,18,180,0.1,14,"202406, 202407, 202408, 202409, 202410, 202411, 202412, 202501, 202507, 202508, 202509, 202510, 202511, 202512","2024-11, 2024-12, 2025-02, 2025-12"
820303,Mo,Kapong District,Phang Nga,southwest,flashflood,88,0,88,180,0.489,27,"202401, 202403, 202404, 202405, 202406, 202407, 202408, 202409, 202410, 202411, 202412, 202501, 202502, 202503, 202504, 202505, 202506, 202507, 202508, 202509, 202512, 202601, 202602, 202603, 202604, 202605, 202606","2024-05, 2024-06, 2024-07, 2024-08, 2024-09, 2024-10, 2024-12, 2025-05, 2025-06, 2025-07, 2025-08, 2025-09, 2026-05, 2026-06, 2026-07, 2026-08, 2026-09"
820102,Nop Pring,Mueang Phang-nga District,Phang Nga,southwest,flashflood,66,0,66,180,0.367,25,"202401, 202403, 202404, 202405, 202406, 202407, 202408, 202409, 202410, 202411, 202412, 202501, 202502, 202503, 202504, 202505, 202506, 202507, 202512, 202601, 202602, 202603, 202604, 202605, 202606","2024-05, 2024-06, 2024-07, 2024-08, 2024-09, 2024-10, 2024-12, 2025-04, 2025-05, 2025-06, 2025-07, 2025-08, 2025-09, 2026-05, 2026-07"
850405,Lamliang,Kra Buri District,Ranong,southwest,flashflood,66,0,66,180,0.367,28,"202401, 202403, 202404, 202405, 202406, 202407, 202408, 202409, 202410, 202411, 202412, 202501, 202502, 202503, 202504, 202505, 202506, 202507, 202508, 202509, 202510, 202511, 202601, 202602, 202603, 202604, 202605, 202606","2024-06, 2024-07, 2024-08, 2024-10, 2024-11, 2024-12, 2025-01, 2025-06, 2025-07, 2025-11, 2026-06, 2026-07, 2026-08, 2026-09, 2026-11"
820507,Khuek Khak,Takua Pa District,Phang Nga,southwest,flashflood,63,0,63,180,0.35,27,"202401, 202403, 202404, 202405, 202406, 202407, 202408, 202409, 202410, 202411, 202412, 202501, 202502, 202503, 202504, 202505, 202506, 202507, 202508, 202510, 202512, 202601, 202602, 202603, 202604, 202605, 202606","2024-05, 2024-06, 2024-07, 2024-08, 2024-09, 2024-12, 2025-05, 2025-06, 2025-07, 2025-08, 2025-09, 2025-10, 2026-05, 2026-06, 2026-08"
850406,Cho.Po.Ro.,Kra Buri District,Ranong,southwest,flashflood,62,0,62,180,0.344,24,"202401, 202403, 202404, 202405, 202406, 202407, 202408, 202409, 202410, 202411, 202412, 202501, 202502, 202503, 202504, 202505, 202506, 202507, 202601, 202602, 202603, 202604, 202605, 202606","2024-06, 2024-07, 2024-08, 2024-09, 2024-10, 2024-11, 2024-12, 2025-01, 2025-06, 2025-07, 2026-06, 2026-07, 2026-08, 2026-09"
860703,Thung Raya,Sawi District,Chumphon,southeast,flashflood,56,0,56,180,0.311,27,"202404, 202405, 202406, 202407, 202408, 202409, 202410, 202411, 202412, 202501, 202502, 202503, 202504, 202505, 202506, 202507, 202508, 202509, 202510, 202511, 202512, 202601, 202602, 202603, 202604, 202605, 202606","2024-09, 2024-10, 2024-11, 2024-12, 2025-01, 2025-06, 2025-07, 2025-10, 2025-11, 2025-12, 2026-06, 2026-07, 2026-09"
650302,Chat Trakan,Chat Trakan District,Phitsanu Lok,North,flashflood,55,0,55,180,0.306,23,"202401, 202402, 202403, 202404, 202405, 202406, 202407, 202408, 202409, 202410, 202501, 202502, 202503, 202504, 202505, 202506, 202507, 202508, 202509, 202603, 202604, 202605, 202606","2024-06, 2024-07, 2024-08, 2024-09, 2024-10, 2025-06, 2025-07, 2025-08, 2025-09, 2026-08, 2026-09"
860412,Wang Tako,Lang Suan District,Chumphon,southeast,flashflood,55,0,55,180,0.306,25,"202401, 202403, 202404, 202405, 202406, 202407, 202408, 202409, 202410, 202411, 202412, 202501, 202502, 202504, 202505, 202506, 202507, 202508, 202509, 202510, 202511, 202512, 202604, 202605, 202606","2024-01, 2024-07, 2024-08, 2024-09, 2024-10, 2024-11, 2024-12, 2025-01, 2025-05, 2025-11, 2025-12, 2026-07, 2026-08, 2026-09, 2026-11"
380304,Kham Kaeo,So Phisai District,Bung Kan,Northeast,flashflood,54,0,54,180,0.3,21,"202403, 202404, 202405, 202406, 202407, 202408, 202409, 202410, 202502, 202503, 202504, 202505, 202506, 202507, 202508, 202509, 202510, 202603, 202604, 202605, 202606","2024-08, 2024-09, 2024-10, 2025-07, 2025-08, 2025-09, 2025-10, 2026-07, 2026-08, 2026-09, 2026-10"
560903,Mae Ing,Phu Kamyao District,Phayao,North,flashflood,53,0,53,180,0.294,24,"202402, 202403, 202404, 202405, 202406, 202407, 202408, 202409, 202412, 202501, 202502, 202503, 202504, 202505, 202506, 202507, 202508, 202509, 202601, 202602, 202603, 202604, 202605, 202606","2024-07, 2024-08, 2024-09, 2024-10, 2025-05, 2025-06, 2025-08, 2025-09, 2025-10, 2026-05, 2026-06, 2026-09"
551502,Khun Nan,Chaloem Phra Kiat District,Nan,North,flashflood,52,0,52,180,0.289,24,"202401, 202402, 202403, 202404, 202405, 202406, 202407, 202408, 202409, 202412, 202501, 202502, 202503, 202504, 202505, 202506, 202507, 202508, 202601, 202602, 202603, 202604, 202605, 202606","2024-06, 2024-07, 2024-08, 2024-09, 2025-05, 2025-06, 2025-07, 2025-08, 2025-09, 2026-05, 2026-06, 2026-07, 2026-08, 2026-09"
560507,Pa Sang,Dok Khamtai District,Phayao,North,flashflood,52,0,52,180,0.289,24,"202402, 202403, 202404, 202405, 202406, 202407, 202408, 202409, 202412, 202501, 202502, 202503, 202504, 202505, 202506, 202507, 202508, 202509, 202601, 202602, 202603, 202604, 202605, 202606","2024-07, 2024-08, 2024-09, 2024-10, 2025-05, 2025-06, 2025-08, 2025-09, 2025-10, 2026-05, 2026-06, 2026-09"
801403,Chalong,Sichon District,Nakhon Si Thammarat,southeast,flashflood,52,0,52,180,0.289,23,"202401, 202405, 202406, 202407, 202408, 202409, 202410, 202411, 202412, 202501, 202504, 202506, 202507, 202508, 202509, 202510, 202511, 202512, 202601, 202602, 202603, 202604, 202606","2024-01, 2024-10, 2024-11, 2024-12, 2025-01, 2025-04, 2025-11, 2025-12, 2026-01, 2026-04, 2026-11"
830203,Kamala,Kathu District,Phuket,southwest,flashflood,52,0,52,180,0.289,25,"202401, 202403, 202404, 202405, 202406, 202407, 202408, 202409, 202410, 202412, 202501, 202502, 202503, 202504, 202505, 202506, 202507, 202508, 202512, 202601, 202602, 202603, 202604, 202605, 202606","2024-06, 2024-07, 2024-08, 2024-09, 2024-10, 2025-05, 2025-06, 2025-08, 2025-09, 2026-05, 2026-06, 2026-08"
841902,Takuk Nuea,Vibhavadi District,Surat Thani,southeast,flashflood,52,0,52,180,0.289,26,"202405, 202406, 202407, 202408, 202409, 202410, 202411, 202412, 202501, 202502, 202503, 202504, 202505, 202506, 202507, 202508, 202509, 202510, 202511, 202512, 202601, 202602, 202603, 202604, 202605, 202606","2024-08, 2024-11, 2024-12, 2025-01, 2025-03, 2025-05, 2025-08, 2025-11, 2025-12, 2026-03, 2026-05, 2026-11"
850401,Nam Chuet,Kra Buri District,Ranong,southwest,flashflood,52,0,52,180,0.289,21,"202403, 202404, 202405, 202406, 202407, 202408, 202409, 202410, 202411, 202501, 202502, 202503, 202504, 202505, 202506, 202507, 202602, 202603, 202604, 202605, 202606","2024-07, 2024-08, 2024-09, 2024-10, 2024-11, 2025-06, 2025-07, 2025-08, 2026-07, 2026-08, 2026-09"
920403,Palian,Palian District,Trang,southwest,flashflood,52,0,52,180,0.289,24,"202403, 202404, 202405, 202406, 202407, 202408, 202409, 202410, 202411, 202412, 202501, 202502, 202503, 202504, 202505, 202506, 202507, 202508, 202509, 202510, 202511, 202512, 202601, 202602","2024-06, 2024-07, 2024-08, 2024-09, 2024-10, 2024-12, 2025-02, 2025-06, 2025-07, 2025-08, 2025-09, 2025-10, 2025-12, 2026-02"
550713,Mae Khaning,Wiang Sa District,Nan,North,flashflood,51,0,51,180,0.283,27,"202402, 202403, 202404, 202405, 202406, 202407, 202408, 202409, 202410, 202412, 202501, 202502, 202503, 202504, 202505, 202506, 202507, 202508, 202509, 202510, 202512, 202601, 202602, 202603, 202604, 202605, 202606","2024-06, 2024-07, 2024-08, 2024-09, 2024-10, 2025-05, 2025-06, 2025-08, 2025-09, 2025-10, 2026-05, 2026-06"
551201,Bo Kluea Nuea,Bo Kluea District,Nan,North,flashflood,51,0,51,180,0.283,24,"202401, 202402, 202403, 202404, 202405, 202406, 202407, 202408, 202409, 202412, 202501, 202502, 202503, 202504, 202505, 202506, 202507, 202508, 202601, 202602, 202603, 202604, 202605, 202606","2024-06, 2024-07, 2024-08, 2024-09, 2025-05, 2025-06, 2025-07, 2025-08, 2025-09, 2026-05, 2026-06, 2026-07, 2026-08"
820804,Thung Maphrao,Thai Mueang District,Phang Nga,southwest,flashflood,51,0,51,180,0.283,24,"202401, 202403, 202404, 202405, 202406, 202407, 202408, 202409, 202410, 202411, 202412, 202501, 202502, 202503, 202504, 202505, 202506, 202512, 202601, 202602, 202603, 202604, 202605, 202606","2024-05, 2024-06, 2024-07, 2024-09, 2024-10, 2024-12, 2025-05, 2025-06, 2025-07, 2025-09, 2026-05, 2026-06"
820805,Lam Phi,Thai Mueang District,Phang Nga,southwest,flashflood,51,0,51,180,0.283,24,"202401, 202403, 202404, 202405, 202406, 202407, 202408, 202409, 202410, 202411, 202412, 202501, 202502, 202503, 202504, 202505, 202506, 202512, 202601, 202602, 202603, 202604, 202605, 202606","2024-05, 2024-06, 2024-07, 2024-09, 2024-10, 2024-12, 2025-05, 2025-06, 2025-07, 2025-09, 2026-05, 2026-06"
920802,Chong,Na Yong District,Trang,southwest,flashflood,51,0,51,180,0.283,23,"202401, 202403, 202404, 202405, 202406, 202407, 202408, 202409, 202410, 202411, 202412, 202501, 202506, 202507, 202508, 202509, 202510, 202511, 202512, 202601, 202602, 202603, 202606","2024-01, 2024-08, 2024-09, 2024-10, 2024-11, 2024-12, 2025-01, 2025-03, 2025-11, 2025-12, 2026-03, 2026-11"
521302,Ban Kho,Mueang Pan District,Lampang,North,flashflood,50,0,50,180,0.278,23,"202402, 202403, 202404, 202405, 202406, 202407, 202408, 202409, 202412, 202501, 202502, 202503, 202504, 202505, 202506, 202507, 202508, 202509, 202510, 202603, 202604, 202605, 202606","2024-07, 2024-08, 2024-09, 2024-10, 2025-05, 2025-06, 2025-08, 2025-09, 2025-10, 2026-05, 2026-08, 2026-09"
570708,Pa Tueng,Mae Chan District,Chiangrai,North,flashflood,50,0,50,180,0.278,23,"202402, 202403, 202404, 202405, 202406, 202407, 202408, 202409, 202410, 202502, 202503, 202504, 202505, 202506, 202507, 202508, 202509, 202601, 202602, 202603, 202604, 202605, 202606","2024-07, 2024-08, 2024-09, 2024-10, 2025-07, 2025-08, 2025-09, 2026-05, 2026-08, 2026-09"
630704,Wale,Phop Phra District,Tak,North,flashflood,50,0,50,180,0.278,23,"202402, 202403, 202404, 202405, 202406, 202407, 202408, 202501, 202502, 202503, 202504, 202505, 202506, 202507, 202508, 202509, 202510, 202512, 202602, 202603, 202604, 202605, 202606","2024-07, 2024-08, 2024-09, 2025-05, 2025-06, 2025-07, 2025-08, 2025-09, 2025-10, 2026-05, 2026-06, 2026-07, 2026-08, 2026-09"
820403,Kalai,Takua Thung District,Phang Nga,southwest,flashflood,50,0,50,180,0.278,21,"202401, 202403, 202404, 202405, 202406, 202407, 202408, 202409, 202410, 202411, 202412, 202501, 202502, 202503, 202504, 202506, 202512, 202601, 202602, 202603, 202604","2024-06, 2024-07, 2024-08, 2024-09, 2024-10, 2024-11, 2025-05, 2025-06, 2025-07, 2025-08, 2025-09, 2026-05"
530806,Phai Lom,Laplae District,Auttaradit,North,flashflood,49,0,49,180,0.272,25,"202404, 202405, 202406, 202407, 202408, 202409, 202410, 202412, 202501, 202502, 202503, 202504, 202505, 202506, 202507, 202508, 202509, 202510, 202512, 202601, 202602, 202603, 202604, 202605, 202606","2024-09, 2024-10, 2025-05, 2025-06, 2025-09, 2025-10, 2026-05, 2026-06, 2026-09, 2026-10"
551301,Na Rai Luang,Song Khwae District,Nan,North,flashflood,49,0,49,180,0.272,22,"202402, 202403, 202404, 202405, 202406, 202407, 202408, 202409, 202412, 202501, 202502, 202503, 202504, 202505, 202506, 202507, 202508, 202602, 202603, 202604, 202605, 202606","2024-06, 2024-07, 2024-08, 2024-09, 2025-05, 2025-06, 2025-07, 2025-08, 2025-09, 2026-05, 2026-06, 2026-08"
560403,Sa,Chiang Muan District,Phayao,North,flashflood,49,0,49,180,0.272,24,"202402, 202403, 202404, 202405, 202406, 202407, 202408, 202409, 202410, 202501, 202502, 202503, 202504, 202505, 202506, 202507, 202508, 202509, 202510, 202602, 202603, 202604, 202605, 202606","2024-07, 2024-08, 2024-09, 2024-10, 2025-06, 2025-07, 2025-08, 2025-09, 2025-10, 2026-06, 2026-07, 2026-08"
630703,Khiri Rat,Phop Phra District,Tak,North,flashflood,49,0,49,180,0.272,23,"202403, 202404, 202405, 202406, 202407, 202408, 202501, 202502, 202503, 202504, 202505, 202506, 202507, 202508, 202509, 202510, 202512, 202601, 202602, 202603, 202604, 202605, 202606","2024-08, 2024-09, 2025-05, 2025-06, 2025-08, 2025-09, 2025-10, 2026-05, 2026-06, 2026-07, 2026-08, 2026-09"
802104,Na Reng,Nopphitam District,Nakhon Si Thammarat,southeast,flashflood,49,0,49,180,0.272,22,"202401, 202406, 202407, 202408, 202409, 202410, 202411, 202412, 202501, 202504, 202506, 202507, 202508, 202509, 202510, 202511, 202512, 202601, 202602, 202603, 202604, 202606","2024-01, 2024-11, 2024-12, 2025-01, 2025-03, 2025-04, 2025-11, 2025-12, 2026-03, 2026-04, 2026-11"
850403,Mamu,Kra Buri District,Ranong,southwest,flashflood,49,0,49,180,0.272,21,"202403, 202404, 202405, 202406, 202407, 202408, 202409, 202410, 202411, 202501, 202502, 202503, 202504, 202505, 202507, 202601, 202602, 202603, 202604, 202605, 202606","2024-08, 2024-09, 2024-10, 2024-11, 2025-01, 2025-06, 2025-07, 2025-08, 2026-06, 2026-07, 2026-08, 2026-09"
860708,Wisai Tai,Sawi District,Chumphon,southeast,flashflood,49,0,49,180,0.272,24,"202401, 202404, 202405, 202406, 202407, 202408, 202409, 202410, 202411, 202412, 202501, 202502, 202503, 202504, 202506, 202507, 202508, 202509, 202510, 202511, 202512, 202604, 202605, 202606","2024-01, 2024-07, 2024-09, 2024-11, 2024-12, 2025-01, 2025-07, 2025-11, 2025-12, 2026-07, 2026-09, 2026-11"
500308,Kong Khaek,Mae Chaem District,Chiang Mai,North,flashflood,48,0,48,180,0.267,25,"202403, 202404, 202405, 202406, 202407, 202408, 202409, 202412, 202501, 202502, 202503, 202504, 202505, 202506, 202507, 202508, 202509, 202510, 202512, 202601, 202602, 202603, 202604, 202605, 202606","2024-08, 2024-09, 2024-10, 2025-05, 2025-06, 2025-08, 2025-09, 2025-10, 2026-05, 2026-06, 2026-08, 2026-09"
550601,Rim,Tha Wang Pha District,Nan,North,flashflood,48,0,48,180,0.267,23,"202401, 202402, 202403, 202404, 202405, 202406, 202407, 202408, 202409, 202412, 202501, 202502, 202503, 202504, 202505, 202506, 202507, 202508, 202602, 202603, 202604, 202605, 202606","2024-06, 2024-07, 2024-08, 2024-09, 2025-05, 2025-06, 2025-07, 2025-08, 2025-09, 2026-05, 2026-08"
630111,Mae Tho,Mueang Tak District,Tak,North,flashflood,48,0,48,180,0.267,22,"202404, 202405, 202406, 202407, 202408, 202409, 202410, 202501, 202502, 202503, 202504, 202505, 202506, 202507, 202508, 202509, 202510, 202602, 202603, 202604, 202605, 202606","2024-08, 2024-09, 2024-10, 2025-06, 2025-08, 2025-09, 2025-10, 2026-06, 2026-07, 2026-08, 2026-09"
801407,Theppharat,Sichon District,Nakhon Si Thammarat,southeast,flashflood,48,0,48,180,0.267,22,"202401, 202406, 202407, 202408, 202409, 202410, 202411, 202412, 202501, 202504, 202506, 202507, 202508, 202509, 202510, 202511, 202512, 202601, 202602, 202603, 202604, 202606","2024-01, 2024-11, 2024-12, 2025-01, 2025-02, 2025-04, 2025-11, 2025-12, 2026-01, 2026-04, 2026-11"
860112,Ban Na,Mueang Chumphon District,Chumphon,southeast,flashflood,48,0,48,180,0.267,26,"202401, 202403, 202404, 202405, 202406, 202407, 202408, 202409, 202410, 202411, 202412, 202501, 202502, 202503, 202504, 202505, 202506, 202507, 202508, 202509, 202510, 202511, 202512, 202604, 202605, 202606","2024-01, 2024-08, 2024-09, 2024-11, 2024-12, 2025-01, 2025-07, 2025-12, 2026-06, 2026-07, 2026-08, 2026-09"
860709,Na Sak,Sawi District,Chumphon,southeast,flashflood,48,0,48,180,0.267,26,"202401, 202406, 202407, 202408, 202409, 202410, 202411, 202412, 202501, 202502, 202503, 202504, 202505, 202506, 202507, 202508, 202509, 202510, 202511, 202512, 202601, 202602, 202603, 202604, 202605, 202606","2024-01, 2024-11, 2024-12, 2025-01, 2025-06, 2025-07, 2025-11, 2025-12, 2026-06, 2026-07"
380202,Don Ya Nang,Phon Charoen District,Bung Kan,Northeast,flashflood,47,0,47,180,0.261,20,"202403, 202404, 202405, 202406, 202407, 202408, 202409, 202410, 202503, 202504, 202505, 202506, 202507, 202508, 202509, 202510, 202603, 202604, 202605, 202606","2024-08, 2024-09, 2024-10, 2025-07, 2025-08, 2025-09, 2025-10, 2026-07, 2026-08, 2026-09, 2026-10"
500304,Mae Suek,Mae Chaem District,Chiang Mai,North,flashflood,47,0,47,180,0.261,22,"202403, 202404, 202405, 202406, 202407, 202408, 202409, 202501, 202502, 202503, 202504, 202505, 202506, 202507, 202508, 202509, 202510, 202602, 202603, 202604, 202605, 202606","2024-08, 2024-09, 2024-10, 2025-05, 2025-06, 2025-08, 2025-09, 2025-10, 2026-06, 2026-08, 2026-09"
500805,Yung Moen,Samoeng District,Chiang Mai,North,flashflood,47,0,47,180,0.261,22,"202402, 202403, 202404, 202405, 202406, 202407, 202408, 202409, 202501, 202502, 202503, 202504, 202505, 202506, 202507, 202508, 202509, 202510, 202603, 202604, 202605, 202606","2024-07, 2024-08, 2024-09, 2024-10, 2025-05, 2025-06, 2025-08, 2025-09, 2025-10, 2026-06, 2026-08, 2026-09"
501803,Mae Tuen,Omkoi District,Chiang Mai,North,flashflood,47,0,47,180,0.261,23,"202404, 202405, 202406, 202407, 202408, 202409, 202410, 202412, 202501, 202502, 202503, 202504, 202505, 202506, 202507, 202508, 202509, 202510, 202512, 202603, 202604, 202605, 202606","2024-08, 2024-09, 2024-10, 2025-05, 2025-06, 2025-08, 2025-09, 2025-10, 2026-05, 2026-06, 2026-07, 2026-08, 2026-09"
520604,Mae Suk,Chae Hom District,Lampang,North,flashflood,47,0,47,180,0.261,22,"202402, 202403, 202404, 202405, 202406, 202407, 202408, 202409, 202412, 202501, 202502, 202503, 202504, 202505, 202506, 202507, 202508, 202509, 202603, 202604, 202605, 202606","2024-07, 2024-08, 2024-09, 2024-10, 2025-05, 2025-08, 2025-09, 2025-10, 2026-05, 2026-08, 2026-09"
551204,Phu Fa,Bo Kluea District,Nan,North,flashflood,47,0,47,180,0.261,24,"202402, 202403, 202404, 202405, 202406, 202407, 202408, 202409, 202410, 202501, 202502, 202503, 202504, 202505, 202506, 202507, 202508, 202509, 202510, 202602, 202603, 202604, 202605, 202606","2024-06, 2024-07, 2024-08, 2024-09, 2024-10, 2025-06, 2025-07, 2025-08, 2025-10, 2026-07, 2026-08"
560401,Chiang Muan,Chiang Muan District,Phayao,North,flashflood,47,0,47,180,0.261,25,"202402, 202403, 202404, 202405, 202406, 202407, 202408, 202409, 202410, 202412, 202501, 202503, 202504, 202505, 202506, 202507, 202508, 202509, 202510, 202601, 202602, 202603, 202604, 202605, 202606","2024-07, 2024-08, 2024-09, 2024-10, 2025-05, 2025-06, 2025-08, 2025-09, 2025-10, 2026-05, 2026-08"
560506,San Khong,Dok Khamtai District,Phayao,North,flashflood,47,0,47,180,0.261,21,"202402, 202403, 202404, 202405, 202406, 202407, 202408, 202409, 202412, 202501, 202502, 202503, 202504, 202505, 202506, 202507, 202508, 202509, 202604, 202605, 202606","2024-07, 2024-08, 2024-09, 2024-10, 2025-05, 2025-06, 2025-08, 2025-09, 2025-10, 2026-05, 2026-06, 2026-09"
560511,Sawang Arom,Dok Khamtai District,Phayao,North,flashflood,47,0,47,180,0.261,24,"202402, 202403, 202404, 202405, 202406, 202407, 202408, 202409, 202412, 202501, 202502, 202503, 202504, 202505, 202506, 202507, 202508, 202509, 202601, 202602, 202603, 202604, 202605, 202606","2024-07, 2024-08, 2024-09, 2024-10, 2025-05, 2025-08, 2025-09, 2025-10, 2026-05, 2026-06, 2026-09"
571802,Chok Chai,Doi Luang District,Chiangrai,North,flashflood,47,0,47,180,0.261,23,"202402, 202403, 202404, 202405, 202406, 202407, 202408, 202409, 202410, 202501, 202502, 202503, 202504, 202505, 202506, 202507, 202508, 202601, 202602, 202603, 202604, 202605, 202606","2024-07, 2024-08, 2024-09, 2024-10, 2025-05, 2025-07, 2025-08, 2026-05, 2026-06, 2026-07, 2026-08"
802101,Nopphitam,Nopphitam District,Nakhon Si Thammarat,southeast,flashflood,47,0,47,180,0.261,20,"202401, 202406, 202407, 202408, 202409, 202410, 202411, 202412, 202501, 202506, 202507, 202508, 202509, 202510, 202511, 202512, 202601, 202602, 202603, 202606","2024-01, 2024-11, 2024-12, 2025-01, 2025-02, 2025-03, 2025-11, 2025-12, 2026-01, 2026-03, 2026-11"
802102,Krung Ching,Nopphitam District,Nakhon Si Thammarat,southeast,flashflood,47,0,47,180,0.261,20,"202401, 202406, 202407, 202408, 202409, 202410, 202411, 202412, 202501, 202506, 202507, 202508, 202509, 202510, 202511, 202512, 202601, 202602, 202603, 202606","2024-01, 2024-11, 2024-12, 2025-01, 2025-02, 2025-03, 2025-11, 2025-12, 2026-01, 2026-03, 2026-11"
500301,Chang Khoeng,Mae Chaem District,Chiang Mai,North,flashflood,46,0,46,180,0.256,20,"202403, 202404, 202405, 202406, 202407, 202408, 202409, 202501, 202502, 202503, 202504, 202505, 202506, 202507, 202508, 202509, 202603, 202604, 202605, 202606","2024-08, 2024-09, 2024-10, 2025-05, 2025-06, 2025-08, 2025-09, 2026-06, 2026-08, 2026-09"
500803,Mae Sap,Samoeng District,Chiang Mai,North,flashflood,46,0,46,180,0.256,21,"202402, 202403, 202404, 202405, 202406, 202407, 202408, 202409, 202501, 202502, 202503, 202504, 202505, 202506, 202507, 202508, 202509, 202603, 202604, 202605, 202606","2024-07, 2024-08, 2024-09, 2024-10, 2025-05, 2025-07, 2025-08, 2025-09, 2026-06, 2026-08, 2026-09"
520606,Thung Phueng,Chae Hom District,Lampang,North,flashflood,46,0,46,180,0.256,22,"202402, 202403, 202404, 202405, 202406, 202407, 202408, 202409, 202412, 202501, 202502, 202503, 202504, 202505, 202506, 202507, 202508, 202509, 202603, 202604, 202605, 202606","2024-07, 2024-08, 2024-09, 2024-10, 2025-05, 2025-06, 2025-08, 2025-10, 2026-05, 2026-08"
550511,Phu Kha,Pua District,Nan,North,flashflood,46,0,46,180,0.256,21,"202402, 202403, 202404, 202405, 202406, 202407, 202408, 202409, 202501, 202502, 202503, 202504, 202505, 202506, 202507, 202508, 202602, 202603, 202604, 202605, 202606","2024-06, 2024-07, 2024-08, 2024-09, 2025-06, 2025-07, 2025-08, 2025-09, 2026-07, 2026-08"
550803,Lae,Thung Chang District,Nan,North,flashflood,46,0,46,180,0.256,20,"202402, 202403, 202404, 202405, 202406, 202407, 202408, 202409, 202501, 202502, 202503, 202504, 202505, 202506, 202507, 202508, 202603, 202604, 202605, 202606","2024-06, 2024-07, 2024-08, 2024-09, 2025-06, 2025-07, 2025-08, 2025-09, 2026-06, 2026-08"
560509,Dong Suwan,Dok Khamtai District,Phayao,North,flashflood,46,0,46,180,0.256,21,"202402, 202403, 202404, 202405, 202406, 202407, 202408, 202409, 202412, 202501, 202502, 202503, 202504, 202505, 202506, 202507, 202508, 202509, 202604, 202605, 202606","2024-07, 2024-08, 2024-09, 2025-05, 2025-06, 2025-08, 2025-09, 2025-10, 2026-05, 2026-06, 2026-09"
560801,Phu Sang,Phu Sang District,Phayao,North,flashflood,46,0,46,180,0.256,25,"202401, 202402, 202403, 202404, 202405, 202406, 202407, 202408, 202409, 202412, 202501, 202502, 202503, 202504, 202505, 202506, 202507, 202508, 202512, 202601, 202602, 202603, 202604, 202605, 202606","2024-05, 2024-07, 2024-08, 2024-09, 2025-05, 2025-07, 2025-08, 2026-05, 2026-08"
580104,Pang Mu,Mueang Mae Hong Son District,Mae Hong Son,North,flashflood,46,0,46,180,0.256,20,"202403, 202404, 202405, 202406, 202407, 202408, 202409, 202502, 202503, 202504, 202505, 202506, 202507, 202508, 202601, 202602, 202603, 202604, 202605, 202606","2024-07, 2024-08, 2024-09, 2025-06, 2025-07, 2025-08, 2026-05, 2026-06, 2026-07, 2026-08"
860205,Rap Ro,Tha Sae District,Chumphon,southeast,flashflood,46,0,46,180,0.256,25,"202401, 202403, 202404, 202405, 202406, 202407, 202408, 202409, 202410, 202411, 202412, 202501, 202502, 202503, 202504, 202506, 202507, 202508, 202509, 202510, 202511, 202512, 202604, 202605, 202606","2024-06, 2024-07, 2024-09, 2024-10, 2024-11, 2024-12, 2025-01, 2025-06, 2025-11, 2025-12, 2026-07, 2026-09"
361302,Thung Phra,Khon San District,Chaiyaphum,Northeast,flashflood,45,0,45,180,0.25,28,"202401, 202402, 202403, 202404, 202405, 202406, 202407, 202408, 202409, 202410, 202412, 202501, 202502, 202503, 202504, 202505, 202506, 202507, 202508, 202509, 202510, 202512, 202601, 202602, 202603, 202604, 202605, 202606","2024-05, 2024-09, 2024-10, 2025-05, 2025-06, 2025-09, 2025-10, 2026-05, 2026-09, 2026-10"
380204,Nong Hua Chang,Phon Charoen District,Bung Kan,Northeast,flashflood,45,0,45,180,0.25,20,"202403, 202404, 202405, 202406, 202407, 202408, 202409, 202410, 202503, 202504, 202505, 202506, 202507, 202508, 202509, 202510, 202603, 202604, 202605, 202606","2024-08, 2024-09, 2024-10, 2025-08, 2025-09, 2025-10, 2026-08, 2026-09, 2026-10"
500203,Ban Luang,Chom Thong District,Chiang Mai,North,flashflood,45,0,45,180,0.25,26,"202402, 202403, 202404, 202405, 202406, 202407, 202408, 202409, 202412, 202501, 202502, 202503, 202504, 202505, 202506, 202507, 202508, 202509, 202510, 202512, 202601, 202602, 202603, 202604, 202605, 202606","2024-07, 2024-08, 2024-09, 2024-10, 2025-05, 2025-06, 2025-09, 2025-10, 2026-05, 2026-06, 2026-09"
501005,Tha Ton,Mae Ai District,Chiang Mai,North,flashflood,45,0,45,180,0.25,22,"202402, 202403, 202404, 202405, 202406, 202407, 202408, 202409, 202502, 202503, 202504, 202505, 202506, 202507, 202508, 202509, 202601, 202602, 202603, 202604, 202605, 202606","2024-07, 2024-08, 2024-09, 2025-06, 2025-07, 2025-08, 2025-09, 2026-05, 2026-08, 2026-09"
550204,Nam Phang,Mae Charim District,Nan,North,flashflood,45,0,45,180,0.25,22,"202402, 202403, 202404, 202405, 202406, 202407, 202408, 202409, 202501, 202502, 202503, 202504, 202505, 202506, 202507, 202508, 202509, 202602, 202603, 202604, 202605, 202606","2024-06, 2024-07, 2024-08, 2024-09, 2025-06, 2025-08, 2025-09, 2026-06, 2026-08, 2026-09"
551202,Bo Kluea Tai,Bo Kluea District,Nan,North,flashflood,45,0,45,180,0.25,20,"202402, 202403, 202404, 202405, 202406, 202407, 202408, 202409, 202501, 202502, 202503, 202504, 202505, 202506, 202507, 202508, 202603, 202604, 202605, 202606","2024-06, 2024-07, 2024-08, 2024-09, 2025-06, 2025-07, 2025-08, 2025-09, 2026-06, 2026-07, 2026-08"
571302,Po,Wiang Kaen District,Chiangrai,North,flashflood,45,0,45,180,0.25,24,"202402, 202403, 202404, 202405, 202406, 202407, 202408, 202409, 202412, 202501, 202502, 202503, 202504, 202505, 202506, 202507, 202508, 202512, 202601, 202602, 202603, 202604, 202605, 202606","2024-07, 2024-08, 2024-09, 2025-05, 2025-07, 2025-08, 2026-05, 2026-07, 2026-08"
650209,Bo Pho,Nakhon Thai District,Phitsanu Lok,North,flashflood,45,0,45,180,0.25,24,"202402, 202403, 202404, 202405, 202406, 202407, 202408, 202409, 202501, 202502, 202503, 202504, 202505, 202506, 202507, 202508, 202509, 202510, 202512, 202602, 202603, 202604, 202605, 202606","2024-07, 2024-08, 2024-09, 2024-10, 2025-05, 2025-07, 2025-09, 2025-10, 2026-05, 2026-07, 2026-09"
840706,Khlong Pha,Tha Chana District,Surat Thani,southeast,flashflood,45,0,45,180,0.25,22,"202401, 202406, 202407, 202408, 202409, 202410, 202411, 202412, 202501, 202502, 202503, 202504, 202506, 202507, 202508, 202509, 202510, 202511, 202512, 202601, 202602, 202606","2024-01, 2024-11, 2024-12, 2025-01, 2025-02, 2025-05, 2025-11, 2025-12, 2026-02, 2026-11"
900607,Khao Daeng,Saba Yoi District,Songkhla,southeast,flashflood,45,0,45,180,0.25,24,"202405, 202406, 202407, 202408, 202409, 202410, 202411, 202412, 202501, 202502, 202503, 202504, 202505, 202507, 202508, 202509, 202510, 202511, 202512, 202601, 202602, 202603, 202604, 202605","2024-10, 2024-11, 2024-12, 2025-01, 2025-05, 2025-12, 2026-01, 2026-05"
500205,Sop Tia,Chom Thong District,Chiang Mai,North,flashflood,44,0,44,180,0.244,27,"202401, 202402, 202403, 202404, 202405, 202406, 202407, 202408, 202409, 202412, 202501, 202502, 202503, 202504, 202505, 202506, 202507, 202508, 202509, 202510, 202512, 202601, 202602, 202603, 202604, 202605, 202606","2024-05, 2024-07, 2024-08, 2024-09, 2024-10, 2025-05, 2025-09, 2025-10, 2026-05, 2026-09"
502501,Ban Chan,Galayani Vadhana District,Chiang Mai,North,flashflood,44,0,44,180,0.244,23,"202402, 202403, 202404, 202405, 202406, 202407, 202408, 202409, 202501, 202503, 202504, 202505, 202506, 202507, 202508, 202509, 202510, 202601, 202602, 202603, 202604, 202605, 202606","2024-07, 2024-08, 2024-09, 2024-10, 2025-06, 2025-08, 2025-09, 2025-10, 2026-06, 2026-07, 2026-08, 2026-09"
550506,Ouan,Pua District,Nan,North,flashflood,44,0,44,180,0.244,20,"202402, 202403, 202404, 202405, 202406, 202407, 202408, 202409, 202501, 202502, 202503, 202504, 202505, 202506, 202507, 202508, 202603, 202604, 202605, 202606","2024-06, 2024-07, 2024-08, 2024-09, 2025-06, 2025-07, 2025-08, 2025-09, 2026-06, 2026-07, 2026-08"
580103,Pha Bong,Mueang Mae Hong Son District,Mae Hong Son,North,flashflood,44,0,44,180,0.244,22,"202403, 202404, 202405, 202406, 202407, 202408, 202409, 202412, 202501, 202502, 202503, 202504, 202505, 202506, 202507, 202508, 202601, 202602, 202603, 202604, 202605, 202606","2024-08, 2024-09, 2025-05, 2025-06, 2025-07, 2025-08, 2026-05, 2026-06, 2026-07, 2026-08"
801408,Khao Noi,Sichon District,Nakhon Si Thammarat,southeast,flashflood,44,0,44,180,0.244,22,"202405, 202406, 202407, 202408, 202409, 202410, 202411, 202412, 202501, 202504, 202506, 202507, 202508, 202509, 202510, 202511, 202512, 202601, 202602, 202603, 202604, 202606","2024-10, 2024-11, 2024-12, 2025-01, 2025-04, 2025-11, 2025-12, 2026-04, 2026-11"
801409,Thung Sai,Sichon District,Nakhon Si Thammarat,southeast,flashflood,44,0,44,180,0.244,21,"202406, 202407, 202408, 202409, 202410, 202411, 202412, 202501, 202504, 202506, 202507, 202508, 202509, 202510, 202511, 202512, 202601, 202602, 202603, 202604, 202606","2024-11, 2024-12, 2025-01, 2025-04, 2025-11, 2025-12, 2026-01, 2026-04, 2026-11"
840304,Pak Phraek,Don Sak District,Surat Thani,southeast,flashflood,44,0,44,180,0.244,22,"202405, 202406, 202407, 202408, 202409, 202410, 202411, 202412, 202501, 202504, 202506, 202507, 202508, 202509, 202510, 202511, 202512, 202601, 202602, 202603, 202604, 202606","2024-10, 2024-11, 2024-12, 2025-01, 2025-04, 2025-11, 2025-12, 2026-04, 2026-11"
850302,Kapoe,Kapoe District,Ranong,southwest,flashflood,44,0,44,180,0.244,21,"202401, 202403, 202404, 202405, 202406, 202407, 202408, 202409, 202412, 202501, 202502, 202503, 202504, 202505, 202506, 202601, 202602, 202603, 202604, 202605, 202606","2024-06, 2024-07, 2024-08, 2024-09, 2025-05, 2025-06, 2025-07, 2025-08, 2025-09, 2026-05, 2026-06"
850404,Pak Chan,Kra Buri District,Ranong,southwest,flashflood,44,0,44,180,0.244,22,"202403, 202404, 202405, 202406, 202407, 202408, 202409, 202410, 202411, 202501, 202502, 202503, 202504, 202505, 202506, 202507, 202601, 202602, 202603, 202604, 202605, 202606","2024-07, 2024-08, 2024-10, 2024-11, 2025-01, 2025-06, 2025-07, 2026-06, 2026-07, 2026-08"
860707,Khron,Sawi District,Chumphon,southeast,flashflood,44,0,44,180,0.244,24,"202404, 202405, 202406, 202407, 202408, 202409, 202410, 202411, 202412, 202501, 202502, 202503, 202504, 202505, 202506, 202507, 202508, 202509, 202510, 202511, 202512, 202604, 202605, 202606","2024-09, 2024-11, 2024-12, 2025-01, 2025-06, 2025-07, 2025-11, 2025-12, 2026-06, 2026-07, 2026-09, 2026-11"
860711,Khao Khai,Sawi District,Chumphon,southeast,flashflood,44,0,44,180,0.244,23,"202403, 202404, 202405, 202406, 202407, 202408, 202409, 202410, 202411, 202412, 202501, 202507, 202508, 202509, 202510, 202511, 202512, 202601, 202602, 202603, 202604, 202605, 202606","2024-07, 2024-08, 2024-09, 2024-10, 2024-11, 2024-12, 2025-01, 2025-07, 2025-12, 2026-06, 2026-07, 2026-08, 2026-09"
500303,Ban Thap,Mae Chaem District,Chiang Mai,North,flashflood,43,0,43,180,0.239,22,"202403, 202404, 202405, 202406, 202407, 202408, 202409, 202501, 202502, 202503, 202504, 202505, 202506, 202507, 202508, 202509, 202510, 202512, 202603, 202604, 202605, 202606","2024-08, 2024-09, 2024-10, 2025-05, 2025-06, 2025-08, 2025-09, 2025-10, 2026-05, 2026-06, 2026-08, 2026-09"
500305,Mae Na Chon,Mae Chaem District,Chiang Mai,North,flashflood,43,0,43,180,0.239,20,"202403, 202404, 202405, 202406, 202407, 202408, 202409, 202501, 202502, 202503, 202504, 202505, 202506, 202507, 202508, 202509, 202603, 202604, 202605, 202606","2024-08, 2024-09, 2024-10, 2025-05, 2025-06, 2025-08, 2025-09, 2026-06, 2026-08, 2026-09"
520504,Ban Rong,Ngao District,Lampang,North,flashflood,43,0,43,180,0.239,24,"202402, 202403, 202404, 202405, 202406, 202407, 202408, 202409, 202412, 202501, 202502, 202503, 202504, 202505, 202506, 202507, 202508, 202509, 202601, 202602, 202603, 202604, 202605, 202606","2024-07, 2024-08, 2024-09, 2024-10, 2025-05, 2025-08, 2025-09, 2025-10, 2026-05, 2026-09"
530504,Song Hong,Fak Tha District,Auttaradit,North,flashflood,43,0,43,180,0.239,23,"202403, 202404, 202405, 202406, 202407, 202408, 202409, 202410, 202501, 202503, 202504, 202505, 202506, 202507, 202508, 202509, 202510, 202601, 202602, 202603, 202604, 202605, 202606","2024-08, 2024-09, 2024-10, 2025-06, 2025-08, 2025-09, 2025-10, 2026-06, 2026-08"
551302,Chon Daen,Song Khwae District,Nan,North,flashflood,43,0,43,180,0.239,22,"202402, 202403, 202404, 202405, 202406, 202407, 202408, 202409, 202412, 202501, 202502, 202503, 202504, 202505, 202506, 202507, 202508, 202602, 202603, 202604, 202605, 202606","2024-06, 2024-07, 2024-08, 2024-09, 2025-05, 2025-06, 2025-08, 2025-09, 2026-05, 2026-06, 2026-08"
560505,Huai Lan,Dok Khamtai District,Phayao,North,flashflood,43,0,43,180,0.239,24,"202402, 202403, 202404, 202405, 202406, 202407, 202408, 202409, 202412, 202501, 202502, 202503, 202504, 202505, 202506, 202507, 202508, 202509, 202601, 202602, 202603, 202604, 202605, 202606","2024-07, 2024-08, 2024-09, 2025-05, 2025-08, 2025-09, 2025-10, 2026-05, 2026-09"
580601,Sop Moei,Sop Moei District,Mae Hong Son,North,flashflood,43,0,43,180,0.239,22,"202403, 202404, 202405, 202406, 202407, 202408, 202409, 202501, 202502, 202503, 202504, 202505, 202506, 202507, 202508, 202512, 202601, 202602, 202603, 202604, 202605, 202606","2024-08, 2024-09, 2025-05, 2025-06, 2025-08, 2025-09, 2026-05, 2026-06, 2026-07, 2026-08"
580602,Mae Khatuan,Sop Moei District,Mae Hong Son,North,flashflood,43,0,43,180,0.239,22,"202403, 202404, 202405, 202406, 202407, 202408, 202501, 202502, 202503, 202504, 202505, 202506, 202507, 202508, 202510, 202512, 202601, 202602, 202603, 202604, 202605, 202606","2024-08, 2024-09, 2024-10, 2025-05, 2025-06, 2025-08, 2025-09, 2025-10, 2026-05, 2026-06, 2026-07, 2026-08"
711004,Nong Pling,Lao Khwan District,Kanchanaburi,Central,flashflood,43,0,43,180,0.239,20,"202402, 202403, 202404, 202405, 202406, 202407, 202408, 202409, 202410, 202411, 202412, 202501, 202502, 202503, 202504, 202505, 202506, 202507, 202509, 202510","2024-07, 2024-08, 2024-09, 2024-10, 2024-11, 2025-05, 2025-06, 2025-10"
500708,Pong Yaeng,Mae Rim District,Chiang Mai,North,flashflood,42,0,42,180,0.233,21,"202402, 202403, 202404, 202405, 202406, 202407, 202408, 202409, 202501, 202502, 202503, 202504, 202505, 202506, 202507, 202508, 202509, 202603, 202604, 202605, 202606","2024-07, 2024-08, 2024-09, 2024-10, 2025-05, 2025-08, 2025-09, 2026-08, 2026-09"
500901,Wiang,Fang District,Chiang Mai,North,flashflood,42,0,42,180,0.233,22,"202403, 202404, 202405, 202406, 202407, 202408, 202409, 202501, 202502, 202503, 202504, 202505, 202506, 202507, 202508, 202509, 202510, 202602, 202603, 202604, 202605, 202606","2024-07, 2024-08, 2024-09, 2025-05, 2025-07, 2025-08, 2025-09, 2025-10, 2026-05, 2026-08, 2026-09, 2026-10"
520402,Soem Khwa,Soem Ngam District,Lampang,North,flashflood,42,0,42,180,0.233,21,"202403, 202404, 202405, 202406, 202407, 202408, 202409, 202412, 202501, 202502, 202503, 202504, 202505, 202506, 202507, 202508, 202509, 202510, 202604, 202605, 202606","2024-07, 2024-08, 2024-09, 2024-10, 2025-05, 2025-09, 2025-10, 2026-05, 2026-09, 2026-10"
520705,Wang Thong,Wang Nuea District,Lampang,North,flashflood,42,0,42,180,0.233,21,"202402, 202403, 202404, 202405, 202406, 202407, 202408, 202409, 202501, 202502, 202503, 202504, 202505, 202506, 202507, 202508, 202509, 202603, 202604, 202605, 202606","2024-07, 2024-08, 2024-09, 2024-10, 2025-06, 2025-08, 2025-10, 2026-06, 2026-08"
540302,Ban Pin,Long District,Phrae,North,flashflood,42,0,42,180,0.233,25,"202403, 202404, 202405, 202406, 202407, 202408, 202409, 202410, 202412, 202501, 202502, 202503, 202504, 202505, 202506, 202507, 202508, 202509, 202510, 202601, 202602, 202603, 202604, 202605, 202606","2024-08, 2024-09, 2024-10, 2025-05, 2025-08, 2025-09, 2025-10, 2026-05, 2026-08"
550603,Pha To,Tha Wang Pha District,Nan,North,flashflood,42,0,42,180,0.233,21,"202401, 202402, 202403, 202404, 202405, 202406, 202407, 202408, 202409, 202501, 202502, 202503, 202504, 202505, 202506, 202507, 202508, 202603, 202604, 202605, 202606","2024-06, 2024-07, 2024-08, 2024-09, 2025-06, 2025-07, 2025-08, 2025-09, 2026-08"
550608,Saen Thong,Tha Wang Pha District,Nan,North,flashflood,42,0,42,180,0.233,21,"202401, 202402, 202403, 202404, 202405, 202406, 202407, 202408, 202409, 202501, 202502, 202503, 202504, 202505, 202506, 202507, 202508, 202603, 202604, 202605, 202606","2024-06, 2024-07, 2024-08, 2024-09, 2025-06, 2025-07, 2025-08, 2025-09, 2026-08"
551501,Huai Kon,Chaloem Phra Kiat District,Nan,North,flashflood,42,0,42,180,0.233,19,"202402, 202403, 202404, 202405, 202406, 202407, 202408, 202409, 202501, 202502, 202503, 202504, 202505, 202506, 202507, 202508, 202604, 202605, 202606","2024-06, 2024-07, 2024-08, 2024-09, 2025-06, 2025-08, 2025-09, 2026-07, 2026-08, 2026-09"
570804,Si Don Mun,Chiang Saen District,Chiangrai,North,flashflood,42,0,42,180,0.233,23,"202402, 202403, 202404, 202405, 202406, 202407, 202408, 202409, 202501, 202502, 202503, 202504, 202505, 202506, 202507, 202508, 202509, 202601, 202602, 202603, 202604, 202605, 202606","2024-07, 2024-08, 2024-09, 2025-06, 2025-07, 2025-08, 2025-09, 2026-05, 2026-06, 2026-07, 2026-08, 2026-09"
580604,Mae Suat,Sop Moei District,Mae Hong Son,North,flashflood,42,0,42,180,0.233,22,"202403, 202404, 202405, 202406, 202407, 202408, 202409, 202410, 202501, 202502, 202503, 202504, 202505, 202506, 202507, 202508, 202510, 202512, 202603, 202604, 202605, 202606","2024-08, 2024-09, 2024-10, 2025-05, 2025-06, 2025-08, 2025-09, 2025-10, 2026-05, 2026-06, 2026-07, 2026-08"
801301,Ron Phibun,Ron Phibun District,Nakhon Si Thammarat,southeast,flashflood,42,0,42,180,0.233,22,"202401, 202406, 202407, 202408, 202409, 202410, 202411, 202412, 202501, 202504, 202506, 202507, 202508, 202509, 202510, 202511, 202512, 202601, 202602, 202603, 202604, 202606","2024-01, 2024-11, 2024-12, 2025-01, 2025-02, 2025-04, 2025-11, 2025-12, 2026-04, 2026-11"
500302,Tha Pha,Mae Chaem District,Chiang Mai,North,flashflood,41,0,41,180,0.228,20,"202403, 202404, 202405, 202406, 202407, 202408, 202409, 202501, 202502, 202503, 202504, 202505, 202506, 202507, 202508, 202509, 202603, 202604, 202605, 202606","2024-08, 2024-09, 2024-10, 2025-05, 2025-06, 2025-08, 2025-09, 2026-06, 2026-08, 2026-09"
521305,Hua Mueang,Mueang Pan District,Lampang,North,flashflood,41,0,41,180,0.228,21,"202402, 202403, 202404, 202405, 202406, 202407, 202408, 202409, 202412, 202501, 202502, 202503, 202504, 202505, 202506, 202507, 202508, 202509, 202604, 202605, 202606","2024-07, 2024-08, 2024-09, 2024-10, 2025-05, 2025-08, 2025-09, 2025-10, 2026-05, 2026-09"
550607,Chom Phra,Tha Wang Pha District,Nan,North,flashflood,41,0,41,180,0.228,22,"202402, 202403, 202404, 202405, 202406, 202407, 202408, 202409, 202410, 202501, 202502, 202503, 202504, 202505, 202506, 202507, 202508, 202602, 202603, 202604, 202605, 202606","2024-06, 2024-07, 2024-08, 2024-09, 2024-10, 2025-06, 2025-07, 2025-08, 2026-07, 2026-08"
551407,Fai Kaeo,Phu Phiang District,Nan,North,flashflood,41,0,41,180,0.228,22,"202402, 202403, 202404, 202405, 202406, 202407, 202408, 202409, 202410, 202502, 202503, 202504, 202505, 202506, 202507, 202508, 202509, 202510, 202603, 202604, 202605, 202606","2024-07, 2024-08, 2024-09, 2024-10, 2025-07, 2025-08, 2025-09, 2025-10, 2026-08"
560111,Ban Mai,Mueang Phayao District,Phayao,North,flashflood,41,0,41,180,0.228,20,"202402, 202403, 202404, 202405, 202406, 202407, 202408, 202409, 202412, 202501, 202502, 202503, 202504, 202505, 202506, 202507, 202508, 202509, 202604, 202606","2024-07, 2024-08, 2024-09, 2024-10, 2025-05, 2025-06, 2025-08, 2025-09, 2025-10, 2026-05, 2026-06"
580102,Huai Pong,Mueang Mae Hong Son District,Mae Hong Son,North,flashflood,41,0,41,180,0.228,20,"202403, 202404, 202405, 202406, 202407, 202408, 202409, 202410, 202502, 202503, 202504, 202505, 202506, 202507, 202508, 202602, 202603, 202604, 202605, 202606","2024-07, 2024-08, 2024-09, 2024-10, 2025-06, 2025-07, 2025-08, 2025-09, 2026-06, 2026-07, 2026-08"
580501,Mae La Noi,Mae La Noi District,Mae Hong Son,North,flashflood,41,0,41,180,0.228,23,"202403, 202404, 202405, 202406, 202407, 202408, 202412, 202501, 202502, 202503, 202504, 202505, 202506, 202507, 202508, 202510, 202512, 202601, 202602, 202603, 202604, 202605, 202606","2024-08, 2024-09, 2025-05, 2025-06, 2025-08, 2025-09, 2025-10, 2026-05, 2026-06, 2026-08"
800304,Kamlon,Lan Saka District,Nakhon Si Thammarat,southeast,flashflood,41,0,41,180,0.228,22,"202401, 202406, 202407, 202408, 202409, 202410, 202411, 202412, 202501, 202504, 202506, 202507, 202508, 202509, 202510, 202511, 202512, 202601, 202602, 202603, 202604, 202606","2024-01, 2024-11, 2024-12, 2025-01, 2025-04, 2025-11, 2025-12, 2026-04, 2026-11"
950613,Yata,Raman District,Yala,southeast,flashflood,41,0,41,180,0.228,17,"202401, 202406, 202407, 202408, 202409, 202410, 202411, 202412, 202501, 202507, 202508, 202509, 202510, 202511, 202512, 202601, 202602","2024-01, 2024-11, 2024-12, 2025-01, 2025-02, 2025-11, 2025-12, 2026-01, 2026-02"
501004,Mae Na Wang,Mae Ai District,Chiang Mai,North,flashflood,40,0,40,180,0.222,21,"202402, 202403, 202404, 202405, 202406, 202407, 202408, 202409, 202502, 202503, 202504, 202505, 202506, 202507, 202508, 202509, 202602, 202603, 202604, 202605, 202606","2024-07, 2024-08, 2024-09, 2025-07, 2025-08, 2025-09, 2026-05, 2026-08, 2026-09, 2026-10"
530501,Fak Tha,Fak Tha District,Auttaradit,North,flashflood,40,0,40,180,0.222,24,"202402, 202403, 202404, 202405, 202406, 202407, 202408, 202409, 202501, 202502, 202503, 202504, 202505, 202506, 202507, 202508, 202509, 202510, 202601, 202602, 202603, 202604, 202605, 202606","2024-07, 2024-08, 2024-09, 2025-06, 2025-08, 2025-09, 2025-10, 2026-06, 2026-08"
530502,Song Khon,Fak Tha District,Auttaradit,North,flashflood,40,0,40,180,0.222,24,"202402, 202403, 202404, 202405, 202406, 202407, 202408, 202409, 202501, 202502, 202503, 202504, 202505, 202506, 202507, 202508, 202509, 202510, 202601, 202602, 202603, 202604, 202605, 202606","2024-07, 2024-08, 2024-09, 2025-06, 2025-08, 2025-09, 2025-10, 2026-06, 2026-08"
550202,Nong Daeng,Mae Charim District,Nan,North,flashflood,40,0,40,180,0.222,22,"202402, 202403, 202404, 202405, 202406, 202407, 202408, 202409, 202412, 202501, 202503, 202504, 202505, 202506, 202507, 202508, 202601, 202602, 202603, 202604, 202605, 202606","2024-07, 2024-08, 2024-09, 2025-05, 2025-08, 2025-09, 2026-05, 2026-06, 2026-07, 2026-08"
570106,Mae Yao,Mueang Chiang Rai District,Chiangrai,North,flashflood,40,0,40,180,0.222,22,"202403, 202404, 202405, 202406, 202407, 202408, 202409, 202501, 202502, 202503, 202504, 202505, 202506, 202507, 202508, 202509, 202601, 202602, 202603, 202604, 202605, 202606","2024-08, 2024-09, 2025-05, 2025-06, 2025-08, 2025-09, 2026-05, 2026-06, 2026-08, 2026-09"
580304,Mae Hi,Pai District,Mae Hong Son,North,flashflood,40,0,40,180,0.222,21,"202402, 202403, 202404, 202405, 202406, 202407, 202408, 202409, 202501, 202502, 202503, 202504, 202505, 202506, 202507, 202508, 202510, 202603, 202604, 202605, 202606","2024-07, 2024-08, 2024-09, 2024-10, 2025-05, 2025-08, 2025-10, 2026-05, 2026-07, 2026-08"
670703,Ban Phot,Nong Phai District,Phetchabun,North,flashflood,40,0,40,180,0.222,21,"202404, 202405, 202406, 202407, 202408, 202409, 202410, 202412, 202501, 202502, 202503, 202504, 202505, 202506, 202507, 202508, 202509, 202510, 202604, 202605, 202606","2024-09, 2024-10, 2025-05, 2025-07, 2025-08, 2025-09, 2025-10, 2026-09, 2026-10"
801501,Khanom,Khanom District,Nakhon Si Thammarat,southeast,flashflood,40,0,40,180,0.222,20,"202401, 202406, 202407, 202408, 202409, 202410, 202411, 202412, 202501, 202504, 202507, 202508, 202509, 202510, 202511, 202512, 202601, 202602, 202603, 202604","2024-01, 2024-11, 2024-12, 2025-01, 2025-04, 2025-12, 2026-01, 2026-04"
841603,Bang Sawan,Phrasaeng District,Surat Thani,southeast,flashflood,40,0,40,180,0.222,20,"202401, 202403, 202405, 202406, 202407, 202408, 202409, 202410, 202411, 202412, 202501, 202502, 202503, 202504, 202510, 202511, 202512, 202601, 202602, 202603","2024-01, 2024-06, 2024-10, 2024-11, 2024-12, 2025-01, 2025-03, 2025-06, 2026-03"
950605,Kota Baru,Raman District,Yala,southeast,flashflood,40,0,40,180,0.222,17,"202401, 202406, 202407, 202408, 202409, 202410, 202411, 202412, 202501, 202507, 202508, 202509, 202510, 202511, 202512, 202601, 202602","2024-01, 2024-11, 2024-12, 2025-01, 2025-02, 2025-11, 2025-12, 2026-01, 2026-02"
500207,Doi Kaeo,Chom Thong District,Chiang Mai,North,flashflood,39,0,39,180,0.217,24,"202401, 202402, 202403, 202404, 202405, 202406, 202407, 202408, 202409, 202412, 202501, 202502, 202503, 202504, 202505, 202506, 202510, 202512, 202601, 202602, 202603, 202604, 202605, 202606","2024-05, 2024-07, 2024-08, 2024-09, 2024-10, 2025-05, 2025-06, 2025-10, 2026-05, 2026-06"
500209,Mae Soi,Chom Thong District,Chiang Mai,North,flashflood,39,0,39,180,0.217,22,"202402, 202403, 202404, 202405, 202406, 202407, 202408, 202409, 202412, 202501, 202502, 202503, 202504, 202505, 202506, 202507, 202508, 202509, 202510, 202604, 202605, 202606","2024-07, 2024-08, 2024-09, 2024-10, 2025-05, 2025-06, 2025-09, 2025-10, 2026-06, 2026-09"
501002,Mae Sao,Mae Ai District,Chiang Mai,North,flashflood,39,0,39,180,0.217,20,"202403, 202404, 202405, 202406, 202407, 202408, 202409, 202501, 202503, 202504, 202505, 202506, 202507, 202508, 202509, 202510, 202603, 202604, 202605, 202606","2024-07, 2024-08, 2024-09, 2025-05, 2025-07, 2025-08, 2025-09, 2025-10, 2026-05, 2026-08, 2026-09, 2026-10"
550405,Santha,Na Noi District,Nan,North,flashflood,39,0,39,180,0.217,23,"202403, 202404, 202405, 202406, 202407, 202408, 202409, 202410, 202412, 202501, 202504, 202505, 202506, 202507, 202508, 202509, 202510, 202601, 202602, 202603, 202604, 202605, 202606","2024-08, 2024-09, 2024-10, 2025-05, 2025-06, 2025-08, 2025-09, 2025-10, 2026-05, 2026-09"
551205,Dong Phaya,Bo Kluea District,Nan,North,flashflood,39,0,39,180,0.217,21,"202401, 202402, 202403, 202404, 202405, 202406, 202407, 202408, 202410, 202501, 202502, 202503, 202504, 202505, 202507, 202508, 202510, 202603, 202604, 202605, 202606","2024-06, 2024-07, 2024-08, 2024-10, 2025-06, 2025-07, 2025-08, 2025-10, 2026-06, 2026-07, 2026-08"
570305,Huai So,Chiang Khong District,Chiangrai,North,flashflood,39,0,39,180,0.217,23,"202402, 202403, 202404, 202405, 202406, 202407, 202408, 202409, 202501, 202502, 202503, 202504, 202505, 202506, 202507, 202508, 202509, 202601, 202602, 202603, 202604, 202605, 202606","2024-07, 2024-08, 2024-09, 2025-05, 2025-07, 2025-08, 2025-09, 2026-05, 2026-08, 2026-09"
570906,Wiang Phang Kham,Mae Sai District,Chiangrai,North,flashflood,39,0,39,180,0.217,19,"202403, 202404, 202405, 202406, 202407, 202408, 202409, 202410, 202503, 202504, 202505, 202506, 202507, 202508, 202509, 202603, 202604, 202605, 202606","2024-08, 2024-09, 2024-10, 2025-08, 2025-09, 2026-07, 2026-08, 2026-09"
571107,Mae Chedi Mai,Wiang Pa Pao District,Chiangrai,North,flashflood,39,0,39,180,0.217,21,"202402, 202403, 202404, 202405, 202406, 202407, 202408, 202409, 202412, 202501, 202502, 202503, 202504, 202505, 202506, 202507, 202508, 202603, 202604, 202605, 202606","2024-07, 2024-08, 2024-09, 2024-10, 2025-05, 2025-08, 2026-05, 2026-08"
580605,Pa Pong,Sop Moei District,Mae Hong Son,North,flashflood,39,0,39,180,0.217,23,"202403, 202404, 202405, 202406, 202407, 202408, 202412, 202501, 202502, 202503, 202504, 202505, 202506, 202507, 202508, 202510, 202512, 202601, 202602, 202603, 202604, 202605, 202606","2024-08, 2024-09, 2024-10, 2025-05, 2025-06, 2025-08, 2025-09, 2025-10, 2026-05, 2026-06"
670511,Bueng Krachap,Wichian Buri District,Phetchabun,North,flashflood,39,0,39,180,0.217,19,"202404, 202405, 202406, 202407, 202408, 202409, 202410, 202502, 202503, 202504, 202505, 202506, 202507, 202508, 202509, 202510, 202604, 202605, 202606","2024-08, 2024-09, 2024-10, 2025-07, 2025-08, 2025-09, 2025-10, 2026-09, 2026-10"
860601,Phato,Phato District,Chumphon,southeast,flashflood,39,0,39,180,0.217,21,"202401, 202403, 202404, 202405, 202406, 202407, 202408, 202409, 202410, 202411, 202412, 202501, 202502, 202503, 202504, 202506, 202507, 202508, 202509, 202510, 202606","2024-01, 2024-07, 2024-08, 2024-11, 2024-12, 2025-01, 2025-07, 2025-11, 2026-08"
860602,Pak Song,Phato District,Chumphon,southeast,flashflood,39,0,39,180,0.217,22,"202401, 202403, 202404, 202405, 202406, 202407, 202408, 202409, 202410, 202411, 202412, 202501, 202502, 202503, 202504, 202506, 202507, 202508, 202509, 202510, 202605, 202606","2024-01, 2024-06, 2024-07, 2024-08, 2024-10, 2024-11, 2025-01, 2025-06, 2025-07, 2025-11, 2026-08"
860803,Tako,Thung Tako District,Chumphon,southeast,flashflood,39,0,39,180,0.217,20,"202403, 202404, 202405, 202406, 202407, 202408, 202409, 202410, 202411, 202412, 202501, 202506, 202507, 202508, 202509, 202510, 202511, 202512, 202605, 202606","2024-08, 2024-10, 2024-11, 2024-12, 2025-01, 2025-11, 2025-12, 2026-08, 2026-11"
940602,Phithen,Thung Yang Daeng District,Pattani,southeast,flashflood,39,0,39,180,0.217,16,"202406, 202407, 202408, 202409, 202410, 202411, 202412, 202501, 202507, 202508, 202509, 202510, 202511, 202512, 202601, 202602","2024-11, 2024-12, 2025-01, 2025-02, 2025-11, 2025-12, 2026-01, 2026-02"
500609,Pa Pae,Mae Taeng District,Chiang Mai,North,flashflood,38,0,38,180,0.211,21,"202402, 202403, 202404, 202405, 202406, 202407, 202408, 202409, 202501, 202502, 202503, 202504, 202505, 202506, 202507, 202508, 202509, 202510, 202604, 202605, 202606","2024-07, 2024-09, 2024-10, 2025-05, 2025-08, 2025-09, 2025-10, 2026-05, 2026-07, 2026-09, 2026-10"
502502,Mae Daet,Galayani Vadhana District,Chiang Mai,North,flashflood,38,0,38,180,0.211,19,"202403, 202404, 202405, 202406, 202407, 202408, 202409, 202501, 202503, 202504, 202505, 202506, 202507, 202508, 202509, 202603, 202604, 202605, 202606","2024-07, 2024-08, 2024-09, 2024-10, 2025-06, 2025-08, 2025-09, 2026-06, 2026-08, 2026-09"
502503,Chaem Luang,Galayani Vadhana District,Chiang Mai,North,flashflood,38,0,38,180,0.211,19,"202403, 202404, 202405, 202406, 202407, 202408, 202409, 202501, 202503, 202504, 202505, 202506, 202507, 202508, 202509, 202603, 202604, 202605, 202606","2024-08, 2024-09, 2024-10, 2025-06, 2025-08, 2025-09, 2026-06, 2026-07, 2026-08, 2026-09"
521303,Thung Khwao,Mueang Pan District,Lampang,North,flashflood,38,0,38,180,0.211,20,"202402, 202403, 202404, 202405, 202406, 202407, 202408, 202409, 202412, 202501, 202502, 202503, 202504, 202505, 202506, 202507, 202508, 202510, 202604, 202606","2024-07, 2024-08, 2024-09, 2024-10, 2025-05, 2025-06, 2025-08, 2025-09, 2025-10, 2026-05, 2026-06"
530303,Pha Lueat,Tha Pla District,Auttaradit,North,flashflood,38,0,38,180,0.211,23,"202403, 202404, 202405, 202406, 202407, 202408, 202409, 202410, 202412, 202501, 202502, 202503, 202504, 202505, 202506, 202508, 202509, 202510, 202601, 202602, 202603, 202604, 202605","2024-08, 2024-09, 2024-10, 2025-05, 2025-06, 2025-09, 2025-10, 2026-05, 2026-06"
540705,Mae Phung,Wang Chin District,Phrae,North,flashflood,38,0,38,180,0.211,21,"202403, 202404, 202405, 202406, 202407, 202408, 202409, 202412, 202501, 202502, 202503, 202504, 202505, 202506, 202507, 202508, 202509, 202603, 202604, 202605, 202606","2024-08, 2024-09, 2024-10, 2025-05, 2025-08, 2025-09, 2025-10, 2026-05, 2026-08"
550203,Mo Mueang,Mae Charim District,Nan,North,flashflood,38,0,38,180,0.211,21,"202402, 202403, 202404, 202405, 202406, 202407, 202408, 202409, 202412, 202503, 202504, 202505, 202506, 202507, 202508, 202601, 202602, 202603, 202604, 202605, 202606","2024-07, 2024-08, 2024-09, 2025-05, 2025-08, 2025-09, 2026-05, 2026-08"
550205,Nam Pai,Mae Charim District,Nan,North,flashflood,38,0,38,180,0.211,23,"202403, 202404, 202405, 202406, 202407, 202408, 202409, 202410, 202412, 202503, 202504, 202505, 202506, 202507, 202508, 202509, 202510, 202601, 202602, 202603, 202604, 202605, 202606","2024-08, 2024-09, 2024-10, 2025-05, 2025-08, 2025-09, 2025-10, 2026-05, 2026-08"
550706,San,Wiang Sa District,Nan,North,flashflood,38,0,38,180,0.211,22,"202402, 202403, 202404, 202405, 202406, 202407, 202408, 202409, 202503, 202504, 202505, 202506, 202507, 202508, 202509, 202510, 202601, 202602, 202603, 202604, 202605, 202606","2024-07, 2024-08, 2024-09, 2025-08, 2025-09, 2025-10, 2026-05, 2026-08"
550804,Thung Chang,Thung Chang District,Nan,North,flashflood,38,0,38,180,0.211,20,"202402, 202403, 202404, 202405, 202406, 202407, 202408, 202409, 202501, 202502, 202503, 202504, 202505, 202506, 202507, 202508, 202603, 202604, 202605, 202606","2024-06, 2024-07, 2024-08, 2024-09, 2025-06, 2025-07, 2025-08, 2025-09, 2026-06, 2026-08"
560118,San Pa Muang,Mueang Phayao District,Phayao,North,flashflood,38,0,38,180,0.211,19,"202402, 202403, 202404, 202405, 202406, 202407, 202408, 202409, 202412, 202501, 202502, 202503, 202504, 202505, 202506, 202507, 202508, 202509, 202606","2024-07, 2024-08, 2024-09, 2024-10, 2025-05, 2025-06, 2025-08, 2025-09, 2025-10, 2026-06"
630504,Mae La,Tha Song Yang District,Tak,North,flashflood,38,0,38,180,0.211,19,"202403, 202404, 202405, 202406, 202407, 202408, 202412, 202501, 202502, 202503, 202504, 202505, 202506, 202507, 202508, 202603, 202604, 202605, 202606","2024-08, 2024-09, 2025-05, 2025-06, 2025-08, 2026-06, 2026-07, 2026-08"
650305,Bo Phak,Chat Trakan District,Phitsanu Lok,North,flashflood,38,0,38,180,0.211,21,"202403, 202404, 202405, 202406, 202407, 202408, 202409, 202502, 202503, 202504, 202505, 202506, 202507, 202508, 202509, 202510, 202602, 202603, 202604, 202605, 202606","2024-07, 2024-08, 2024-09, 2024-10, 2025-07, 2025-08, 2025-09, 2025-10, 2026-07, 2026-08"
850407,Bang Yai,Kra Buri District,Ranong,southwest,flashflood,38,0,38,180,0.211,21,"202403, 202404, 202405, 202406, 202407, 202408, 202409, 202410, 202501, 202502, 202503, 202504, 202505, 202506, 202507, 202601, 202602, 202603, 202604, 202605, 202606","2024-07, 2024-08, 2024-10, 2025-01, 2025-06, 2025-07, 2026-06, 2026-07, 2026-08"
860413,Hat Yai,Lang Suan District,Chumphon,southeast,flashflood,38,0,38,180,0.211,20,"202403, 202404, 202405, 202406, 202407, 202408, 202409, 202410, 202411, 202412, 202501, 202506, 202507, 202508, 202509, 202510, 202511, 202512, 202605, 202606","2024-07, 2024-08, 2024-10, 2024-11, 2024-12, 2025-01, 2025-04, 2025-11, 2025-12, 2026-07, 2026-08, 2026-09, 2026-11"
860604,Phrarak,Phato District,Chumphon,southeast,flashflood,38,0,38,180,0.211,20,"202401, 202403, 202404, 202405, 202406, 202407, 202408, 202409, 202410, 202411, 202412, 202501, 202507, 202508, 202509, 202510, 202511, 202512, 202605, 202606","2024-01, 2024-08, 2024-10, 2024-11, 2024-12, 2025-01, 2025-11, 2025-12, 2026-08"
900604,Ban Not,Saba Yoi District,Songkhla,southeast,flashflood,38,0,38,180,0.211,18,"202401, 202406, 202407, 202408, 202409, 202410, 202411, 202412, 202501, 202506, 202507, 202508, 202509, 202510, 202511, 202512, 202601, 202606","2024-01, 2024-11, 2024-12, 2025-01, 2025-11, 2025-12, 2026-01, 2026-11"
500402,Mueang Na,Chiang Dao District,Chiang Mai,North,flashflood,37,0,37,180,0.206,23,"202403, 202404, 202405, 202406, 202407, 202408, 202409, 202410, 202501, 202502, 202503, 202504, 202506, 202507, 202508, 202509, 202510, 202601, 202602, 202603, 202604, 202605, 202606","2024-07, 2024-08, 2024-09, 2024-10, 2025-05, 2025-06, 2025-08, 2025-10, 2026-05, 2026-08, 2026-10"
520701,Thung Hua,Wang Nuea District,Lampang,North,flashflood,37,0,37,180,0.206,21,"202402, 202403, 202404, 202405, 202406, 202407, 202408, 202409, 202501, 202502, 202503, 202504, 202505, 202506, 202507, 202508, 202509, 202603, 202604, 202605, 202606","2024-07, 2024-08, 2024-09, 2024-10, 2025-05, 2025-08, 2025-10, 2026-05, 2026-08"
521205,Wiang Tan,Hang Chat District,Lampang,North,flashflood,37,0,37,180,0.206,22,"202403, 202404, 202405, 202406, 202407, 202408, 202409, 202410, 202412, 202501, 202502, 202503, 202504, 202505, 202506, 202507, 202508, 202509, 202510, 202604, 202605, 202606","2024-08, 2024-09, 2024-10, 2025-05, 2025-06, 2025-08, 2025-09, 2025-10, 2026-09, 2026-10"
530503,Ban Siao,Fak Tha District,Auttaradit,North,flashflood,37,0,37,180,0.206,23,"202403, 202404, 202405, 202406, 202407, 202408, 202409, 202501, 202502, 202503, 202504, 202505, 202506, 202507, 202508, 202509, 202510, 202601, 202602, 202603, 202604, 202605, 202606","2024-07, 2024-08, 2024-09, 2025-06, 2025-08, 2025-09, 2025-10, 2026-06, 2026-08"
540707,Mae Koeng,Wang Chin District,Phrae,North,flashflood,37,0,37,180,0.206,21,"202403, 202404, 202405, 202406, 202407, 202408, 202409, 202410, 202412, 202501, 202502, 202503, 202504, 202505, 202506, 202507, 202508, 202603, 202604, 202605, 202606","2024-08, 2024-09, 2024-10, 2025-05, 2025-08, 2025-10, 2026-05, 2026-08"
560113,Tha Wang Thong,Mueang Phayao District,Phayao,North,flashflood,37,0,37,180,0.206,19,"202403, 202404, 202405, 202406, 202407, 202408, 202409, 202412, 202501, 202502, 202503, 202504, 202505, 202506, 202507, 202508, 202509, 202604, 202606","2024-08, 2024-09, 2024-10, 2025-05, 2025-06, 2025-08, 2025-09, 2025-10, 2026-05, 2026-06"
570801,Wiang,Chiang Saen District,Chiangrai,North,flashflood,37,0,37,180,0.206,22,"202402, 202403, 202404, 202405, 202406, 202407, 202408, 202409, 202502, 202503, 202504, 202505, 202506, 202507, 202508, 202509, 202601, 202602, 202603, 202604, 202605, 202606","2024-07, 2024-08, 2024-09, 2025-07, 2025-08, 2025-09, 2026-05, 2026-06, 2026-07, 2026-08, 2026-09"
580305,Thung Yao,Pai District,Mae Hong Son,North,flashflood,37,0,37,180,0.206,22,"202403, 202404, 202405, 202406, 202407, 202408, 202409, 202501, 202502, 202503, 202504, 202505, 202506, 202507, 202508, 202510, 202601, 202602, 202603, 202604, 202605, 202606","2024-07, 2024-08, 2024-09, 2024-10, 2025-05, 2025-08, 2025-10, 2026-05, 2026-07, 2026-08"
580306,Mueang Paeng,Pai District,Mae Hong Son,North,flashflood,37,0,37,180,0.206,21,"202403, 202404, 202405, 202406, 202407, 202408, 202409, 202501, 202502, 202503, 202504, 202505, 202506, 202507, 202508, 202601, 202602, 202603, 202604, 202605, 202606","2024-07, 2024-08, 2024-09, 2024-10, 2025-05, 2025-08, 2026-05, 2026-07, 2026-08"
580402,Mae Sariang,Mae Sariang District,Mae Hong Son,North,flashflood,37,0,37,180,0.206,19,"202402, 202403, 202404, 202405, 202406, 202407, 202408, 202502, 202503, 202504, 202505, 202506, 202507, 202508, 202510, 202603, 202604, 202605, 202606","2024-07, 2024-08, 2024-09, 2024-10, 2025-07, 2025-08, 2025-09, 2025-10, 2026-08"
580505,Huai Hom,Mae La Noi District,Mae Hong Son,North,flashflood,37,0,37,180,0.206,23,"202403, 202404, 202405, 202406, 202407, 202408, 202409, 202412, 202501, 202502, 202503, 202504, 202505, 202506, 202507, 202508, 202512, 202601, 202602, 202603, 202604, 202605, 202606","2024-08, 2024-09, 2025-05, 2025-06, 2025-08, 2025-09, 2026-05, 2026-06, 2026-08"
412203,Na Khae,Na Yung District,Udon Thani,Northeast,flashflood,36,0,36,180,0.2,20,"202403, 202404, 202405, 202406, 202407, 202408, 202409, 202410, 202412, 202501, 202502, 202503, 202504, 202505, 202506, 202507, 202508, 202509, 202512, 202604","2024-08, 2024-09, 2024-10, 2024-11, 2025-05, 2025-07, 2025-08, 2025-09, 2026-05"
520404,Soem Klang,Soem Ngam District,Lampang,North,flashflood,36,0,36,180,0.2,19,"202403, 202404, 202405, 202406, 202407, 202408, 202409, 202501, 202503, 202504, 202505, 202506, 202507, 202508, 202509, 202510, 202604, 202605, 202606","2024-08, 2024-09, 2024-10, 2025-06, 2025-09, 2025-10, 2026-06, 2026-09"
520503,Ban Pong,Ngao District,Lampang,North,flashflood,36,0,36,180,0.2,22,"202402, 202403, 202404, 202405, 202406, 202407, 202408, 202409, 202412, 202501, 202502, 202503, 202504, 202505, 202506, 202507, 202508, 202509, 202601, 202602, 202603, 202604","2024-07, 2024-08, 2024-09, 2024-10, 2025-05, 2025-08, 2025-10, 2026-05"
520505,Pong Tao,Ngao District,Lampang,North,flashflood,36,0,36,180,0.2,22,"202402, 202403, 202404, 202405, 202406, 202407, 202408, 202409, 202412, 202501, 202502, 202503, 202504, 202505, 202506, 202507, 202508, 202509, 202601, 202602, 202603, 202604","2024-07, 2024-08, 2024-09, 2024-10, 2025-05, 2025-08, 2025-10, 2026-05"
520703,Wang Tai,Wang Nuea District,Lampang,North,flashflood,36,0,36,180,0.2,21,"202402, 202403, 202404, 202405, 202406, 202407, 202408, 202409, 202412, 202501, 202502, 202503, 202504, 202505, 202507, 202508, 202602, 202603, 202604, 202605, 202606","2024-07, 2024-08, 2024-09, 2024-10, 2025-05, 2025-08, 2026-05, 2026-08"
550709,Yap Hua Na,Wiang Sa District,Nan,North,flashflood,36,0,36,180,0.2,22,"202402, 202403, 202404, 202405, 202406, 202407, 202408, 202409, 202412, 202501, 202503, 202504, 202505, 202506, 202507, 202508, 202509, 202510, 202601, 202602, 202603, 202604","2024-07, 2024-08, 2024-09, 2025-05, 2025-06, 2025-08, 2025-09, 2025-10, 2026-05"
551303,Yot,Song Khwae District,Nan,North,flashflood,36,0,36,180,0.2,20,"202402, 202403, 202404, 202405, 202406, 202407, 202408, 202409, 202501, 202502, 202503, 202504, 202505, 202506, 202507, 202508, 202603, 202604, 202605, 202606","2024-06, 2024-07, 2024-08, 2024-09, 2025-06, 2025-07, 2025-08, 2026-06, 2026-08"
560106,Ban Tam,Mueang Phayao District,Phayao,North,flashflood,36,0,36,180,0.2,19,"202402, 202403, 202404, 202405, 202406, 202407, 202408, 202409, 202412, 202501, 202502, 202503, 202504, 202505, 202506, 202507, 202508, 202509, 202604","2024-07, 2024-08, 2024-09, 2024-10, 2025-05, 2025-08, 2025-09, 2025-10, 2026-05"
560108,Mae Puem,Mueang Phayao District,Phayao,North,flashflood,36,0,36,180,0.2,19,"202402, 202403, 202404, 202405, 202406, 202407, 202408, 202409, 202501, 202502, 202503, 202504, 202505, 202506, 202507, 202508, 202509, 202605, 202606","2024-07, 2024-08, 2024-09, 2024-10, 2025-06, 2025-08, 2025-09, 2025-10, 2026-06, 2026-08"
560604,Ngim,Pong District,Phayao,North,flashflood,36,0,36,180,0.2,22,"202402, 202403, 202404, 202405, 202406, 202407, 202408, 202410, 202501, 202502, 202503, 202504, 202505, 202506, 202507, 202508, 202509, 202510, 202603, 202604, 202605, 202606","2024-06, 2024-07, 2024-08, 2024-10, 2025-06, 2025-08, 2025-10, 2026-06, 2026-08"
580106,Huai Pha,Mueang Mae Hong Son District,Mae Hong Son,North,flashflood,36,0,36,180,0.2,19,"202403, 202404, 202405, 202406, 202407, 202408, 202409, 202503, 202504, 202505, 202506, 202507, 202508, 202601, 202602, 202603, 202604, 202605, 202606","2024-08, 2024-09, 2025-06, 2025-07, 2025-08, 2025-09, 2026-06, 2026-07, 2026-08"
580603,Kong Koi,Sop Moei District,Mae Hong Son,North,flashflood,36,0,36,180,0.2,20,"202403, 202404, 202405, 202406, 202407, 202408, 202501, 202502, 202503, 202504, 202505, 202506, 202507, 202508, 202510, 202512, 202603, 202604, 202605, 202606","2024-08, 2024-09, 2024-10, 2025-05, 2025-06, 2025-08, 2025-09, 2025-10, 2026-05, 2026-06, 2026-08"
650808,Wang Nok Aen,Wang Thong District,Phitsanu Lok,North,flashflood,36,0,36,180,0.2,20,"202403, 202404, 202405, 202406, 202407, 202408, 202409, 202410, 202412, 202501, 202502, 202503, 202504, 202507, 202508, 202509, 202510, 202604, 202605, 202606","2024-08, 2024-09, 2024-10, 2025-05, 2025-08, 2025-09, 2025-10, 2026-09"
650810,Chai Nam,Wang Thong District,Phitsanu Lok,North,flashflood,36,0,36,180,0.2,19,"202403, 202404, 202405, 202406, 202407, 202408, 202409, 202410, 202503, 202504, 202505, 202506, 202507, 202508, 202509, 202510, 202604, 202605, 202606","2024-08, 2024-09, 2024-10, 2025-07, 2025-09, 2025-10, 2026-09, 2026-10"
840211,Tha Uthae,Kanchanadit District,Surat Thani,southeast,flashflood,36,0,36,180,0.2,22,"202405, 202406, 202407, 202408, 202409, 202410, 202411, 202412, 202501, 202504, 202506, 202507, 202508, 202509, 202510, 202511, 202512, 202601, 202602, 202603, 202604, 202606","2024-10, 2024-11, 2024-12, 2025-01, 2025-04, 2025-11, 2025-12, 2026-04, 2026-11"
840213,Khlong Sa,Kanchanadit District,Surat Thani,southeast,flashflood,36,0,36,180,0.2,18,"202401, 202405, 202406, 202407, 202408, 202409, 202410, 202411, 202412, 202501, 202506, 202507, 202508, 202509, 202510, 202511, 202512, 202606","2024-01, 2024-10, 2024-11, 2024-12, 2025-01, 2025-11, 2025-12, 2026-11"
950204,Aiyoe Weng,Betong District,Yala,southeast,flashflood,36,0,36,180,0.2,15,"202405, 202406, 202407, 202408, 202409, 202410, 202411, 202412, 202507, 202508, 202509, 202510, 202511, 202512, 202606","2024-10, 2024-11, 2024-12, 2025-01, 2025-11, 2025-12, 2026-01, 2026-10, 2026-11"
420111,Chaiyaphruek,Mueang Loei District,Loei,Northeast,flashflood,35,0,35,180,0.194,18,"202403, 202404, 202405, 202406, 202407, 202408, 202409, 202502, 202503, 202504, 202505, 202506, 202507, 202508, 202509, 202510, 202512, 202604","2024-07, 2024-08, 2024-09, 2024-10, 2025-07, 2025-08, 2025-09, 2025-10, 2026-05"
420405,Huai Phichai,Pak Chom District,Loei,Northeast,flashflood,35,0,35,180,0.194,18,"202402, 202403, 202404, 202405, 202406, 202407, 202408, 202409, 202410, 202502, 202503, 202504, 202505, 202506, 202507, 202508, 202509, 202605","2024-07, 2024-08, 2024-09, 2024-11, 2025-07, 2025-08, 2025-09, 2026-08"
500804,Bo Kaeo,Samoeng District,Chiang Mai,North,flashflood,35,0,35,180,0.194,18,"202402, 202403, 202404, 202405, 202406, 202407, 202408, 202409, 202504, 202505, 202506, 202507, 202508, 202509, 202603, 202604, 202605, 202606","2024-07, 2024-08, 2024-09, 2024-10, 2025-08, 2025-09, 2026-08, 2026-09"
500910,Mae Kha,Fang District,Chiang Mai,North,flashflood,35,0,35,180,0.194,19,"202403, 202404, 202405, 202406, 202407, 202408, 202409, 202501, 202504, 202505, 202506, 202507, 202508, 202509, 202510, 202603, 202604, 202605, 202606","2024-07, 2024-08, 2024-09, 2024-10, 2025-05, 2025-06, 2025-08, 2025-09, 2025-10, 2026-05, 2026-08, 2026-09, 2026-10"
501804,Mon Chong,Omkoi District,Chiang Mai,North,flashflood,35,0,35,180,0.194,19,"202403, 202404, 202405, 202406, 202407, 202408, 202410, 202501, 202502, 202503, 202504, 202505, 202506, 202508, 202510, 202603, 202604, 202605, 202606","2024-08, 2024-09, 2024-10, 2025-06, 2025-08, 2025-10, 2026-06, 2026-07, 2026-08"
510409,Si Wichai,Li District,Lamphun,North,flashflood,35,0,35,180,0.194,17,"202402, 202403, 202404, 202405, 202406, 202407, 202408, 202409, 202412, 202501, 202502, 202503, 202504, 202505, 202507, 202508, 202510","2024-07, 2024-08, 2024-09, 2024-10, 2025-05, 2025-07, 2025-09, 2025-10"
530603,Na Khum,Ban Khok District,Auttaradit,North,flashflood,35,0,35,180,0.194,25,"202402, 202403, 202404, 202405, 202406, 202407, 202408, 202409, 202410, 202501, 202502, 202503, 202504, 202505, 202506, 202507, 202508, 202509, 202510, 202601, 202602, 202603, 202604, 202605, 202606","2024-07, 2024-08, 2024-09, 2024-10, 2025-06, 2025-08, 2025-09, 2025-10, 2026-06"
550403,Sisa Ket,Na Noi District,Nan,North,flashflood,35,0,35,180,0.194,21,"202402, 202403, 202404, 202405, 202406, 202407, 202408, 202409, 202412, 202501, 202504, 202505, 202506, 202507, 202508, 202509, 202510, 202601, 202602, 202603, 202604","2024-07, 2024-08, 2024-09, 2025-05, 2025-06, 2025-08, 2025-09, 2025-10, 2026-05"
550514,Wara Nakhon,Pua District,Nan,North,flashflood,35,0,35,180,0.194,21,"202402, 202403, 202404, 202405, 202406, 202407, 202408, 202409, 202501, 202502, 202503, 202504, 202505, 202506, 202507, 202508, 202602, 202603, 202604, 202605, 202606","2024-06, 2024-07, 2024-08, 2024-09, 2025-06, 2025-07, 2025-08, 2026-05, 2026-08"
560501,Dok Khamtai,Dok Khamtai District,Phayao,North,flashflood,35,0,35,180,0.194,20,"202402, 202403, 202404, 202405, 202406, 202407, 202408, 202409, 202412, 202501, 202502, 202503, 202504, 202505, 202506, 202507, 202508, 202509, 202604, 202606","2024-07, 2024-08, 2024-09, 2024-10, 2025-05, 2025-08, 2025-09, 2025-10, 2026-05, 2026-06"
570104,Nang Lae,Mueang Chiang Rai District,Chiangrai,North,flashflood,35,0,35,180,0.194,20,"202402, 202403, 202404, 202405, 202406, 202407, 202408, 202409, 202502, 202503, 202504, 202505, 202506, 202507, 202508, 202601, 202602, 202603, 202604, 202605","2024-07, 2024-08, 2024-09, 2025-06, 2025-07, 2025-08, 2026-05, 2026-06"
570401,Wiang,Thoeng District,Chiangrai,North,flashflood,35,0,35,180,0.194,22,"202402, 202403, 202404, 202405, 202406, 202407, 202408, 202409, 202501, 202503, 202504, 202505, 202506, 202507, 202508, 202509, 202601, 202602, 202603, 202604, 202605, 202606","2024-07, 2024-08, 2024-09, 2025-05, 2025-08, 2025-09, 2026-05, 2026-09"
580404,Mae Ho,Mae Sariang District,Mae Hong Son,North,flashflood,35,0,35,180,0.194,21,"202403, 202404, 202405, 202406, 202407, 202408, 202412, 202501, 202502, 202503, 202504, 202505, 202506, 202508, 202510, 202512, 202601, 202602, 202603, 202604, 202605","2024-08, 2024-09, 2024-10, 2025-05, 2025-08, 2025-09, 2025-10, 2026-05"
580606,Mae Sam Laep,Sop Moei District,Mae Hong Son,North,flashflood,35,0,35,180,0.194,21,"202403, 202404, 202405, 202406, 202407, 202408, 202410, 202501, 202502, 202503, 202504, 202505, 202506, 202507, 202508, 202510, 202512, 202603, 202604, 202605, 202606","2024-08, 2024-09, 2024-10, 2025-05, 2025-06, 2025-08, 2025-09, 2025-10, 2026-05, 2026-06, 2026-07, 2026-08"
630701,Phop Phra,Phop Phra District,Tak,North,flashflood,35,0,35,180,0.194,20,"202403, 202404, 202405, 202406, 202407, 202408, 202501, 202502, 202503, 202504, 202505, 202506, 202507, 202508, 202512, 202602, 202603, 202604, 202605, 202606","2024-08, 2024-09, 2025-05, 2025-06, 2025-08, 2026-05, 2026-06, 2026-07, 2026-08, 2026-09"
650206,Nakhon Chum,Nakhon Thai District,Phitsanu Lok,North,flashflood,35,0,35,180,0.194,21,"202401, 202402, 202403, 202404, 202405, 202406, 202407, 202408, 202412, 202501, 202502, 202503, 202504, 202505, 202507, 202508, 202509, 202512, 202604, 202605, 202606","2024-06, 2024-08, 2024-09, 2025-05, 2025-06, 2025-08, 2025-09, 2026-05, 2026-09"
670112,Na Yom,Mueang Phetchabun District,Phetchabun,North,flashflood,35,0,35,180,0.194,20,"202404, 202405, 202406, 202407, 202408, 202409, 202410, 202501, 202502, 202503, 202504, 202505, 202506, 202507, 202508, 202509, 202510, 202604, 202605, 202606","2024-09, 2024-10, 2025-05, 2025-09, 2025-10, 2026-08, 2026-09, 2026-10"
670804,Kan Chu,Bueng Sam Phan District,Phetchabun,North,flashflood,35,0,35,180,0.194,19,"202404, 202405, 202406, 202407, 202408, 202409, 202410, 202502, 202503, 202504, 202505, 202506, 202507, 202508, 202509, 202510, 202604, 202605, 202606","2024-07, 2024-09, 2024-10, 2025-07, 2025-09, 2025-10, 2026-09, 2026-10"
800811,Taling Chan,Tha Sala District,Nakhon Si Thammarat,southeast,flashflood,35,0,35,180,0.194,21,"202406, 202407, 202408, 202409, 202410, 202411, 202412, 202501, 202504, 202506, 202507, 202508, 202509, 202510, 202511, 202512, 202601, 202602, 202603, 202604, 202606","2024-11, 2024-12, 2025-01, 2025-02, 2025-04, 2025-11, 2026-04, 2026-11"
840303,Chai Khram,Don Sak District,Surat Thani,southeast,flashflood,35,0,35,180,0.194,17,"202405, 202406, 202407, 202408, 202409, 202410, 202411, 202412, 202501, 202506, 202507, 202508, 202509, 202510, 202511, 202512, 202606","2024-10, 2024-11, 2024-12, 2025-01, 2025-11, 2025-12, 2026-11"
840703,Prasong,Tha Chana District,Surat Thani,southeast,flashflood,35,0,35,180,0.194,19,"202401, 202406, 202407, 202408, 202409, 202410, 202411, 202412, 202501, 202502, 202504, 202506, 202507, 202508, 202509, 202510, 202511, 202512, 202606","2024-01, 2024-11, 2024-12, 2025-01, 2025-05, 2025-11, 2025-12, 2026-11"
860208,Hin Kaeo,Tha Sae District,Chumphon,southeast,flashflood,35,0,35,180,0.194,19,"202403, 202404, 202405, 202406, 202407, 202408, 202409, 202410, 202411, 202412, 202501, 202502, 202503, 202504, 202505, 202506, 202604, 202605, 202606","2024-08, 2024-09, 2024-10, 2024-11, 2024-12, 2025-01, 2025-07, 2026-07, 2026-08"
500912,Pong Nam Ron,Fang District,Chiang Mai,North,flashflood,34,0,34,180,0.189,19,"202403, 202404, 202405, 202406, 202407, 202408, 202409, 202501, 202503, 202504, 202505, 202506, 202507, 202508, 202509, 202603, 202604, 202605, 202606","2024-07, 2024-08, 2024-09, 2025-05, 2025-07, 2025-08, 2025-09, 2026-05, 2026-08, 2026-09"
502002,Piang Luang,Wiang Haeng District,Chiang Mai,North,flashflood,34,0,34,180,0.189,20,"202403, 202404, 202405, 202406, 202407, 202408, 202409, 202503, 202504, 202505, 202506, 202507, 202508, 202509, 202510, 202602, 202603, 202604, 202605, 202606","2024-08, 2024-09, 2024-10, 2025-08, 2025-10, 2026-05, 2026-08, 2026-10"
520509,Ban Huat,Ngao District,Lampang,North,flashflood,34,0,34,180,0.189,21,"202402, 202403, 202404, 202405, 202406, 202407, 202408, 202409, 202412, 202501, 202502, 202504, 202505, 202507, 202508, 202509, 202510, 202601, 202602, 202603, 202604","2024-07, 2024-08, 2024-09, 2024-10, 2025-05, 2025-08, 2025-10, 2026-05"
520510,Mae Tip,Ngao District,Lampang,North,flashflood,34,0,34,180,0.189,24,"202402, 202403, 202404, 202405, 202406, 202407, 202408, 202409, 202412, 202501, 202502, 202503, 202504, 202505, 202506, 202507, 202508, 202509, 202512, 202601, 202602, 202603, 202604, 202605","2024-07, 2024-08, 2024-09, 2025-05, 2025-06, 2025-08, 2025-10, 2026-05"
560704,Pa Faek,Mae Chai District,Phayao,North,flashflood,34,0,34,180,0.189,21,"202402, 202403, 202404, 202405, 202406, 202407, 202409, 202412, 202501, 202502, 202503, 202504, 202505, 202506, 202507, 202508, 202509, 202601, 202602, 202603, 202604","2024-07, 2024-08, 2024-09, 2024-10, 2025-05, 2025-06, 2025-08, 2025-10, 2026-05"
570701,Mae Chan,Mae Chan District,Chiangrai,North,flashflood,34,0,34,180,0.189,20,"202403, 202404, 202405, 202406, 202407, 202408, 202409, 202410, 202503, 202504, 202505, 202506, 202507, 202508, 202601, 202602, 202603, 202604, 202605, 202606","2024-08, 2024-09, 2024-10, 2025-08, 2025-09, 2026-05, 2026-08"
580105,Mok Champae,Mueang Mae Hong Son District,Mae Hong Son,North,flashflood,34,0,34,180,0.189,18,"202403, 202404, 202405, 202406, 202407, 202408, 202409, 202503, 202504, 202506, 202507, 202508, 202601, 202602, 202603, 202604, 202605, 202606","2024-08, 2024-09, 2025-06, 2025-07, 2025-08, 2025-09, 2026-06, 2026-07, 2026-08"
580506,Mae Na Chang,Mae La Noi District,Mae Hong Son,North,flashflood,34,0,34,180,0.189,23,"202403, 202404, 202405, 202406, 202407, 202408, 202409, 202412, 202501, 202502, 202503, 202504, 202505, 202506, 202507, 202508, 202512, 202601, 202602, 202603, 202604, 202605, 202606","2024-08, 2024-09, 2025-05, 2025-08, 2026-05, 2026-08"
630405,Sam Muen,Mae Ramat District,Tak,North,flashflood,34,0,34,180,0.189,22,"202404, 202405, 202406, 202407, 202408, 202410, 202412, 202501, 202502, 202503, 202504, 202505, 202506, 202507, 202508, 202509, 202510, 202512, 202603, 202604, 202605, 202606","2024-08, 2024-09, 2024-10, 2025-05, 2025-06, 2025-08, 2025-10, 2026-05, 2026-06, 2026-07, 2026-08"
630608,Mahawan,Mae Sot District,Tak,North,flashflood,34,0,34,180,0.189,23,"202404, 202405, 202406, 202407, 202408, 202410, 202412, 202501, 202502, 202503, 202504, 202505, 202507, 202508, 202509, 202510, 202512, 202601, 202602, 202603, 202604, 202605, 202606","2024-08, 2024-09, 2024-10, 2025-05, 2025-08, 2025-09, 2025-10, 2026-05, 2026-06, 2026-07, 2026-09"
650304,Ban Dong,Chat Trakan District,Phitsanu Lok,North,flashflood,34,0,34,180,0.189,22,"202404, 202405, 202406, 202407, 202408, 202409, 202412, 202501, 202502, 202503, 202504, 202505, 202506, 202507, 202508, 202509, 202510, 202602, 202603, 202604, 202605, 202606","2024-08, 2024-09, 2024-10, 2025-05, 2025-09, 2025-10, 2026-05, 2026-09"
670319,Ban Klang,Lom Sak District,Phetchabun,North,flashflood,34,0,34,180,0.189,21,"202404, 202405, 202406, 202407, 202408, 202409, 202410, 202501, 202502, 202503, 202504, 202505, 202506, 202507, 202508, 202509, 202510, 202512, 202604, 202605, 202606","2024-09, 2024-10, 2025-05, 2025-09, 2025-10, 2026-05, 2026-09, 2026-10"
670501,Tha Rong,Wichian Buri District,Phetchabun,North,flashflood,34,0,34,180,0.189,19,"202404, 202405, 202406, 202407, 202408, 202409, 202410, 202502, 202503, 202504, 202505, 202506, 202507, 202508, 202509, 202510, 202604, 202605, 202606","2024-09, 2024-10, 2025-07, 2025-09, 2025-10, 2026-09, 2026-10"
670502,Sa Pradu,Wichian Buri District,Phetchabun,North,flashflood,34,0,34,180,0.189,19,"202404, 202405, 202406, 202407, 202408, 202409, 202410, 202502, 202503, 202504, 202505, 202506, 202507, 202508, 202509, 202510, 202604, 202605, 202606","2024-09, 2024-10, 2025-07, 2025-09, 2025-10, 2026-09, 2026-10"
670701,Kong Thun,Nong Phai District,Phetchabun,North,flashflood,34,0,34,180,0.189,19,"202404, 202405, 202406, 202407, 202408, 202409, 202410, 202502, 202503, 202504, 202505, 202506, 202507, 202508, 202509, 202510, 202604, 202605, 202606","2024-09, 2024-10, 2025-07, 2025-09, 2025-10, 2026-09, 2026-10"
670704,Tha Daeng,Nong Phai District,Phetchabun,North,flashflood,34,0,34,180,0.189,19,"202404, 202405, 202406, 202407, 202408, 202409, 202410, 202502, 202503, 202504, 202505, 202506, 202507, 202508, 202509, 202510, 202604, 202605, 202606","2024-09, 2024-10, 2025-07, 2025-09, 2025-10, 2026-09, 2026-10"
800204,Thon Hong,Phrom Khiri District,Nakhon Si Thammarat,southeast,flashflood,34,0,34,180,0.189,20,"202401, 202406, 202407, 202408, 202409, 202410, 202411, 202412, 202501, 202506, 202507, 202508, 202509, 202510, 202511, 202512, 202601, 202602, 202603, 202606","2024-01, 2024-11, 2024-12, 2025-01, 2025-03, 2025-11, 2026-03, 2026-11"
800301,Khao Kaeo,Lan Saka District,Nakhon Si Thammarat,southeast,flashflood,34,0,34,180,0.189,19,"202401, 202406, 202407, 202408, 202409, 202410, 202411, 202412, 202501, 202506, 202507, 202508, 202509, 202510, 202511, 202512, 202601, 202602, 202603","2024-01, 2024-11, 2024-12, 2025-01, 2025-03, 2025-11, 2025-12, 2026-03"
820503,Bang Sai,Takua Pa District,Phang Nga,southwest,flashflood,34,0,34,180,0.189,18,"202401, 202403, 202404, 202405, 202406, 202407, 202408, 202409, 202501, 202502, 202503, 202504, 202506, 202510, 202601, 202602, 202604, 202606","2024-06, 2024-07, 2024-08, 2024-09, 2025-06, 2025-07, 2025-08, 2025-09, 2025-10, 2026-06"
850102,Ratchakrut,Mueang Ranong District,Ranong,southwest,flashflood,34,0,34,180,0.189,20,"202401, 202403, 202404, 202405, 202406, 202407, 202408, 202409, 202410, 202501, 202502, 202503, 202504, 202506, 202507, 202508, 202509, 202510, 202604, 202606","2024-06, 2024-07, 2024-08, 2024-10, 2024-11, 2025-06, 2025-07, 2025-11, 2026-06, 2026-07"
420505,Phon Sung,Dan Sai District,Loei,Northeast,flashflood,33,0,33,180,0.183,23,"202401, 202402, 202403, 202404, 202405, 202406, 202407, 202408, 202409, 202412, 202501, 202502, 202503, 202504, 202505, 202509, 202510, 202512, 202601, 202602, 202603, 202604, 202605","2024-05, 2024-06, 2024-08, 2024-09, 2024-10, 2025-05, 2025-06, 2025-09, 2025-10, 2026-05"
500404,Mae Na,Chiang Dao District,Chiang Mai,North,flashflood,33,0,33,180,0.183,19,"202402, 202403, 202404, 202405, 202406, 202407, 202408, 202409, 202501, 202502, 202503, 202504, 202505, 202508, 202510, 202603, 202604, 202605, 202606","2024-07, 2024-08, 2024-09, 2024-10, 2025-05, 2025-08, 2025-10, 2026-05, 2026-06, 2026-08"
500911,Mae Kha,Fang District,Chiang Mai,North,flashflood,33,0,33,180,0.183,21,"202403, 202404, 202405, 202406, 202407, 202408, 202409, 202410, 202501, 202502, 202503, 202504, 202505, 202506, 202507, 202508, 202510, 202603, 202604, 202605, 202606","2024-07, 2024-08, 2024-09, 2024-10, 2025-05, 2025-08, 2025-10, 2026-05, 2026-08, 2026-10"
501601,Hang Dong,Hot District,Chiang Mai,North,flashflood,33,0,33,180,0.183,21,"202403, 202404, 202405, 202406, 202407, 202408, 202409, 202412, 202501, 202502, 202503, 202504, 202505, 202506, 202507, 202508, 202509, 202510, 202604, 202605, 202606","2024-08, 2024-09, 2024-10, 2025-05, 2025-06, 2025-09, 2025-10, 2026-06, 2026-09"
501606,Na Kho Ruea,Hot District,Chiang Mai,North,flashflood,33,0,33,180,0.183,22,"202403, 202404, 202405, 202406, 202407, 202408, 202409, 202412, 202501, 202502, 202503, 202504, 202505, 202506, 202507, 202508, 202509, 202510, 202512, 202604, 202605, 202606","2024-08, 2024-09, 2025-05, 2025-06, 2025-09, 2025-10, 2026-05, 2026-06, 2026-09"
520506,Na Kae,Ngao District,Lampang,North,flashflood,33,0,33,180,0.183,19,"202402, 202403, 202404, 202405, 202406, 202407, 202408, 202409, 202410, 202412, 202501, 202502, 202503, 202504, 202505, 202506, 202507, 202508, 202509","2024-07, 2024-08, 2024-09, 2024-10, 2025-05, 2025-08, 2025-10"
540604,Tao Pun,Song District,Phrae,North,flashflood,33,0,33,180,0.183,20,"202403, 202404, 202405, 202406, 202407, 202408, 202409, 202410, 202503, 202504, 202505, 202506, 202507, 202508, 202509, 202510, 202603, 202604, 202605, 202606","2024-08, 2024-09, 2024-10, 2025-08, 2025-09, 2025-10, 2026-08"
550503,Sathan,Pua District,Nan,North,flashflood,33,0,33,180,0.183,21,"202402, 202403, 202404, 202405, 202406, 202407, 202408, 202412, 202501, 202502, 202503, 202504, 202505, 202506, 202507, 202508, 202602, 202603, 202604, 202605, 202606","2024-06, 2024-07, 2024-08, 2025-05, 2025-06, 2025-08, 2026-05, 2026-07, 2026-08"
550504,Sila Laeng,Pua District,Nan,North,flashflood,33,0,33,180,0.183,22,"202402, 202403, 202404, 202405, 202406, 202407, 202408, 202409, 202410, 202412, 202501, 202502, 202503, 202504, 202505, 202508, 202601, 202602, 202603, 202604, 202605, 202606","2024-06, 2024-07, 2024-08, 2024-09, 2024-10, 2025-05, 2025-06, 2025-07, 2025-08, 2026-05, 2026-08"
550605,Tan Chum,Tha Wang Pha District,Nan,North,flashflood,33,0,33,180,0.183,20,"202402, 202403, 202404, 202405, 202406, 202407, 202408, 202409, 202501, 202502, 202503, 202504, 202505, 202506, 202507, 202508, 202603, 202604, 202605, 202606","2024-06, 2024-07, 2024-08, 2024-09, 2025-06, 2025-07, 2025-08, 2026-08"
550712,Sanna Nong Mai,Wiang Sa District,Nan,North,flashflood,33,0,33,180,0.183,20,"202402, 202403, 202404, 202405, 202406, 202407, 202408, 202501, 202503, 202504, 202507, 202508, 202509, 202510, 202601, 202602, 202603, 202604, 202605, 202606","2024-07, 2024-08, 2025-06, 2025-08, 2025-09, 2025-10, 2026-05, 2026-06, 2026-08"
550802,Ngop,Thung Chang District,Nan,North,flashflood,33,0,33,180,0.183,18,"202402, 202403, 202404, 202405, 202406, 202407, 202408, 202409, 202501, 202502, 202503, 202504, 202505, 202506, 202507, 202508, 202605, 202606","2024-06, 2024-08, 2024-09, 2025-06, 2025-08, 2025-09, 2026-06, 2026-08"
550901,Chiang Klang,Chiang Klang District,Nan,North,flashflood,33,0,33,180,0.183,20,"202402, 202403, 202404, 202405, 202406, 202407, 202408, 202409, 202501, 202502, 202503, 202504, 202505, 202506, 202507, 202508, 202603, 202604, 202605, 202606","2024-06, 2024-07, 2024-08, 2024-09, 2025-06, 2025-08, 2025-09, 2026-06, 2026-08"
551102,Pa Laeo Luang,Santi Suk District,Nan,North,flashflood,33,0,33,180,0.183,19,"202402, 202403, 202404, 202405, 202406, 202407, 202408, 202409, 202501, 202503, 202504, 202505, 202506, 202507, 202508, 202603, 202604, 202605, 202606","2024-07, 2024-08, 2024-09, 2025-06, 2025-08, 2025-09, 2026-06, 2026-08"
560104,Mae Na Ruea,Mueang Phayao District,Phayao,North,flashflood,33,0,33,180,0.183,25,"202401, 202402, 202403, 202404, 202405, 202406, 202407, 202408, 202409, 202412, 202501, 202502, 202503, 202504, 202505, 202506, 202507, 202508, 202509, 202512, 202601, 202602, 202603, 202604, 202605","2024-05, 2024-08, 2024-09, 2024-10, 2025-05, 2025-08, 2025-10, 2026-05"
560312,Mae Lao,Chiang Kham District,Phayao,North,flashflood,33,0,33,180,0.183,20,"202402, 202403, 202404, 202405, 202406, 202407, 202408, 202409, 202501, 202502, 202503, 202504, 202505, 202506, 202507, 202508, 202603, 202604, 202605, 202606","2024-07, 2024-08, 2024-09, 2025-06, 2025-07, 2025-08, 2025-09, 2026-08"
560510,Bunkoet,Dok Khamtai District,Phayao,North,flashflood,33,0,33,180,0.183,20,"202402, 202403, 202404, 202405, 202406, 202407, 202408, 202409, 202412, 202501, 202502, 202503, 202504, 202505, 202506, 202507, 202508, 202509, 202604, 202606","2024-07, 2024-08, 2024-09, 2024-10, 2025-05, 2025-08, 2025-10, 2026-05, 2026-06"
570803,Ban Saeo,Chiang Saen District,Chiangrai,North,flashflood,33,0,33,180,0.183,20,"202402, 202403, 202404, 202405, 202406, 202407, 202408, 202409, 202410, 202502, 202503, 202504, 202505, 202506, 202507, 202508, 202603, 202604, 202605, 202606","2024-07, 2024-08, 2024-10, 2025-07, 2025-08, 2026-07, 2026-08"
580502,Mae La Luang,Mae La Noi District,Mae Hong Son,North,flashflood,33,0,33,180,0.183,21,"202403, 202404, 202405, 202406, 202407, 202408, 202409, 202501, 202502, 202503, 202504, 202505, 202506, 202507, 202508, 202510, 202512, 202603, 202604, 202605, 202606","2024-08, 2024-09, 2024-10, 2025-05, 2025-08, 2025-09, 2025-10, 2026-05, 2026-08"
670503,Sam Yaek,Wichian Buri District,Phetchabun,North,flashflood,33,0,33,180,0.183,18,"202404, 202405, 202406, 202407, 202408, 202409, 202410, 202503, 202504, 202505, 202506, 202507, 202508, 202509, 202510, 202604, 202605, 202606","2024-09, 2024-10, 2025-08, 2025-09, 2025-10, 2026-09, 2026-10"
800302,Lan Saka,Lan Saka District,Nakhon Si Thammarat,southeast,flashflood,33,0,33,180,0.183,18,"202401, 202406, 202407, 202408, 202409, 202410, 202411, 202412, 202501, 202507, 202508, 202509, 202510, 202511, 202512, 202601, 202602, 202603","2024-01, 2024-11, 2024-12, 2025-01, 2025-03, 2025-12, 2026-03"
930203,Khlong Chaloem,Kong Ra District,Phatthalung,southeast,flashflood,33,0,33,180,0.183,17,"202401, 202406, 202407, 202408, 202409, 202410, 202411, 202412, 202501, 202506, 202507, 202508, 202509, 202510, 202511, 202512, 202606","2024-01, 2024-11, 2024-12, 2025-01, 2025-02, 2025-11, 2025-12, 2026-11"
930204,Khlong Sai Khao,Kong Ra District,Phatthalung,southeast,flashflood,33,0,33,180,0.183,17,"202401, 202406, 202407, 202408, 202409, 202410, 202411, 202412, 202501, 202506, 202507, 202508, 202509, 202510, 202511, 202512, 202606","2024-01, 2024-11, 2024-12, 2025-01, 2025-02, 2025-11, 2025-12, 2026-11"
950102,Bu Di,Mueang Yala District,Yala,southeast,flashflood,33,0,33,180,0.183,16,"202401, 202406, 202407, 202408, 202409, 202410, 202411, 202412, 202501, 202507, 202508, 202509, 202510, 202511, 202512, 202606","2024-01, 2024-11, 2024-12, 2025-01, 2025-02, 2025-11, 2025-12, 2026-01, 2026-11"
960805,Mae Dong,Waeng District,Narathiwat,southeast,flashflood,33,0,33,180,0.183,15,"202405, 202406, 202407, 202408, 202409, 202410, 202411, 202412, 202501, 202507, 202508, 202509, 202510, 202511, 202512","2024-10, 2024-11, 2024-12, 2025-01, 2025-02, 2025-12, 2026-01"
412202,Ban Kong,Na Yung District,Udon Thani,Northeast,flashflood,32,0,32,180,0.178,19,"202402, 202403, 202404, 202405, 202406, 202407, 202408, 202409, 202412, 202501, 202502, 202503, 202504, 202505, 202508, 202509, 202512, 202602, 202604","2024-07, 2024-08, 2024-09, 2025-05, 2025-07, 2025-08, 2025-09, 2026-05"
501605,Bo Sali,Hot District,Chiang Mai,North,flashflood,32,0,32,180,0.178,21,"202403, 202404, 202405, 202406, 202407, 202408, 202412, 202501, 202502, 202503, 202504, 202505, 202507, 202508, 202512, 202601, 202602, 202603, 202604, 202605, 202606","2024-08, 2024-09, 2024-10, 2025-05, 2025-06, 2025-08, 2025-09, 2026-05, 2026-06"
520115,Ban Kha,Mueang Lampang District,Lampang,North,flashflood,32,0,32,180,0.178,19,"202402, 202403, 202404, 202405, 202406, 202407, 202408, 202412, 202501, 202502, 202503, 202504, 202505, 202506, 202507, 202508, 202509, 202510, 202604","2024-07, 2024-08, 2024-09, 2024-10, 2025-05, 2025-08, 2025-10, 2026-05"
520806,Na Pong,Thoeng District,Lampang,North,flashflood,32,0,32,180,0.178,21,"202404, 202405, 202406, 202407, 202408, 202409, 202412, 202501, 202502, 202503, 202504, 202505, 202506, 202507, 202508, 202509, 202510, 202512, 202604, 202605, 202606","2024-09, 2024-10, 2025-05, 2025-09, 2025-10, 2026-05, 2026-09, 2026-10"
550117,Sanian,Mueang Nan District,Nan,North,flashflood,32,0,32,180,0.178,18,"202402, 202403, 202404, 202405, 202406, 202407, 202408, 202409, 202503, 202504, 202505, 202506, 202507, 202508, 202603, 202604, 202605, 202606","2024-07, 2024-08, 2024-09, 2025-08, 2025-09, 2026-08"
550902,Puea,Chiang Klang District,Nan,North,flashflood,32,0,32,180,0.178,20,"202402, 202403, 202404, 202405, 202406, 202407, 202408, 202412, 202501, 202502, 202503, 202504, 202505, 202506, 202507, 202508, 202603, 202604, 202605, 202606","2024-06, 2024-07, 2024-08, 2025-05, 2025-06, 2025-08, 2026-05, 2026-06, 2026-08"
560202,Chun,Chun District,Phayao,North,flashflood,32,0,32,180,0.178,19,"202402, 202403, 202404, 202405, 202406, 202407, 202408, 202409, 202412, 202501, 202502, 202503, 202504, 202507, 202508, 202509, 202602, 202603, 202604","2024-07, 2024-08, 2024-09, 2025-05, 2025-06, 2025-08, 2025-10, 2026-05"
560502,Don Si Chum,Dok Khamtai District,Phayao,North,flashflood,32,0,32,180,0.178,20,"202402, 202403, 202404, 202405, 202406, 202407, 202408, 202409, 202412, 202501, 202502, 202503, 202504, 202505, 202506, 202507, 202508, 202509, 202604, 202606","2024-07, 2024-08, 2024-09, 2024-10, 2025-05, 2025-08, 2025-10, 2026-05, 2026-06"
560603,Oi,Pong District,Phayao,North,flashflood,32,0,32,180,0.178,21,"202402, 202403, 202404, 202405, 202406, 202407, 202408, 202410, 202501, 202502, 202503, 202504, 202505, 202506, 202507, 202508, 202509, 202603, 202604, 202605, 202606","2024-07, 2024-08, 2024-10, 2025-06, 2025-07, 2025-08, 2025-10, 2026-06, 2026-08"
580307,Pong Sa,Pai District,Mae Hong Son,North,flashflood,32,0,32,180,0.178,19,"202402, 202403, 202404, 202405, 202406, 202407, 202408, 202409, 202503, 202504, 202505, 202506, 202507, 202508, 202510, 202603, 202604, 202605, 202606","2024-07, 2024-08, 2024-09, 2024-10, 2025-08, 2025-10, 2026-08"
630404,Mae Tuen,Mae Ramat District,Tak,North,flashflood,32,0,32,180,0.178,20,"202404, 202405, 202406, 202407, 202408, 202410, 202412, 202501, 202502, 202503, 202504, 202505, 202506, 202508, 202510, 202512, 202603, 202604, 202605, 202606","2024-08, 2024-09, 2024-10, 2025-05, 2025-06, 2025-08, 2025-10, 2026-05, 2026-06, 2026-07, 2026-08"
670705,Phet Lakhon,Nong Phai District,Phetchabun,North,flashflood,32,0,32,180,0.178,18,"202404, 202405, 202406, 202407, 202408, 202409, 202410, 202503, 202504, 202505, 202506, 202507, 202508, 202509, 202510, 202604, 202605, 202606","2024-09, 2024-10, 2025-07, 2025-09, 2025-10, 2026-09, 2026-10"
800201,Phrom Lok,Phrom Khiri District,Nakhon Si Thammarat,southeast,flashflood,32,0,32,180,0.178,17,"202401, 202406, 202407, 202408, 202409, 202410, 202411, 202412, 202501, 202506, 202507, 202508, 202509, 202510, 202511, 202512, 202606","2024-01, 2024-11, 2024-12, 2025-01, 2025-11, 2025-12, 2026-11"
800303,Tha Di,Lan Saka District,Nakhon Si Thammarat,southeast,flashflood,32,0,32,180,0.178,17,"202401, 202406, 202407, 202408, 202409, 202410, 202411, 202412, 202501, 202506, 202507, 202508, 202509, 202510, 202511, 202512, 202606","2024-01, 2024-11, 2024-12, 2025-01, 2025-11, 2025-12, 2026-11"
800501,Phipun,Phipun District,Nakhon Si Thammarat,southeast,flashflood,32,0,32,180,0.178,17,"202401, 202406, 202407, 202408, 202409, 202410, 202411, 202412, 202501, 202506, 202507, 202508, 202509, 202510, 202511, 202512, 202606","2024-01, 2024-11, 2024-12, 2025-01, 2025-11, 2025-12, 2026-11"
800503,Khao Phra,Phipun District,Nakhon Si Thammarat,southeast,flashflood,32,0,32,180,0.178,17,"202401, 202406, 202407, 202408, 202409, 202410, 202411, 202412, 202501, 202506, 202507, 202508, 202509, 202510, 202511, 202512, 202606","2024-01, 2024-11, 2024-12, 2025-01, 2025-11, 2025-12, 2026-11"
800504,Yang Khom,Phipun District,Nakhon Si Thammarat,southeast,flashflood,32,0,32,180,0.178,17,"202401, 202405, 202406, 202407, 202408, 202409, 202410, 202411, 202412, 202501, 202506, 202507, 202508, 202509, 202510, 202511, 202606","2024-01, 2024-10, 2024-11, 2024-12, 2025-01, 2025-11, 2026-11"
801302,Hin Tok,Ron Phibun District,Nakhon Si Thammarat,southeast,flashflood,32,0,32,180,0.178,17,"202401, 202406, 202407, 202408, 202409, 202410, 202411, 202412, 202501, 202506, 202507, 202508, 202509, 202510, 202511, 202512, 202606","2024-01, 2024-11, 2024-12, 2025-01, 2025-11, 2025-12, 2026-11"
820602,Bang Wan,Khura Buri District,Phang Nga,southwest,flashflood,32,0,32,180,0.178,17,"202405, 202406, 202407, 202408, 202409, 202410, 202502, 202503, 202504, 202505, 202506, 202507, 202508, 202509, 202604, 202605, 202606","2024-07, 2024-08, 2024-09, 2024-10, 2025-07, 2025-08, 2025-09, 2026-09"
841211,Phoem Phun Sap,Ban Na San District,Surat Thani,southeast,flashflood,32,0,32,180,0.178,17,"202401, 202405, 202406, 202407, 202408, 202409, 202410, 202411, 202412, 202501, 202506, 202510, 202511, 202512, 202601, 202602, 202603","2024-01, 2024-10, 2024-11, 2024-12, 2025-01, 2025-03, 2025-11, 2026-03"
860111,Wang Mai,Mueang Chumphon District,Chumphon,southeast,flashflood,32,0,32,180,0.178,19,"202403, 202404, 202405, 202406, 202407, 202408, 202409, 202410, 202411, 202412, 202501, 202502, 202503, 202504, 202505, 202506, 202604, 202605, 202606","2024-08, 2024-09, 2024-11, 2024-12, 2025-01, 2025-07, 2026-07, 2026-08"
910501,Kamphaeng,La-ngu District,Satun,southwest,flashflood,32,0,32,180,0.178,18,"202403, 202404, 202405, 202406, 202407, 202408, 202409, 202410, 202411, 202504, 202505, 202506, 202507, 202508, 202509, 202604, 202605, 202606","2024-07, 2024-08, 2024-09, 2024-10, 2024-11, 2025-09, 2025-10, 2026-09"
930202,Charat,Kong Ra District,Phatthalung,southeast,flashflood,32,0,32,180,0.178,16,"202401, 202406, 202407, 202408, 202409, 202410, 202411, 202412, 202501, 202507, 202508, 202509, 202510, 202511, 202512, 202606","2024-01, 2024-11, 2024-12, 2025-01, 2025-02, 2025-11, 2025-12, 2026-11"
950609,Noen Ngam,Raman District,Yala,southeast,flashflood,32,0,32,180,0.178,15,"202401, 202406, 202407, 202408, 202409, 202410, 202411, 202412, 202501, 202507, 202508, 202509, 202510, 202511, 202512","2024-01, 2024-11, 2024-12, 2025-01, 2025-02, 2025-11, 2025-12, 2026-01"
250709,Pho Ngam,Prachantakham District,Prachinburi,east,flashflood,31,0,31,180,0.172,17,"202404, 202405, 202406, 202407, 202408, 202409, 202410, 202504, 202505, 202506, 202507, 202508, 202509, 202510, 202604, 202605, 202606","2024-09, 2024-10, 2025-08, 2025-09, 2025-10, 2026-08, 2026-09, 2026-10"
420105,Nam Man,Mueang Loei District,Loei,Northeast,flashflood,31,0,31,180,0.172,17,"202403, 202404, 202405, 202406, 202407, 202408, 202409, 202410, 202502, 202503, 202504, 202505, 202506, 202507, 202508, 202509, 202510","2024-07, 2024-08, 2024-09, 2024-10, 2025-07, 2025-08, 2025-09, 2025-10"
500307,Pang Hin Fon,Mae Chaem District,Chiang Mai,North,flashflood,31,0,31,180,0.172,19,"202403, 202404, 202405, 202406, 202407, 202408, 202409, 202503, 202504, 202505, 202506, 202507, 202508, 202510, 202512, 202603, 202604, 202605, 202606","2024-08, 2024-09, 2024-10, 2025-08, 2025-09, 2025-10, 2026-05, 2026-06, 2026-08"
501110,Mae Pang,Phrao District,Chiang Mai,North,flashflood,31,0,31,180,0.172,15,"202403, 202404, 202405, 202406, 202407, 202408, 202409, 202501, 202502, 202503, 202504, 202505, 202506, 202508, 202604","2024-07, 2024-08, 2024-09, 2024-10, 2025-05, 2025-06, 2025-08, 2026-05"
501706,Pong Thung,Doi Tao District,Chiang Mai,North,flashflood,31,0,31,180,0.172,18,"202403, 202404, 202405, 202406, 202407, 202408, 202409, 202501, 202504, 202505, 202506, 202507, 202508, 202509, 202510, 202604, 202605, 202606","2024-08, 2024-09, 2024-10, 2025-06, 2025-09, 2025-10, 2026-06, 2026-09"
501806,Na Kian,Omkoi District,Chiang Mai,North,flashflood,31,0,31,180,0.172,18,"202403, 202404, 202405, 202406, 202407, 202408, 202501, 202502, 202503, 202504, 202507, 202508, 202509, 202512, 202603, 202604, 202605, 202606","2024-08, 2024-09, 2024-10, 2025-05, 2025-06, 2025-08, 2025-09, 2026-05, 2026-06, 2026-07, 2026-09"
510203,Tha Kat,Mae Tha District,Lamphun,North,flashflood,31,0,31,180,0.172,15,"202402, 202403, 202404, 202405, 202406, 202407, 202408, 202409, 202507, 202508, 202509, 202510, 202604, 202605, 202606","2024-07, 2024-08, 2024-09, 2024-10, 2025-09, 2025-10, 2026-09, 2026-10"
521304,Chae Son,Mueang Pan District,Lampang,North,flashflood,31,0,31,180,0.172,17,"202402, 202403, 202404, 202405, 202406, 202407, 202408, 202409, 202410, 202412, 202501, 202502, 202503, 202504, 202505, 202508, 202604","2024-07, 2024-08, 2024-09, 2024-10, 2025-05, 2025-08, 2026-05"
540601,Ban Nun,Song District,Phrae,North,flashflood,31,0,31,180,0.172,20,"202403, 202404, 202405, 202406, 202407, 202408, 202409, 202410, 202503, 202504, 202505, 202506, 202507, 202508, 202509, 202510, 202603, 202604, 202605, 202606","2024-08, 2024-09, 2024-10, 2025-08, 2025-10, 2026-08"
540702,Soi,Wang Chin District,Phrae,North,flashflood,31,0,31,180,0.172,20,"202404, 202405, 202406, 202407, 202408, 202409, 202412, 202501, 202502, 202503, 202504, 202505, 202506, 202507, 202508, 202509, 202510, 202604, 202605, 202606","2024-09, 2024-10, 2025-05, 2025-09, 2025-10, 2026-05, 2026-09"
550102,Bo,Mueang Nan District,Nan,North,flashflood,31,0,31,180,0.172,19,"202402, 202403, 202404, 202405, 202406, 202407, 202408, 202409, 202501, 202503, 202504, 202505, 202506, 202507, 202508, 202603, 202604, 202605, 202606","2024-07, 2024-08, 2024-09, 2025-06, 2025-08, 2025-09, 2026-08"
550707,Nam Muap,Wiang Sa District,Nan,North,flashflood,31,0,31,180,0.172,20,"202402, 202403, 202404, 202405, 202406, 202407, 202408, 202501, 202503, 202504, 202505, 202506, 202507, 202508, 202601, 202602, 202603, 202604, 202605, 202606","2024-07, 2024-08, 2025-06, 2025-08, 2025-09, 2026-05, 2026-06, 2026-08"
550714,Mae Sakhon,Wiang Sa District,Nan,North,flashflood,31,0,31,180,0.172,21,"202402, 202403, 202404, 202405, 202406, 202407, 202408, 202409, 202412, 202501, 202504, 202505, 202506, 202507, 202508, 202512, 202601, 202602, 202603, 202604, 202605","2024-07, 2024-08, 2024-09, 2025-05, 2025-08, 2025-09, 2026-05"
560902,Dong Chen,Phu Kamyao District,Phayao,North,flashflood,31,0,31,180,0.172,21,"202403, 202404, 202405, 202406, 202407, 202408, 202409, 202412, 202501, 202502, 202503, 202504, 202505, 202506, 202508, 202601, 202602, 202603, 202604, 202605, 202606","2024-08, 2024-09, 2025-05, 2025-06, 2025-08, 2026-05, 2026-06, 2026-08"
570103,Ban Du,Mueang Chiang Rai District,Chiangrai,North,flashflood,31,0,31,180,0.172,19,"202403, 202404, 202405, 202406, 202407, 202408, 202409, 202501, 202502, 202503, 202504, 202505, 202506, 202508, 202601, 202602, 202603, 202604, 202605","2024-08, 2024-09, 2025-05, 2025-06, 2025-08, 2025-09, 2026-05, 2026-06"
570508,Pa Hung,Phan District,Chiangrai,North,flashflood,31,0,31,180,0.172,19,"202402, 202403, 202404, 202405, 202406, 202407, 202408, 202409, 202412, 202501, 202502, 202503, 202504, 202506, 202508, 202601, 202602, 202603, 202604","2024-07, 2024-08, 2024-09, 2024-10, 2025-05, 2025-06, 2025-08, 2026-05"
570606,Si Pho Ngoen,Pa Daet District,Chiangrai,North,flashflood,31,0,31,180,0.172,19,"202402, 202403, 202404, 202405, 202406, 202407, 202408, 202409, 202501, 202502, 202503, 202504, 202506, 202507, 202508, 202509, 202602, 202603, 202604","2024-07, 2024-08, 2024-09, 2025-05, 2025-06, 2025-08, 2025-10, 2026-05"
571102,Wiang,Wiang Pa Pao District,Chiangrai,North,flashflood,31,0,31,180,0.172,20,"202402, 202403, 202404, 202405, 202406, 202407, 202408, 202409, 202412, 202501, 202502, 202503, 202504, 202505, 202506, 202508, 202601, 202602, 202603, 202604","2024-07, 2024-08, 2024-09, 2024-10, 2025-05, 2025-06, 2025-08, 2026-05"
580401,Ban Kat,Mae Sariang District,Mae Hong Son,North,flashflood,31,0,31,180,0.172,18,"202403, 202404, 202405, 202406, 202407, 202408, 202410, 202503, 202504, 202505, 202506, 202507, 202508, 202510, 202603, 202604, 202605, 202606","2024-08, 2024-09, 2024-10, 2025-08, 2025-09, 2025-10, 2026-08"
630503,Mae Song,Tha Song Yang District,Tak,North,flashflood,31,0,31,180,0.172,18,"202403, 202404, 202405, 202406, 202407, 202408, 202501, 202503, 202504, 202505, 202506, 202507, 202508, 202602, 202603, 202604, 202605, 202606","2024-08, 2024-09, 2025-06, 2025-07, 2025-08, 2025-09, 2026-06, 2026-07, 2026-08, 2026-09"
670115,Huai Sakae,Mueang Phetchabun District,Phetchabun,North,flashflood,31,0,31,180,0.172,17,"202404, 202405, 202406, 202407, 202408, 202409, 202410, 202504, 202505, 202506, 202507, 202508, 202509, 202510, 202604, 202605, 202606","2024-09, 2024-10, 2025-09, 2025-10, 2026-08, 2026-09, 2026-10"
670707,Huai Pong,Nong Phai District,Phetchabun,North,flashflood,31,0,31,180,0.172,17,"202404, 202405, 202406, 202407, 202408, 202409, 202410, 202504, 202505, 202506, 202507, 202508, 202509, 202510, 202604, 202605, 202606","2024-09, 2024-10, 2025-09, 2025-10, 2026-08, 2026-09, 2026-10"
920803,Lamo,Na Yong District,Trang,southwest,flashflood,31,0,31,180,0.172,16,"202403, 202404, 202405, 202406, 202407, 202408, 202409, 202410, 202411, 202412, 202502, 202503, 202504, 202509, 202510, 202512","2024-07, 2024-08, 2024-09, 2024-11, 2024-12, 2025-07, 2025-09, 2025-11, 2025-12"
940603,Nam Dam,Thung Yang Daeng District,Pattani,southeast,flashflood,31,0,31,180,0.172,14,"202401, 202406, 202407, 202408, 202409, 202410, 202411, 202412, 202507, 202508, 202509, 202510, 202511, 202512","2024-01, 2024-11, 2024-12, 2025-01, 2025-11, 2025-12, 2026-01"
940706,Tro Bon,Sai Buri District,Pattani,southeast,flashflood,31,0,31,180,0.172,14,"202406, 202407, 202408, 202409, 202410, 202411, 202412, 202501, 202507, 202508, 202509, 202510, 202511, 202512","2024-11, 2024-12, 2025-01, 2025-02, 2025-11, 2025-12, 2026-01"
950602,Kalupang,Raman District,Yala,southeast,flashflood,31,0,31,180,0.172,14,"202406, 202407, 202408, 202409, 202410, 202411, 202412, 202501, 202507, 202508, 202509, 202510, 202511, 202512","2024-11, 2024-12, 2025-01, 2025-02, 2025-11, 2025-12, 2026-01"
950612,Buemang,Raman District,Yala,southeast,flashflood,31,0,31,180,0.172,15,"202401, 202406, 202407, 202408, 202409, 202410, 202411, 202412, 202501, 202507, 202508, 202509, 202510, 202511, 202512","2024-01, 2024-11, 2024-12, 2025-01, 2025-02, 2025-11, 2025-12, 2026-01"
190202,Thap Kwang,Kaeng Khoi District,Saraburi,Central,flashflood,30,0,30,180,0.167,19,"202403, 202404, 202405, 202406, 202407, 202408, 202409, 202501, 202503, 202504, 202505, 202506, 202507, 202508, 202509, 202603, 202604, 202605, 202606","2024-08, 2024-09, 2025-06, 2025-08, 2025-09, 2026-06, 2026-08, 2026-09"
420103,Na O,Mueang Loei District,Loei,Northeast,flashflood,30,0,30,180,0.167,15,"202403, 202404, 202405, 202406, 202407, 202408, 202409, 202502, 202503, 202504, 202505, 202506, 202509, 202510, 202604","2024-07, 2024-08, 2024-09, 2024-10, 2025-07, 2025-08, 2025-09, 2025-10, 2026-05"
500206,Ban Pae,Chom Thong District,Chiang Mai,North,flashflood,30,0,30,180,0.167,21,"202403, 202404, 202405, 202406, 202407, 202408, 202409, 202412, 202501, 202502, 202503, 202504, 202505, 202506, 202507, 202508, 202509, 202510, 202604, 202605, 202606","2024-08, 2024-09, 2024-10, 2025-05, 2025-06, 2025-09, 2025-10, 2026-06, 2026-09"
500406,Ping Khong,Chiang Dao District,Chiang Mai,North,flashflood,30,0,30,180,0.167,19,"202403, 202404, 202405, 202406, 202407, 202408, 202409, 202501, 202503, 202504, 202505, 202506, 202507, 202508, 202510, 202603, 202604, 202605, 202606","2024-07, 2024-08, 2024-09, 2024-10, 2025-06, 2025-08, 2025-10, 2026-08, 2026-10"
500607,Ban Pao,Mae Taeng District,Chiang Mai,North,flashflood,30,0,30,180,0.167,17,"202402, 202403, 202404, 202405, 202406, 202407, 202408, 202409, 202501, 202502, 202503, 202504, 202505, 202506, 202508, 202604, 202605","2024-07, 2024-08, 2024-09, 2025-05, 2025-08, 2026-05, 2026-08"
500612,Kuet Chang,Mae Taeng District,Chiang Mai,North,flashflood,30,0,30,180,0.167,11,"202402, 202403, 202404, 202405, 202406, 202407, 202408, 202409, 202410, 202508, 202605","2024-07, 2024-08, 2024-09, 2024-10, 2024-11, 2025-08, 2026-08"
520113,Ban Ueam,Mueang Lampang District,Lampang,North,flashflood,30,0,30,180,0.167,18,"202403, 202404, 202405, 202406, 202407, 202408, 202409, 202412, 202501, 202502, 202504, 202505, 202506, 202507, 202508, 202509, 202510, 202604","2024-07, 2024-08, 2024-09, 2024-10, 2025-05, 2025-06, 2025-10, 2026-05"
530602,Ban Khok,Ban Khok District,Auttaradit,North,flashflood,30,0,30,180,0.167,22,"202403, 202404, 202405, 202406, 202407, 202408, 202409, 202410, 202501, 202502, 202503, 202504, 202505, 202506, 202508, 202510, 202601, 202602, 202603, 202604, 202605, 202606","2024-08, 2024-09, 2024-10, 2025-06, 2025-08, 2025-10, 2026-06"
540602,Ban Klang,Song District,Phrae,North,flashflood,30,0,30,180,0.167,19,"202403, 202404, 202405, 202406, 202407, 202408, 202409, 202410, 202503, 202504, 202505, 202506, 202507, 202508, 202509, 202603, 202604, 202605, 202606","2024-08, 2024-09, 2024-10, 2025-08, 2025-10, 2026-08"
550505,Sila Phet,Pua District,Nan,North,flashflood,30,0,30,180,0.167,17,"202402, 202403, 202404, 202405, 202406, 202407, 202408, 202409, 202410, 202501, 202502, 202503, 202504, 202505, 202508, 202605, 202606","2024-06, 2024-07, 2024-08, 2024-09, 2024-10, 2025-06, 2025-08, 2026-07, 2026-08"
550908,Phaya Kaeo,Chiang Klang District,Nan,North,flashflood,30,0,30,180,0.167,19,"202402, 202403, 202404, 202405, 202406, 202407, 202408, 202409, 202501, 202502, 202503, 202504, 202505, 202507, 202508, 202603, 202604, 202605, 202606","2024-06, 2024-07, 2024-08, 2024-09, 2025-06, 2025-07, 2025-08, 2026-06, 2026-07, 2026-08"
560310,Rom Yen,Chiang Kham District,Phayao,North,flashflood,30,0,30,180,0.167,20,"202402, 202403, 202404, 202405, 202406, 202407, 202408, 202409, 202501, 202502, 202503, 202504, 202505, 202506, 202507, 202508, 202603, 202604, 202605, 202606","2024-07, 2024-08, 2024-09, 2025-06, 2025-08, 2026-08"
571005,Tha Ko,Mae Suai District,Chiangrai,North,flashflood,30,0,30,180,0.167,18,"202402, 202403, 202404, 202405, 202406, 202407, 202408, 202409, 202501, 202502, 202503, 202504, 202506, 202508, 202601, 202602, 202603, 202604","2024-07, 2024-08, 2024-09, 2025-05, 2025-06, 2025-07, 2025-08, 2026-05"
571101,San Sali,Wiang Pa Pao District,Chiangrai,North,flashflood,30,0,30,180,0.167,16,"202402, 202403, 202404, 202405, 202406, 202407, 202409, 202501, 202502, 202503, 202504, 202506, 202508, 202602, 202603, 202604","2024-07, 2024-08, 2024-09, 2024-10, 2025-05, 2025-06, 2025-07, 2025-08, 2026-05"
571402,Pa Tan,Khun Tan District,Chiangrai,North,flashflood,30,0,30,180,0.167,20,"202403, 202404, 202405, 202406, 202407, 202408, 202409, 202501, 202503, 202504, 202505, 202506, 202507, 202508, 202601, 202602, 202603, 202604, 202605, 202606","2024-07, 2024-08, 2024-09, 2025-05, 2025-06, 2025-08, 2026-05, 2026-06, 2026-08"
580703,Tham Lot,Pang Mapha District,Mae Hong Son,North,flashflood,30,0,30,180,0.167,20,"202403, 202404, 202405, 202406, 202407, 202408, 202409, 202410, 202503, 202504, 202505, 202506, 202507, 202508, 202510, 202602, 202603, 202604, 202605, 202606","2024-08, 2024-09, 2024-10, 2025-08, 2025-10, 2026-07, 2026-08"
620104,Na Bo Kham,Mueang Kamphaeng Phet District,Kampaeng Phet,North,flashflood,30,0,30,180,0.167,20,"202403, 202404, 202405, 202406, 202407, 202408, 202409, 202410, 202501, 202502, 202503, 202504, 202505, 202506, 202507, 202508, 202509, 202510, 202605, 202606","2024-08, 2024-09, 2024-10, 2025-05, 2025-09, 2025-10, 2026-10"
630506,Mae Usu,Tha Song Yang District,Tak,North,flashflood,30,0,30,180,0.167,18,"202403, 202404, 202405, 202406, 202407, 202408, 202501, 202503, 202504, 202505, 202506, 202507, 202508, 202602, 202603, 202604, 202605, 202606","2024-08, 2024-09, 2025-06, 2025-07, 2025-08, 2026-06, 2026-07, 2026-08, 2026-09"
841003,Khlong Sok,Phanom District,Surat Thani,southeast,flashflood,30,0,30,180,0.167,21,"202404, 202405, 202406, 202407, 202408, 202409, 202410, 202411, 202412, 202501, 202502, 202503, 202504, 202505, 202506, 202512, 202601, 202602, 202603, 202604, 202605","2024-09, 2024-10, 2024-11, 2025-05, 2025-09, 2025-11, 2026-05"
920303,Na Chum Het,Yan Ta Khao District,Trang,southwest,flashflood,30,0,30,180,0.167,18,"202403, 202404, 202405, 202406, 202407, 202410, 202411, 202412, 202502, 202503, 202504, 202505, 202506, 202507, 202508, 202509, 202510, 202512","2024-07, 2024-08, 2024-10, 2024-11, 2024-12, 2025-07, 2025-10, 2025-11, 2025-12"
940601,Talo Maena,Thung Yang Daeng District,Pattani,southeast,flashflood,30,0,30,180,0.167,14,"202401, 202406, 202407, 202408, 202409, 202410, 202411, 202412, 202507, 202508, 202509, 202510, 202511, 202512","2024-01, 2024-11, 2024-12, 2025-01, 2025-11, 2025-12, 2026-01"
940604,Pa Ku,Thung Yang Daeng District,Pattani,southeast,flashflood,30,0,30,180,0.167,13,"202406, 202407, 202408, 202409, 202410, 202411, 202412, 202507, 202508, 202509, 202510, 202511, 202512","2024-11, 2024-12, 2025-01, 2025-11, 2025-12, 2026-01"
950111,Lam Phaya,Mueang Yala District,Yala,southeast,flashflood,30,0,30,180,0.167,15,"202405, 202406, 202407, 202408, 202409, 202410, 202411, 202412, 202501, 202507, 202508, 202509, 202510, 202511, 202512","2024-10, 2024-12, 2025-01, 2025-11, 2025-12, 2026-01"
950604,Koto Tuera,Raman District,Yala,southeast,flashflood,30,0,30,180,0.167,15,"202401, 202406, 202407, 202408, 202409, 202410, 202411, 202412, 202501, 202507, 202508, 202509, 202510, 202511, 202512","2024-01, 2024-11, 2024-12, 2025-01, 2025-02, 2025-11, 2025-12, 2026-01"
950611,Ba-Ngoi,Raman District,Yala,southeast,flashflood,30,0,30,180,0.167,15,"202401, 202406, 202407, 202408, 202409, 202410, 202411, 202412, 202501, 202507, 202508, 202509, 202510, 202511, 202512","2024-01, 2024-11, 2024-12, 2025-01, 2025-02, 2025-11, 2025-12, 2026-01"
960606,La Lo,Rueso District,Narathiwat,southeast,flashflood,30,0,30,180,0.167,14,"202406, 202407, 202408, 202409, 202410, 202411, 202412, 202501, 202507, 202508, 202509, 202510, 202511, 202512","2024-11, 2024-12, 2025-01, 2025-02, 2025-11, 2025-12, 2026-01"
501802,Yang Piang,Omkoi District,Chiang Mai,North,flashflood,29,0,29,180,0.161,18,"202404, 202405, 202406, 202407, 202408, 202410, 202501, 202502, 202503, 202504, 202505, 202506, 202508, 202510, 202512, 202603, 202604, 202606","2024-09, 2024-10, 2025-05, 2025-06, 2025-08, 2025-10, 2026-05, 2026-06, 2026-07, 2026-08"
502001,Mueang Haeng,Wiang Haeng District,Chiang Mai,North,flashflood,29,0,29,180,0.161,18,"202403, 202404, 202405, 202406, 202407, 202408, 202409, 202501, 202503, 202504, 202506, 202508, 202510, 202602, 202603, 202604, 202605, 202606","2024-07, 2024-08, 2024-09, 2024-10, 2025-06, 2025-08, 2025-10, 2026-05, 2026-06, 2026-08, 2026-10"
502003,Saen Hai,Wiang Haeng District,Chiang Mai,North,flashflood,29,0,29,180,0.161,17,"202403, 202404, 202405, 202406, 202407, 202408, 202409, 202507, 202508, 202509, 202510, 202601, 202602, 202603, 202604, 202605, 202606","2024-08, 2024-09, 2024-10, 2025-08, 2025-10, 2026-05, 2026-08, 2026-10"
520303,Lai Hin,Ko Kha District,Lampang,North,flashflood,29,0,29,180,0.161,18,"202402, 202403, 202404, 202405, 202406, 202407, 202408, 202409, 202412, 202501, 202502, 202504, 202505, 202506, 202507, 202508, 202509, 202510","2024-07, 2024-08, 2024-09, 2024-10, 2025-05, 2025-10"
520603,Pong Don,Chae Hom District,Lampang,North,flashflood,29,0,29,180,0.161,18,"202403, 202404, 202405, 202406, 202407, 202408, 202409, 202412, 202501, 202502, 202503, 202504, 202505, 202506, 202507, 202508, 202509, 202604","2024-08, 2024-09, 2024-10, 2025-05, 2025-06, 2025-08, 2025-10, 2026-05"
520707,Wang Kaeo,Wang Nuea District,Lampang,North,flashflood,29,0,29,180,0.161,19,"202402, 202403, 202404, 202405, 202406, 202407, 202408, 202409, 202412, 202501, 202502, 202503, 202504, 202505, 202508, 202601, 202602, 202603, 202604","2024-07, 2024-08, 2024-09, 2025-05, 2025-08, 2026-05"
540504,Huai Rai,Den Chai District,Phrae,North,flashflood,29,0,29,180,0.161,15,"202401, 202402, 202403, 202404, 202405, 202406, 202407, 202408, 202409, 202410, 202501, 202502, 202503, 202504, 202509","2024-06, 2024-08, 2024-09, 2024-10, 2025-06, 2025-08, 2025-09"
540603,Huai Mai,Song District,Phrae,North,flashflood,29,0,29,180,0.161,20,"202403, 202404, 202405, 202406, 202407, 202408, 202409, 202410, 202503, 202504, 202505, 202506, 202507, 202508, 202509, 202510, 202603, 202604, 202605, 202606","2024-08, 2024-09, 2024-10, 2025-08, 2025-10, 2026-08"
550404,Sathan,Na Noi District,Nan,North,flashflood,29,0,29,180,0.161,20,"202403, 202404, 202405, 202406, 202407, 202408, 202409, 202410, 202412, 202501, 202504, 202505, 202507, 202508, 202509, 202510, 202601, 202602, 202603, 202604","2024-08, 2024-09, 2024-10, 2025-05, 2025-08, 2025-09, 2025-10, 2026-05"
550501,Pua,Pua District,Nan,North,flashflood,29,0,29,180,0.161,19,"202402, 202403, 202404, 202405, 202406, 202407, 202408, 202409, 202501, 202502, 202503, 202504, 202505, 202507, 202508, 202603, 202604, 202605, 202606","2024-06, 2024-07, 2024-08, 2024-09, 2025-06, 2025-07, 2025-08, 2026-08"
550604,Yom,Tha Wang Pha District,Nan,North,flashflood,29,0,29,180,0.161,22,"202402, 202403, 202404, 202405, 202406, 202407, 202408, 202409, 202410, 202501, 202502, 202503, 202504, 202505, 202506, 202507, 202508, 202510, 202603, 202604, 202605, 202606","2024-06, 2024-07, 2024-08, 2024-09, 2024-10, 2025-06, 2025-08, 2025-10, 2026-08"
560116,Tha Champi,Mueang Phayao District,Phayao,North,flashflood,29,0,29,180,0.161,14,"202402, 202403, 202404, 202405, 202406, 202407, 202408, 202409, 202505, 202506, 202507, 202508, 202509, 202604","2024-07, 2024-08, 2024-09, 2024-10, 2025-08, 2025-09, 2025-10, 2026-05"
560601,Pong,Pong District,Phayao,North,flashflood,29,0,29,180,0.161,18,"202402, 202403, 202404, 202405, 202406, 202407, 202408, 202409, 202410, 202505, 202506, 202507, 202508, 202509, 202603, 202604, 202605, 202606","2024-07, 2024-08, 2024-09, 2024-10, 2025-08, 2025-10, 2026-08"
560602,Khuan,Pong District,Phayao,North,flashflood,29,0,29,180,0.161,21,"202402, 202403, 202404, 202405, 202406, 202407, 202408, 202409, 202410, 202501, 202503, 202504, 202505, 202506, 202507, 202508, 202509, 202603, 202604, 202605, 202606","2024-07, 2024-08, 2024-09, 2024-10, 2025-06, 2025-08, 2025-10, 2026-06, 2026-08"
560702,Si Thoi,Mae Chai District,Phayao,North,flashflood,29,0,29,180,0.161,17,"202402, 202403, 202404, 202405, 202406, 202407, 202408, 202409, 202501, 202502, 202503, 202504, 202506, 202507, 202508, 202509, 202604","2024-07, 2024-08, 2024-09, 2025-05, 2025-06, 2025-08, 2025-10, 2026-05"
560706,Charoen Rat,Mae Chai District,Phayao,North,flashflood,29,0,29,180,0.161,17,"202402, 202403, 202404, 202405, 202406, 202407, 202408, 202409, 202501, 202502, 202503, 202504, 202506, 202507, 202508, 202509, 202604","2024-07, 2024-08, 2024-09, 2025-05, 2025-06, 2025-08, 2025-10, 2026-05"
570403,Plong,Thoeng District,Chiangrai,North,flashflood,29,0,29,180,0.161,21,"202402, 202403, 202404, 202405, 202406, 202407, 202408, 202409, 202501, 202504, 202505, 202506, 202507, 202508, 202509, 202601, 202602, 202603, 202604, 202605, 202606","2024-07, 2024-08, 2024-09, 2025-05, 2025-08, 2025-09, 2026-05, 2026-09"
570603,San Makha,Pa Daet District,Chiangrai,North,flashflood,29,0,29,180,0.161,18,"202402, 202403, 202404, 202405, 202406, 202407, 202408, 202409, 202412, 202501, 202502, 202503, 202504, 202508, 202601, 202602, 202603, 202604","2024-07, 2024-08, 2024-09, 2025-05, 2025-06, 2025-08, 2026-05"
571004,Si Thoi,Mae Suai District,Chiangrai,North,flashflood,29,0,29,180,0.161,21,"202403, 202404, 202405, 202406, 202407, 202408, 202409, 202501, 202502, 202503, 202504, 202505, 202506, 202507, 202508, 202601, 202602, 202603, 202604, 202605, 202606","2024-08, 2024-09, 2025-05, 2025-08, 2026-05, 2026-08"
571103,Ban Pong,Wiang Pa Pao District,Chiangrai,North,flashflood,29,0,29,180,0.161,15,"202402, 202403, 202404, 202405, 202406, 202407, 202408, 202409, 202501, 202502, 202503, 202504, 202506, 202508, 202604","2024-07, 2024-08, 2024-09, 2024-10, 2025-05, 2025-06, 2025-08, 2026-05"
580109,Huai Pu Ling,Mueang Mae Hong Son District,Mae Hong Son,North,flashflood,29,0,29,180,0.161,17,"202403, 202404, 202405, 202406, 202407, 202408, 202409, 202501, 202506, 202507, 202508, 202601, 202602, 202603, 202604, 202605, 202606","2024-08, 2024-09, 2025-06, 2025-08, 2026-06, 2026-07, 2026-08"
580403,Mae Khong,Mae Sariang District,Mae Hong Son,North,flashflood,29,0,29,180,0.161,20,"202403, 202404, 202405, 202406, 202407, 202408, 202409, 202501, 202502, 202503, 202504, 202505, 202506, 202507, 202508, 202510, 202512, 202603, 202605, 202606","2024-08, 2024-09, 2024-10, 2025-05, 2025-08, 2025-09, 2025-10, 2026-05, 2026-07"
630501,Tha Song Yang,Tha Song Yang District,Tak,North,flashflood,29,0,29,180,0.161,17,"202403, 202404, 202405, 202406, 202407, 202408, 202501, 202503, 202504, 202505, 202506, 202507, 202508, 202603, 202604, 202605, 202606","2024-08, 2024-09, 2025-06, 2025-08, 2025-09, 2026-06, 2026-07, 2026-08"
630505,Mae Wa Luang,Tha Song Yang District,Tak,North,flashflood,29,0,29,180,0.161,17,"202403, 202404, 202405, 202406, 202407, 202408, 202501, 202503, 202504, 202505, 202506, 202507, 202508, 202603, 202604, 202605, 202606","2024-08, 2024-09, 2025-06, 2025-08, 2025-09, 2026-06, 2026-07, 2026-08"
670103,Ban Tok,Mueang Phetchabun District,Phetchabun,North,flashflood,29,0,29,180,0.161,17,"202404, 202405, 202406, 202407, 202408, 202409, 202410, 202504, 202505, 202506, 202507, 202508, 202509, 202510, 202604, 202605, 202606","2024-09, 2024-10, 2025-09, 2025-10, 2026-09, 2026-10"
670111,Na Pa,Mueang Phetchabun District,Phetchabun,North,flashflood,29,0,29,180,0.161,17,"202404, 202405, 202406, 202407, 202408, 202409, 202410, 202504, 202505, 202506, 202507, 202508, 202509, 202510, 202604, 202605, 202606","2024-09, 2024-10, 2025-09, 2025-10, 2026-09, 2026-10"
710113,Ban Kao,Mueang Kanchanaburi District,Kanchanaburi,Central,flashflood,29,0,29,180,0.161,18,"202403, 202404, 202405, 202406, 202407, 202408, 202409, 202412, 202501, 202502, 202503, 202504, 202507, 202508, 202509, 202510, 202512, 202605","2024-08, 2024-09, 2024-10, 2025-05, 2025-09, 2025-10, 2025-11, 2026-05, 2026-08"
710205,Wang Krachae,Sai Yok District,Kanchanaburi,Central,flashflood,29,0,29,180,0.161,18,"202403, 202404, 202405, 202406, 202407, 202408, 202410, 202505, 202506, 202507, 202508, 202509, 202510, 202602, 202603, 202604, 202605, 202606","2024-08, 2024-09, 2024-10, 2025-10, 2026-07, 2026-08"
800116,Tha Ngio,Mueang Nakhon Si Thammarat District,Nakhon Si Thammarat,southeast,flashflood,29,0,29,180,0.161,17,"202406, 202407, 202408, 202409, 202410, 202411, 202412, 202501, 202506, 202507, 202508, 202509, 202510, 202511, 202512, 202601, 202606","2024-11, 2024-12, 2025-01, 2025-02, 2025-11, 2025-12, 2026-01, 2026-02, 2026-11"
950603,Kalo,Raman District,Yala,southeast,flashflood,29,0,29,180,0.161,15,"202401, 202406, 202407, 202408, 202409, 202410, 202411, 202412, 202501, 202507, 202508, 202509, 202510, 202511, 202512","2024-01, 2024-11, 2024-12, 2025-01, 2025-02, 2025-11, 2025-12, 2026-01"
960509,Chaloem,Ra-ngae District,Narathiwat,southeast,flashflood,29,0,29,180,0.161,14,"202406, 202407, 202408, 202409, 202410, 202411, 202412, 202501, 202507, 202508, 202509, 202510, 202511, 202512","2024-11, 2024-12, 2025-01, 2025-02, 2025-12, 2026-01"
960510,Marue Bo Tok,Ra-ngae District,Narathiwat,southeast,flashflood,29,0,29,180,0.161,14,"202406, 202407, 202408, 202409, 202410, 202411, 202412, 202501, 202507, 202508, 202509, 202510, 202511, 202512","2024-11, 2024-12, 2025-01, 2025-02, 2025-12, 2026-01"
420106,Siao,Mueang Loei District,Loei,Northeast,flashflood,28,0,28,180,0.156,15,"202403, 202404, 202405, 202406, 202407, 202408, 202409, 202410, 202502, 202503, 202504, 202505, 202506, 202509, 202510","2024-07, 2024-08, 2024-09, 2024-10, 2025-07, 2025-09, 2025-10"
420402,Chiang Klom,Pak Chom District,Loei,Northeast,flashflood,28,0,28,180,0.156,16,"202403, 202404, 202405, 202406, 202407, 202408, 202409, 202410, 202503, 202504, 202505, 202506, 202507, 202508, 202509, 202510","2024-08, 2024-09, 2024-10, 2024-11, 2025-08, 2025-09, 2025-10"
500903,Mon Pin,Fang District,Chiang Mai,North,flashflood,28,0,28,180,0.156,19,"202403, 202404, 202405, 202406, 202407, 202408, 202409, 202501, 202503, 202504, 202505, 202506, 202507, 202508, 202509, 202603, 202604, 202605, 202606","2024-08, 2024-09, 2025-05, 2025-08, 2025-09, 2026-05, 2026-08, 2026-09"
520304,Wang Phrao,Ko Kha District,Lampang,North,flashflood,28,0,28,180,0.156,20,"202403, 202404, 202405, 202406, 202407, 202408, 202409, 202412, 202501, 202502, 202503, 202504, 202505, 202506, 202507, 202508, 202509, 202510, 202603, 202604","2024-08, 2024-09, 2024-10, 2025-05, 2025-10, 2026-05"
520508,Ban Haeng,Ngao District,Lampang,North,flashflood,28,0,28,180,0.156,14,"202402, 202403, 202404, 202405, 202406, 202407, 202408, 202409, 202410, 202505, 202506, 202507, 202508, 202509","2024-07, 2024-08, 2024-09, 2024-10, 2025-08, 2025-10"
521203,Mueang Yao,Hang Chat District,Lampang,North,flashflood,28,0,28,180,0.156,18,"202403, 202404, 202405, 202406, 202407, 202408, 202409, 202412, 202501, 202502, 202503, 202504, 202505, 202506, 202507, 202508, 202509, 202510","2024-08, 2024-09, 2024-10, 2025-05, 2025-09, 2025-10"
550406,Bua Yai,Na Noi District,Nan,North,flashflood,28,0,28,180,0.156,20,"202403, 202404, 202405, 202406, 202407, 202408, 202409, 202410, 202412, 202501, 202505, 202506, 202507, 202508, 202509, 202510, 202601, 202602, 202603, 202604","2024-08, 2024-09, 2024-10, 2025-05, 2025-06, 2025-08, 2025-10, 2026-05"
550407,Namtok,Na Noi District,Nan,North,flashflood,28,0,28,180,0.156,18,"202402, 202403, 202404, 202405, 202406, 202407, 202409, 202412, 202501, 202506, 202507, 202508, 202509, 202510, 202601, 202602, 202603, 202604","2024-07, 2024-08, 2024-09, 2025-05, 2025-06, 2025-08, 2025-10, 2026-05"
550801,Pon,Thung Chang District,Nan,North,flashflood,28,0,28,180,0.156,19,"202402, 202403, 202404, 202405, 202406, 202407, 202408, 202409, 202501, 202502, 202503, 202504, 202505, 202506, 202507, 202508, 202604, 202605, 202606","2024-06, 2024-08, 2024-09, 2025-06, 2025-08, 2025-09, 2026-06, 2026-08"
560204,Hong Hin,Chun District,Phayao,North,flashflood,28,0,28,180,0.156,19,"202402, 202403, 202404, 202405, 202406, 202407, 202408, 202409, 202412, 202501, 202502, 202503, 202504, 202505, 202508, 202601, 202602, 202603, 202604","2024-07, 2024-08, 2024-09, 2025-05, 2025-08, 2026-05"
560205,Thung Ruang Thong,Chun District,Phayao,North,flashflood,28,0,28,180,0.156,17,"202402, 202403, 202404, 202405, 202406, 202407, 202408, 202409, 202412, 202501, 202502, 202504, 202508, 202601, 202602, 202603, 202604","2024-07, 2024-08, 2024-09, 2025-05, 2025-06, 2025-08, 2026-05"
570303,Khrueng,Chiang Khong District,Chiangrai,North,flashflood,28,0,28,180,0.156,19,"202402, 202403, 202404, 202405, 202406, 202407, 202408, 202409, 202502, 202503, 202504, 202505, 202506, 202507, 202508, 202603, 202604, 202605, 202606","2024-07, 2024-08, 2024-09, 2025-07, 2025-08, 2026-07, 2026-08"
570402,Ngio,Thoeng District,Chiangrai,North,flashflood,28,0,28,180,0.156,21,"202402, 202403, 202404, 202405, 202406, 202407, 202408, 202409, 202501, 202504, 202505, 202506, 202507, 202508, 202509, 202601, 202602, 202603, 202604, 202605, 202606","2024-07, 2024-08, 2024-09, 2025-05, 2025-08, 2025-09, 2026-05, 2026-09"
570410,Ngao,Thoeng District,Chiangrai,North,flashflood,28,0,28,180,0.156,21,"202402, 202403, 202404, 202405, 202406, 202407, 202408, 202409, 202501, 202503, 202504, 202505, 202506, 202507, 202508, 202601, 202602, 202603, 202604, 202605, 202606","2024-07, 2024-08, 2024-09, 2025-05, 2025-08, 2026-05, 2026-08"
580206,Mae U Kho,Khun Yuam District,Mae Hong Son,North,flashflood,28,0,28,180,0.156,18,"202403, 202404, 202405, 202406, 202407, 202408, 202409, 202501, 202503, 202504, 202505, 202506, 202507, 202508, 202603, 202604, 202605, 202606","2024-08, 2024-09, 2025-06, 2025-08, 2026-06, 2026-07, 2026-08"
580302,Wiang Nuea,Pai District,Mae Hong Son,North,flashflood,28,0,28,180,0.156,18,"202402, 202403, 202404, 202405, 202406, 202407, 202408, 202409, 202503, 202504, 202505, 202506, 202507, 202508, 202603, 202604, 202605, 202606","2024-07, 2024-08, 2024-09, 2025-08, 2026-07, 2026-08"
580303,Mae Na Toeng,Pai District,Mae Hong Son,North,flashflood,28,0,28,180,0.156,18,"202403, 202404, 202405, 202406, 202407, 202408, 202409, 202503, 202504, 202505, 202506, 202507, 202508, 202602, 202603, 202604, 202605, 202606","2024-07, 2024-08, 2024-09, 2025-08, 2026-07, 2026-08"
621101,Kosamphi,Kosamphi Nakhon District,Kampaeng Phet,North,flashflood,28,0,28,180,0.156,18,"202404, 202405, 202406, 202407, 202501, 202502, 202503, 202504, 202505, 202506, 202507, 202508, 202509, 202510, 202603, 202604, 202605, 202606","2024-09, 2024-10, 2025-06, 2025-08, 2025-10, 2025-11, 2026-08, 2026-10"
630502,Mae Tan,Tha Song Yang District,Tak,North,flashflood,28,0,28,180,0.156,17,"202403, 202404, 202405, 202406, 202407, 202408, 202501, 202503, 202504, 202505, 202506, 202507, 202508, 202603, 202604, 202605, 202606","2024-08, 2024-09, 2025-06, 2025-08, 2026-06, 2026-07, 2026-08, 2026-09"
630605,Mae Kasa,Mae Sot District,Tak,North,flashflood,28,0,28,180,0.156,19,"202404, 202405, 202406, 202407, 202408, 202409, 202501, 202502, 202503, 202504, 202505, 202507, 202508, 202509, 202602, 202603, 202604, 202605, 202606","2024-09, 2025-05, 2025-06, 2025-08, 2025-09, 2026-06, 2026-07, 2026-09"
650108,Don Thong,Mueang Phitsanulok District,Phitsanu Lok,North,flashflood,28,0,28,180,0.156,18,"202403, 202404, 202405, 202406, 202407, 202408, 202409, 202501, 202504, 202505, 202506, 202507, 202508, 202509, 202510, 202604, 202605, 202606","2024-08, 2024-09, 2025-06, 2025-09, 2025-10, 2026-09"
770801,Sam Roi Yot,Sam Roi Yot District,Prachuap Khilikhan,southeast,flashflood,28,0,28,180,0.156,16,"202401, 202405, 202406, 202407, 202408, 202409, 202410, 202411, 202412, 202501, 202509, 202510, 202511, 202512, 202601, 202602","2024-01, 2024-10, 2024-11, 2025-01, 2025-02, 2025-10, 2026-02"
840301,Don Sak,Don Sak District,Surat Thani,southeast,flashflood,28,0,28,180,0.156,19,"202406, 202407, 202408, 202409, 202410, 202411, 202501, 202504, 202506, 202507, 202508, 202509, 202510, 202511, 202512, 202601, 202602, 202603, 202604","2024-11, 2024-12, 2025-01, 2025-04, 2025-11, 2025-12, 2026-04"
840302,Chon Khram,Don Sak District,Surat Thani,southeast,flashflood,28,0,28,180,0.156,16,"202405, 202406, 202407, 202408, 202409, 202410, 202411, 202501, 202506, 202507, 202508, 202509, 202510, 202511, 202512, 202606","2024-10, 2024-11, 2024-12, 2025-01, 2025-11, 2025-12, 2026-11"
850106,Bang Non,Mueang Ranong District,Ranong,southwest,flashflood,28,0,28,180,0.156,17,"202401, 202403, 202404, 202405, 202406, 202407, 202408, 202409, 202410, 202411, 202412, 202501, 202502, 202503, 202504, 202604, 202606","2024-01, 2024-07, 2024-08, 2024-10, 2025-01, 2025-07, 2026-06, 2026-08"
850205,Bang Kaeo,La-un District,Ranong,southwest,flashflood,28,0,28,180,0.156,15,"202403, 202404, 202405, 202406, 202407, 202408, 202409, 202410, 202411, 202412, 202509, 202510, 202604, 202605, 202606","2024-08, 2024-09, 2024-10, 2024-11, 2024-12, 2025-11, 2026-08, 2026-09"
900407,Sathon,Na Thawi District,Songkhla,southeast,flashflood,28,0,28,180,0.156,12,"202405, 202406, 202407, 202408, 202409, 202410, 202411, 202412, 202508, 202510, 202511, 202512","2024-10, 2024-11, 2024-12, 2025-01, 2025-12, 2026-01"
910701,Pam Phatthana,Manang District,Satun,southwest,flashflood,28,0,28,180,0.156,17,"202404, 202405, 202406, 202407, 202408, 202409, 202410, 202411, 202412, 202502, 202503, 202504, 202505, 202506, 202508, 202509, 202512","2024-07, 2024-09, 2024-10, 2024-12, 2025-07, 2025-09, 2025-10, 2025-12"
931104,Lam Sin,Srinagarindra District,Phatthalung,southeast,flashflood,28,0,28,180,0.156,16,"202404, 202405, 202406, 202407, 202408, 202409, 202410, 202411, 202412, 202507, 202508, 202509, 202510, 202511, 202512, 202606","2024-09, 2024-11, 2024-12, 2025-11, 2025-12, 2026-11"
950503,Patae,Yaha District,Yala,southeast,flashflood,28,0,28,180,0.156,15,"202401, 202406, 202407, 202408, 202409, 202410, 202411, 202412, 202501, 202507, 202508, 202509, 202510, 202511, 202512","2024-01, 2024-11, 2024-12, 2025-01, 2025-02, 2025-11, 2025-12, 2026-01"
960507,Kalisa,Ra-ngae District,Narathiwat,southeast,flashflood,28,0,28,180,0.156,14,"202406, 202407, 202408, 202409, 202410, 202411, 202412, 202501, 202507, 202508, 202509, 202510, 202511, 202512","2024-11, 2024-12, 2025-01, 2025-02, 2025-12, 2026-01"
960801,Waeng,Waeng District,Narathiwat,southeast,flashflood,28,0,28,180,0.156,14,"202406, 202407, 202408, 202409, 202410, 202411, 202412, 202501, 202507, 202508, 202509, 202510, 202511, 202512","2024-11, 2024-12, 2025-01, 2025-02, 2025-12, 2026-01"
420304,Khao Kaeo,Chiang Khan District,Loei,Northeast,flashflood,27,0,27,180,0.15,13,"202402, 202403, 202404, 202405, 202406, 202407, 202408, 202409, 202502, 202503, 202504, 202509, 202510","2024-07, 2024-08, 2024-09, 2024-10, 2025-07, 2025-08, 2025-09, 2025-10"
420403,Hat Khamphi,Pak Chom District,Loei,Northeast,flashflood,27,0,27,180,0.15,17,"202403, 202404, 202405, 202406, 202407, 202408, 202409, 202410, 202503, 202504, 202505, 202506, 202507, 202508, 202509, 202510, 202605","2024-08, 2024-09, 2024-10, 2025-08, 2025-09, 2025-10, 2026-08"
501604,Bo Luang,Hot District,Chiang Mai,North,flashflood,27,0,27,180,0.15,20,"202403, 202404, 202405, 202406, 202407, 202408, 202412, 202501, 202502, 202503, 202504, 202505, 202508, 202510, 202512, 202601, 202602, 202603, 202604, 202605","2024-08, 2024-09, 2024-10, 2025-05, 2025-08, 2025-10, 2026-05"
510406,Mae Lan,Li District,Lamphun,North,flashflood,27,0,27,180,0.15,18,"202403, 202404, 202405, 202406, 202407, 202408, 202409, 202412, 202501, 202502, 202503, 202504, 202505, 202507, 202508, 202509, 202510, 202512","2024-08, 2024-09, 2024-10, 2025-05, 2025-09, 2025-10, 2026-05"
520605,Mueang Mai,Chae Hom District,Lampang,North,flashflood,27,0,27,180,0.15,19,"202403, 202404, 202405, 202406, 202407, 202408, 202409, 202412, 202501, 202502, 202503, 202504, 202505, 202506, 202507, 202508, 202509, 202510, 202604","2024-08, 2024-09, 2024-10, 2025-05, 2025-08, 2025-10, 2026-05"
520807,Mae Thot,Thoeng District,Lampang,North,flashflood,27,0,27,180,0.15,18,"202404, 202405, 202406, 202407, 202408, 202412, 202501, 202502, 202503, 202504, 202505, 202506, 202507, 202508, 202509, 202604, 202605, 202606","2024-09, 2024-10, 2025-05, 2025-06, 2025-09, 2025-10, 2026-06, 2026-09"
530116,Khun Fang,Mueang Uttaradit District,Auttaradit,North,flashflood,27,0,27,180,0.15,13,"202402, 202403, 202404, 202405, 202406, 202407, 202408, 202409, 202502, 202503, 202504, 202509, 202510","2024-07, 2024-08, 2024-09, 2024-10, 2025-07, 2025-08, 2025-09, 2025-10"
530301,Tha Pla,Tha Pla District,Auttaradit,North,flashflood,27,0,27,180,0.15,20,"202403, 202404, 202405, 202406, 202407, 202408, 202409, 202410, 202412, 202501, 202502, 202503, 202504, 202505, 202510, 202601, 202602, 202603, 202604, 202605","2024-08, 2024-09, 2024-10, 2025-05, 2025-10, 2026-05"
530403,Den Lek,Nam Pat District,Auttaradit,North,flashflood,27,0,27,180,0.15,16,"202404, 202405, 202406, 202407, 202408, 202409, 202410, 202507, 202508, 202509, 202510, 202602, 202603, 202604, 202605, 202606","2024-08, 2024-09, 2024-10, 2025-08, 2025-09, 2025-10, 2026-06, 2026-08"
540704,Na Phun,Wang Chin District,Phrae,North,flashflood,27,0,27,180,0.15,20,"202401, 202402, 202403, 202404, 202405, 202406, 202407, 202408, 202409, 202412, 202501, 202502, 202503, 202504, 202505, 202509, 202601, 202602, 202603, 202604","2024-06, 2024-09, 2025-05, 2025-06, 2025-09, 2026-05"
550509,Chai Watthana,Pua District,Nan,North,flashflood,27,0,27,180,0.15,20,"202402, 202403, 202404, 202405, 202406, 202407, 202408, 202409, 202501, 202502, 202503, 202504, 202505, 202506, 202507, 202508, 202603, 202604, 202605, 202606","2024-06, 2024-07, 2024-08, 2024-09, 2025-06, 2025-08, 2026-08"
550602,Pa Kha,Tha Wang Pha District,Nan,North,flashflood,27,0,27,180,0.15,20,"202402, 202403, 202404, 202405, 202406, 202407, 202408, 202409, 202501, 202502, 202503, 202504, 202505, 202506, 202507, 202508, 202603, 202604, 202605, 202606","2024-06, 2024-07, 2024-08, 2024-09, 2025-06, 2025-08, 2026-08"
560206,Huai Yang Kham,Chun District,Phayao,North,flashflood,27,0,27,180,0.15,18,"202402, 202403, 202404, 202405, 202406, 202407, 202408, 202409, 202412, 202501, 202502, 202503, 202504, 202508, 202601, 202602, 202603, 202604","2024-07, 2024-08, 2024-09, 2025-05, 2025-06, 2025-08, 2026-05"
560301,Yuan,Chiang Kham District,Phayao,North,flashflood,27,0,27,180,0.15,16,"202402, 202403, 202404, 202405, 202406, 202407, 202408, 202409, 202507, 202508, 202601, 202602, 202603, 202604, 202605, 202606","2024-07, 2024-08, 2024-09, 2025-08, 2026-05, 2026-08"
560308,Fai Kwang,Chiang Kham District,Phayao,North,flashflood,27,0,27,180,0.15,18,"202402, 202403, 202404, 202405, 202406, 202407, 202408, 202409, 202503, 202504, 202505, 202506, 202507, 202508, 202603, 202604, 202605, 202606","2024-07, 2024-08, 2024-09, 2025-08, 2026-08"
560607,Khun Khuan,Pong District,Phayao,North,flashflood,27,0,27,180,0.15,20,"202402, 202403, 202404, 202405, 202406, 202407, 202408, 202409, 202410, 202503, 202504, 202505, 202506, 202507, 202508, 202509, 202603, 202604, 202605, 202606","2024-07, 2024-08, 2024-09, 2024-10, 2025-08, 2025-10, 2026-08"
570409,Tap Tao,Thoeng District,Chiangrai,North,flashflood,27,0,27,180,0.15,14,"202402, 202403, 202404, 202405, 202406, 202407, 202408, 202409, 202502, 202503, 202504, 202508, 202605, 202606","2024-07, 2024-08, 2024-09, 2025-07, 2025-08, 2026-07, 2026-08"
570805,Mae Ngoen,Chiang Saen District,Chiangrai,North,flashflood,27,0,27,180,0.15,17,"202403, 202404, 202405, 202406, 202407, 202408, 202409, 202503, 202504, 202505, 202506, 202507, 202508, 202603, 202604, 202605, 202606","2024-07, 2024-08, 2024-09, 2025-08, 2025-09, 2026-07, 2026-08"
571104,Pa Ngio,Wiang Pa Pao District,Chiangrai,North,flashflood,27,0,27,180,0.15,16,"202402, 202403, 202404, 202405, 202406, 202407, 202408, 202409, 202501, 202502, 202503, 202504, 202505, 202506, 202508, 202604","2024-07, 2024-08, 2024-09, 2024-10, 2025-05, 2025-06, 2025-08, 2026-05"
571106,Mae Chedi,Wiang Pa Pao District,Chiangrai,North,flashflood,27,0,27,180,0.15,15,"202402, 202403, 202404, 202405, 202406, 202407, 202408, 202409, 202501, 202502, 202503, 202504, 202505, 202508, 202604","2024-07, 2024-08, 2024-09, 2024-10, 2025-05, 2025-08, 2026-05"
650207,Nam Kum,Nakhon Thai District,Phitsanu Lok,North,flashflood,27,0,27,180,0.15,19,"202401, 202402, 202403, 202404, 202405, 202406, 202407, 202408, 202409, 202501, 202502, 202503, 202504, 202507, 202508, 202509, 202604, 202605, 202606","2024-06, 2024-08, 2024-09, 2025-06, 2025-09, 2026-09"
841203,Thung Tao,Ban Na San District,Surat Thani,southeast,flashflood,27,0,27,180,0.15,15,"202401, 202406, 202407, 202408, 202409, 202410, 202411, 202412, 202501, 202510, 202511, 202512, 202601, 202602, 202603","2024-01, 2024-11, 2024-12, 2025-01, 2025-03, 2026-03"
841204,Lamphun,Ban Na San District,Surat Thani,southeast,flashflood,27,0,27,180,0.15,15,"202401, 202406, 202407, 202408, 202409, 202410, 202411, 202412, 202501, 202510, 202511, 202512, 202601, 202602, 202603","2024-01, 2024-11, 2024-12, 2025-01, 2025-03, 2026-03"
860406,Ban Khuan,Lang Suan District,Chumphon,southeast,flashflood,27,0,27,180,0.15,16,"202406, 202407, 202408, 202409, 202410, 202411, 202412, 202501, 202506, 202507, 202508, 202509, 202510, 202511, 202512, 202606","2024-10, 2024-11, 2024-12, 2025-01, 2025-11, 2025-12, 2026-11"
920410,Li Phang,Palian District,Trang,southwest,flashflood,27,0,27,180,0.15,16,"202403, 202404, 202405, 202406, 202407, 202408, 202409, 202412, 202502, 202503, 202504, 202505, 202506, 202507, 202508, 202509","2024-07, 2024-08, 2024-09, 2024-10, 2024-12, 2025-07, 2025-09, 2025-10"
950306,Khuean Bang Lang,Bannang Sata District,Yala,southeast,flashflood,27,0,27,180,0.15,13,"202406, 202407, 202408, 202409, 202410, 202411, 202412, 202507, 202508, 202509, 202510, 202511, 202512","2024-11, 2024-12, 2025-01, 2025-11, 2025-12, 2026-01"
950614,Wang Phaya,Raman District,Yala,southeast,flashflood,27,0,27,180,0.15,14,"202401, 202407, 202408, 202409, 202410, 202411, 202412, 202501, 202507, 202508, 202509, 202510, 202511, 202512","2024-01, 2024-12, 2025-01, 2025-02, 2025-11, 2025-12, 2026-01"
950701,Kabang,Kabang District,Yala,southeast,flashflood,27,0,27,180,0.15,13,"202406, 202407, 202408, 202409, 202410, 202411, 202412, 202507, 202508, 202509, 202510, 202511, 202512","2024-11, 2024-12, 2025-01, 2025-12, 2026-01"
500802,Samoeng Nuea,Samoeng District,Chiang Mai,North,flashflood,26,0,26,180,0.144,15,"202402, 202403, 202404, 202405, 202406, 202407, 202408, 202409, 202501, 202502, 202503, 202504, 202505, 202508, 202605","2024-07, 2024-08, 2024-09, 2024-10, 2025-05, 2025-08, 2026-08"
501805,Sop Khong,Omkoi District,Chiang Mai,North,flashflood,26,0,26,180,0.144,15,"202405, 202406, 202407, 202408, 202410, 202501, 202504, 202506, 202508, 202510, 202602, 202603, 202604, 202605, 202606","2024-08, 2024-09, 2024-10, 2025-06, 2025-08, 2025-10, 2026-06, 2026-07, 2026-08"
502404,Santi Suk,Doi Lo District,Chiang Mai,North,flashflood,26,0,26,180,0.144,19,"202403, 202404, 202405, 202406, 202407, 202408, 202409, 202501, 202502, 202503, 202504, 202505, 202507, 202508, 202509, 202510, 202604, 202605, 202606","2024-08, 2024-09, 2024-10, 2025-05, 2025-09, 2025-10, 2026-09"
510301,Ban Hong,Ban Hong District,Lamphun,North,flashflood,26,0,26,180,0.144,19,"202403, 202404, 202405, 202406, 202407, 202408, 202409, 202412, 202501, 202502, 202503, 202504, 202505, 202507, 202508, 202509, 202510, 202605, 202606","2024-08, 2024-09, 2024-10, 2025-05, 2025-10, 2026-10"
520501,Luang Nuea,Ngao District,Lampang,North,flashflood,26,0,26,180,0.144,16,"202402, 202403, 202404, 202405, 202406, 202407, 202408, 202409, 202412, 202501, 202502, 202508, 202601, 202602, 202603, 202604","2024-07, 2024-08, 2024-09, 2025-05, 2025-08, 2026-05"
520502,Luang Tai,Ngao District,Lampang,North,flashflood,26,0,26,180,0.144,15,"202402, 202403, 202404, 202405, 202406, 202407, 202408, 202409, 202507, 202508, 202509, 202601, 202602, 202603, 202604","2024-07, 2024-08, 2024-09, 2025-08, 2025-10, 2026-05"
520507,Ban On,Ngao District,Lampang,North,flashflood,26,0,26,180,0.144,13,"202402, 202403, 202404, 202405, 202406, 202407, 202408, 202409, 202505, 202506, 202507, 202508, 202509","2024-07, 2024-08, 2024-09, 2024-10, 2025-08, 2025-10"
520802,Mae Wa,Thoeng District,Lampang,North,flashflood,26,0,26,180,0.144,18,"202404, 202405, 202406, 202407, 202408, 202409, 202412, 202501, 202502, 202503, 202504, 202505, 202506, 202507, 202508, 202509, 202510, 202512","2024-09, 2024-10, 2025-05, 2025-09, 2025-10, 2026-05"
521101,Sop Prap,Sop Prap District,Lampang,North,flashflood,26,0,26,180,0.144,16,"202404, 202405, 202406, 202407, 202408, 202409, 202504, 202505, 202506, 202507, 202508, 202509, 202510, 202604, 202605, 202606","2024-09, 2024-10, 2025-09, 2025-10, 2026-09"
521301,Mueang Pan,Mueang Pan District,Lampang,North,flashflood,26,0,26,180,0.144,17,"202403, 202404, 202405, 202406, 202407, 202408, 202409, 202412, 202501, 202502, 202503, 202504, 202505, 202506, 202508, 202604, 202606","2024-08, 2024-09, 2025-05, 2025-06, 2025-08, 2026-05, 2026-06"
530305,Nam Man,Tha Pla District,Auttaradit,North,flashflood,26,0,26,180,0.144,16,"202401, 202402, 202403, 202404, 202405, 202406, 202407, 202408, 202409, 202410, 202501, 202502, 202503, 202504, 202509, 202510","2024-06, 2024-08, 2024-09, 2024-10, 2025-06, 2025-09, 2025-10"
530902,Bo Thong,Thong Saen Khan District,Auttaradit,North,flashflood,26,0,26,180,0.144,15,"202403, 202404, 202405, 202406, 202407, 202408, 202409, 202410, 202503, 202504, 202505, 202507, 202508, 202509, 202510","2024-08, 2024-09, 2024-10, 2025-08, 2025-09, 2025-10"
551103,Phong,Santi Suk District,Nan,North,flashflood,26,0,26,180,0.144,19,"202402, 202403, 202404, 202405, 202406, 202407, 202408, 202409, 202501, 202503, 202504, 202505, 202506, 202507, 202508, 202603, 202604, 202605, 202606","2024-07, 2024-08, 2024-09, 2025-06, 2025-08, 2026-07, 2026-08"
570308,Si Don Chai,Chiang Khong District,Chiangrai,North,flashflood,26,0,26,180,0.144,17,"202403, 202404, 202405, 202406, 202407, 202408, 202409, 202503, 202504, 202505, 202506, 202507, 202508, 202603, 202604, 202605, 202606","2024-07, 2024-08, 2024-09, 2025-08, 2026-07, 2026-08"
570605,Rong Chang,Pa Daet District,Chiangrai,North,flashflood,26,0,26,180,0.144,17,"202402, 202403, 202404, 202405, 202406, 202407, 202408, 202409, 202501, 202502, 202504, 202506, 202508, 202601, 202602, 202603, 202604","2024-07, 2024-08, 2024-09, 2025-05, 2025-06, 2025-08, 2026-05"
571303,Lai Ngao,Wiang Kaen District,Chiangrai,North,flashflood,26,0,26,180,0.144,19,"202402, 202403, 202404, 202405, 202406, 202407, 202408, 202501, 202503, 202504, 202505, 202506, 202508, 202601, 202602, 202603, 202604, 202605, 202606","2024-07, 2024-08, 2025-05, 2025-08, 2026-05, 2026-07, 2026-08"
630203,Mae Salit,Ban Tak District,Tak,North,flashflood,26,0,26,180,0.144,20,"202404, 202405, 202406, 202407, 202408, 202410, 202412, 202501, 202502, 202503, 202504, 202505, 202507, 202508, 202509, 202510, 202512, 202604, 202605, 202606","2024-09, 2024-10, 2025-05, 2025-09, 2025-10, 2026-05, 2026-09"
800502,Kathun,Phipun District,Nakhon Si Thammarat,southeast,flashflood,26,0,26,180,0.144,16,"202401, 202406, 202407, 202408, 202409, 202410, 202411, 202412, 202501, 202506, 202507, 202508, 202509, 202510, 202511, 202606","2024-01, 2024-11, 2024-12, 2025-01, 2025-11, 2026-11"
800505,Khuan Klang,Phipun District,Nakhon Si Thammarat,southeast,flashflood,26,0,26,180,0.144,16,"202401, 202406, 202407, 202408, 202409, 202410, 202411, 202412, 202501, 202506, 202507, 202508, 202509, 202510, 202511, 202606","2024-01, 2024-11, 2024-12, 2025-01, 2025-11, 2026-11"
800906,Na Luang Sen,Thung Song District,Nakhon Si Thammarat,southeast,flashflood,26,0,26,180,0.144,16,"202401, 202406, 202407, 202408, 202409, 202410, 202411, 202412, 202501, 202506, 202507, 202508, 202509, 202510, 202511, 202606","2024-01, 2024-11, 2024-12, 2025-01, 2025-11, 2026-11"
800911,Tham Yai,Thung Song District,Nakhon Si Thammarat,southeast,flashflood,26,0,26,180,0.144,16,"202401, 202406, 202407, 202408, 202409, 202410, 202411, 202412, 202501, 202506, 202507, 202508, 202509, 202510, 202511, 202606","2024-01, 2024-11, 2024-12, 2025-01, 2025-11, 2026-11"
802201,Chang Klang,Chang Klang District,Nakhon Si Thammarat,southeast,flashflood,26,0,26,180,0.144,14,"202401, 202405, 202406, 202407, 202408, 202409, 202410, 202411, 202412, 202501, 202502, 202503, 202504, 202506","2024-01, 2024-07, 2024-10, 2024-11, 2025-01, 2025-07, 2025-11"
860804,Chong Mai Kaeo,Thung Tako District,Chumphon,southeast,flashflood,26,0,26,180,0.144,19,"202403, 202404, 202405, 202406, 202407, 202408, 202409, 202410, 202411, 202412, 202501, 202507, 202508, 202509, 202510, 202511, 202512, 202605, 202606","2024-08, 2024-11, 2024-12, 2025-01, 2025-12, 2026-08"
920305,Phrong Chorakhe,Yan Ta Khao District,Trang,southwest,flashflood,26,0,26,180,0.144,15,"202403, 202404, 202405, 202406, 202407, 202409, 202410, 202411, 202412, 202505, 202506, 202507, 202508, 202509, 202512","2024-08, 2024-09, 2024-10, 2024-11, 2024-12, 2025-10, 2025-12"
420110,Nam Suai,Mueang Loei District,Loei,Northeast,flashflood,25,0,25,180,0.139,16,"202403, 202404, 202405, 202406, 202407, 202408, 202409, 202410, 202503, 202504, 202505, 202506, 202507, 202508, 202509, 202510","2024-08, 2024-09, 2024-10, 2025-08, 2025-09, 2025-10"
500405,Mueang Khong,Chiang Dao District,Chiang Mai,North,flashflood,25,0,25,180,0.139,12,"202402, 202403, 202404, 202405, 202406, 202407, 202408, 202409, 202508, 202510, 202603, 202604","2024-07, 2024-08, 2024-09, 2024-10, 2025-08, 2025-10, 2026-08"
501109,Mae Waen,Phrao District,Chiang Mai,North,flashflood,25,0,25,180,0.139,19,"202403, 202404, 202405, 202406, 202407, 202408, 202409, 202501, 202502, 202503, 202504, 202505, 202506, 202507, 202508, 202603, 202604, 202605, 202606","2024-08, 2024-09, 2024-10, 2025-06, 2025-08, 2026-08"
501801,Omkoi,Omkoi District,Chiang Mai,North,flashflood,25,0,25,180,0.139,15,"202403, 202404, 202405, 202406, 202407, 202408, 202501, 202502, 202503, 202504, 202505, 202506, 202510, 202512, 202606","2024-08, 2024-09, 2024-10, 2025-05, 2025-06, 2025-10, 2026-05, 2026-06, 2026-07"
502102,Si Dong Yen,Chai Prakan District,Chiang Mai,North,flashflood,25,0,25,180,0.139,15,"202403, 202404, 202405, 202406, 202407, 202408, 202409, 202501, 202502, 202504, 202508, 202510, 202603, 202604, 202605","2024-07, 2024-08, 2024-09, 2024-10, 2025-05, 2025-08, 2025-10, 2026-05, 2026-08, 2026-10"
502104,Nong Bua,Chai Prakan District,Chiang Mai,North,flashflood,25,0,25,180,0.139,18,"202403, 202404, 202405, 202406, 202407, 202408, 202409, 202501, 202502, 202503, 202504, 202505, 202506, 202508, 202510, 202603, 202604, 202605","2024-08, 2024-09, 2025-05, 2025-08, 2025-10, 2026-05, 2026-08, 2026-10"
502204,Mae Win,Mae Wang District,Chiang Mai,North,flashflood,25,0,25,180,0.139,13,"202402, 202403, 202404, 202405, 202406, 202407, 202408, 202409, 202501, 202502, 202503, 202504, 202505","2024-07, 2024-08, 2024-09, 2024-10, 2025-05"
510403,Na Sai,Li District,Lamphun,North,flashflood,25,0,25,180,0.139,18,"202404, 202405, 202406, 202407, 202408, 202409, 202412, 202501, 202502, 202503, 202504, 202505, 202506, 202507, 202508, 202509, 202510, 202512","2024-09, 2024-10, 2025-05, 2025-09, 2025-10, 2026-05"
510503,Takhian Pom,Thung Hua Chang District,Lamphun,North,flashflood,25,0,25,180,0.139,16,"202403, 202404, 202405, 202406, 202407, 202408, 202409, 202412, 202501, 202502, 202503, 202504, 202505, 202507, 202508, 202510","2024-08, 2024-09, 2024-10, 2025-05, 2025-10"
520109,Ban Laeng,Mueang Lampang District,Lampang,North,flashflood,25,0,25,180,0.139,14,"202403, 202404, 202405, 202406, 202407, 202408, 202409, 202410, 202505, 202506, 202507, 202508, 202509, 202510","2024-08, 2024-09, 2024-10, 2025-06, 2025-08, 2025-10"
520401,Thung Ngam,Soem Ngam District,Lampang,North,flashflood,25,0,25,180,0.139,15,"202403, 202404, 202405, 202406, 202407, 202408, 202409, 202505, 202506, 202507, 202508, 202509, 202510, 202604, 202606","2024-08, 2024-09, 2024-10, 2025-06, 2025-10, 2026-05, 2026-06"
520403,Soem Sai,Soem Ngam District,Lampang,North,flashflood,25,0,25,180,0.139,14,"202403, 202404, 202405, 202406, 202407, 202408, 202506, 202507, 202508, 202509, 202510, 202604, 202605, 202606","2024-08, 2024-09, 2024-10, 2025-06, 2025-09, 2025-10, 2026-06, 2026-09"
520601,Chae Hom,Chae Hom District,Lampang,North,flashflood,25,0,25,180,0.139,17,"202403, 202404, 202405, 202406, 202407, 202408, 202409, 202412, 202501, 202502, 202503, 202504, 202505, 202507, 202508, 202509, 202604","2024-08, 2024-09, 2024-10, 2025-05, 2025-08, 2025-10, 2026-05"
520607,Wichet Nakhon,Chae Hom District,Lampang,North,flashflood,25,0,25,180,0.139,17,"202403, 202404, 202405, 202406, 202407, 202408, 202409, 202412, 202501, 202502, 202503, 202504, 202505, 202507, 202508, 202509, 202604","2024-08, 2024-09, 2024-10, 2025-05, 2025-08, 2025-10, 2026-05"
521206,Mae San,Hang Chat District,Lampang,North,flashflood,25,0,25,180,0.139,18,"202404, 202405, 202406, 202407, 202408, 202412, 202501, 202502, 202503, 202504, 202505, 202506, 202507, 202508, 202509, 202510, 202605, 202606","2024-08, 2024-09, 2024-10, 2025-05, 2025-10, 2026-10"
521207,Wo Kaeo,Hang Chat District,Lampang,North,flashflood,25,0,25,180,0.139,17,"202403, 202404, 202405, 202406, 202407, 202408, 202412, 202501, 202502, 202503, 202504, 202505, 202506, 202507, 202508, 202509, 202510","2024-08, 2024-09, 2024-10, 2025-05, 2025-10"
550206,Mae Charim,Mae Charim District,Nan,North,flashflood,25,0,25,180,0.139,14,"202402, 202403, 202404, 202405, 202406, 202407, 202408, 202409, 202501, 202504, 202507, 202508, 202605, 202606","2024-07, 2024-08, 2024-09, 2025-06, 2025-08, 2025-09, 2026-07"
550502,Ngaeng,Pua District,Nan,North,flashflood,25,0,25,180,0.139,20,"202402, 202403, 202404, 202405, 202406, 202407, 202408, 202409, 202501, 202502, 202503, 202504, 202505, 202506, 202507, 202508, 202603, 202604, 202605, 202606","2024-06, 2024-08, 2024-09, 2025-06, 2025-08, 2026-08"
550510,Chedi Chai,Pua District,Nan,North,flashflood,25,0,25,180,0.139,21,"202402, 202403, 202404, 202405, 202406, 202407, 202408, 202409, 202410, 202501, 202502, 202503, 202504, 202505, 202506, 202507, 202508, 202603, 202604, 202605, 202606","2024-06, 2024-08, 2024-09, 2024-10, 2025-06, 2025-08, 2026-08"
550710,Pong Sanuk,Wiang Sa District,Nan,North,flashflood,25,0,25,180,0.139,16,"202402, 202403, 202404, 202405, 202406, 202407, 202408, 202502, 202503, 202504, 202507, 202508, 202603, 202604, 202605, 202606","2024-07, 2024-08, 2025-07, 2025-08, 2025-09, 2026-08"
551004,Ping Luang,Na Muen District,Nan,North,flashflood,25,0,25,180,0.139,20,"202403, 202404, 202405, 202406, 202407, 202408, 202409, 202412, 202501, 202502, 202503, 202504, 202505, 202506, 202512, 202601, 202602, 202603, 202604, 202605","2024-08, 2024-09, 2025-05, 2025-06, 2026-05"
551101,Du Phong,Santi Suk District,Nan,North,flashflood,25,0,25,180,0.139,17,"202402, 202403, 202404, 202405, 202406, 202407, 202408, 202409, 202410, 202503, 202504, 202505, 202506, 202507, 202508, 202509, 202510","2024-07, 2024-08, 2024-09, 2024-10, 2025-08, 2025-10"
560307,Wiang,Chiang Kham District,Phayao,North,flashflood,25,0,25,180,0.139,19,"202402, 202403, 202404, 202405, 202406, 202407, 202408, 202409, 202501, 202503, 202504, 202505, 202506, 202507, 202508, 202603, 202604, 202605, 202606","2024-07, 2024-08, 2024-09, 2025-06, 2025-08, 2026-08"
560605,Pha Chang Noi,Pong District,Phayao,North,flashflood,25,0,25,180,0.139,18,"202402, 202403, 202404, 202405, 202406, 202407, 202408, 202502, 202503, 202504, 202505, 202506, 202507, 202508, 202603, 202604, 202605, 202606","2024-07, 2024-08, 2025-07, 2025-08, 2026-08"
570310,Rim Khong,Chiang Khong District,Chiangrai,North,flashflood,25,0,25,180,0.139,17,"202403, 202404, 202405, 202406, 202407, 202408, 202409, 202503, 202504, 202505, 202506, 202507, 202508, 202603, 202604, 202605, 202606","2024-08, 2024-09, 2025-08, 2025-09, 2026-07, 2026-08"
570502,Mae O,Phan District,Chiangrai,North,flashflood,25,0,25,180,0.139,17,"202403, 202404, 202405, 202406, 202407, 202408, 202409, 202501, 202502, 202503, 202504, 202508, 202601, 202602, 202603, 202604, 202605","2024-07, 2024-08, 2024-09, 2024-11, 2025-05, 2025-08, 2026-05"
570509,Muang Kham,Phan District,Chiangrai,North,flashflood,25,0,25,180,0.139,17,"202402, 202403, 202404, 202405, 202406, 202407, 202409, 202412, 202501, 202502, 202503, 202504, 202508, 202601, 202602, 202603, 202604","2024-07, 2024-08, 2024-09, 2025-05, 2025-08, 2026-05"
570513,Mueang Phan,Phan District,Chiangrai,North,flashflood,25,0,25,180,0.139,16,"202402, 202403, 202404, 202405, 202406, 202407, 202409, 202501, 202502, 202503, 202504, 202508, 202601, 202602, 202603, 202604","2024-07, 2024-08, 2024-09, 2025-05, 2025-08, 2026-05"
580201,Khun Yuam,Khun Yuam District,Mae Hong Son,North,flashflood,25,0,25,180,0.139,18,"202403, 202404, 202405, 202406, 202407, 202408, 202409, 202503, 202504, 202505, 202506, 202507, 202508, 202602, 202603, 202604, 202605, 202606","2024-08, 2024-09, 2025-08, 2026-07, 2026-08"
580202,Mae Ngao,Khun Yuam District,Mae Hong Son,North,flashflood,25,0,25,180,0.139,17,"202403, 202404, 202405, 202406, 202407, 202408, 202409, 202503, 202504, 202505, 202506, 202507, 202508, 202603, 202604, 202605, 202606","2024-08, 2024-09, 2025-08, 2026-07, 2026-08"
580204,Mae Yuam Noi,Khun Yuam District,Mae Hong Son,North,flashflood,25,0,25,180,0.139,18,"202403, 202404, 202405, 202406, 202407, 202408, 202409, 202501, 202503, 202504, 202505, 202506, 202507, 202508, 202603, 202604, 202605, 202606","2024-08, 2024-09, 2025-06, 2025-08, 2026-06, 2026-08"
580405,Mae Yuam,Mae Sariang District,Mae Hong Son,North,flashflood,25,0,25,180,0.139,16,"202403, 202404, 202405, 202406, 202407, 202408, 202503, 202504, 202505, 202506, 202507, 202508, 202603, 202604, 202605, 202606","2024-08, 2024-09, 2025-08, 2025-09, 2026-08"
640504,Mae Sin,Si Satchanalai District,Sukhothai,North,flashflood,25,0,25,180,0.139,17,"202404, 202405, 202406, 202407, 202408, 202409, 202503, 202504, 202505, 202506, 202507, 202508, 202509, 202510, 202604, 202605, 202606","2024-08, 2024-09, 2024-10, 2025-08, 2025-09, 2025-10, 2026-09"
800406,Kapiat,Chawang District,Nakhon Si Thammarat,southeast,flashflood,25,0,25,180,0.139,15,"202405, 202406, 202407, 202408, 202409, 202410, 202411, 202412, 202506, 202507, 202508, 202509, 202510, 202511, 202606","2024-10, 2024-11, 2024-12, 2025-11, 2026-11"
841106,Pak Chalui,Tha Chang District,Surat Thani,southeast,flashflood,25,0,25,180,0.139,17,"202406, 202407, 202408, 202409, 202410, 202411, 202412, 202501, 202502, 202504, 202507, 202508, 202509, 202510, 202511, 202512, 202606","2024-11, 2024-12, 2025-01, 2025-05, 2025-11, 2025-12, 2026-11"
850103,Ngao,Mueang Ranong District,Ranong,southwest,flashflood,25,0,25,180,0.139,19,"202403, 202404, 202405, 202406, 202407, 202408, 202409, 202410, 202506, 202507, 202508, 202509, 202510, 202601, 202602, 202603, 202604, 202605, 202606","2024-07, 2024-08, 2024-11, 2025-07, 2025-11, 2026-06, 2026-07"
860503,Suan Taeng,Lamae District,Chumphon,southeast,flashflood,25,0,25,180,0.139,15,"202401, 202406, 202407, 202408, 202409, 202410, 202411, 202412, 202501, 202507, 202508, 202509, 202510, 202511, 202512","2024-01, 2024-11, 2024-12, 2025-01, 2025-12"
900305,Na Wa,Chanae District,Songkhla,southeast,flashflood,25,0,25,180,0.139,15,"202401, 202406, 202407, 202408, 202409, 202410, 202411, 202412, 202501, 202507, 202508, 202509, 202510, 202511, 202512","2024-01, 2024-11, 2024-12, 2025-01, 2025-12"
901204,Khlong Rang,Na Mom District,Songkhla,southeast,flashflood,25,0,25,180,0.139,15,"202401, 202406, 202407, 202408, 202409, 202410, 202411, 202412, 202501, 202507, 202508, 202509, 202510, 202511, 202512","2024-01, 2024-11, 2024-12, 2025-01, 2025-12"
910601,Thung Wa,Thung Wa District,Satun,southwest,flashflood,25,0,25,180,0.139,20,"202405, 202406, 202407, 202408, 202409, 202410, 202412, 202501, 202503, 202504, 202505, 202506, 202507, 202508, 202509, 202510, 202511, 202512, 202601, 202602","2024-08, 2024-10, 2024-12, 2025-02, 2025-08, 2025-10, 2026-02"
920118,Ban Pho,Mueang Trang District,Trang,southwest,flashflood,25,0,25,180,0.139,15,"202403, 202404, 202405, 202406, 202407, 202409, 202410, 202411, 202412, 202505, 202506, 202507, 202508, 202509, 202512","2024-08, 2024-09, 2024-11, 2024-12, 2025-10, 2025-11, 2025-12"
930703,Tapaen,Si Banphot District,Phatthalung,southeast,flashflood,25,0,25,180,0.139,15,"202406, 202407, 202408, 202409, 202410, 202411, 202412, 202506, 202507, 202508, 202509, 202510, 202511, 202512, 202606","2024-11, 2024-12, 2025-11, 2025-12, 2026-11"
950106,Yala,Mueang Yala District,Yala,southeast,flashflood,25,0,25,180,0.139,14,"202401, 202407, 202408, 202409, 202410, 202411, 202412, 202501, 202507, 202508, 202509, 202510, 202511, 202512","2024-01, 2024-12, 2025-01, 2025-02, 2025-11, 2025-12, 2026-01"
950110,Na Tham,Mueang Yala District,Yala,southeast,flashflood,25,0,25,180,0.139,14,"202401, 202407, 202408, 202409, 202410, 202411, 202412, 202501, 202507, 202508, 202509, 202510, 202511, 202512","2024-01, 2024-12, 2025-01, 2025-02, 2025-11, 2025-12, 2026-01"
950114,Phron,Mueang Yala District,Yala,southeast,flashflood,25,0,25,180,0.139,14,"202401, 202407, 202408, 202409, 202410, 202411, 202412, 202501, 202507, 202508, 202509, 202510, 202511, 202512","2024-01, 2024-12, 2025-01, 2025-02, 2025-11, 2025-12, 2026-01"
950502,La-Ae,Yaha District,Yala,southeast,flashflood,25,0,25,180,0.139,14,"202401, 202407, 202408, 202409, 202410, 202411, 202412, 202501, 202507, 202508, 202509, 202510, 202511, 202512","2024-01, 2024-12, 2025-01, 2025-02, 2025-11, 2025-12, 2026-01"
190213,Cham Phak Phaeo,Kaeng Khoi District,Saraburi,Central,flashflood,24,0,24,180,0.133,16,"202403, 202404, 202405, 202406, 202407, 202408, 202409, 202503, 202504, 202505, 202506, 202508, 202603, 202604, 202605, 202606","2024-08, 2024-09, 2025-08, 2025-09, 2026-08, 2026-09"
220508,Ang Khiri,Makham District,Chanthaburi,east,flashflood,24,0,24,180,0.133,19,"202403, 202404, 202405, 202406, 202407, 202408, 202410, 202503, 202504, 202505, 202506, 202507, 202508, 202509, 202510, 202603, 202604, 202605, 202606","2024-08, 2024-10, 2025-08, 2025-09, 2025-10, 2026-08, 2026-09"
411802,Nam Som,Nam Som District,Udon Thani,Northeast,flashflood,24,0,24,180,0.133,18,"202403, 202404, 202405, 202406, 202407, 202408, 202409, 202410, 202412, 202501, 202502, 202503, 202504, 202505, 202509, 202510, 202512, 202604","2024-08, 2024-10, 2024-11, 2025-05, 2025-09, 2025-10, 2026-05"
500608,San Pa Yang,Mae Taeng District,Chiang Mai,North,flashflood,24,0,24,180,0.133,11,"202402, 202403, 202404, 202405, 202406, 202407, 202408, 202409, 202508, 202605, 202606","2024-07, 2024-08, 2024-09, 2024-10, 2025-08, 2026-08"
501602,Hot,Hot District,Chiang Mai,North,flashflood,24,0,24,180,0.133,16,"202403, 202404, 202405, 202406, 202407, 202408, 202409, 202412, 202501, 202502, 202503, 202504, 202505, 202506, 202510, 202606","2024-08, 2024-09, 2024-10, 2025-05, 2025-06, 2025-10, 2026-06"
502103,Mae Thalop,Chai Prakan District,Chiang Mai,North,flashflood,24,0,24,180,0.133,16,"202403, 202404, 202405, 202406, 202407, 202408, 202409, 202501, 202503, 202504, 202505, 202506, 202508, 202603, 202604, 202605","2024-08, 2024-09, 2025-05, 2025-08, 2026-05, 2026-08, 2026-10"
502201,Ban Kat,Mae Wang District,Chiang Mai,North,flashflood,24,0,24,180,0.133,13,"202402, 202403, 202404, 202405, 202406, 202407, 202408, 202409, 202501, 202502, 202503, 202504, 202505","2024-07, 2024-08, 2024-09, 2024-10, 2025-05"
502202,Thung Pi,Mae Wang District,Chiang Mai,North,flashflood,24,0,24,180,0.133,13,"202402, 202403, 202404, 202405, 202406, 202407, 202408, 202409, 202501, 202502, 202503, 202504, 202505","2024-07, 2024-08, 2024-09, 2024-10, 2025-05"
520803,Mae Pa,Thoeng District,Lampang,North,flashflood,24,0,24,180,0.133,18,"202404, 202405, 202406, 202407, 202408, 202409, 202412, 202501, 202502, 202503, 202504, 202505, 202506, 202507, 202508, 202509, 202512, 202604","2024-09, 2024-10, 2025-05, 2025-09, 2025-10, 2026-05"
520804,Mae Mok,Thoeng District,Lampang,North,flashflood,24,0,24,180,0.133,18,"202404, 202405, 202406, 202407, 202408, 202409, 202412, 202501, 202502, 202503, 202504, 202505, 202506, 202507, 202508, 202509, 202510, 202512","2024-09, 2024-10, 2025-05, 2025-09, 2025-10, 2026-05"
521011,San Don Kaeo,Mae Tha District,Lampang,North,flashflood,24,0,24,180,0.133,17,"202403, 202404, 202405, 202406, 202407, 202408, 202409, 202412, 202501, 202502, 202503, 202504, 202505, 202601, 202602, 202603, 202604","2024-08, 2024-09, 2024-10, 2025-05, 2026-05"
530304,Charim,Tha Pla District,Auttaradit,North,flashflood,24,0,24,180,0.133,18,"202404, 202405, 202406, 202407, 202408, 202409, 202410, 202412, 202501, 202502, 202503, 202504, 202505, 202601, 202602, 202603, 202604, 202605","2024-08, 2024-09, 2024-10, 2025-05, 2026-05"
530308,Ruam Chit,Tha Pla District,Auttaradit,North,flashflood,24,0,24,180,0.133,18,"202404, 202405, 202406, 202407, 202408, 202409, 202412, 202501, 202502, 202503, 202504, 202505, 202509, 202510, 202601, 202602, 202603, 202604","2024-08, 2024-09, 2024-10, 2025-05, 2025-09, 2025-10, 2026-05"
530402,Ban Fai,Nam Pat District,Auttaradit,North,flashflood,24,0,24,180,0.133,13,"202403, 202404, 202405, 202406, 202407, 202408, 202409, 202410, 202503, 202504, 202508, 202509, 202510","2024-07, 2024-08, 2024-09, 2024-10, 2025-08, 2025-09, 2025-10"
540703,Mae Pak,Wang Chin District,Phrae,North,flashflood,24,0,24,180,0.133,14,"202403, 202404, 202405, 202406, 202407, 202408, 202409, 202412, 202501, 202502, 202503, 202504, 202603, 202604","2024-08, 2024-09, 2024-10, 2025-05, 2025-08, 2026-05"
550301,Ban Fa,Ban Luang District,Nan,North,flashflood,24,0,24,180,0.133,18,"202402, 202403, 202404, 202405, 202406, 202407, 202408, 202410, 202501, 202503, 202504, 202505, 202506, 202507, 202508, 202509, 202510, 202606","2024-07, 2024-08, 2024-10, 2025-06, 2025-08, 2025-10, 2026-06"
550512,Sakat,Pua District,Nan,North,flashflood,24,0,24,180,0.133,15,"202403, 202404, 202405, 202406, 202407, 202408, 202409, 202501, 202502, 202503, 202504, 202506, 202508, 202605, 202606","2024-06, 2024-07, 2024-08, 2024-09, 2025-06, 2025-08, 2025-09, 2026-07"
550610,Pha Thong,Tha Wang Pha District,Nan,North,flashflood,24,0,24,180,0.133,13,"202402, 202403, 202404, 202405, 202406, 202407, 202408, 202501, 202502, 202503, 202504, 202505, 202508","2024-06, 2024-07, 2024-08, 2025-06, 2025-07, 2025-08"
550711,I Na Lai,Wiang Sa District,Nan,North,flashflood,24,0,24,180,0.133,18,"202402, 202403, 202404, 202405, 202406, 202407, 202408, 202409, 202412, 202501, 202507, 202508, 202509, 202510, 202601, 202602, 202603, 202604","2024-07, 2024-08, 2024-09, 2025-05, 2025-08, 2025-10, 2026-05"
551001,Na Thanung,Na Muen District,Nan,North,flashflood,24,0,24,180,0.133,21,"202403, 202404, 202405, 202406, 202407, 202408, 202410, 202412, 202501, 202502, 202503, 202504, 202505, 202506, 202508, 202512, 202601, 202602, 202603, 202604, 202605","2024-08, 2024-10, 2025-05, 2025-06, 2025-08, 2026-05"
551003,Mueang Li,Na Muen District,Nan,North,flashflood,24,0,24,180,0.133,20,"202403, 202404, 202405, 202406, 202407, 202408, 202409, 202412, 202501, 202502, 202503, 202504, 202505, 202508, 202512, 202601, 202602, 202603, 202604, 202605","2024-08, 2024-09, 2025-05, 2025-08, 2026-05"
560201,Huai Khao Kam,Chun District,Phayao,North,flashflood,24,0,24,180,0.133,18,"202403, 202404, 202405, 202406, 202407, 202408, 202409, 202412, 202501, 202502, 202503, 202504, 202505, 202508, 202601, 202602, 202603, 202604","2024-08, 2024-09, 2025-05, 2025-06, 2025-08, 2026-05"
560203,Lo,Chun District,Phayao,North,flashflood,24,0,24,180,0.133,18,"202402, 202403, 202404, 202405, 202406, 202407, 202408, 202409, 202412, 202501, 202502, 202503, 202504, 202508, 202601, 202602, 202603, 202604","2024-07, 2024-09, 2025-05, 2025-06, 2025-08, 2026-05"
560503,Ban Tham,Dok Khamtai District,Phayao,North,flashflood,24,0,24,180,0.133,15,"202403, 202404, 202405, 202406, 202407, 202408, 202409, 202501, 202504, 202505, 202506, 202507, 202508, 202509, 202606","2024-07, 2024-08, 2024-09, 2025-06, 2025-08, 2025-10, 2026-06"
570712,Chan Chawa Tai,Mae Chan District,Chiangrai,North,flashflood,24,0,24,180,0.133,18,"202403, 202404, 202405, 202406, 202407, 202408, 202503, 202504, 202505, 202506, 202507, 202508, 202601, 202602, 202603, 202604, 202605, 202606","2024-07, 2024-08, 2025-08, 2026-05, 2026-06, 2026-07, 2026-08"
570903,Ko Chang,Mae Sai District,Chiangrai,North,flashflood,24,0,24,180,0.133,19,"202403, 202404, 202405, 202406, 202407, 202408, 202409, 202503, 202504, 202505, 202506, 202507, 202508, 202601, 202602, 202603, 202604, 202605, 202606","2024-07, 2024-08, 2024-09, 2025-08, 2026-05, 2026-07, 2026-08"
571301,Muang Yai,Wiang Kaen District,Chiangrai,North,flashflood,24,0,24,180,0.133,16,"202402, 202403, 202404, 202405, 202406, 202407, 202412, 202501, 202504, 202508, 202601, 202602, 202603, 202604, 202605, 202606","2024-07, 2024-08, 2025-05, 2025-06, 2025-08, 2026-05, 2026-07, 2026-08"
571401,Ta,Khun Tan District,Chiangrai,North,flashflood,24,0,24,180,0.133,20,"202403, 202404, 202405, 202406, 202407, 202408, 202409, 202501, 202503, 202504, 202505, 202506, 202507, 202508, 202601, 202602, 202603, 202604, 202605, 202606","2024-07, 2024-08, 2024-09, 2025-05, 2025-08, 2026-05, 2026-08"
630401,Mae Ramat,Mae Ramat District,Tak,North,flashflood,24,0,24,180,0.133,17,"202404, 202405, 202406, 202407, 202408, 202409, 202410, 202501, 202502, 202503, 202504, 202505, 202508, 202510, 202603, 202604, 202606","2024-08, 2024-09, 2024-10, 2025-05, 2025-06, 2025-08, 2025-09, 2025-10, 2026-06, 2026-07, 2026-08"
630403,Khane Chue,Mae Ramat District,Tak,North,flashflood,24,0,24,180,0.133,18,"202404, 202405, 202406, 202407, 202408, 202410, 202412, 202501, 202502, 202503, 202504, 202505, 202508, 202510, 202603, 202604, 202605, 202606","2024-08, 2024-09, 2024-10, 2025-05, 2025-06, 2025-08, 2025-10, 2026-06, 2026-07, 2026-08"
630603,Phawo,Mae Sot District,Tak,North,flashflood,24,0,24,180,0.133,17,"202404, 202405, 202406, 202407, 202408, 202409, 202410, 202504, 202505, 202507, 202508, 202509, 202510, 202603, 202604, 202605, 202606","2024-09, 2024-10, 2025-08, 2025-09, 2025-10, 2026-06, 2026-07, 2026-09"
640205,Taling Chan,Ban Dan Lan Hoi District,Sukhothai,North,flashflood,24,0,24,180,0.133,16,"202404, 202405, 202406, 202407, 202408, 202409, 202504, 202505, 202506, 202507, 202508, 202509, 202510, 202604, 202605, 202606","2024-09, 2024-10, 2025-09, 2025-10, 2026-09"
670409,Tat Kloi,Lom Kao District,Phetchabun,North,flashflood,24,0,24,180,0.133,17,"202403, 202404, 202405, 202406, 202407, 202501, 202502, 202503, 202504, 202505, 202507, 202508, 202509, 202512, 202604, 202605, 202606","2024-07, 2024-08, 2024-09, 2025-05, 2025-07, 2025-09, 2026-05, 2026-09"
670513,Yang Sao,Wichian Buri District,Phetchabun,North,flashflood,24,0,24,180,0.133,17,"202404, 202405, 202406, 202407, 202408, 202409, 202503, 202504, 202505, 202506, 202507, 202508, 202509, 202510, 202604, 202605, 202606","2024-09, 2025-07, 2025-08, 2025-09, 2025-10, 2026-08, 2026-09"
930201,Kong Ra,Kong Ra District,Phatthalung,southeast,flashflood,24,0,24,180,0.133,14,"202406, 202407, 202408, 202409, 202410, 202411, 202412, 202507, 202508, 202509, 202510, 202511, 202512, 202606","2024-11, 2024-12, 2025-11, 2025-12, 2026-11"
940205,Sai Khao,Khok Pho District,Pattani,southeast,flashflood,24,0,24,180,0.133,13,"202407, 202408, 202409, 202410, 202411, 202412, 202501, 202507, 202508, 202509, 202510, 202511, 202512","2024-12, 2025-01, 2025-11, 2025-12, 2026-01"
940208,Thung Phla,Khok Pho District,Pattani,southeast,flashflood,24,0,24,180,0.133,13,"202407, 202408, 202409, 202410, 202411, 202412, 202501, 202507, 202508, 202509, 202510, 202511, 202512","2024-12, 2025-01, 2025-11, 2025-12, 2026-01"
950104,Li Don,Mueang Yala District,Yala,southeast,flashflood,24,0,24,180,0.133,13,"202401, 202407, 202408, 202409, 202410, 202411, 202412, 202507, 202508, 202509, 202510, 202511, 202512","2024-01, 2024-12, 2025-01, 2025-11, 2025-12, 2026-01"
950109,Lam Mai,Mueang Yala District,Yala,southeast,flashflood,24,0,24,180,0.133,13,"202401, 202407, 202408, 202409, 202410, 202411, 202412, 202507, 202508, 202509, 202510, 202511, 202512","2024-01, 2024-12, 2025-01, 2025-11, 2025-12, 2026-01"
950501,Yaha,Yaha District,Yala,southeast,flashflood,24,0,24,180,0.133,13,"202401, 202407, 202408, 202409, 202410, 202411, 202412, 202507, 202508, 202509, 202510, 202511, 202512","2024-01, 2024-12, 2025-01, 2025-11, 2025-12, 2026-01"
950504,Baro,Yaha District,Yala,southeast,flashflood,24,0,24,180,0.133,13,"202401, 202407, 202408, 202409, 202410, 202411, 202412, 202507, 202508, 202509, 202510, 202511, 202512","2024-01, 2024-12, 2025-01, 2025-11, 2025-12, 2026-01"
950506,Ta Chi,Yaha District,Yala,southeast,flashflood,24,0,24,180,0.133,13,"202407, 202408, 202409, 202410, 202411, 202412, 202501, 202507, 202508, 202509, 202510, 202511, 202512","2024-12, 2025-01, 2025-11, 2025-12, 2026-01"
950507,Ba-Ngoi Sinae,Yaha District,Yala,southeast,flashflood,24,0,24,180,0.133,13,"202401, 202407, 202408, 202409, 202410, 202411, 202412, 202507, 202508, 202509, 202510, 202511, 202512","2024-01, 2024-12, 2025-01, 2025-11, 2025-12, 2026-01"
190210,Cha-Om,Kaeng Khoi District,Saraburi,Central,flashflood,23,0,23,180,0.128,16,"202403, 202404, 202405, 202406, 202407, 202409, 202410, 202503, 202505, 202506, 202508, 202509, 202603, 202604, 202605, 202606","2024-08, 2024-09, 2024-10, 2025-08, 2025-09, 2026-08, 2026-09"
221005,Chanthakhlem,Khao Khitchakut District,Chanthaburi,east,flashflood,23,0,23,180,0.128,16,"202405, 202406, 202407, 202408, 202409, 202410, 202504, 202505, 202506, 202507, 202508, 202509, 202510, 202604, 202605, 202606","2024-09, 2024-10, 2025-09, 2025-10, 2026-09"
380201,Si Chomphu,Phon Charoen District,Bung Kan,Northeast,flashflood,23,0,23,180,0.128,16,"202404, 202405, 202406, 202407, 202408, 202409, 202504, 202505, 202506, 202507, 202508, 202509, 202603, 202604, 202605, 202606","2024-08, 2024-09, 2025-08, 2025-09, 2026-07, 2026-08, 2026-09"
412204,Non Thong,Na Yung District,Udon Thani,Northeast,flashflood,23,0,23,180,0.128,18,"202403, 202404, 202405, 202406, 202407, 202408, 202409, 202412, 202501, 202502, 202503, 202504, 202505, 202507, 202508, 202509, 202512, 202604","2024-08, 2024-09, 2025-05, 2025-07, 2025-08, 2025-09, 2026-05"
500401,Chiang Dao,Chiang Dao District,Chiang Mai,North,flashflood,23,0,23,180,0.128,15,"202403, 202404, 202405, 202406, 202407, 202408, 202409, 202501, 202502, 202503, 202504, 202505, 202508, 202510, 202604","2024-08, 2024-09, 2024-10, 2025-05, 2025-08, 2025-10, 2026-05"
500501,Choeng Doi,Doi Saket District,Chiang Mai,North,flashflood,23,0,23,180,0.128,14,"202402, 202403, 202404, 202405, 202406, 202407, 202408, 202409, 202501, 202502, 202503, 202504, 202505, 202508","2024-07, 2024-08, 2024-09, 2025-05, 2025-08"
500513,Pa Miang,Doi Saket District,Chiang Mai,North,flashflood,23,0,23,180,0.128,18,"202403, 202404, 202405, 202406, 202407, 202408, 202409, 202501, 202502, 202503, 202504, 202505, 202507, 202508, 202603, 202604, 202605, 202606","2024-08, 2024-09, 2025-05, 2025-08, 2026-08"
501001,Mae Ai,Mae Ai District,Chiang Mai,North,flashflood,23,0,23,180,0.128,16,"202403, 202404, 202405, 202406, 202407, 202409, 202501, 202502, 202504, 202507, 202508, 202602, 202603, 202604, 202605, 202606","2024-07, 2024-08, 2024-09, 2025-05, 2025-08, 2026-05, 2026-08, 2026-10"
510405,Ko,Li District,Lamphun,North,flashflood,23,0,23,180,0.128,17,"202404, 202405, 202406, 202407, 202408, 202409, 202410, 202412, 202501, 202502, 202503, 202504, 202505, 202507, 202508, 202510, 202512","2024-08, 2024-09, 2024-10, 2025-05, 2025-10, 2026-05"
520901,Mae Phrik,Mae Phrik District,Lampang,North,flashflood,23,0,23,180,0.128,16,"202404, 202405, 202406, 202407, 202408, 202409, 202410, 202505, 202506, 202507, 202508, 202509, 202510, 202604, 202605, 202606","2024-09, 2024-10, 2025-09, 2025-10, 2026-09"
530110,Ban Dan Na Kham,Mueang Uttaradit District,Auttaradit,North,flashflood,23,0,23,180,0.128,16,"202401, 202402, 202403, 202404, 202405, 202406, 202407, 202408, 202409, 202410, 202501, 202502, 202503, 202504, 202509, 202510","2024-06, 2024-09, 2024-10, 2025-06, 2025-09, 2025-10"
550606,Si Phum,Tha Wang Pha District,Nan,North,flashflood,23,0,23,180,0.128,18,"202402, 202404, 202405, 202406, 202407, 202408, 202409, 202501, 202502, 202503, 202504, 202505, 202507, 202508, 202603, 202604, 202605, 202606","2024-06, 2024-07, 2024-08, 2024-09, 2025-06, 2025-08, 2025-09, 2026-08"
550904,Phrathat,Chiang Klang District,Nan,North,flashflood,23,0,23,180,0.128,17,"202402, 202403, 202404, 202405, 202406, 202407, 202408, 202409, 202501, 202502, 202503, 202504, 202505, 202506, 202508, 202605, 202606","2024-06, 2024-08, 2024-09, 2025-06, 2025-08, 2026-06, 2026-08"
560115,Ban Sang,Mueang Phayao District,Phayao,North,flashflood,23,0,23,180,0.128,14,"202402, 202403, 202404, 202405, 202406, 202407, 202408, 202409, 202505, 202506, 202507, 202508, 202509, 202606","2024-07, 2024-09, 2024-10, 2025-08, 2025-09, 2025-10, 2026-06"
580503,Tha Pha Pum,Mae La Noi District,Mae Hong Son,North,flashflood,23,0,23,180,0.128,16,"202403, 202404, 202405, 202406, 202407, 202408, 202503, 202504, 202505, 202506, 202507, 202508, 202603, 202604, 202605, 202606","2024-08, 2024-09, 2025-08, 2025-09, 2026-08"
580507,Santi Khiri,Mae La Noi District,Mae Hong Son,North,flashflood,23,0,23,180,0.128,17,"202403, 202404, 202405, 202406, 202407, 202408, 202501, 202503, 202504, 202505, 202506, 202507, 202508, 202603, 202604, 202605, 202606","2024-08, 2024-09, 2025-06, 2025-08, 2026-06, 2026-08"
580704,Na Pu Pom,Pang Mapha District,Mae Hong Son,North,flashflood,23,0,23,180,0.128,18,"202403, 202404, 202405, 202406, 202407, 202408, 202409, 202503, 202504, 202505, 202506, 202507, 202508, 202510, 202603, 202604, 202605, 202606","2024-08, 2024-09, 2025-08, 2025-10, 2026-08"
630207,Thong Fa,Ban Tak District,Tak,North,flashflood,23,0,23,180,0.128,18,"202404, 202405, 202406, 202407, 202408, 202409, 202410, 202501, 202502, 202503, 202504, 202505, 202506, 202507, 202508, 202509, 202510, 202606","2024-08, 2024-09, 2024-10, 2025-06, 2025-08, 2025-10, 2026-06"
630406,Phrathat,Mae Ramat District,Tak,North,flashflood,23,0,23,180,0.128,18,"202404, 202405, 202406, 202407, 202410, 202412, 202501, 202502, 202503, 202504, 202505, 202506, 202508, 202510, 202603, 202604, 202605, 202606","2024-09, 2024-10, 2025-05, 2025-06, 2025-08, 2025-10, 2026-06"
630602,Mae Ku,Mae Sot District,Tak,North,flashflood,23,0,23,180,0.128,15,"202404, 202405, 202406, 202407, 202408, 202501, 202505, 202507, 202508, 202509, 202510, 202603, 202604, 202605, 202606","2024-08, 2024-09, 2025-05, 2025-08, 2025-09, 2025-10, 2026-06, 2026-07, 2026-08, 2026-09"
630901,Chiang Thong,Wang Chao District,Tak,North,flashflood,23,0,23,180,0.128,17,"202404, 202405, 202406, 202407, 202408, 202501, 202502, 202503, 202504, 202505, 202507, 202508, 202509, 202510, 202512, 202603, 202604","2024-08, 2024-09, 2024-10, 2025-05, 2025-08, 2025-10, 2026-05, 2026-08"
640502,Pa Ngio,Si Satchanalai District,Sukhothai,North,flashflood,23,0,23,180,0.128,17,"202404, 202405, 202406, 202407, 202408, 202409, 202412, 202501, 202502, 202503, 202504, 202505, 202506, 202509, 202510, 202602, 202604","2024-09, 2025-05, 2025-06, 2025-09, 2025-10, 2026-05, 2026-06"
711103,Chorakhe Phueak,Dan Makham Tia District,Kanchanaburi,Central,flashflood,23,0,23,180,0.128,16,"202404, 202405, 202406, 202407, 202408, 202409, 202410, 202411, 202505, 202506, 202507, 202508, 202509, 202510, 202605, 202606","2024-09, 2024-10, 2024-11, 2025-10, 2025-11, 2026-10"
860603,Pang Wan,Phato District,Chumphon,southeast,flashflood,23,0,23,180,0.128,18,"202403, 202404, 202405, 202406, 202407, 202408, 202409, 202410, 202501, 202506, 202507, 202508, 202509, 202510, 202511, 202512, 202605, 202606","2024-07, 2024-08, 2024-11, 2025-04, 2025-11, 2025-12, 2026-08"
920211,Bang Sak,Kantang District,Trang,southwest,flashflood,23,0,23,180,0.128,14,"202404, 202405, 202406, 202407, 202408, 202409, 202501, 202502, 202503, 202504, 202505, 202506, 202508, 202509","2024-06, 2024-07, 2024-09, 2025-06, 2025-07, 2025-09, 2025-10"
950508,Katong,Yaha District,Yala,southeast,flashflood,23,0,23,180,0.128,12,"202407, 202408, 202409, 202410, 202411, 202412, 202507, 202508, 202509, 202510, 202511, 202512","2024-12, 2025-01, 2025-11, 2025-12, 2026-01"
302107,Khanong Phra,Pak Chong District,Nakhon Ratchasima,Northeast,flashflood,22,0,22,180,0.122,16,"202404, 202405, 202406, 202407, 202408, 202409, 202410, 202504, 202505, 202506, 202507, 202508, 202509, 202510, 202605, 202606","2024-09, 2024-10, 2025-07, 2025-09, 2025-10, 2026-07"
420202,Na Dok Kham,Na Duang District,Loei,Northeast,flashflood,22,0,22,180,0.122,13,"202403, 202404, 202405, 202406, 202407, 202408, 202409, 202503, 202504, 202505, 202506, 202509, 202510","2024-08, 2024-09, 2024-10, 2025-08, 2025-09, 2025-10"
420503,Na Di,Dan Sai District,Loei,Northeast,flashflood,22,0,22,180,0.122,19,"202404, 202405, 202406, 202407, 202408, 202409, 202501, 202502, 202503, 202504, 202505, 202507, 202508, 202509, 202510, 202512, 202604, 202605, 202606","2024-09, 2024-10, 2025-05, 2025-09, 2025-10, 2026-05, 2026-09"
461304,Mahachai,Somdet District,Kalasin,Northeast,flashflood,22,0,22,180,0.122,19,"202402, 202403, 202404, 202405, 202406, 202407, 202412, 202501, 202502, 202503, 202504, 202505, 202507, 202512, 202601, 202602, 202603, 202604, 202605","2024-07, 2025-05, 2025-07, 2026-05"
500705,Saluang,Mae Rim District,Chiang Mai,North,flashflood,22,0,22,180,0.122,14,"202404, 202405, 202406, 202407, 202408, 202409, 202410, 202501, 202502, 202503, 202504, 202505, 202508, 202605","2024-08, 2024-09, 2024-10, 2025-05, 2025-08, 2026-08"
501006,Ban Luang,Mae Ai District,Chiang Mai,North,flashflood,22,0,22,180,0.122,17,"202403, 202404, 202405, 202406, 202407, 202408, 202409, 202503, 202504, 202505, 202506, 202507, 202508, 202603, 202604, 202605, 202606","2024-07, 2024-08, 2024-09, 2025-08, 2026-08"
520808,Thoen Buri,Thoeng District,Lampang,North,flashflood,22,0,22,180,0.122,18,"202404, 202405, 202406, 202407, 202408, 202409, 202412, 202501, 202502, 202503, 202504, 202505, 202507, 202508, 202509, 202510, 202512, 202606","2024-09, 2024-10, 2025-05, 2025-09, 2025-10, 2026-05, 2026-06"
521201,Hang Chat,Hang Chat District,Lampang,North,flashflood,22,0,22,180,0.122,15,"202404, 202405, 202406, 202407, 202408, 202409, 202505, 202506, 202507, 202508, 202509, 202510, 202604, 202605, 202606","2024-09, 2024-10, 2025-09, 2025-10, 2026-09"
540113,Wang Hong,Mueang Phrae District,Phrae,North,flashflood,22,0,22,180,0.122,14,"202403, 202404, 202405, 202406, 202407, 202408, 202507, 202508, 202601, 202602, 202603, 202604, 202605, 202606","2024-08, 2024-09, 2025-08, 2026-05, 2026-08"
540210,Phai Thon,Rong Kwang District,Phrae,North,flashflood,22,0,22,180,0.122,18,"202403, 202404, 202405, 202406, 202407, 202408, 202409, 202412, 202501, 202503, 202504, 202508, 202512, 202601, 202602, 202603, 202604, 202605","2024-08, 2024-09, 2025-05, 2025-08, 2026-05"
540501,Den Chai,Den Chai District,Phrae,North,flashflood,22,0,22,180,0.122,11,"202403, 202404, 202405, 202406, 202407, 202408, 202409, 202410, 202503, 202504, 202509","2024-08, 2024-09, 2024-10, 2025-08, 2025-09"
550103,Pha Sing,Mueang Nan District,Nan,North,flashflood,22,0,22,180,0.122,11,"202402, 202403, 202404, 202405, 202406, 202407, 202408, 202409, 202503, 202504, 202508","2024-07, 2024-08, 2024-09, 2025-08, 2025-09"
550116,Suak,Mueang Nan District,Nan,North,flashflood,22,0,22,180,0.122,15,"202402, 202403, 202404, 202405, 202406, 202407, 202408, 202409, 202503, 202504, 202505, 202506, 202507, 202508, 202606","2024-07, 2024-08, 2024-09, 2025-08, 2025-09, 2026-06"
560803,Thung Kluai,Phu Sang District,Phayao,North,flashflood,22,0,22,180,0.122,19,"202402, 202403, 202404, 202405, 202406, 202407, 202408, 202409, 202412, 202501, 202503, 202504, 202505, 202508, 202601, 202602, 202603, 202604, 202605","2024-07, 2024-08, 2024-09, 2025-05, 2025-08, 2026-05, 2026-08"
570112,Huai Chomphu,Mueang Chiang Rai District,Chiangrai,North,flashflood,22,0,22,180,0.122,19,"202403, 202404, 202405, 202406, 202407, 202408, 202409, 202503, 202504, 202505, 202506, 202507, 202508, 202601, 202602, 202603, 202604, 202605, 202606","2024-07, 2024-08, 2024-09, 2025-08, 2026-05, 2026-08"
570512,Mae Yen,Phan District,Chiangrai,North,flashflood,22,0,22,180,0.122,13,"202402, 202403, 202404, 202405, 202406, 202407, 202408, 202409, 202508, 202601, 202602, 202603, 202604","2024-07, 2024-08, 2024-09, 2025-08, 2026-05"
570713,Chom Sawan,Mae Chan District,Chiangrai,North,flashflood,22,0,22,180,0.122,18,"202403, 202404, 202405, 202406, 202407, 202408, 202503, 202504, 202505, 202506, 202507, 202508, 202601, 202602, 202603, 202604, 202605, 202606","2024-08, 2025-08, 2026-05, 2026-07, 2026-08"
570806,Yonok,Chiang Saen District,Chiangrai,North,flashflood,22,0,22,180,0.122,18,"202403, 202404, 202405, 202406, 202407, 202409, 202502, 202503, 202504, 202505, 202506, 202508, 202601, 202602, 202603, 202604, 202605, 202606","2024-07, 2024-08, 2024-09, 2025-07, 2025-08, 2026-05, 2026-06, 2026-07, 2026-08"
570904,Pong Pha,Mae Sai District,Chiangrai,North,flashflood,22,0,22,180,0.122,15,"202403, 202404, 202405, 202406, 202407, 202408, 202409, 202503, 202504, 202505, 202506, 202508, 202604, 202605, 202606","2024-07, 2024-08, 2024-09, 2025-08, 2026-06, 2026-07, 2026-08"
571403,Yang Hom,Khun Tan District,Chiangrai,North,flashflood,22,0,22,180,0.122,20,"202403, 202404, 202405, 202406, 202407, 202408, 202409, 202501, 202503, 202504, 202505, 202506, 202507, 202508, 202601, 202602, 202603, 202604, 202605, 202606","2024-08, 2024-09, 2025-05, 2025-08, 2026-05, 2026-08"
571503,Mae Salong Nok,Mae Fa Luang District,Chiangrai,North,flashflood,22,0,22,180,0.122,11,"202403, 202404, 202405, 202406, 202407, 202408, 202409, 202410, 202503, 202504, 202508","2024-08, 2024-09, 2024-10, 2025-08, 2025-09"
580203,Mueang Pon,Khun Yuam District,Mae Hong Son,North,flashflood,22,0,22,180,0.122,17,"202403, 202404, 202405, 202406, 202407, 202408, 202409, 202503, 202504, 202505, 202506, 202507, 202508, 202603, 202604, 202605, 202606","2024-08, 2024-09, 2025-08, 2026-08"
580508,Khun Mae La Noi,Mae La Noi District,Mae Hong Son,North,flashflood,22,0,22,180,0.122,17,"202403, 202404, 202405, 202406, 202407, 202408, 202409, 202503, 202504, 202505, 202506, 202507, 202508, 202603, 202604, 202605, 202606","2024-08, 2024-09, 2025-08, 2026-08"
580701,Sop Pong,Pang Mapha District,Mae Hong Son,North,flashflood,22,0,22,180,0.122,17,"202403, 202404, 202405, 202406, 202407, 202408, 202409, 202503, 202504, 202505, 202506, 202507, 202508, 202603, 202604, 202605, 202606","2024-08, 2024-09, 2025-08, 2026-08"
580702,Pang Mapha,Pang Mapha District,Mae Hong Son,North,flashflood,22,0,22,180,0.122,17,"202403, 202404, 202405, 202406, 202407, 202408, 202409, 202503, 202504, 202505, 202506, 202507, 202508, 202603, 202604, 202605, 202606","2024-08, 2024-09, 2025-08, 2026-08"
620304,Sak Ngam,Khlong Lan District,Kampaeng Phet,North,flashflood,22,0,22,180,0.122,17,"202404, 202405, 202406, 202407, 202501, 202502, 202503, 202504, 202505, 202506, 202507, 202508, 202509, 202510, 202512, 202603, 202604","2024-09, 2024-10, 2025-05, 2025-08, 2025-10, 2026-05, 2026-08"
621102,Phet Chomphu,Kosamphi Nakhon District,Kampaeng Phet,North,flashflood,22,0,22,180,0.122,15,"202404, 202405, 202406, 202407, 202501, 202504, 202505, 202506, 202507, 202508, 202509, 202510, 202604, 202605, 202606","2024-09, 2024-10, 2025-06, 2025-09, 2025-10, 2026-09"
630902,Na Bot,Wang Chao District,Tak,North,flashflood,22,0,22,180,0.122,17,"202404, 202405, 202406, 202407, 202501, 202502, 202503, 202504, 202505, 202506, 202507, 202508, 202509, 202510, 202512, 202603, 202604","2024-09, 2024-10, 2025-05, 2025-08, 2025-10, 2026-05, 2026-08"
640510,Ban Kaeng,Si Satchanalai District,Sukhothai,North,flashflood,22,0,22,180,0.122,17,"202404, 202405, 202406, 202407, 202408, 202412, 202501, 202502, 202503, 202504, 202505, 202506, 202507, 202508, 202509, 202510, 202604","2024-09, 2024-10, 2025-05, 2025-09, 2025-10, 2026-05"
670405,Sila,Lom Kao District,Phetchabun,North,flashflood,22,0,22,180,0.122,13,"202402, 202403, 202404, 202405, 202406, 202407, 202501, 202502, 202503, 202504, 202505, 202509, 202512","2024-07, 2024-08, 2024-09, 2025-05, 2025-07, 2025-09, 2026-05"
770504,Chang Raek,Bang Saphan Noi District,Prachuap Khilikhan,southeast,flashflood,22,0,22,180,0.122,10,"202401, 202405, 202406, 202407, 202408, 202409, 202410, 202411, 202412, 202501","2024-01, 2024-10, 2024-11, 2024-12, 2025-01"
801906,Sam Tambon,Chulabhorn District,Nakhon Si Thammarat,southeast,flashflood,22,0,22,180,0.122,16,"202406, 202407, 202408, 202409, 202410, 202411, 202412, 202501, 202506, 202507, 202508, 202509, 202510, 202511, 202512, 202606","2024-11, 2024-12, 2025-01, 2025-02, 2025-11, 2025-12, 2026-11"
820301,Kapong,Kapong District,Phang Nga,southwest,flashflood,22,0,22,180,0.122,15,"202403, 202404, 202405, 202406, 202407, 202408, 202409, 202501, 202502, 202503, 202504, 202506, 202601, 202602, 202604","2024-07, 2024-09, 2025-05, 2025-06, 2025-07, 2025-09, 2026-05"
820601,Khura,Khura Buri District,Phang Nga,southwest,flashflood,22,0,22,180,0.122,13,"202403, 202404, 202405, 202406, 202407, 202408, 202409, 202501, 202502, 202503, 202504, 202605, 202606","2024-07, 2024-08, 2024-09, 2025-04, 2025-07, 2025-09, 2026-08"
840206,Chang Sai,Kanchanadit District,Surat Thani,southeast,flashflood,22,0,22,180,0.122,15,"202401, 202406, 202407, 202408, 202409, 202410, 202411, 202412, 202501, 202507, 202508, 202509, 202510, 202511, 202606","2024-01, 2024-11, 2024-12, 2025-01, 2025-11, 2026-11"
850104,Bang Rin,Mueang Ranong District,Ranong,southwest,flashflood,22,0,22,180,0.122,14,"202403, 202404, 202405, 202406, 202407, 202408, 202409, 202410, 202506, 202507, 202508, 202509, 202510, 202604","2024-07, 2024-08, 2024-11, 2025-07, 2025-11, 2026-06, 2026-07"
850201,La-Un Tai,La-un District,Ranong,southwest,flashflood,22,0,22,180,0.122,14,"202403, 202404, 202405, 202406, 202407, 202408, 202409, 202410, 202507, 202509, 202510, 202604, 202605, 202606","2024-07, 2024-08, 2024-10, 2024-11, 2025-07, 2025-11, 2026-07, 2026-08"
901201,Na Mom,Na Mom District,Songkhla,southeast,flashflood,22,0,22,180,0.122,13,"202407, 202408, 202409, 202410, 202411, 202412, 202507, 202508, 202509, 202510, 202511, 202512, 202606","2024-12, 2025-11, 2025-12, 2026-01, 2026-11"
910201,Khuan Don,Khuan Don District,Satun,southwest,flashflood,22,0,22,180,0.122,11,"202404, 202405, 202406, 202407, 202408, 202409, 202410, 202411, 202412, 202504, 202512","2024-09, 2024-10, 2024-11, 2024-12, 2025-09, 2025-12"
940710,Paen,Sai Buri District,Pattani,southeast,flashflood,22,0,22,180,0.122,14,"202406, 202407, 202408, 202409, 202410, 202411, 202412, 202501, 202507, 202508, 202509, 202510, 202511, 202512","2024-11, 2024-12, 2025-02, 2025-11, 2025-12"
950401,Than To,Than To District,Yala,southeast,flashflood,22,0,22,180,0.122,15,"202405, 202406, 202407, 202408, 202409, 202410, 202411, 202412, 202501, 202507, 202508, 202509, 202510, 202511, 202512","2024-10, 2024-11, 2024-12, 2025-02, 2025-12"
220211,Tok Phrom,Khlung District,Chanthaburi,east,flashflood,21,0,21,180,0.117,11,"202403, 202404, 202405, 202406, 202407, 202408, 202409, 202410, 202503, 202504, 202510","2024-08, 2024-09, 2024-10, 2025-08, 2025-09, 2025-10"
380205,Wang Chomphu,Phon Charoen District,Bung Kan,Northeast,flashflood,21,0,21,180,0.117,16,"202404, 202405, 202406, 202407, 202408, 202409, 202504, 202505, 202506, 202507, 202508, 202509, 202603, 202604, 202605, 202606","2024-09, 2025-08, 2025-09, 2026-08, 2026-09"
420114,Kok Thong,Mueang Loei District,Loei,Northeast,flashflood,21,0,21,180,0.117,11,"202403, 202404, 202405, 202406, 202407, 202408, 202409, 202410, 202504, 202509, 202510","2024-08, 2024-09, 2024-10, 2025-09, 2025-10"
420904,Nong Ngio,Wang Saphung District,Loei,Northeast,flashflood,21,0,21,180,0.117,16,"202404, 202405, 202406, 202407, 202408, 202409, 202410, 202501, 202502, 202503, 202504, 202505, 202509, 202510, 202512, 202604","2024-09, 2024-10, 2025-05, 2025-09, 2025-10, 2026-05"
500707,Mae Raem,Mae Rim District,Chiang Mai,North,flashflood,21,0,21,180,0.117,9,"202402, 202403, 202404, 202405, 202406, 202407, 202408, 202409, 202508","2024-07, 2024-08, 2024-09, 2024-10, 2025-08"
500905,Mae Sun,Fang District,Chiang Mai,North,flashflood,21,0,21,180,0.117,15,"202403, 202404, 202405, 202406, 202407, 202408, 202409, 202501, 202502, 202504, 202508, 202510, 202603, 202604, 202605","2024-07, 2024-08, 2024-09, 2025-05, 2025-08, 2025-10, 2026-05, 2026-08, 2026-10"
501111,Long Khot,Phrao District,Chiang Mai,North,flashflood,21,0,21,180,0.117,14,"202403, 202404, 202405, 202406, 202407, 202408, 202409, 202501, 202502, 202503, 202504, 202505, 202506, 202508","2024-08, 2024-09, 2025-06, 2025-08"
510206,Tha Mae Lop,Mae Tha District,Lamphun,North,flashflood,21,0,21,180,0.117,14,"202402, 202403, 202404, 202405, 202406, 202407, 202408, 202409, 202507, 202508, 202509, 202510, 202605, 202606","2024-07, 2024-09, 2024-10, 2025-10, 2026-10"
520307,Na Saeng,Ko Kha District,Lampang,North,flashflood,21,0,21,180,0.117,14,"202403, 202404, 202405, 202406, 202407, 202412, 202501, 202502, 202504, 202506, 202507, 202508, 202604, 202606","2024-08, 2024-09, 2024-10, 2025-05, 2025-06, 2025-10, 2026-05, 2026-06"
521010,Wang Ngoen,Mae Tha District,Lampang,North,flashflood,21,0,21,180,0.117,14,"202403, 202404, 202405, 202406, 202407, 202408, 202409, 202410, 202412, 202501, 202502, 202504, 202603, 202604","2024-08, 2024-09, 2024-10, 2025-05, 2026-05"
540606,Sa-Iap,Song District,Phrae,North,flashflood,21,0,21,180,0.117,13,"202403, 202404, 202405, 202406, 202407, 202408, 202409, 202410, 202505, 202506, 202507, 202508, 202509","2024-08, 2024-09, 2024-10, 2025-08, 2025-10"
571504,Mae Fa Luang,Mae Fa Luang District,Chiangrai,North,flashflood,21,0,21,180,0.117,12,"202404, 202405, 202406, 202407, 202408, 202409, 202410, 202503, 202504, 202508, 202605, 202606","2024-07, 2024-08, 2024-09, 2024-10, 2025-08, 2026-07"
580504,Mae Tho,Mae La Noi District,Mae Hong Son,North,flashflood,21,0,21,180,0.117,16,"202403, 202404, 202405, 202406, 202407, 202408, 202503, 202504, 202505, 202506, 202507, 202508, 202603, 202604, 202605, 202606","2024-08, 2024-09, 2025-08, 2026-08"
610801,Suk Ruethai,Huai Khot District,Uthai Thani,Central,flashflood,21,0,21,180,0.117,14,"202403, 202404, 202405, 202406, 202407, 202408, 202409, 202501, 202502, 202503, 202504, 202505, 202506, 202510","2024-08, 2024-09, 2024-10, 2025-06, 2025-10"
630402,Mae Charao,Mae Ramat District,Tak,North,flashflood,21,0,21,180,0.117,17,"202404, 202405, 202406, 202407, 202410, 202501, 202502, 202504, 202505, 202508, 202510, 202601, 202602, 202603, 202604, 202605, 202606","2024-09, 2024-10, 2025-05, 2025-06, 2025-08, 2025-10, 2026-06, 2026-07"
830104,Ratsada,Mueang Phuket District,Phuket,southwest,flashflood,21,0,21,180,0.117,12,"202405, 202406, 202407, 202410, 202506, 202507, 202508, 202509, 202510, 202511, 202603, 202604","2024-07, 2024-08, 2024-10, 2024-11, 2025-07, 2025-11, 2026-08"
830108,Karon,Mueang Phuket District,Phuket,southwest,flashflood,21,0,21,180,0.117,14,"202405, 202406, 202407, 202408, 202409, 202410, 202411, 202504, 202506, 202508, 202509, 202510, 202511, 202603","2024-09, 2024-10, 2024-11, 2025-09, 2025-11, 2026-08"
841202,Phru Phi,Ban Na San District,Surat Thani,southeast,flashflood,21,0,21,180,0.117,14,"202401, 202407, 202408, 202409, 202410, 202411, 202412, 202501, 202510, 202511, 202512, 202601, 202602, 202603","2024-01, 2024-12, 2025-01, 2025-03, 2026-03"
841502,Ban Song,Wiang Sa District,Surat Thani,southeast,flashflood,21,0,21,180,0.117,9,"202405, 202406, 202407, 202408, 202409, 202410, 202411, 202412, 202504","2024-09, 2024-10, 2024-11, 2024-12, 2025-09"
900401,Na Thawi,Na Thawi District,Songkhla,southeast,flashflood,21,0,21,180,0.117,12,"202407, 202408, 202409, 202410, 202411, 202412, 202507, 202508, 202509, 202510, 202511, 202512","2024-12, 2025-01, 2025-12, 2026-01"
900602,Thung Pho,Saba Yoi District,Songkhla,southeast,flashflood,21,0,21,180,0.117,12,"202407, 202408, 202409, 202410, 202411, 202412, 202507, 202508, 202509, 202510, 202511, 202512","2024-12, 2025-01, 2025-12, 2026-01"
900606,Khuha,Saba Yoi District,Songkhla,southeast,flashflood,21,0,21,180,0.117,12,"202407, 202408, 202409, 202410, 202411, 202412, 202507, 202508, 202509, 202510, 202511, 202512","2024-12, 2025-01, 2025-12, 2026-01"
900609,Than Khiri,Saba Yoi District,Songkhla,southeast,flashflood,21,0,21,180,0.117,12,"202407, 202408, 202409, 202410, 202411, 202412, 202507, 202508, 202509, 202510, 202511, 202512","2024-12, 2025-01, 2025-12, 2026-01"
901111,Thung Yai,Hat Yai District,Songkhla,southeast,flashflood,21,0,21,180,0.117,15,"202406, 202407, 202408, 202409, 202410, 202411, 202412, 202506, 202507, 202508, 202509, 202510, 202511, 202512, 202606","2024-11, 2024-12, 2025-11, 2025-12, 2026-11"
920115,Nam Phut,Mueang Trang District,Trang,southwest,flashflood,21,0,21,180,0.117,16,"202405, 202406, 202407, 202408, 202409, 202410, 202411, 202412, 202502, 202503, 202504, 202505, 202506, 202508, 202509, 202512","2024-07, 2024-11, 2024-12, 2025-07, 2025-10, 2025-12"
920210,Bo Nam Ron,Kantang District,Trang,southwest,flashflood,21,0,21,180,0.117,10,"202403, 202404, 202405, 202406, 202407, 202408, 202409, 202502, 202503, 202504","2024-07, 2024-08, 2024-09, 2025-07, 2025-08, 2025-09"
920611,Pak Khom,Huai Yot District,Trang,southwest,flashflood,21,0,21,180,0.117,16,"202403, 202404, 202405, 202406, 202407, 202410, 202411, 202412, 202505, 202506, 202507, 202508, 202509, 202510, 202511, 202512","2024-08, 2024-11, 2024-12, 2025-10, 2025-12"
931102,Ban Na,Srinagarindra District,Phatthalung,southeast,flashflood,21,0,21,180,0.117,14,"202406, 202407, 202408, 202409, 202410, 202411, 202412, 202507, 202508, 202509, 202510, 202511, 202512, 202606","2024-11, 2024-12, 2025-11, 2025-12, 2026-11"
940711,Thung Khla,Sai Buri District,Pattani,southeast,flashflood,21,0,21,180,0.117,14,"202406, 202407, 202408, 202409, 202410, 202411, 202412, 202501, 202507, 202508, 202509, 202510, 202511, 202512","2024-11, 2024-12, 2025-02, 2025-11, 2025-12"
960303,Kayo Mati,Bacho District,Narathiwat,southeast,flashflood,21,0,21,180,0.117,14,"202406, 202407, 202408, 202409, 202410, 202411, 202412, 202501, 202507, 202508, 202509, 202510, 202511, 202512","2024-11, 2024-12, 2025-02, 2025-11, 2025-12"
190203,Tan Diao,Kaeng Khoi District,Saraburi,Central,flashflood,20,0,20,180,0.111,18,"202404, 202405, 202406, 202407, 202409, 202410, 202501, 202502, 202503, 202504, 202505, 202507, 202508, 202509, 202602, 202604, 202605, 202606","2024-09, 2024-10, 2025-06, 2025-09, 2026-07, 2026-09"
302105,Mu Si,Pak Chong District,Nakhon Ratchasima,Northeast,flashflood,20,0,20,180,0.111,17,"202404, 202405, 202406, 202407, 202408, 202409, 202410, 202504, 202505, 202506, 202507, 202509, 202510, 202602, 202604, 202605, 202606","2024-09, 2024-10, 2025-07, 2025-09, 2025-10, 2026-07, 2026-09"
302112,Phaya Yen,Pak Chong District,Nakhon Ratchasima,Northeast,flashflood,20,0,20,180,0.111,15,"202404, 202405, 202406, 202407, 202408, 202410, 202504, 202505, 202506, 202507, 202508, 202509, 202604, 202605, 202606","2024-09, 2024-10, 2025-09, 2025-10, 2026-09"
420113,Si Song Rak,Mueang Loei District,Loei,Northeast,flashflood,20,0,20,180,0.111,12,"202403, 202404, 202405, 202406, 202407, 202408, 202409, 202503, 202504, 202506, 202509, 202510","2024-08, 2024-09, 2024-10, 2025-08, 2025-09, 2025-10"
420302,That,Chiang Khan District,Loei,Northeast,flashflood,20,0,20,180,0.111,12,"202403, 202404, 202405, 202406, 202407, 202408, 202409, 202503, 202504, 202506, 202509, 202510","2024-08, 2024-09, 2024-10, 2025-08, 2025-09, 2025-10"
420704,Pla Ba,Phu Ruea District,Loei,Northeast,flashflood,20,0,20,180,0.111,14,"202405, 202406, 202407, 202408, 202409, 202501, 202502, 202503, 202504, 202505, 202509, 202510, 202512, 202604","2024-08, 2024-09, 2025-05, 2025-08, 2025-09, 2025-10, 2026-05"
502101,Pong Tam,Chai Prakan District,Chiang Mai,North,flashflood,20,0,20,180,0.111,14,"202403, 202404, 202405, 202406, 202407, 202409, 202501, 202502, 202504, 202508, 202510, 202603, 202604, 202605","2024-07, 2024-08, 2024-09, 2025-05, 2025-08, 2025-10, 2026-05, 2026-08, 2026-10"
510201,Tha Pla Duk,Mae Tha District,Lamphun,North,flashflood,20,0,20,180,0.111,13,"202403, 202404, 202405, 202406, 202407, 202408, 202409, 202504, 202506, 202507, 202508, 202510, 202606","2024-08, 2024-09, 2024-10, 2025-06, 2025-10, 2026-06"
510408,Pa Phai,Li District,Lamphun,North,flashflood,20,0,20,180,0.111,12,"202403, 202404, 202405, 202406, 202407, 202408, 202409, 202505, 202507, 202508, 202509, 202510","2024-08, 2024-09, 2024-10, 2025-09, 2025-10"
510501,Thung Hua Chang,Thung Hua Chang District,Lamphun,North,flashflood,20,0,20,180,0.111,12,"202403, 202404, 202405, 202406, 202407, 202408, 202409, 202505, 202506, 202507, 202508, 202510","2024-08, 2024-09, 2024-10, 2025-10"
520602,Ban Sa,Chae Hom District,Lampang,North,flashflood,20,0,20,180,0.111,13,"202403, 202404, 202405, 202406, 202407, 202412, 202501, 202502, 202503, 202504, 202505, 202508, 202604","2024-08, 2024-09, 2024-10, 2025-05, 2025-08, 2026-05"
521102,Samai,Sop Prap District,Lampang,North,flashflood,20,0,20,180,0.111,13,"202404, 202405, 202406, 202407, 202408, 202409, 202505, 202506, 202507, 202508, 202509, 202510, 202606","2024-09, 2024-10, 2025-06, 2025-09, 2025-10, 2026-06"
521103,Mae Kua,Sop Prap District,Lampang,North,flashflood,20,0,20,180,0.111,14,"202404, 202405, 202406, 202407, 202408, 202409, 202412, 202501, 202502, 202503, 202504, 202506, 202604, 202606","2024-08, 2024-09, 2024-10, 2025-05, 2025-06, 2026-05, 2026-06"
530901,Phak Khuang,Thong Saen Khan District,Auttaradit,North,flashflood,20,0,20,180,0.111,14,"202404, 202405, 202406, 202407, 202408, 202409, 202507, 202508, 202509, 202510, 202603, 202604, 202605, 202606","2024-08, 2024-09, 2024-10, 2025-08, 2025-09, 2025-10, 2026-08"
540104,Pa Daeng,Mueang Phrae District,Phrae,North,flashflood,20,0,20,180,0.111,15,"202403, 202404, 202405, 202406, 202407, 202408, 202409, 202501, 202502, 202504, 202601, 202602, 202603, 202604, 202605","2024-08, 2024-09, 2025-05, 2026-05"
550302,Pa Kha Luang,Ban Luang District,Nan,North,flashflood,20,0,20,180,0.111,14,"202402, 202403, 202404, 202405, 202406, 202407, 202408, 202410, 202505, 202506, 202507, 202508, 202509, 202510","2024-07, 2024-08, 2024-10, 2025-08, 2025-10"
550303,Suat,Ban Luang District,Nan,North,flashflood,20,0,20,180,0.111,14,"202402, 202403, 202404, 202405, 202406, 202407, 202409, 202410, 202505, 202506, 202507, 202508, 202509, 202510","2024-07, 2024-08, 2024-09, 2024-10, 2025-08, 2025-10"
550609,Tha Wang Pha,Tha Wang Pha District,Nan,North,flashflood,20,0,20,180,0.111,17,"202402, 202405, 202406, 202407, 202408, 202501, 202502, 202503, 202504, 202505, 202506, 202507, 202508, 202603, 202604, 202605, 202606","2024-06, 2024-08, 2025-06, 2025-08, 2026-08"
550703,Lai Nan,Wiang Sa District,Nan,North,flashflood,20,0,20,180,0.111,15,"202402, 202403, 202404, 202405, 202406, 202407, 202408, 202503, 202504, 202507, 202508, 202603, 202604, 202605, 202606","2024-07, 2024-08, 2025-08, 2026-08"
570505,Doi Ngam,Phan District,Chiangrai,North,flashflood,20,0,20,180,0.111,14,"202403, 202404, 202405, 202406, 202407, 202409, 202501, 202502, 202504, 202508, 202601, 202602, 202603, 202604","2024-07, 2024-08, 2024-09, 2025-05, 2025-08, 2026-05"
571001,Mae Saruai,Mae Suai District,Chiangrai,North,flashflood,20,0,20,180,0.111,16,"202403, 202404, 202405, 202406, 202407, 202408, 202409, 202501, 202503, 202504, 202506, 202508, 202601, 202602, 202603, 202604","2024-08, 2024-09, 2025-05, 2025-06, 2025-08, 2026-05"
580301,Wiang Tai,Pai District,Mae Hong Son,North,flashflood,20,0,20,180,0.111,11,"202403, 202404, 202405, 202406, 202407, 202408, 202409, 202508, 202510, 202603, 202604","2024-08, 2024-09, 2024-10, 2025-08, 2025-10, 2026-07, 2026-08"
640904,Klang Dong,Thung Saliam District,Sukhothai,North,flashflood,20,0,20,180,0.111,15,"202404, 202405, 202406, 202407, 202412, 202501, 202502, 202503, 202504, 202505, 202506, 202507, 202508, 202509, 202510","2024-09, 2024-10, 2025-05, 2025-09, 2025-10"
650201,Nakhon Thai,Nakhon Thai District,Phitsanu Lok,North,flashflood,20,0,20,180,0.111,13,"202404, 202405, 202406, 202407, 202507, 202508, 202509, 202510, 202602, 202603, 202604, 202605, 202606","2024-08, 2024-09, 2025-07, 2025-09, 2025-10, 2026-07, 2026-09"
650210,Ban Phrao,Nakhon Thai District,Phitsanu Lok,North,flashflood,20,0,20,180,0.111,13,"202404, 202405, 202406, 202407, 202507, 202508, 202509, 202510, 202602, 202603, 202604, 202605, 202606","2024-08, 2024-09, 2025-07, 2025-09, 2025-10, 2026-07, 2026-09"
670317,Bung Khla,Lom Sak District,Phetchabun,North,flashflood,20,0,20,180,0.111,19,"202404, 202405, 202406, 202407, 202408, 202409, 202501, 202502, 202503, 202504, 202505, 202506, 202507, 202508, 202509, 202512, 202604, 202605, 202606","2024-09, 2025-05, 2025-09, 2026-05, 2026-09"
760303,Yang Nam Klat Tai,Nong Ya Plong District,Phetchaburi,southeast,flashflood,20,0,20,180,0.111,15,"202405, 202406, 202407, 202408, 202409, 202410, 202411, 202505, 202506, 202507, 202508, 202509, 202510, 202605, 202606","2024-10, 2024-11, 2025-10, 2026-10"
770201,Kui Buri,Kui Buri District,Prachuap Khilikhan,southeast,flashflood,20,0,20,180,0.111,13,"202401, 202403, 202404, 202405, 202406, 202407, 202408, 202409, 202410, 202411, 202412, 202501, 202503","2024-01, 2024-08, 2024-11, 2025-01, 2025-08"
801503,Thong Nian,Khanom District,Nakhon Si Thammarat,southeast,flashflood,20,0,20,180,0.111,14,"202406, 202407, 202408, 202409, 202410, 202411, 202501, 202507, 202508, 202509, 202510, 202511, 202512, 202606","2024-11, 2024-12, 2025-01, 2025-11, 2026-01, 2026-11"
850204,Bang Phra Nuea,La-un District,Ranong,southwest,flashflood,20,0,20,180,0.111,11,"202403, 202404, 202405, 202406, 202407, 202408, 202409, 202410, 202504, 202506, 202507","2024-07, 2024-08, 2024-09, 2024-11, 2025-07, 2025-09, 2025-11"
850207,Nai Wong Tai,La-un District,Ranong,southwest,flashflood,20,0,20,180,0.111,12,"202403, 202404, 202405, 202406, 202407, 202408, 202409, 202410, 202509, 202510, 202605, 202606","2024-07, 2024-08, 2024-10, 2024-11, 2025-11, 2026-07, 2026-08"
900408,Thap Chang,Na Thawi District,Songkhla,southeast,flashflood,20,0,20,180,0.111,11,"202401, 202406, 202407, 202408, 202409, 202410, 202411, 202412, 202501, 202511, 202512","2024-01, 2024-11, 2024-12, 2025-01, 2025-12, 2026-01"
900410,Khlong Kwang,Na Thawi District,Songkhla,southeast,flashflood,20,0,20,180,0.111,9,"202406, 202407, 202408, 202409, 202410, 202411, 202412, 202511, 202512","2024-11, 2024-12, 2025-01, 2025-12, 2026-01"
931002,Lan Khoi,Pa Phayom District,Phatthalung,southeast,flashflood,20,0,20,180,0.111,15,"202406, 202407, 202408, 202409, 202410, 202411, 202412, 202501, 202506, 202510, 202511, 202512, 202601, 202602, 202603","2024-11, 2024-12, 2025-03, 2025-11, 2025-12, 2026-03"
950403,Mae Wat,Than To District,Yala,southeast,flashflood,20,0,20,180,0.111,14,"202405, 202406, 202407, 202408, 202409, 202410, 202411, 202412, 202507, 202508, 202509, 202510, 202511, 202512","2024-10, 2024-11, 2024-12, 2025-12"
960704,Choeng Khiri,Si Sakhon District,Narathiwat,southeast,flashflood,20,0,20,180,0.111,14,"202406, 202407, 202408, 202409, 202410, 202411, 202412, 202501, 202507, 202508, 202509, 202510, 202511, 202512","2024-11, 2024-12, 2025-02, 2025-11, 2025-12"
220207,Sueng,Khlung District,Chanthaburi,east,flashflood,19,0,19,180,0.106,14,"202402, 202403, 202404, 202405, 202406, 202407, 202408, 202409, 202410, 202502, 202503, 202504, 202605, 202606","2024-07, 2024-08, 2024-10, 2025-07, 2026-08"
260112,Khao Phra,Mueang Nakhon Nayok District,Nakhon Nayok,east,flashflood,19,0,19,180,0.106,15,"202405, 202406, 202407, 202409, 202502, 202503, 202504, 202507, 202508, 202509, 202602, 202603, 202604, 202605, 202606","2024-07, 2024-08, 2024-09, 2025-07, 2025-08, 2025-09, 2026-07, 2026-08, 2026-09"
420509,Wang Yao,Dan Sai District,Loei,Northeast,flashflood,19,0,19,180,0.106,11,"202403, 202404, 202405, 202406, 202407, 202408, 202409, 202503, 202504, 202509, 202510","2024-08, 2024-09, 2024-10, 2025-08, 2025-09, 2025-10"
500610,Mueang Kai,Mae Taeng District,Chiang Mai,North,flashflood,19,0,19,180,0.106,11,"202404, 202405, 202406, 202407, 202408, 202409, 202501, 202502, 202503, 202504, 202505","2024-09, 2024-10, 2024-11, 2025-05, 2025-09"
501007,Malika,Mae Ai District,Chiang Mai,North,flashflood,19,0,19,180,0.106,17,"202403, 202404, 202405, 202406, 202407, 202409, 202501, 202502, 202504, 202507, 202508, 202601, 202602, 202603, 202604, 202605, 202606","2024-08, 2024-09, 2025-05, 2025-08, 2026-05, 2026-08"
510204,Tha Khum Ngoen,Mae Tha District,Lamphun,North,flashflood,19,0,19,180,0.106,15,"202404, 202405, 202406, 202407, 202408, 202409, 202501, 202504, 202506, 202507, 202508, 202509, 202510, 202605, 202606","2024-09, 2024-10, 2025-06, 2025-10, 2026-06, 2026-10"
530604,Bo Bia,Ban Khok District,Auttaradit,North,flashflood,19,0,19,180,0.106,13,"202404, 202405, 202406, 202407, 202408, 202409, 202504, 202505, 202506, 202507, 202508, 202509, 202510","2024-08, 2024-09, 2025-08, 2025-09, 2025-10"
540213,Huai Rong,Rong Kwang District,Phrae,North,flashflood,19,0,19,180,0.106,19,"202403, 202404, 202405, 202406, 202407, 202408, 202412, 202501, 202502, 202503, 202504, 202505, 202508, 202512, 202601, 202602, 202603, 202604, 202605","2024-08, 2025-05, 2025-08, 2026-05"
551002,Bo Kaeo,Na Muen District,Nan,North,flashflood,19,0,19,180,0.106,15,"202403, 202404, 202405, 202406, 202407, 202408, 202409, 202412, 202501, 202506, 202508, 202601, 202602, 202603, 202604","2024-08, 2024-09, 2025-05, 2025-06, 2025-08, 2026-05"
560105,Ban Tun,Mueang Phayao District,Phayao,North,flashflood,19,0,19,180,0.106,11,"202404, 202405, 202406, 202407, 202408, 202409, 202505, 202506, 202507, 202508, 202509","2024-08, 2024-09, 2024-10, 2025-08, 2025-10"
570105,Mae Khao Tom,Mueang Chiang Rai District,Chiangrai,North,flashflood,19,0,19,180,0.106,14,"202403, 202404, 202407, 202501, 202502, 202504, 202506, 202507, 202508, 202601, 202602, 202603, 202604, 202605","2024-08, 2025-05, 2025-06, 2025-07, 2025-08, 2026-05, 2026-06"
570404,Mae Loi,Thoeng District,Chiangrai,North,flashflood,19,0,19,180,0.106,14,"202402, 202403, 202404, 202405, 202406, 202407, 202409, 202501, 202504, 202508, 202601, 202602, 202603, 202604","2024-07, 2024-08, 2024-09, 2025-05, 2025-08, 2026-05"
570413,Nong Raet,Thoeng District,Chiangrai,North,flashflood,19,0,19,180,0.106,14,"202402, 202403, 202404, 202405, 202406, 202407, 202409, 202501, 202504, 202508, 202601, 202602, 202603, 202604","2024-07, 2024-08, 2024-09, 2025-05, 2025-08, 2026-05"
570511,San Klang,Phan District,Chiangrai,North,flashflood,19,0,19,180,0.106,14,"202403, 202404, 202405, 202406, 202407, 202409, 202501, 202504, 202506, 202508, 202601, 202602, 202603, 202604","2024-07, 2024-08, 2024-09, 2025-05, 2025-06, 2025-08, 2026-05"
570601,Pa Daet,Pa Daet District,Chiangrai,North,flashflood,19,0,19,180,0.106,14,"202402, 202403, 202404, 202405, 202406, 202407, 202501, 202502, 202504, 202508, 202601, 202602, 202603, 202604","2024-07, 2024-08, 2025-05, 2025-08, 2026-05"
571002,Pa Daet,Mae Suai District,Chiangrai,North,flashflood,19,0,19,180,0.106,15,"202403, 202404, 202405, 202406, 202407, 202408, 202409, 202501, 202503, 202504, 202508, 202601, 202602, 202603, 202604","2024-08, 2024-09, 2025-05, 2025-08, 2026-05"
571007,Chedi Luang,Mae Suai District,Chiangrai,North,flashflood,19,0,19,180,0.106,14,"202403, 202404, 202405, 202406, 202407, 202409, 202501, 202504, 202506, 202508, 202601, 202602, 202603, 202604","2024-07, 2024-08, 2024-09, 2025-05, 2025-06, 2025-08, 2026-05"
580408,Pa Pae,Mae Sariang District,Mae Hong Son,North,flashflood,19,0,19,180,0.106,12,"202403, 202404, 202405, 202406, 202407, 202408, 202503, 202504, 202505, 202506, 202507, 202508","2024-08, 2024-09, 2025-08, 2025-09"
620302,Pong Nam Ron,Khlong Lan District,Kampaeng Phet,North,flashflood,19,0,19,180,0.106,14,"202404, 202405, 202406, 202407, 202408, 202409, 202410, 202501, 202504, 202507, 202508, 202509, 202510, 202606","2024-09, 2024-10, 2025-06, 2025-09, 2025-10, 2026-06"
620411,Pang Makha,Khanu Woralaksaburi District,Kampaeng Phet,North,flashflood,19,0,19,180,0.106,14,"202404, 202405, 202406, 202407, 202408, 202409, 202410, 202507, 202508, 202509, 202510, 202603, 202605, 202606","2024-08, 2024-09, 2024-10, 2025-10, 2026-08, 2026-10"
720303,Huai Khamin,Dan Chang District,Suphan Buri,Central,flashflood,19,0,19,180,0.106,14,"202403, 202404, 202405, 202406, 202407, 202409, 202412, 202501, 202502, 202503, 202504, 202505, 202509, 202510","2024-08, 2024-09, 2024-10, 2025-05, 2025-10"
800403,La-Ai,Chawang District,Nakhon Si Thammarat,southeast,flashflood,19,0,19,180,0.106,9,"202405, 202406, 202407, 202408, 202409, 202410, 202411, 202412, 202506","2024-10, 2024-11, 2024-12, 2025-11"
810111,Thap Prik,Mueang Krabi District,Krabi,southwest,flashflood,19,0,19,180,0.106,13,"202401, 202403, 202405, 202406, 202407, 202408, 202409, 202410, 202411, 202412, 202501, 202503, 202504","2024-01, 2024-08, 2024-10, 2024-11, 2025-01, 2025-05, 2025-08"
820404,Tha Yu,Takua Thung District,Phang Nga,southwest,flashflood,19,0,19,180,0.106,7,"202403, 202404, 202405, 202406, 202407, 202408, 202409","2024-07, 2024-08, 2024-09, 2024-10"
820803,Bang Thong,Thai Mueang District,Phang Nga,southwest,flashflood,19,0,19,180,0.106,11,"202405, 202406, 202407, 202408, 202409, 202501, 202503, 202504, 202506, 202510, 202606","2024-08, 2024-09, 2024-10, 2025-06, 2025-08, 2025-09, 2025-10, 2026-06"
840208,Pa Ron,Kanchanadit District,Surat Thani,southeast,flashflood,19,0,19,180,0.106,15,"202406, 202407, 202408, 202409, 202410, 202411, 202412, 202501, 202506, 202507, 202508, 202509, 202510, 202511, 202606","2024-11, 2024-12, 2025-01, 2025-11, 2026-11"
841102,Tha Khoei,Tha Chang District,Surat Thani,southeast,flashflood,19,0,19,180,0.106,14,"202407, 202408, 202409, 202410, 202411, 202412, 202501, 202507, 202508, 202509, 202510, 202511, 202512, 202606","2024-12, 2025-01, 2025-11, 2025-12, 2026-11"
841901,Takuk Tai,Vibhavadi District,Surat Thani,southeast,flashflood,19,0,19,180,0.106,14,"202406, 202407, 202408, 202409, 202410, 202411, 202412, 202501, 202507, 202508, 202509, 202510, 202511, 202512","2024-11, 2024-12, 2025-01, 2025-12"
860113,Khun Krathing,Mueang Chumphon District,Chumphon,southeast,flashflood,19,0,19,180,0.106,11,"202403, 202406, 202407, 202408, 202409, 202410, 202411, 202412, 202501, 202605, 202606","2024-08, 2024-09, 2024-11, 2024-12, 2025-01, 2026-07, 2026-08, 2026-09"
860210,Song Phi Nong,Tha Sae District,Chumphon,southeast,flashflood,19,0,19,180,0.106,9,"202405, 202406, 202407, 202408, 202409, 202410, 202411, 202412, 202501","2024-10, 2024-11, 2024-12, 2025-01"
860501,Lamae,Lamae District,Chumphon,southeast,flashflood,19,0,19,180,0.106,14,"202406, 202407, 202408, 202409, 202410, 202411, 202412, 202501, 202507, 202508, 202509, 202510, 202511, 202512","2024-11, 2024-12, 2025-01, 2025-12"
860502,Thung Luang,Lamae District,Chumphon,southeast,flashflood,19,0,19,180,0.106,14,"202406, 202407, 202408, 202409, 202410, 202411, 202412, 202501, 202507, 202508, 202509, 202510, 202511, 202512","2024-11, 2024-12, 2025-01, 2025-12"
900909,Khao Phra,Rattaphum District,Songkhla,southeast,flashflood,19,0,19,180,0.106,14,"202406, 202407, 202408, 202409, 202410, 202411, 202412, 202507, 202508, 202509, 202510, 202511, 202512, 202606","2024-11, 2024-12, 2025-11, 2025-12, 2026-11"
920108,Na Yong Tai,Mueang Trang District,Trang,southwest,flashflood,19,0,19,180,0.106,12,"202406, 202407, 202410, 202411, 202412, 202505, 202506, 202507, 202508, 202509, 202510, 202512","2024-11, 2024-12, 2025-10, 2025-11, 2025-12"
920619,Nai Tao,Huai Yot District,Trang,southwest,flashflood,19,0,19,180,0.106,11,"202401, 202405, 202406, 202407, 202408, 202409, 202410, 202411, 202412, 202501, 202512","2024-01, 2024-10, 2024-11, 2024-12, 2025-01, 2025-12"
930402,Tamot,Tamot District,Phatthalung,southeast,flashflood,19,0,19,180,0.106,14,"202406, 202407, 202408, 202409, 202410, 202411, 202412, 202501, 202507, 202508, 202509, 202510, 202511, 202512","2024-11, 2024-12, 2025-02, 2025-12"
940405,Khuan,Panare District,Pattani,southeast,flashflood,19,0,19,180,0.106,13,"202406, 202407, 202408, 202409, 202410, 202411, 202412, 202507, 202508, 202509, 202510, 202511, 202512","2024-11, 2024-12, 2025-11, 2025-12"
940406,Tha Nam,Panare District,Pattani,southeast,flashflood,19,0,19,180,0.106,13,"202406, 202407, 202408, 202409, 202410, 202411, 202412, 202507, 202508, 202509, 202510, 202511, 202512","2024-11, 2024-12, 2025-11, 2025-12"
940407,Khok Krabue,Panare District,Pattani,southeast,flashflood,19,0,19,180,0.106,13,"202406, 202407, 202408, 202409, 202410, 202411, 202412, 202507, 202508, 202509, 202510, 202511, 202512","2024-11, 2024-12, 2025-11, 2025-12"
940506,La-Nga,Mayo District,Pattani,southeast,flashflood,19,0,19,180,0.106,13,"202406, 202407, 202408, 202409, 202410, 202411, 202412, 202507, 202508, 202509, 202510, 202511, 202512","2024-11, 2024-12, 2025-11, 2025-12"
950304,Tham Thalu,Bannang Sata District,Yala,southeast,flashflood,19,0,19,180,0.106,15,"202405, 202406, 202407, 202408, 202409, 202410, 202411, 202412, 202501, 202507, 202508, 202509, 202510, 202511, 202512","2024-10, 2024-12, 2025-02, 2025-12"
950402,Ban Rae,Than To District,Yala,southeast,flashflood,19,0,19,180,0.106,15,"202405, 202406, 202407, 202408, 202409, 202410, 202411, 202412, 202501, 202507, 202508, 202509, 202510, 202511, 202512","2024-10, 2024-11, 2024-12, 2025-02, 2025-12"
190211,Song Khon,Kaeng Khoi District,Saraburi,Central,flashflood,18,0,18,180,0.1,11,"202402, 202403, 202404, 202405, 202406, 202407, 202409, 202602, 202603, 202604, 202606","2024-07, 2024-08, 2024-09, 2024-10, 2026-07, 2026-08, 2026-09"
220209,Wang Sappharot,Khlung District,Chanthaburi,east,flashflood,18,0,18,180,0.1,17,"202403, 202405, 202406, 202407, 202408, 202410, 202503, 202504, 202505, 202506, 202507, 202508, 202510, 202603, 202604, 202605, 202606","2024-07, 2024-08, 2024-10, 2025-08, 2025-10, 2026-08"
230701,Ko Chang,Ko Chang District,Trat,east,flashflood,18,0,18,180,0.1,12,"202403, 202404, 202405, 202406, 202407, 202408, 202409, 202502, 202503, 202504, 202505, 202506","2024-08, 2024-09, 2025-05, 2025-08, 2025-09"
260113,Phrommani,Mueang Nakhon Nayok District,Nakhon Nayok,east,flashflood,18,0,18,180,0.1,15,"202405, 202406, 202407, 202408, 202409, 202410, 202505, 202506, 202507, 202508, 202509, 202510, 202602, 202605, 202606","2024-09, 2024-10, 2025-07, 2025-08, 2025-10, 2026-07, 2026-10"
330510,Huai Tai,Khukhan District,Sisaket,Northeast,flashflood,18,0,18,180,0.1,10,"202405, 202406, 202407, 202410, 202501, 202510, 202512, 202604, 202605, 202606","2024-09, 2024-10, 2025-05, 2025-10, 2026-05, 2026-07, 2026-08, 2026-09, 2026-10"
330801,Si,Khun Han District,Sisaket,Northeast,flashflood,18,0,18,180,0.1,11,"202404, 202405, 202406, 202407, 202410, 202501, 202510, 202512, 202604, 202605, 202606","2024-09, 2024-10, 2025-05, 2025-10, 2026-05, 2026-07, 2026-08, 2026-09"
420108,Na Pong,Mueang Loei District,Loei,Northeast,flashflood,18,0,18,180,0.1,9,"202403, 202404, 202405, 202406, 202407, 202408, 202409, 202509, 202510","2024-08, 2024-09, 2024-10, 2025-09, 2025-10"
420201,Na Duang,Na Duang District,Loei,Northeast,flashflood,18,0,18,180,0.1,10,"202403, 202404, 202405, 202406, 202407, 202408, 202409, 202508, 202509, 202510","2024-08, 2024-09, 2024-10, 2025-09, 2025-10"
500514,Thep Sadet,Doi Saket District,Chiang Mai,North,flashflood,18,0,18,180,0.1,14,"202402, 202403, 202404, 202405, 202406, 202407, 202408, 202409, 202501, 202502, 202503, 202504, 202505, 202604","2024-07, 2024-09, 2025-05, 2026-05"
500801,Samoeng Tai,Samoeng District,Chiang Mai,North,flashflood,18,0,18,180,0.1,11,"202402, 202403, 202404, 202405, 202406, 202407, 202501, 202502, 202503, 202504, 202505","2024-07, 2024-08, 2024-10, 2025-05"
501412,Pa Phai,San Sai District,Chiang Mai,North,flashflood,18,0,18,180,0.1,13,"202403, 202404, 202405, 202406, 202407, 202408, 202409, 202501, 202502, 202503, 202504, 202505, 202508","2024-08, 2024-09, 2025-05, 2025-08"
501603,Ban Tan,Hot District,Chiang Mai,North,flashflood,18,0,18,180,0.1,14,"202404, 202405, 202406, 202407, 202408, 202409, 202412, 202501, 202502, 202503, 202504, 202505, 202506, 202606","2024-08, 2024-09, 2025-05, 2025-06, 2026-06"
510302,Pa Phlu,Ban Hong District,Lamphun,North,flashflood,18,0,18,180,0.1,12,"202405, 202406, 202407, 202408, 202409, 202412, 202501, 202502, 202503, 202504, 202505, 202506","2024-09, 2024-10, 2025-05, 2025-06, 2025-09"
510404,Dong Dam,Li District,Lamphun,North,flashflood,18,0,18,180,0.1,12,"202404, 202405, 202406, 202407, 202408, 202409, 202505, 202506, 202507, 202508, 202509, 202510","2024-09, 2024-10, 2025-09, 2025-10"
510502,Ban Puang,Thung Hua Chang District,Lamphun,North,flashflood,18,0,18,180,0.1,11,"202403, 202404, 202405, 202406, 202407, 202408, 202409, 202504, 202506, 202509, 202606","2024-08, 2024-09, 2024-10, 2025-06, 2025-09, 2026-06"
521104,Na Yang,Sop Prap District,Lampang,North,flashflood,18,0,18,180,0.1,17,"202404, 202405, 202406, 202407, 202408, 202412, 202501, 202502, 202503, 202504, 202505, 202507, 202508, 202509, 202604, 202605, 202606","2024-09, 2025-05, 2025-09, 2026-05, 2026-09"
530404,Nam Khrai,Nam Pat District,Auttaradit,North,flashflood,18,0,18,180,0.1,10,"202403, 202404, 202405, 202406, 202407, 202408, 202409, 202503, 202504, 202510","2024-08, 2024-09, 2024-10, 2025-08, 2025-10"
540112,Suan Khuean,Mueang Phrae District,Phrae,North,flashflood,18,0,18,180,0.1,13,"202403, 202404, 202405, 202406, 202407, 202408, 202409, 202501, 202601, 202602, 202603, 202604, 202605","2024-08, 2024-09, 2025-05, 2026-05"
540304,Wiang Ta,Long District,Phrae,North,flashflood,18,0,18,180,0.1,12,"202403, 202404, 202405, 202406, 202407, 202408, 202409, 202503, 202504, 202505, 202506, 202508","2024-08, 2024-09, 2025-08, 2025-09"
550106,Rueang,Mueang Nan District,Nan,North,flashflood,18,0,18,180,0.1,15,"202403, 202404, 202405, 202406, 202407, 202408, 202410, 202503, 202504, 202505, 202506, 202507, 202508, 202509, 202510","2024-08, 2024-10, 2025-08, 2025-09, 2025-10"
550909,Phraphutthabat,Chiang Klang District,Nan,North,flashflood,18,0,18,180,0.1,15,"202402, 202403, 202404, 202405, 202406, 202407, 202408, 202409, 202501, 202502, 202503, 202504, 202505, 202508, 202605","2024-06, 2024-08, 2024-09, 2025-06, 2025-08, 2026-08"
570114,Rim Kok,Mueang Chiang Rai District,Chiangrai,North,flashflood,18,0,18,180,0.1,13,"202407, 202409, 202501, 202502, 202504, 202506, 202507, 202508, 202601, 202602, 202603, 202604, 202605","2024-08, 2024-09, 2025-05, 2025-06, 2025-07, 2025-08, 2026-05, 2026-06"
630206,Thung Kracho,Ban Tak District,Tak,North,flashflood,18,0,18,180,0.1,12,"202404, 202405, 202406, 202407, 202408, 202506, 202507, 202508, 202509, 202510, 202603, 202604","2024-08, 2024-09, 2025-08, 2025-10, 2025-11, 2026-08"
630609,Dan Mae Lamao,Mae Sot District,Tak,North,flashflood,18,0,18,180,0.1,13,"202404, 202405, 202406, 202407, 202408, 202507, 202508, 202509, 202602, 202603, 202604, 202605, 202606","2024-09, 2025-08, 2025-09, 2026-07, 2026-08, 2026-09"
670322,Pak Duk,Lom Sak District,Phetchabun,North,flashflood,18,0,18,180,0.1,17,"202404, 202405, 202406, 202407, 202408, 202409, 202501, 202504, 202505, 202506, 202507, 202508, 202509, 202512, 202604, 202605, 202606","2024-09, 2025-05, 2025-09, 2026-05, 2026-08, 2026-09"
670708,Wang Tha Di,Nong Phai District,Phetchabun,North,flashflood,18,0,18,180,0.1,16,"202404, 202405, 202406, 202407, 202408, 202409, 202503, 202504, 202505, 202506, 202507, 202508, 202509, 202604, 202605, 202606","2024-09, 2025-07, 2025-09, 2026-09"
802203,Suan Khan,Chang Klang District,Nakhon Si Thammarat,southeast,flashflood,18,0,18,180,0.1,8,"202405, 202406, 202407, 202408, 202409, 202410, 202411, 202412","2024-10, 2024-11, 2024-12"
810402,Khlong Thom Nuea,Khlong Thom District,Krabi,southwest,flashflood,18,0,18,180,0.1,10,"202403, 202404, 202405, 202406, 202407, 202408, 202410, 202502, 202503, 202504","2024-07, 2024-08, 2024-10, 2025-07"
820505,Tamtua,Takua Pa District,Phang Nga,southwest,flashflood,18,0,18,180,0.1,13,"202401, 202403, 202404, 202405, 202406, 202407, 202408, 202501, 202502, 202503, 202504, 202506, 202510","2024-06, 2024-08, 2025-06, 2025-08, 2025-10"
840205,Krut,Kanchanadit District,Surat Thani,southeast,flashflood,18,0,18,180,0.1,14,"202406, 202407, 202408, 202409, 202410, 202411, 202501, 202507, 202508, 202509, 202510, 202511, 202512, 202606","2024-11, 2024-12, 2025-01, 2025-11, 2025-12, 2026-11"
841004,Phlu Thuean,Phanom District,Surat Thani,southeast,flashflood,18,0,18,180,0.1,11,"202403, 202404, 202405, 202406, 202407, 202408, 202409, 202410, 202411, 202503, 202504","2024-08, 2024-10, 2024-11, 2024-12, 2025-08"
850203,Bang Phra Tai,La-un District,Ranong,southwest,flashflood,18,0,18,180,0.1,12,"202403, 202404, 202405, 202406, 202407, 202408, 202409, 202410, 202507, 202604, 202605, 202606","2024-07, 2024-08, 2024-10, 2024-11, 2025-07, 2026-07, 2026-08"
860203,Salui,Tha Sae District,Chumphon,southeast,flashflood,18,0,18,180,0.1,8,"202405, 202406, 202407, 202408, 202409, 202410, 202411, 202412","2024-10, 2024-11, 2024-12"
900312,Khae,Chanae District,Songkhla,southeast,flashflood,18,0,18,180,0.1,13,"202406, 202407, 202408, 202409, 202410, 202411, 202412, 202507, 202508, 202509, 202510, 202511, 202512","2024-11, 2024-12, 2025-12"
901114,Nam Noi,Hat Yai District,Songkhla,southeast,flashflood,18,0,18,180,0.1,13,"202406, 202407, 202408, 202409, 202410, 202411, 202412, 202507, 202508, 202509, 202510, 202511, 202512","2024-11, 2024-12, 2025-12"
940502,Thanon,Mayo District,Pattani,southeast,flashflood,18,0,18,180,0.1,13,"202406, 202407, 202408, 202409, 202410, 202411, 202412, 202507, 202508, 202509, 202510, 202511, 202512","2024-11, 2024-12, 2025-11, 2025-12"
940505,Lubo Yiri,Mayo District,Pattani,southeast,flashflood,18,0,18,180,0.1,13,"202406, 202407, 202408, 202409, 202410, 202411, 202412, 202507, 202508, 202509, 202510, 202511, 202512","2024-11, 2024-12, 2025-11, 2025-12"
940512,Sakam,Mayo District,Pattani,southeast,flashflood,18,0,18,180,0.1,13,"202406, 202407, 202408, 202409, 202410, 202411, 202412, 202507, 202508, 202509, 202510, 202511, 202512","2024-11, 2024-12, 2025-11, 2025-12"
950404,Khiri Khet,Than To District,Yala,southeast,flashflood,18,0,18,180,0.1,14,"202405, 202406, 202407, 202408, 202409, 202410, 202411, 202412, 202507, 202508, 202509, 202510, 202511, 202512","2024-10, 2024-11, 2024-12, 2025-12"
