province_code,province,region_en,forecast_year,forecast_month,season,quarter,n_tambon,n_flood,n_flash,share_flood,share_flash,share_atrisk
10,กรุงเทพมหานคร,Central,2024,1,Cool/Dry,Q1,160,0,0,0.0,0.0,0.0
11,สมุทรปราการ,Central,2024,1,Cool/Dry,Q1,50,0,0,0.0,0.0,0.0
12,นนทบุรี,Central,2024,1,Cool/Dry,Q1,52,0,0,0.0,0.0,0.0
13,ปทุมธานี,Central,2024,1,Cool/Dry,Q1,60,0,0,0.0,0.0,0.0
14,พระนครศรีอยุธยา,Central,2024,1,Cool/Dry,Q1,209,0,0,0.0,0.0,0.0
15,อ่างทอง,Central,2024,1,Cool/Dry,Q1,73,0,0,0.0,0.0,0.0
16,ลพบุรี,Central,2024,1,Cool/Dry,Q1,121,0,0,0.0,0.0,0.0
17,สิงห์บุรี,Central,2024,1,Cool/Dry,Q1,43,0,0,0.0,0.0,0.0
18,ชัยนาท,Central,2024,1,Cool/Dry,Q1,53,0,0,0.0,0.0,0.0
19,สระบุรี,Central,2024,1,Cool/Dry,Q1,109,0,0,0.0,0.0,0.0
20,ชลบุรี,East,2024,1,Cool/Dry,Q1,93,0,0,0.0,0.0,0.0
21,ระยอง,East,2024,1,Cool/Dry,Q1,56,0,0,0.0,0.0,0.0
22,จันทบุรี,East,2024,1,Cool/Dry,Q1,76,0,0,0.0,0.0,0.0
23,ตราด,East,2024,1,Cool/Dry,Q1,37,0,0,0.0,0.0,0.0
24,ฉะเชิงเทรา,East,2024,1,Cool/Dry,Q1,93,0,0,0.0,0.0,0.0
25,ปราจีนบุรี,East,2024,1,Cool/Dry,Q1,64,0,0,0.0,0.0,0.0
26,นครนายก,East,2024,1,Cool/Dry,Q1,41,0,0,0.0,0.0,0.0
27,สระแก้ว,East,2024,1,Cool/Dry,Q1,59,0,0,0.0,0.0,0.0
30,นครราชสีมา,Northeast,2024,1,Cool/Dry,Q1,285,0,0,0.0,0.0,0.0
31,บุรีรัมย์,Northeast,2024,1,Cool/Dry,Q1,189,0,0,0.0,0.0,0.0
32,สุรินทร์,Northeast,2024,1,Cool/Dry,Q1,159,0,0,0.0,0.0,0.0
33,ศรีสะเกษ,Northeast,2024,1,Cool/Dry,Q1,205,0,0,0.0,0.0,0.0
34,อุบลราชธานี,Northeast,2024,1,Cool/Dry,Q1,218,0,0,0.0,0.0,0.0
35,ยโสธร,Northeast,2024,1,Cool/Dry,Q1,79,0,0,0.0,0.0,0.0
36,ชัยภูมิ,Northeast,2024,1,Cool/Dry,Q1,124,0,0,0.0,0.0,0.0
37,อำนาจเจริญ,Northeast,2024,1,Cool/Dry,Q1,56,0,0,0.0,0.0,0.0
38,บึงกาฬ,Northeast,2024,1,Cool/Dry,Q1,53,0,0,0.0,0.0,0.0
39,หนองบัวลำภู,Northeast,2024,1,Cool/Dry,Q1,59,0,0,0.0,0.0,0.0
40,ขอนแก่น,Northeast,2024,1,Cool/Dry,Q1,200,0,0,0.0,0.0,0.0
41,อุดรธานี,Northeast,2024,1,Cool/Dry,Q1,155,0,0,0.0,0.0,0.0
42,เลย,Northeast,2024,1,Cool/Dry,Q1,90,0,0,0.0,0.0,0.0
43,หนองคาย,Northeast,2024,1,Cool/Dry,Q1,62,0,0,0.0,0.0,0.0
44,มหาสารคาม,Northeast,2024,1,Cool/Dry,Q1,133,0,0,0.0,0.0,0.0
45,ร้อยเอ็ด,Northeast,2024,1,Cool/Dry,Q1,193,0,0,0.0,0.0,0.0
46,กาฬสินธุ์,Northeast,2024,1,Cool/Dry,Q1,135,0,0,0.0,0.0,0.0
47,สกลนคร,Northeast,2024,1,Cool/Dry,Q1,125,0,0,0.0,0.0,0.0
48,นครพนม,Northeast,2024,1,Cool/Dry,Q1,98,0,0,0.0,0.0,0.0
49,มุกดาหาร,Northeast,2024,1,Cool/Dry,Q1,53,0,0,0.0,0.0,0.0
50,เชียงใหม่,North,2024,1,Cool/Dry,Q1,204,0,0,0.0,0.0,0.0
51,ลำพูน,North,2024,1,Cool/Dry,Q1,51,0,0,0.0,0.0,0.0
52,ลำปาง,North,2024,1,Cool/Dry,Q1,96,0,0,0.0,0.0,0.0
53,อุตรดิตถ์,North,2024,1,Cool/Dry,Q1,67,0,0,0.0,0.0,0.0
54,แพร่,North,2024,1,Cool/Dry,Q1,78,0,0,0.0,0.0,0.0
55,น่าน,North,2024,1,Cool/Dry,Q1,99,0,0,0.0,0.0,0.0
56,พะเยา,North,2024,1,Cool/Dry,Q1,68,0,0,0.0,0.0,0.0
57,เชียงราย,North,2024,1,Cool/Dry,Q1,123,0,0,0.0,0.0,0.0
58,แม่ฮ่องสอน,North,2024,1,Cool/Dry,Q1,45,0,0,0.0,0.0,0.0
60,นครสวรรค์,Central,2024,1,Cool/Dry,Q1,130,0,0,0.0,0.0,0.0
61,อุทัยธานี,Central,2024,1,Cool/Dry,Q1,70,0,0,0.0,0.0,0.0
62,กำแพงเพชร,North,2024,1,Cool/Dry,Q1,78,0,0,0.0,0.0,0.0
63,ตาก,North,2024,1,Cool/Dry,Q1,60,0,0,0.0,0.0,0.0
64,สุโขทัย,North,2024,1,Cool/Dry,Q1,86,0,0,0.0,0.0,0.0
65,พิษณุโลก,North,2024,1,Cool/Dry,Q1,93,0,0,0.0,0.0,0.0
66,พิจิตร,North,2024,1,Cool/Dry,Q1,88,0,0,0.0,0.0,0.0
67,เพชรบูรณ์,North,2024,1,Cool/Dry,Q1,116,0,0,0.0,0.0,0.0
70,ราชบุรี,Central,2024,1,Cool/Dry,Q1,104,0,0,0.0,0.0,0.0
71,กาญจนบุรี,Central,2024,1,Cool/Dry,Q1,96,0,0,0.0,0.0,0.0
72,สุพรรณบุรี,Central,2024,1,Cool/Dry,Q1,110,0,0,0.0,0.0,0.0
73,นครปฐม,Central,2024,1,Cool/Dry,Q1,106,0,0,0.0,0.0,0.0
74,สมุทรสาคร,Central,2024,1,Cool/Dry,Q1,40,0,0,0.0,0.0,0.0
75,สมุทรสงคราม,Central,2024,1,Cool/Dry,Q1,36,0,0,0.0,0.0,0.0
76,เพชรบุรี,South,2024,1,Cool/Dry,Q1,93,0,0,0.0,0.0,0.0
77,ประจวบคีรีขันธ์,South,2024,1,Cool/Dry,Q1,42,0,3,0.0,0.07142857142857142,0.07142857142857142
80,นครศรีธรรมราช,South,2024,1,Cool/Dry,Q1,160,0,22,0.0,0.1375,0.1375
81,กระบี่,South,2024,1,Cool/Dry,Q1,50,0,1,0.0,0.02,0.02
82,พังงา,South,2024,1,Cool/Dry,Q1,48,0,0,0.0,0.0,0.0
83,ภูเก็ต,South,2024,1,Cool/Dry,Q1,17,0,0,0.0,0.0,0.0
84,สุราษฎร์ธานี,South,2024,1,Cool/Dry,Q1,123,0,9,0.0,0.07317073170731707,0.07317073170731707
85,ระนอง,South,2024,1,Cool/Dry,Q1,30,0,1,0.0,0.03333333333333333,0.03333333333333333
86,ชุมพร,South,2024,1,Cool/Dry,Q1,66,0,8,0.0,0.12121212121212122,0.12121212121212122
90,สงขลา,South,2024,1,Cool/Dry,Q1,124,0,4,0.0,0.03225806451612903,0.03225806451612903
91,สตูล,South,2024,1,Cool/Dry,Q1,36,0,0,0.0,0.0,0.0
92,ตรัง,South,2024,1,Cool/Dry,Q1,86,0,2,0.0,0.023255813953488372,0.023255813953488372
93,พัทลุง,South,2024,1,Cool/Dry,Q1,65,0,4,0.0,0.06153846153846154,0.06153846153846154
94,ปัตตานี,South,2024,1,Cool/Dry,Q1,114,0,2,0.0,0.017543859649122806,0.017543859649122806
95,ยะลา,South,2024,1,Cool/Dry,Q1,56,0,29,0.0,0.5178571428571429,0.5178571428571429
96,นราธิวาส,South,2024,1,Cool/Dry,Q1,77,0,3,0.0,0.03896103896103896,0.03896103896103896
10,กรุงเทพมหานคร,Central,2024,2,Cool/Dry,Q1,160,0,0,0.0,0.0,0.0
11,สมุทรปราการ,Central,2024,2,Cool/Dry,Q1,50,0,0,0.0,0.0,0.0
12,นนทบุรี,Central,2024,2,Cool/Dry,Q1,52,0,0,0.0,0.0,0.0
13,ปทุมธานี,Central,2024,2,Cool/Dry,Q1,60,0,0,0.0,0.0,0.0
14,พระนครศรีอยุธยา,Central,2024,2,Cool/Dry,Q1,209,0,0,0.0,0.0,0.0
15,อ่างทอง,Central,2024,2,Cool/Dry,Q1,73,0,0,0.0,0.0,0.0
16,ลพบุรี,Central,2024,2,Cool/Dry,Q1,121,0,0,0.0,0.0,0.0
17,สิงห์บุรี,Central,2024,2,Cool/Dry,Q1,43,0,0,0.0,0.0,0.0
18,ชัยนาท,Central,2024,2,Cool/Dry,Q1,53,0,0,0.0,0.0,0.0
19,สระบุรี,Central,2024,2,Cool/Dry,Q1,109,0,0,0.0,0.0,0.0
20,ชลบุรี,East,2024,2,Cool/Dry,Q1,93,0,0,0.0,0.0,0.0
21,ระยอง,East,2024,2,Cool/Dry,Q1,56,0,0,0.0,0.0,0.0
22,จันทบุรี,East,2024,2,Cool/Dry,Q1,76,0,0,0.0,0.0,0.0
23,ตราด,East,2024,2,Cool/Dry,Q1,37,0,0,0.0,0.0,0.0
24,ฉะเชิงเทรา,East,2024,2,Cool/Dry,Q1,93,0,0,0.0,0.0,0.0
25,ปราจีนบุรี,East,2024,2,Cool/Dry,Q1,64,0,0,0.0,0.0,0.0
26,นครนายก,East,2024,2,Cool/Dry,Q1,41,0,0,0.0,0.0,0.0
27,สระแก้ว,East,2024,2,Cool/Dry,Q1,59,0,0,0.0,0.0,0.0
30,นครราชสีมา,Northeast,2024,2,Cool/Dry,Q1,285,0,0,0.0,0.0,0.0
31,บุรีรัมย์,Northeast,2024,2,Cool/Dry,Q1,189,0,0,0.0,0.0,0.0
32,สุรินทร์,Northeast,2024,2,Cool/Dry,Q1,159,0,0,0.0,0.0,0.0
33,ศรีสะเกษ,Northeast,2024,2,Cool/Dry,Q1,205,0,0,0.0,0.0,0.0
34,อุบลราชธานี,Northeast,2024,2,Cool/Dry,Q1,218,0,0,0.0,0.0,0.0
35,ยโสธร,Northeast,2024,2,Cool/Dry,Q1,79,0,0,0.0,0.0,0.0
36,ชัยภูมิ,Northeast,2024,2,Cool/Dry,Q1,124,0,0,0.0,0.0,0.0
37,อำนาจเจริญ,Northeast,2024,2,Cool/Dry,Q1,56,0,0,0.0,0.0,0.0
38,บึงกาฬ,Northeast,2024,2,Cool/Dry,Q1,53,0,0,0.0,0.0,0.0
39,หนองบัวลำภู,Northeast,2024,2,Cool/Dry,Q1,59,0,0,0.0,0.0,0.0
40,ขอนแก่น,Northeast,2024,2,Cool/Dry,Q1,200,0,0,0.0,0.0,0.0
41,อุดรธานี,Northeast,2024,2,Cool/Dry,Q1,155,0,0,0.0,0.0,0.0
42,เลย,Northeast,2024,2,Cool/Dry,Q1,90,0,0,0.0,0.0,0.0
43,หนองคาย,Northeast,2024,2,Cool/Dry,Q1,62,0,0,0.0,0.0,0.0
44,มหาสารคาม,Northeast,2024,2,Cool/Dry,Q1,133,0,0,0.0,0.0,0.0
45,ร้อยเอ็ด,Northeast,2024,2,Cool/Dry,Q1,193,0,0,0.0,0.0,0.0
46,กาฬสินธุ์,Northeast,2024,2,Cool/Dry,Q1,135,0,0,0.0,0.0,0.0
47,สกลนคร,Northeast,2024,2,Cool/Dry,Q1,125,0,0,0.0,0.0,0.0
48,นครพนม,Northeast,2024,2,Cool/Dry,Q1,98,0,0,0.0,0.0,0.0
49,มุกดาหาร,Northeast,2024,2,Cool/Dry,Q1,53,0,0,0.0,0.0,0.0
50,เชียงใหม่,North,2024,2,Cool/Dry,Q1,204,0,0,0.0,0.0,0.0
51,ลำพูน,North,2024,2,Cool/Dry,Q1,51,0,0,0.0,0.0,0.0
52,ลำปาง,North,2024,2,Cool/Dry,Q1,96,0,0,0.0,0.0,0.0
53,อุตรดิตถ์,North,2024,2,Cool/Dry,Q1,67,0,0,0.0,0.0,0.0
54,แพร่,North,2024,2,Cool/Dry,Q1,78,0,0,0.0,0.0,0.0
55,น่าน,North,2024,2,Cool/Dry,Q1,99,0,0,0.0,0.0,0.0
56,พะเยา,North,2024,2,Cool/Dry,Q1,68,0,0,0.0,0.0,0.0
57,เชียงราย,North,2024,2,Cool/Dry,Q1,123,0,0,0.0,0.0,0.0
58,แม่ฮ่องสอน,North,2024,2,Cool/Dry,Q1,45,0,0,0.0,0.0,0.0
60,นครสวรรค์,Central,2024,2,Cool/Dry,Q1,130,0,0,0.0,0.0,0.0
61,อุทัยธานี,Central,2024,2,Cool/Dry,Q1,70,0,0,0.0,0.0,0.0
62,กำแพงเพชร,North,2024,2,Cool/Dry,Q1,78,0,0,0.0,0.0,0.0
63,ตาก,North,2024,2,Cool/Dry,Q1,60,0,0,0.0,0.0,0.0
64,สุโขทัย,North,2024,2,Cool/Dry,Q1,86,0,0,0.0,0.0,0.0
65,พิษณุโลก,North,2024,2,Cool/Dry,Q1,93,0,0,0.0,0.0,0.0
66,พิจิตร,North,2024,2,Cool/Dry,Q1,88,0,0,0.0,0.0,0.0
67,เพชรบูรณ์,North,2024,2,Cool/Dry,Q1,116,0,0,0.0,0.0,0.0
70,ราชบุรี,Central,2024,2,Cool/Dry,Q1,104,0,0,0.0,0.0,0.0
71,กาญจนบุรี,Central,2024,2,Cool/Dry,Q1,96,0,0,0.0,0.0,0.0
72,สุพรรณบุรี,Central,2024,2,Cool/Dry,Q1,110,0,0,0.0,0.0,0.0
73,นครปฐม,Central,2024,2,Cool/Dry,Q1,106,0,0,0.0,0.0,0.0
74,สมุทรสาคร,Central,2024,2,Cool/Dry,Q1,40,0,0,0.0,0.0,0.0
75,สมุทรสงคราม,Central,2024,2,Cool/Dry,Q1,36,0,0,0.0,0.0,0.0
76,เพชรบุรี,South,2024,2,Cool/Dry,Q1,93,0,0,0.0,0.0,0.0
77,ประจวบคีรีขันธ์,South,2024,2,Cool/Dry,Q1,48,0,0,0.0,0.0,0.0
80,นครศรีธรรมราช,South,2024,2,Cool/Dry,Q1,169,0,0,0.0,0.0,0.0
81,กระบี่,South,2024,2,Cool/Dry,Q1,52,0,0,0.0,0.0,0.0
82,พังงา,South,2024,2,Cool/Dry,Q1,48,0,0,0.0,0.0,0.0
83,ภูเก็ต,South,2024,2,Cool/Dry,Q1,17,0,0,0.0,0.0,0.0
84,สุราษฎร์ธานี,South,2024,2,Cool/Dry,Q1,131,0,0,0.0,0.0,0.0
85,ระนอง,South,2024,2,Cool/Dry,Q1,30,0,0,0.0,0.0,0.0
86,ชุมพร,South,2024,2,Cool/Dry,Q1,71,0,0,0.0,0.0,0.0
90,สงขลา,South,2024,2,Cool/Dry,Q1,127,0,0,0.0,0.0,0.0
91,สตูล,South,2024,2,Cool/Dry,Q1,36,0,0,0.0,0.0,0.0
92,ตรัง,South,2024,2,Cool/Dry,Q1,87,0,0,0.0,0.0,0.0
93,พัทลุง,South,2024,2,Cool/Dry,Q1,65,0,0,0.0,0.0,0.0
94,ปัตตานี,South,2024,2,Cool/Dry,Q1,115,0,0,0.0,0.0,0.0
95,ยะลา,South,2024,2,Cool/Dry,Q1,58,0,0,0.0,0.0,0.0
96,นราธิวาส,South,2024,2,Cool/Dry,Q1,77,0,0,0.0,0.0,0.0
10,กรุงเทพมหานคร,Central,2024,3,Hot,Q1,160,0,0,0.0,0.0,0.0
11,สมุทรปราการ,Central,2024,3,Hot,Q1,50,0,0,0.0,0.0,0.0
12,นนทบุรี,Central,2024,3,Hot,Q1,52,0,0,0.0,0.0,0.0
13,ปทุมธานี,Central,2024,3,Hot,Q1,60,0,0,0.0,0.0,0.0
14,พระนครศรีอยุธยา,Central,2024,3,Hot,Q1,209,0,0,0.0,0.0,0.0
15,อ่างทอง,Central,2024,3,Hot,Q1,73,0,0,0.0,0.0,0.0
16,ลพบุรี,Central,2024,3,Hot,Q1,121,0,0,0.0,0.0,0.0
17,สิงห์บุรี,Central,2024,3,Hot,Q1,43,0,0,0.0,0.0,0.0
18,ชัยนาท,Central,2024,3,Hot,Q1,53,0,0,0.0,0.0,0.0
19,สระบุรี,Central,2024,3,Hot,Q1,109,0,0,0.0,0.0,0.0
20,ชลบุรี,East,2024,3,Hot,Q1,93,0,0,0.0,0.0,0.0
21,ระยอง,East,2024,3,Hot,Q1,56,0,0,0.0,0.0,0.0
22,จันทบุรี,East,2024,3,Hot,Q1,76,0,0,0.0,0.0,0.0
23,ตราด,East,2024,3,Hot,Q1,37,0,0,0.0,0.0,0.0
24,ฉะเชิงเทรา,East,2024,3,Hot,Q1,93,0,0,0.0,0.0,0.0
25,ปราจีนบุรี,East,2024,3,Hot,Q1,64,0,0,0.0,0.0,0.0
26,นครนายก,East,2024,3,Hot,Q1,41,0,0,0.0,0.0,0.0
27,สระแก้ว,East,2024,3,Hot,Q1,59,0,0,0.0,0.0,0.0
30,นครราชสีมา,Northeast,2024,3,Hot,Q1,285,0,0,0.0,0.0,0.0
31,บุรีรัมย์,Northeast,2024,3,Hot,Q1,189,0,0,0.0,0.0,0.0
32,สุรินทร์,Northeast,2024,3,Hot,Q1,159,0,0,0.0,0.0,0.0
33,ศรีสะเกษ,Northeast,2024,3,Hot,Q1,205,0,0,0.0,0.0,0.0
34,อุบลราชธานี,Northeast,2024,3,Hot,Q1,218,0,0,0.0,0.0,0.0
35,ยโสธร,Northeast,2024,3,Hot,Q1,79,0,0,0.0,0.0,0.0
36,ชัยภูมิ,Northeast,2024,3,Hot,Q1,124,0,0,0.0,0.0,0.0
37,อำนาจเจริญ,Northeast,2024,3,Hot,Q1,56,0,0,0.0,0.0,0.0
38,บึงกาฬ,Northeast,2024,3,Hot,Q1,53,0,0,0.0,0.0,0.0
39,หนองบัวลำภู,Northeast,2024,3,Hot,Q1,59,0,0,0.0,0.0,0.0
40,ขอนแก่น,Northeast,2024,3,Hot,Q1,200,0,0,0.0,0.0,0.0
41,อุดรธานี,Northeast,2024,3,Hot,Q1,155,0,0,0.0,0.0,0.0
42,เลย,Northeast,2024,3,Hot,Q1,90,0,0,0.0,0.0,0.0
43,หนองคาย,Northeast,2024,3,Hot,Q1,62,0,0,0.0,0.0,0.0
44,มหาสารคาม,Northeast,2024,3,Hot,Q1,133,0,0,0.0,0.0,0.0
45,ร้อยเอ็ด,Northeast,2024,3,Hot,Q1,193,0,0,0.0,0.0,0.0
46,กาฬสินธุ์,Northeast,2024,3,Hot,Q1,135,0,0,0.0,0.0,0.0
47,สกลนคร,Northeast,2024,3,Hot,Q1,125,0,0,0.0,0.0,0.0
48,นครพนม,Northeast,2024,3,Hot,Q1,98,0,0,0.0,0.0,0.0
49,มุกดาหาร,Northeast,2024,3,Hot,Q1,53,0,0,0.0,0.0,0.0
50,เชียงใหม่,North,2024,3,Hot,Q1,204,0,0,0.0,0.0,0.0
51,ลำพูน,North,2024,3,Hot,Q1,51,0,0,0.0,0.0,0.0
52,ลำปาง,North,2024,3,Hot,Q1,96,0,0,0.0,0.0,0.0
53,อุตรดิตถ์,North,2024,3,Hot,Q1,67,0,0,0.0,0.0,0.0
54,แพร่,North,2024,3,Hot,Q1,78,0,0,0.0,0.0,0.0
55,น่าน,North,2024,3,Hot,Q1,99,0,0,0.0,0.0,0.0
56,พะเยา,North,2024,3,Hot,Q1,68,0,0,0.0,0.0,0.0
57,เชียงราย,North,2024,3,Hot,Q1,123,0,0,0.0,0.0,0.0
58,แม่ฮ่องสอน,North,2024,3,Hot,Q1,45,0,0,0.0,0.0,0.0
60,นครสวรรค์,Central,2024,3,Hot,Q1,130,0,0,0.0,0.0,0.0
61,อุทัยธานี,Central,2024,3,Hot,Q1,70,0,0,0.0,0.0,0.0
62,กำแพงเพชร,North,2024,3,Hot,Q1,78,0,0,0.0,0.0,0.0
63,ตาก,North,2024,3,Hot,Q1,60,0,0,0.0,0.0,0.0
64,สุโขทัย,North,2024,3,Hot,Q1,86,0,0,0.0,0.0,0.0
65,พิษณุโลก,North,2024,3,Hot,Q1,93,0,0,0.0,0.0,0.0
66,พิจิตร,North,2024,3,Hot,Q1,88,0,0,0.0,0.0,0.0
67,เพชรบูรณ์,North,2024,3,Hot,Q1,116,0,0,0.0,0.0,0.0
70,ราชบุรี,Central,2024,3,Hot,Q1,104,0,0,0.0,0.0,0.0
71,กาญจนบุรี,Central,2024,3,Hot,Q1,96,0,0,0.0,0.0,0.0
72,สุพรรณบุรี,Central,2024,3,Hot,Q1,110,0,0,0.0,0.0,0.0
73,นครปฐม,Central,2024,3,Hot,Q1,106,0,0,0.0,0.0,0.0
74,สมุทรสาคร,Central,2024,3,Hot,Q1,40,0,0,0.0,0.0,0.0
75,สมุทรสงคราม,Central,2024,3,Hot,Q1,36,0,0,0.0,0.0,0.0
76,เพชรบุรี,South,2024,3,Hot,Q1,93,0,0,0.0,0.0,0.0
77,ประจวบคีรีขันธ์,South,2024,3,Hot,Q1,48,0,0,0.0,0.0,0.0
80,นครศรีธรรมราช,South,2024,3,Hot,Q1,169,0,0,0.0,0.0,0.0
81,กระบี่,South,2024,3,Hot,Q1,52,0,0,0.0,0.0,0.0
82,พังงา,South,2024,3,Hot,Q1,48,0,0,0.0,0.0,0.0
83,ภูเก็ต,South,2024,3,Hot,Q1,17,0,0,0.0,0.0,0.0
84,สุราษฎร์ธานี,South,2024,3,Hot,Q1,131,0,0,0.0,0.0,0.0
85,ระนอง,South,2024,3,Hot,Q1,30,0,0,0.0,0.0,0.0
86,ชุมพร,South,2024,3,Hot,Q1,71,0,0,0.0,0.0,0.0
90,สงขลา,South,2024,3,Hot,Q1,127,0,0,0.0,0.0,0.0
91,สตูล,South,2024,3,Hot,Q1,36,0,0,0.0,0.0,0.0
92,ตรัง,South,2024,3,Hot,Q1,87,0,0,0.0,0.0,0.0
93,พัทลุง,South,2024,3,Hot,Q1,65,0,0,0.0,0.0,0.0
94,ปัตตานี,South,2024,3,Hot,Q1,115,0,0,0.0,0.0,0.0
95,ยะลา,South,2024,3,Hot,Q1,58,0,0,0.0,0.0,0.0
96,นราธิวาส,South,2024,3,Hot,Q1,77,0,0,0.0,0.0,0.0
10,กรุงเทพมหานคร,Central,2024,4,Hot,Q2,160,0,0,0.0,0.0,0.0
11,สมุทรปราการ,Central,2024,4,Hot,Q2,50,0,0,0.0,0.0,0.0
12,นนทบุรี,Central,2024,4,Hot,Q2,52,0,0,0.0,0.0,0.0
13,ปทุมธานี,Central,2024,4,Hot,Q2,60,0,0,0.0,0.0,0.0
14,พระนครศรีอยุธยา,Central,2024,4,Hot,Q2,209,0,0,0.0,0.0,0.0
15,อ่างทอง,Central,2024,4,Hot,Q2,73,0,0,0.0,0.0,0.0
16,ลพบุรี,Central,2024,4,Hot,Q2,121,0,0,0.0,0.0,0.0
17,สิงห์บุรี,Central,2024,4,Hot,Q2,43,0,0,0.0,0.0,0.0
18,ชัยนาท,Central,2024,4,Hot,Q2,53,0,0,0.0,0.0,0.0
19,สระบุรี,Central,2024,4,Hot,Q2,109,0,0,0.0,0.0,0.0
20,ชลบุรี,East,2024,4,Hot,Q2,93,0,0,0.0,0.0,0.0
21,ระยอง,East,2024,4,Hot,Q2,56,0,0,0.0,0.0,0.0
22,จันทบุรี,East,2024,4,Hot,Q2,76,0,0,0.0,0.0,0.0
23,ตราด,East,2024,4,Hot,Q2,37,0,0,0.0,0.0,0.0
24,ฉะเชิงเทรา,East,2024,4,Hot,Q2,93,0,0,0.0,0.0,0.0
25,ปราจีนบุรี,East,2024,4,Hot,Q2,64,0,0,0.0,0.0,0.0
26,นครนายก,East,2024,4,Hot,Q2,41,0,0,0.0,0.0,0.0
27,สระแก้ว,East,2024,4,Hot,Q2,59,0,0,0.0,0.0,0.0
30,นครราชสีมา,Northeast,2024,4,Hot,Q2,285,0,0,0.0,0.0,0.0
31,บุรีรัมย์,Northeast,2024,4,Hot,Q2,189,0,0,0.0,0.0,0.0
32,สุรินทร์,Northeast,2024,4,Hot,Q2,159,0,0,0.0,0.0,0.0
33,ศรีสะเกษ,Northeast,2024,4,Hot,Q2,205,0,0,0.0,0.0,0.0
34,อุบลราชธานี,Northeast,2024,4,Hot,Q2,218,0,0,0.0,0.0,0.0
35,ยโสธร,Northeast,2024,4,Hot,Q2,79,0,0,0.0,0.0,0.0
36,ชัยภูมิ,Northeast,2024,4,Hot,Q2,124,0,0,0.0,0.0,0.0
37,อำนาจเจริญ,Northeast,2024,4,Hot,Q2,56,0,0,0.0,0.0,0.0
38,บึงกาฬ,Northeast,2024,4,Hot,Q2,53,0,0,0.0,0.0,0.0
39,หนองบัวลำภู,Northeast,2024,4,Hot,Q2,59,0,0,0.0,0.0,0.0
40,ขอนแก่น,Northeast,2024,4,Hot,Q2,200,0,0,0.0,0.0,0.0
41,อุดรธานี,Northeast,2024,4,Hot,Q2,155,0,0,0.0,0.0,0.0
42,เลย,Northeast,2024,4,Hot,Q2,90,0,0,0.0,0.0,0.0
43,หนองคาย,Northeast,2024,4,Hot,Q2,62,0,0,0.0,0.0,0.0
44,มหาสารคาม,Northeast,2024,4,Hot,Q2,133,0,0,0.0,0.0,0.0
45,ร้อยเอ็ด,Northeast,2024,4,Hot,Q2,193,0,0,0.0,0.0,0.0
46,กาฬสินธุ์,Northeast,2024,4,Hot,Q2,135,0,0,0.0,0.0,0.0
47,สกลนคร,Northeast,2024,4,Hot,Q2,125,0,0,0.0,0.0,0.0
48,นครพนม,Northeast,2024,4,Hot,Q2,98,0,0,0.0,0.0,0.0
49,มุกดาหาร,Northeast,2024,4,Hot,Q2,53,0,0,0.0,0.0,0.0
50,เชียงใหม่,North,2024,4,Hot,Q2,204,0,0,0.0,0.0,0.0
51,ลำพูน,North,2024,4,Hot,Q2,51,0,0,0.0,0.0,0.0
52,ลำปาง,North,2024,4,Hot,Q2,96,0,0,0.0,0.0,0.0
53,อุตรดิตถ์,North,2024,4,Hot,Q2,67,0,0,0.0,0.0,0.0
54,แพร่,North,2024,4,Hot,Q2,78,0,0,0.0,0.0,0.0
55,น่าน,North,2024,4,Hot,Q2,99,0,0,0.0,0.0,0.0
56,พะเยา,North,2024,4,Hot,Q2,68,0,0,0.0,0.0,0.0
57,เชียงราย,North,2024,4,Hot,Q2,123,0,0,0.0,0.0,0.0
58,แม่ฮ่องสอน,North,2024,4,Hot,Q2,45,0,0,0.0,0.0,0.0
60,นครสวรรค์,Central,2024,4,Hot,Q2,130,0,0,0.0,0.0,0.0
61,อุทัยธานี,Central,2024,4,Hot,Q2,70,0,0,0.0,0.0,0.0
62,กำแพงเพชร,North,2024,4,Hot,Q2,78,0,0,0.0,0.0,0.0
63,ตาก,North,2024,4,Hot,Q2,60,0,0,0.0,0.0,0.0
64,สุโขทัย,North,2024,4,Hot,Q2,86,0,0,0.0,0.0,0.0
65,พิษณุโลก,North,2024,4,Hot,Q2,93,0,0,0.0,0.0,0.0
66,พิจิตร,North,2024,4,Hot,Q2,88,0,0,0.0,0.0,0.0
67,เพชรบูรณ์,North,2024,4,Hot,Q2,116,0,0,0.0,0.0,0.0
70,ราชบุรี,Central,2024,4,Hot,Q2,104,0,0,0.0,0.0,0.0
71,กาญจนบุรี,Central,2024,4,Hot,Q2,96,0,0,0.0,0.0,0.0
72,สุพรรณบุรี,Central,2024,4,Hot,Q2,110,0,0,0.0,0.0,0.0
73,นครปฐม,Central,2024,4,Hot,Q2,106,0,0,0.0,0.0,0.0
74,สมุทรสาคร,Central,2024,4,Hot,Q2,40,0,0,0.0,0.0,0.0
75,สมุทรสงคราม,Central,2024,4,Hot,Q2,36,0,0,0.0,0.0,0.0
76,เพชรบุรี,South,2024,4,Hot,Q2,93,0,0,0.0,0.0,0.0
77,ประจวบคีรีขันธ์,South,2024,4,Hot,Q2,48,0,0,0.0,0.0,0.0
80,นครศรีธรรมราช,South,2024,4,Hot,Q2,169,0,0,0.0,0.0,0.0
81,กระบี่,South,2024,4,Hot,Q2,52,0,0,0.0,0.0,0.0
82,พังงา,South,2024,4,Hot,Q2,48,0,0,0.0,0.0,0.0
83,ภูเก็ต,South,2024,4,Hot,Q2,17,0,0,0.0,0.0,0.0
84,สุราษฎร์ธานี,South,2024,4,Hot,Q2,131,0,0,0.0,0.0,0.0
85,ระนอง,South,2024,4,Hot,Q2,30,0,0,0.0,0.0,0.0
86,ชุมพร,South,2024,4,Hot,Q2,71,0,0,0.0,0.0,0.0
90,สงขลา,South,2024,4,Hot,Q2,127,0,0,0.0,0.0,0.0
91,สตูล,South,2024,4,Hot,Q2,36,0,0,0.0,0.0,0.0
92,ตรัง,South,2024,4,Hot,Q2,87,0,0,0.0,0.0,0.0
93,พัทลุง,South,2024,4,Hot,Q2,65,0,0,0.0,0.0,0.0
94,ปัตตานี,South,2024,4,Hot,Q2,115,0,0,0.0,0.0,0.0
95,ยะลา,South,2024,4,Hot,Q2,58,0,0,0.0,0.0,0.0
96,นราธิวาส,South,2024,4,Hot,Q2,77,0,0,0.0,0.0,0.0
10,กรุงเทพมหานคร,Central,2024,5,Hot,Q2,160,0,0,0.0,0.0,0.0
11,สมุทรปราการ,Central,2024,5,Hot,Q2,50,0,0,0.0,0.0,0.0
12,นนทบุรี,Central,2024,5,Hot,Q2,52,0,0,0.0,0.0,0.0
13,ปทุมธานี,Central,2024,5,Hot,Q2,60,0,0,0.0,0.0,0.0
14,พระนครศรีอยุธยา,Central,2024,5,Hot,Q2,209,0,0,0.0,0.0,0.0
15,อ่างทอง,Central,2024,5,Hot,Q2,73,0,0,0.0,0.0,0.0
16,ลพบุรี,Central,2024,5,Hot,Q2,121,0,0,0.0,0.0,0.0
17,สิงห์บุรี,Central,2024,5,Hot,Q2,43,0,0,0.0,0.0,0.0
18,ชัยนาท,Central,2024,5,Hot,Q2,53,0,0,0.0,0.0,0.0
19,สระบุรี,Central,2024,5,Hot,Q2,109,0,0,0.0,0.0,0.0
20,ชลบุรี,East,2024,5,Hot,Q2,93,0,0,0.0,0.0,0.0
21,ระยอง,East,2024,5,Hot,Q2,56,0,0,0.0,0.0,0.0
22,จันทบุรี,East,2024,5,Hot,Q2,76,0,0,0.0,0.0,0.0
23,ตราด,East,2024,5,Hot,Q2,37,0,0,0.0,0.0,0.0
24,ฉะเชิงเทรา,East,2024,5,Hot,Q2,93,0,0,0.0,0.0,0.0
25,ปราจีนบุรี,East,2024,5,Hot,Q2,64,0,0,0.0,0.0,0.0
26,นครนายก,East,2024,5,Hot,Q2,41,0,0,0.0,0.0,0.0
27,สระแก้ว,East,2024,5,Hot,Q2,59,0,0,0.0,0.0,0.0
30,นครราชสีมา,Northeast,2024,5,Hot,Q2,285,0,0,0.0,0.0,0.0
31,บุรีรัมย์,Northeast,2024,5,Hot,Q2,189,0,0,0.0,0.0,0.0
32,สุรินทร์,Northeast,2024,5,Hot,Q2,159,0,0,0.0,0.0,0.0
33,ศรีสะเกษ,Northeast,2024,5,Hot,Q2,205,0,0,0.0,0.0,0.0
34,อุบลราชธานี,Northeast,2024,5,Hot,Q2,218,0,0,0.0,0.0,0.0
35,ยโสธร,Northeast,2024,5,Hot,Q2,79,0,0,0.0,0.0,0.0
36,ชัยภูมิ,Northeast,2024,5,Hot,Q2,124,0,0,0.0,0.0,0.0
37,อำนาจเจริญ,Northeast,2024,5,Hot,Q2,56,0,0,0.0,0.0,0.0
38,บึงกาฬ,Northeast,2024,5,Hot,Q2,53,0,0,0.0,0.0,0.0
39,หนองบัวลำภู,Northeast,2024,5,Hot,Q2,59,0,0,0.0,0.0,0.0
40,ขอนแก่น,Northeast,2024,5,Hot,Q2,200,0,0,0.0,0.0,0.0
41,อุดรธานี,Northeast,2024,5,Hot,Q2,155,0,0,0.0,0.0,0.0
42,เลย,Northeast,2024,5,Hot,Q2,90,0,0,0.0,0.0,0.0
43,หนองคาย,Northeast,2024,5,Hot,Q2,62,0,0,0.0,0.0,0.0
44,มหาสารคาม,Northeast,2024,5,Hot,Q2,133,0,0,0.0,0.0,0.0
45,ร้อยเอ็ด,Northeast,2024,5,Hot,Q2,193,0,0,0.0,0.0,0.0
46,กาฬสินธุ์,Northeast,2024,5,Hot,Q2,135,0,0,0.0,0.0,0.0
47,สกลนคร,Northeast,2024,5,Hot,Q2,125,0,0,0.0,0.0,0.0
48,นครพนม,Northeast,2024,5,Hot,Q2,98,0,0,0.0,0.0,0.0
49,มุกดาหาร,Northeast,2024,5,Hot,Q2,53,0,0,0.0,0.0,0.0
50,เชียงใหม่,North,2024,5,Hot,Q2,204,0,0,0.0,0.0,0.0
51,ลำพูน,North,2024,5,Hot,Q2,51,0,0,0.0,0.0,0.0
52,ลำปาง,North,2024,5,Hot,Q2,96,0,0,0.0,0.0,0.0
53,อุตรดิตถ์,North,2024,5,Hot,Q2,67,0,0,0.0,0.0,0.0
54,แพร่,North,2024,5,Hot,Q2,78,0,0,0.0,0.0,0.0
55,น่าน,North,2024,5,Hot,Q2,99,0,0,0.0,0.0,0.0
56,พะเยา,North,2024,5,Hot,Q2,68,0,0,0.0,0.0,0.0
57,เชียงราย,North,2024,5,Hot,Q2,123,0,0,0.0,0.0,0.0
58,แม่ฮ่องสอน,North,2024,5,Hot,Q2,45,0,0,0.0,0.0,0.0
60,นครสวรรค์,Central,2024,5,Hot,Q2,130,0,0,0.0,0.0,0.0
61,อุทัยธานี,Central,2024,5,Hot,Q2,70,0,0,0.0,0.0,0.0
62,กำแพงเพชร,North,2024,5,Hot,Q2,78,0,0,0.0,0.0,0.0
63,ตาก,North,2024,5,Hot,Q2,60,0,0,0.0,0.0,0.0
64,สุโขทัย,North,2024,5,Hot,Q2,86,0,0,0.0,0.0,0.0
65,พิษณุโลก,North,2024,5,Hot,Q2,93,0,0,0.0,0.0,0.0
66,พิจิตร,North,2024,5,Hot,Q2,88,0,0,0.0,0.0,0.0
67,เพชรบูรณ์,North,2024,5,Hot,Q2,116,0,0,0.0,0.0,0.0
70,ราชบุรี,Central,2024,5,Hot,Q2,104,0,0,0.0,0.0,0.0
71,กาญจนบุรี,Central,2024,5,Hot,Q2,96,0,0,0.0,0.0,0.0
72,สุพรรณบุรี,Central,2024,5,Hot,Q2,110,0,0,0.0,0.0,0.0
73,นครปฐม,Central,2024,5,Hot,Q2,106,0,0,0.0,0.0,0.0
74,สมุทรสาคร,Central,2024,5,Hot,Q2,40,0,0,0.0,0.0,0.0
75,สมุทรสงคราม,Central,2024,5,Hot,Q2,36,0,0,0.0,0.0,0.0
76,เพชรบุรี,South,2024,5,Hot,Q2,93,0,0,0.0,0.0,0.0
77,ประจวบคีรีขันธ์,South,2024,5,Hot,Q2,48,0,0,0.0,0.0,0.0
80,นครศรีธรรมราช,South,2024,5,Hot,Q2,169,0,0,0.0,0.0,0.0
81,กระบี่,South,2024,5,Hot,Q2,52,0,0,0.0,0.0,0.0
82,พังงา,South,2024,5,Hot,Q2,48,0,0,0.0,0.0,0.0
83,ภูเก็ต,South,2024,5,Hot,Q2,17,0,0,0.0,0.0,0.0
84,สุราษฎร์ธานี,South,2024,5,Hot,Q2,131,0,0,0.0,0.0,0.0
85,ระนอง,South,2024,5,Hot,Q2,30,0,0,0.0,0.0,0.0
86,ชุมพร,South,2024,5,Hot,Q2,71,0,0,0.0,0.0,0.0
90,สงขลา,South,2024,5,Hot,Q2,127,0,0,0.0,0.0,0.0
91,สตูล,South,2024,5,Hot,Q2,36,0,0,0.0,0.0,0.0
92,ตรัง,South,2024,5,Hot,Q2,87,0,0,0.0,0.0,0.0
93,พัทลุง,South,2024,5,Hot,Q2,65,0,0,0.0,0.0,0.0
94,ปัตตานี,South,2024,5,Hot,Q2,115,0,0,0.0,0.0,0.0
95,ยะลา,South,2024,5,Hot,Q2,58,0,0,0.0,0.0,0.0
96,นราธิวาส,South,2024,5,Hot,Q2,77,0,0,0.0,0.0,0.0
10,กรุงเทพมหานคร,Central,2024,6,Rainy/Monsoon,Q2,160,0,0,0.0,0.0,0.0
11,สมุทรปราการ,Central,2024,6,Rainy/Monsoon,Q2,50,0,0,0.0,0.0,0.0
12,นนทบุรี,Central,2024,6,Rainy/Monsoon,Q2,52,0,0,0.0,0.0,0.0
13,ปทุมธานี,Central,2024,6,Rainy/Monsoon,Q2,60,0,0,0.0,0.0,0.0
14,พระนครศรีอยุธยา,Central,2024,6,Rainy/Monsoon,Q2,209,0,0,0.0,0.0,0.0
15,อ่างทอง,Central,2024,6,Rainy/Monsoon,Q2,73,0,0,0.0,0.0,0.0
16,ลพบุรี,Central,2024,6,Rainy/Monsoon,Q2,121,0,0,0.0,0.0,0.0
17,สิงห์บุรี,Central,2024,6,Rainy/Monsoon,Q2,43,0,0,0.0,0.0,0.0
18,ชัยนาท,Central,2024,6,Rainy/Monsoon,Q2,53,0,0,0.0,0.0,0.0
19,สระบุรี,Central,2024,6,Rainy/Monsoon,Q2,109,0,0,0.0,0.0,0.0
20,ชลบุรี,East,2024,6,Rainy/Monsoon,Q2,93,0,0,0.0,0.0,0.0
21,ระยอง,East,2024,6,Rainy/Monsoon,Q2,56,0,0,0.0,0.0,0.0
22,จันทบุรี,East,2024,6,Rainy/Monsoon,Q2,76,0,0,0.0,0.0,0.0
23,ตราด,East,2024,6,Rainy/Monsoon,Q2,37,0,0,0.0,0.0,0.0
24,ฉะเชิงเทรา,East,2024,6,Rainy/Monsoon,Q2,93,0,0,0.0,0.0,0.0
25,ปราจีนบุรี,East,2024,6,Rainy/Monsoon,Q2,64,0,0,0.0,0.0,0.0
26,นครนายก,East,2024,6,Rainy/Monsoon,Q2,41,0,0,0.0,0.0,0.0
27,สระแก้ว,East,2024,6,Rainy/Monsoon,Q2,59,0,0,0.0,0.0,0.0
30,นครราชสีมา,Northeast,2024,6,Rainy/Monsoon,Q2,285,0,0,0.0,0.0,0.0
31,บุรีรัมย์,Northeast,2024,6,Rainy/Monsoon,Q2,189,0,0,0.0,0.0,0.0
32,สุรินทร์,Northeast,2024,6,Rainy/Monsoon,Q2,159,0,0,0.0,0.0,0.0
33,ศรีสะเกษ,Northeast,2024,6,Rainy/Monsoon,Q2,205,0,0,0.0,0.0,0.0
34,อุบลราชธานี,Northeast,2024,6,Rainy/Monsoon,Q2,218,0,0,0.0,0.0,0.0
35,ยโสธร,Northeast,2024,6,Rainy/Monsoon,Q2,79,0,0,0.0,0.0,0.0
36,ชัยภูมิ,Northeast,2024,6,Rainy/Monsoon,Q2,124,0,0,0.0,0.0,0.0
37,อำนาจเจริญ,Northeast,2024,6,Rainy/Monsoon,Q2,56,0,0,0.0,0.0,0.0
38,บึงกาฬ,Northeast,2024,6,Rainy/Monsoon,Q2,53,0,0,0.0,0.0,0.0
39,หนองบัวลำภู,Northeast,2024,6,Rainy/Monsoon,Q2,59,1,0,0.01694915254237288,0.0,0.01694915254237288
40,ขอนแก่น,Northeast,2024,6,Rainy/Monsoon,Q2,200,0,0,0.0,0.0,0.0
41,อุดรธานี,Northeast,2024,6,Rainy/Monsoon,Q2,155,2,0,0.012903225806451613,0.0,0.012903225806451613
42,เลย,Northeast,2024,6,Rainy/Monsoon,Q2,90,0,1,0.0,0.011111111111111112,0.011111111111111112
43,หนองคาย,Northeast,2024,6,Rainy/Monsoon,Q2,62,0,0,0.0,0.0,0.0
44,มหาสารคาม,Northeast,2024,6,Rainy/Monsoon,Q2,133,0,0,0.0,0.0,0.0
45,ร้อยเอ็ด,Northeast,2024,6,Rainy/Monsoon,Q2,193,0,0,0.0,0.0,0.0
46,กาฬสินธุ์,Northeast,2024,6,Rainy/Monsoon,Q2,135,0,0,0.0,0.0,0.0
47,สกลนคร,Northeast,2024,6,Rainy/Monsoon,Q2,125,0,0,0.0,0.0,0.0
48,นครพนม,Northeast,2024,6,Rainy/Monsoon,Q2,98,0,0,0.0,0.0,0.0
49,มุกดาหาร,Northeast,2024,6,Rainy/Monsoon,Q2,53,0,0,0.0,0.0,0.0
50,เชียงใหม่,North,2024,6,Rainy/Monsoon,Q2,204,0,0,0.0,0.0,0.0
51,ลำพูน,North,2024,6,Rainy/Monsoon,Q2,51,0,0,0.0,0.0,0.0
52,ลำปาง,North,2024,6,Rainy/Monsoon,Q2,96,0,0,0.0,0.0,0.0
53,อุตรดิตถ์,North,2024,6,Rainy/Monsoon,Q2,67,0,2,0.0,0.029850746268656716,0.029850746268656716
54,แพร่,North,2024,6,Rainy/Monsoon,Q2,78,0,2,0.0,0.02564102564102564,0.02564102564102564
55,น่าน,North,2024,6,Rainy/Monsoon,Q2,99,0,18,0.0,0.18181818181818182,0.18181818181818182
56,พะเยา,North,2024,6,Rainy/Monsoon,Q2,68,0,0,0.0,0.0,0.0
57,เชียงราย,North,2024,6,Rainy/Monsoon,Q2,123,0,0,0.0,0.0,0.0
58,แม่ฮ่องสอน,North,2024,6,Rainy/Monsoon,Q2,45,0,0,0.0,0.0,0.0
60,นครสวรรค์,Central,2024,6,Rainy/Monsoon,Q2,130,0,0,0.0,0.0,0.0
61,อุทัยธานี,Central,2024,6,Rainy/Monsoon,Q2,70,0,0,0.0,0.0,0.0
62,กำแพงเพชร,North,2024,6,Rainy/Monsoon,Q2,78,0,0,0.0,0.0,0.0
63,ตาก,North,2024,6,Rainy/Monsoon,Q2,60,0,0,0.0,0.0,0.0
64,สุโขทัย,North,2024,6,Rainy/Monsoon,Q2,86,0,0,0.0,0.0,0.0
65,พิษณุโลก,North,2024,6,Rainy/Monsoon,Q2,93,0,3,0.0,0.03225806451612903,0.03225806451612903
66,พิจิตร,North,2024,6,Rainy/Monsoon,Q2,88,0,0,0.0,0.0,0.0
67,เพชรบูรณ์,North,2024,6,Rainy/Monsoon,Q2,116,0,0,0.0,0.0,0.0
70,ราชบุรี,Central,2024,6,Rainy/Monsoon,Q2,104,0,0,0.0,0.0,0.0
71,กาญจนบุรี,Central,2024,6,Rainy/Monsoon,Q2,96,0,0,0.0,0.0,0.0
72,สุพรรณบุรี,Central,2024,6,Rainy/Monsoon,Q2,110,0,0,0.0,0.0,0.0
73,นครปฐม,Central,2024,6,Rainy/Monsoon,Q2,106,0,0,0.0,0.0,0.0
74,สมุทรสาคร,Central,2024,6,Rainy/Monsoon,Q2,40,0,0,0.0,0.0,0.0
75,สมุทรสงคราม,Central,2024,6,Rainy/Monsoon,Q2,36,0,0,0.0,0.0,0.0
76,เพชรบุรี,South,2024,6,Rainy/Monsoon,Q2,93,0,0,0.0,0.0,0.0
77,ประจวบคีรีขันธ์,South,2024,6,Rainy/Monsoon,Q2,48,0,0,0.0,0.0,0.0
80,นครศรีธรรมราช,South,2024,6,Rainy/Monsoon,Q2,169,0,0,0.0,0.0,0.0
81,กระบี่,South,2024,6,Rainy/Monsoon,Q2,52,0,0,0.0,0.0,0.0
82,พังงา,South,2024,6,Rainy/Monsoon,Q2,48,1,8,0.020833333333333332,0.16666666666666666,0.1875
83,ภูเก็ต,South,2024,6,Rainy/Monsoon,Q2,17,3,1,0.17647058823529413,0.058823529411764705,0.23529411764705882
84,สุราษฎร์ธานี,South,2024,6,Rainy/Monsoon,Q2,131,1,1,0.007633587786259542,0.007633587786259542,0.015267175572519083
85,ระนอง,South,2024,6,Rainy/Monsoon,Q2,30,1,4,0.03333333333333333,0.13333333333333333,0.16666666666666666
86,ชุมพร,South,2024,6,Rainy/Monsoon,Q2,71,0,2,0.0,0.028169014084507043,0.028169014084507043
90,สงขลา,South,2024,6,Rainy/Monsoon,Q2,127,0,0,0.0,0.0,0.0
91,สตูล,South,2024,6,Rainy/Monsoon,Q2,36,0,0,0.0,0.0,0.0
92,ตรัง,South,2024,6,Rainy/Monsoon,Q2,87,1,2,0.011494252873563218,0.022988505747126436,0.034482758620689655
93,พัทลุง,South,2024,6,Rainy/Monsoon,Q2,65,0,0,0.0,0.0,0.0
94,ปัตตานี,South,2024,6,Rainy/Monsoon,Q2,115,0,0,0.0,0.0,0.0
95,ยะลา,South,2024,6,Rainy/Monsoon,Q2,58,0,0,0.0,0.0,0.0
96,นราธิวาส,South,2024,6,Rainy/Monsoon,Q2,77,0,0,0.0,0.0,0.0
10,กรุงเทพมหานคร,Central,2024,7,Rainy/Monsoon,Q3,160,0,0,0.0,0.0,0.0
11,สมุทรปราการ,Central,2024,7,Rainy/Monsoon,Q3,50,0,0,0.0,0.0,0.0
12,นนทบุรี,Central,2024,7,Rainy/Monsoon,Q3,52,0,0,0.0,0.0,0.0
13,ปทุมธานี,Central,2024,7,Rainy/Monsoon,Q3,60,0,0,0.0,0.0,0.0
14,พระนครศรีอยุธยา,Central,2024,7,Rainy/Monsoon,Q3,209,0,0,0.0,0.0,0.0
15,อ่างทอง,Central,2024,7,Rainy/Monsoon,Q3,73,0,0,0.0,0.0,0.0
16,ลพบุรี,Central,2024,7,Rainy/Monsoon,Q3,121,0,0,0.0,0.0,0.0
17,สิงห์บุรี,Central,2024,7,Rainy/Monsoon,Q3,43,0,0,0.0,0.0,0.0
18,ชัยนาท,Central,2024,7,Rainy/Monsoon,Q3,53,0,0,0.0,0.0,0.0
19,สระบุรี,Central,2024,7,Rainy/Monsoon,Q3,109,0,0,0.0,0.0,0.0
20,ชลบุรี,East,2024,7,Rainy/Monsoon,Q3,93,0,0,0.0,0.0,0.0
21,ระยอง,East,2024,7,Rainy/Monsoon,Q3,56,0,0,0.0,0.0,0.0
22,จันทบุรี,East,2024,7,Rainy/Monsoon,Q3,76,0,3,0.0,0.039473684210526314,0.039473684210526314
23,ตราด,East,2024,7,Rainy/Monsoon,Q3,37,0,0,0.0,0.0,0.0
24,ฉะเชิงเทรา,East,2024,7,Rainy/Monsoon,Q3,93,0,0,0.0,0.0,0.0
25,ปราจีนบุรี,East,2024,7,Rainy/Monsoon,Q3,64,0,0,0.0,0.0,0.0
26,นครนายก,East,2024,7,Rainy/Monsoon,Q3,41,0,1,0.0,0.024390243902439025,0.024390243902439025
27,สระแก้ว,East,2024,7,Rainy/Monsoon,Q3,59,0,0,0.0,0.0,0.0
30,นครราชสีมา,Northeast,2024,7,Rainy/Monsoon,Q3,285,0,0,0.0,0.0,0.0
31,บุรีรัมย์,Northeast,2024,7,Rainy/Monsoon,Q3,189,0,0,0.0,0.0,0.0
32,สุรินทร์,Northeast,2024,7,Rainy/Monsoon,Q3,159,0,0,0.0,0.0,0.0
33,ศรีสะเกษ,Northeast,2024,7,Rainy/Monsoon,Q3,205,0,0,0.0,0.0,0.0
34,อุบลราชธานี,Northeast,2024,7,Rainy/Monsoon,Q3,218,0,0,0.0,0.0,0.0
35,ยโสธร,Northeast,2024,7,Rainy/Monsoon,Q3,79,0,0,0.0,0.0,0.0
36,ชัยภูมิ,Northeast,2024,7,Rainy/Monsoon,Q3,124,1,2,0.008064516129032258,0.016129032258064516,0.024193548387096774
37,อำนาจเจริญ,Northeast,2024,7,Rainy/Monsoon,Q3,56,0,0,0.0,0.0,0.0
38,บึงกาฬ,Northeast,2024,7,Rainy/Monsoon,Q3,53,15,0,0.2830188679245283,0.0,0.2830188679245283
39,หนองบัวลำภู,Northeast,2024,7,Rainy/Monsoon,Q3,59,0,0,0.0,0.0,0.0
40,ขอนแก่น,Northeast,2024,7,Rainy/Monsoon,Q3,200,1,0,0.005,0.0,0.005
41,อุดรธานี,Northeast,2024,7,Rainy/Monsoon,Q3,155,1,1,0.0064516129032258064,0.0064516129032258064,0.012903225806451613
42,เลย,Northeast,2024,7,Rainy/Monsoon,Q3,90,0,2,0.0,0.022222222222222223,0.022222222222222223
43,หนองคาย,Northeast,2024,7,Rainy/Monsoon,Q3,62,2,0,0.03225806451612903,0.0,0.03225806451612903
44,มหาสารคาม,Northeast,2024,7,Rainy/Monsoon,Q3,133,0,0,0.0,0.0,0.0
45,ร้อยเอ็ด,Northeast,2024,7,Rainy/Monsoon,Q3,193,0,0,0.0,0.0,0.0
46,กาฬสินธุ์,Northeast,2024,7,Rainy/Monsoon,Q3,135,2,1,0.014814814814814815,0.007407407407407408,0.022222222222222223
47,สกลนคร,Northeast,2024,7,Rainy/Monsoon,Q3,125,0,0,0.0,0.0,0.0
48,นครพนม,Northeast,2024,7,Rainy/Monsoon,Q3,98,0,0,0.0,0.0,0.0
49,มุกดาหาร,Northeast,2024,7,Rainy/Monsoon,Q3,53,2,0,0.03773584905660377,0.0,0.03773584905660377
50,เชียงใหม่,North,2024,7,Rainy/Monsoon,Q3,204,8,33,0.0392156862745098,0.16176470588235295,0.20098039215686275
51,ลำพูน,North,2024,7,Rainy/Monsoon,Q3,51,0,1,0.0,0.0196078431372549,0.0196078431372549
52,ลำปาง,North,2024,7,Rainy/Monsoon,Q3,96,5,21,0.052083333333333336,0.21875,0.2708333333333333
53,อุตรดิตถ์,North,2024,7,Rainy/Monsoon,Q3,67,0,1,0.0,0.014925373134328358,0.014925373134328358
54,แพร่,North,2024,7,Rainy/Monsoon,Q3,78,0,0,0.0,0.0,0.0
55,น่าน,North,2024,7,Rainy/Monsoon,Q3,99,10,61,0.10101010101010101,0.6161616161616161,0.7171717171717171
56,พะเยา,North,2024,7,Rainy/Monsoon,Q3,68,18,40,0.2647058823529412,0.5882352941176471,0.8529411764705882
57,เชียงราย,North,2024,7,Rainy/Monsoon,Q3,123,14,63,0.11382113821138211,0.5121951219512195,0.6260162601626016
58,แม่ฮ่องสอน,North,2024,7,Rainy/Monsoon,Q3,45,0,7,0.0,0.15555555555555556,0.15555555555555556
60,นครสวรรค์,Central,2024,7,Rainy/Monsoon,Q3,130,0,0,0.0,0.0,0.0
61,อุทัยธานี,Central,2024,7,Rainy/Monsoon,Q3,70,0,0,0.0,0.0,0.0
62,กำแพงเพชร,North,2024,7,Rainy/Monsoon,Q3,78,0,0,0.0,0.0,0.0
63,ตาก,North,2024,7,Rainy/Monsoon,Q3,60,1,1,0.016666666666666666,0.016666666666666666,0.03333333333333333
64,สุโขทัย,North,2024,7,Rainy/Monsoon,Q3,86,0,0,0.0,0.0,0.0
65,พิษณุโลก,North,2024,7,Rainy/Monsoon,Q3,93,3,3,0.03225806451612903,0.03225806451612903,0.06451612903225806
66,พิจิตร,North,2024,7,Rainy/Monsoon,Q3,88,0,0,0.0,0.0,0.0
67,เพชรบูรณ์,North,2024,7,Rainy/Monsoon,Q3,116,1,3,0.008620689655172414,0.02586206896551724,0.034482758620689655
70,ราชบุรี,Central,2024,7,Rainy/Monsoon,Q3,104,0,0,0.0,0.0,0.0
71,กาญจนบุรี,Central,2024,7,Rainy/Monsoon,Q3,96,0,0,0.0,0.0,0.0
72,สุพรรณบุรี,Central,2024,7,Rainy/Monsoon,Q3,110,0,0,0.0,0.0,0.0
73,นครปฐม,Central,2024,7,Rainy/Monsoon,Q3,106,0,0,0.0,0.0,0.0
74,สมุทรสาคร,Central,2024,7,Rainy/Monsoon,Q3,40,0,0,0.0,0.0,0.0
75,สมุทรสงคราม,Central,2024,7,Rainy/Monsoon,Q3,36,0,0,0.0,0.0,0.0
76,เพชรบุรี,South,2024,7,Rainy/Monsoon,Q3,93,0,0,0.0,0.0,0.0
77,ประจวบคีรีขันธ์,South,2024,7,Rainy/Monsoon,Q3,48,0,0,0.0,0.0,0.0
80,นครศรีธรรมราช,South,2024,7,Rainy/Monsoon,Q3,169,0,1,0.0,0.005917159763313609,0.005917159763313609
81,กระบี่,South,2024,7,Rainy/Monsoon,Q3,52,1,1,0.019230769230769232,0.019230769230769232,0.038461538461538464
82,พังงา,South,2024,7,Rainy/Monsoon,Q3,48,2,10,0.041666666666666664,0.20833333333333334,0.25
83,ภูเก็ต,South,2024,7,Rainy/Monsoon,Q3,17,2,3,0.11764705882352941,0.17647058823529413,0.29411764705882354
84,สุราษฎร์ธานี,South,2024,7,Rainy/Monsoon,Q3,131,2,0,0.015267175572519083,0.0,0.015267175572519083
85,ระนอง,South,2024,7,Rainy/Monsoon,Q3,30,0,10,0.0,0.3333333333333333,0.3333333333333333
86,ชุมพร,South,2024,7,Rainy/Monsoon,Q3,71,1,2,0.014084507042253521,0.028169014084507043,0.04225352112676056
90,สงขลา,South,2024,7,Rainy/Monsoon,Q3,127,0,0,0.0,0.0,0.0
91,สตูล,South,2024,7,Rainy/Monsoon,Q3,36,1,2,0.027777777777777776,0.05555555555555555,0.08333333333333333
92,ตรัง,South,2024,7,Rainy/Monsoon,Q3,87,4,9,0.04597701149425287,0.10344827586206896,0.14942528735632185
93,พัทลุง,South,2024,7,Rainy/Monsoon,Q3,65,0,0,0.0,0.0,0.0
94,ปัตตานี,South,2024,7,Rainy/Monsoon,Q3,115,0,0,0.0,0.0,0.0
95,ยะลา,South,2024,7,Rainy/Monsoon,Q3,58,0,0,0.0,0.0,0.0
96,นราธิวาส,South,2024,7,Rainy/Monsoon,Q3,77,0,0,0.0,0.0,0.0
10,กรุงเทพมหานคร,Central,2024,8,Rainy/Monsoon,Q3,160,0,0,0.0,0.0,0.0
11,สมุทรปราการ,Central,2024,8,Rainy/Monsoon,Q3,50,0,0,0.0,0.0,0.0
12,นนทบุรี,Central,2024,8,Rainy/Monsoon,Q3,52,0,0,0.0,0.0,0.0
13,ปทุมธานี,Central,2024,8,Rainy/Monsoon,Q3,60,0,0,0.0,0.0,0.0
14,พระนครศรีอยุธยา,Central,2024,8,Rainy/Monsoon,Q3,209,0,0,0.0,0.0,0.0
15,อ่างทอง,Central,2024,8,Rainy/Monsoon,Q3,73,0,0,0.0,0.0,0.0
16,ลพบุรี,Central,2024,8,Rainy/Monsoon,Q3,121,0,0,0.0,0.0,0.0
17,สิงห์บุรี,Central,2024,8,Rainy/Monsoon,Q3,43,0,0,0.0,0.0,0.0
18,ชัยนาท,Central,2024,8,Rainy/Monsoon,Q3,53,0,0,0.0,0.0,0.0
19,สระบุรี,Central,2024,8,Rainy/Monsoon,Q3,109,0,2,0.0,0.01834862385321101,0.01834862385321101
20,ชลบุรี,East,2024,8,Rainy/Monsoon,Q3,93,0,0,0.0,0.0,0.0
21,ระยอง,East,2024,8,Rainy/Monsoon,Q3,56,0,0,0.0,0.0,0.0
22,จันทบุรี,East,2024,8,Rainy/Monsoon,Q3,76,1,3,0.013157894736842105,0.039473684210526314,0.05263157894736842
23,ตราด,East,2024,8,Rainy/Monsoon,Q3,37,9,4,0.24324324324324326,0.10810810810810811,0.35135135135135137
24,ฉะเชิงเทรา,East,2024,8,Rainy/Monsoon,Q3,93,0,0,0.0,0.0,0.0
25,ปราจีนบุรี,East,2024,8,Rainy/Monsoon,Q3,64,1,0,0.015625,0.0,0.015625
26,นครนายก,East,2024,8,Rainy/Monsoon,Q3,41,1,1,0.024390243902439025,0.024390243902439025,0.04878048780487805
27,สระแก้ว,East,2024,8,Rainy/Monsoon,Q3,59,0,0,0.0,0.0,0.0
30,นครราชสีมา,Northeast,2024,8,Rainy/Monsoon,Q3,285,0,0,0.0,0.0,0.0
31,บุรีรัมย์,Northeast,2024,8,Rainy/Monsoon,Q3,189,0,0,0.0,0.0,0.0
32,สุรินทร์,Northeast,2024,8,Rainy/Monsoon,Q3,159,0,0,0.0,0.0,0.0
33,ศรีสะเกษ,Northeast,2024,8,Rainy/Monsoon,Q3,205,0,0,0.0,0.0,0.0
34,อุบลราชธานี,Northeast,2024,8,Rainy/Monsoon,Q3,218,0,0,0.0,0.0,0.0
35,ยโสธร,Northeast,2024,8,Rainy/Monsoon,Q3,79,0,0,0.0,0.0,0.0
36,ชัยภูมิ,Northeast,2024,8,Rainy/Monsoon,Q3,124,1,1,0.008064516129032258,0.008064516129032258,0.016129032258064516
37,อำนาจเจริญ,Northeast,2024,8,Rainy/Monsoon,Q3,56,0,0,0.0,0.0,0.0
38,บึงกาฬ,Northeast,2024,8,Rainy/Monsoon,Q3,53,4,3,0.07547169811320754,0.05660377358490566,0.1320754716981132
39,หนองบัวลำภู,Northeast,2024,8,Rainy/Monsoon,Q3,59,16,0,0.2711864406779661,0.0,0.2711864406779661
40,ขอนแก่น,Northeast,2024,8,Rainy/Monsoon,Q3,200,1,0,0.005,0.0,0.005
41,อุดรธานี,Northeast,2024,8,Rainy/Monsoon,Q3,155,33,4,0.2129032258064516,0.025806451612903226,0.23870967741935484
42,เลย,Northeast,2024,8,Rainy/Monsoon,Q3,90,10,20,0.1111111111111111,0.2222222222222222,0.3333333333333333
43,หนองคาย,Northeast,2024,8,Rainy/Monsoon,Q3,62,45,3,0.7258064516129032,0.04838709677419355,0.7741935483870968
44,มหาสารคาม,Northeast,2024,8,Rainy/Monsoon,Q3,133,0,0,0.0,0.0,0.0
45,ร้อยเอ็ด,Northeast,2024,8,Rainy/Monsoon,Q3,193,2,0,0.010362694300518135,0.0,0.010362694300518135
46,กาฬสินธุ์,Northeast,2024,8,Rainy/Monsoon,Q3,135,0,0,0.0,0.0,0.0
47,สกลนคร,Northeast,2024,8,Rainy/Monsoon,Q3,125,9,0,0.072,0.0,0.072
48,นครพนม,Northeast,2024,8,Rainy/Monsoon,Q3,98,7,0,0.07142857142857142,0.0,0.07142857142857142
49,มุกดาหาร,Northeast,2024,8,Rainy/Monsoon,Q3,53,0,0,0.0,0.0,0.0
50,เชียงใหม่,North,2024,8,Rainy/Monsoon,Q3,204,5,48,0.024509803921568627,0.23529411764705882,0.25980392156862747
51,ลำพูน,North,2024,8,Rainy/Monsoon,Q3,51,1,1,0.0196078431372549,0.0196078431372549,0.0392156862745098
52,ลำปาง,North,2024,8,Rainy/Monsoon,Q3,96,4,16,0.041666666666666664,0.16666666666666666,0.20833333333333334
53,อุตรดิตถ์,North,2024,8,Rainy/Monsoon,Q3,67,7,12,0.1044776119402985,0.1791044776119403,0.2835820895522388
54,แพร่,North,2024,8,Rainy/Monsoon,Q3,78,21,33,0.2692307692307692,0.4230769230769231,0.6923076923076923
55,น่าน,North,2024,8,Rainy/Monsoon,Q3,99,14,78,0.1414141414141414,0.7878787878787878,0.9292929292929293
56,พะเยา,North,2024,8,Rainy/Monsoon,Q3,68,16,34,0.23529411764705882,0.5,0.7352941176470589
57,เชียงราย,North,2024,8,Rainy/Monsoon,Q3,123,7,45,0.056910569105691054,0.36585365853658536,0.42276422764227645
58,แม่ฮ่องสอน,North,2024,8,Rainy/Monsoon,Q3,45,0,40,0.0,0.8888888888888888,0.8888888888888888
60,นครสวรรค์,Central,2024,8,Rainy/Monsoon,Q3,130,0,0,0.0,0.0,0.0
61,อุทัยธานี,Central,2024,8,Rainy/Monsoon,Q3,70,0,0,0.0,0.0,0.0
62,กำแพงเพชร,North,2024,8,Rainy/Monsoon,Q3,78,0,1,0.0,0.01282051282051282,0.01282051282051282
63,ตาก,North,2024,8,Rainy/Monsoon,Q3,60,6,23,0.1,0.38333333333333336,0.48333333333333334
64,สุโขทัย,North,2024,8,Rainy/Monsoon,Q3,86,15,1,0.1744186046511628,0.011627906976744186,0.18604651162790697
65,พิษณุโลก,North,2024,8,Rainy/Monsoon,Q3,93,32,6,0.34408602150537637,0.06451612903225806,0.40860215053763443
66,พิจิตร,North,2024,8,Rainy/Monsoon,Q3,88,8,0,0.09090909090909091,0.0,0.09090909090909091
67,เพชรบูรณ์,North,2024,8,Rainy/Monsoon,Q3,116,2,1,0.017241379310344827,0.008620689655172414,0.02586206896551724
70,ราชบุรี,Central,2024,8,Rainy/Monsoon,Q3,104,0,0,0.0,0.0,0.0
71,กาญจนบุรี,Central,2024,8,Rainy/Monsoon,Q3,96,2,4,0.020833333333333332,0.041666666666666664,0.0625
72,สุพรรณบุรี,Central,2024,8,Rainy/Monsoon,Q3,110,0,0,0.0,0.0,0.0
73,นครปฐม,Central,2024,8,Rainy/Monsoon,Q3,106,0,0,0.0,0.0,0.0
74,สมุทรสาคร,Central,2024,8,Rainy/Monsoon,Q3,40,0,0,0.0,0.0,0.0
75,สมุทรสงคราม,Central,2024,8,Rainy/Monsoon,Q3,36,0,0,0.0,0.0,0.0
76,เพชรบุรี,South,2024,8,Rainy/Monsoon,Q3,93,0,0,0.0,0.0,0.0
77,ประจวบคีรีขันธ์,South,2024,8,Rainy/Monsoon,Q3,48,1,1,0.020833333333333332,0.020833333333333332,0.041666666666666664
80,นครศรีธรรมราช,South,2024,8,Rainy/Monsoon,Q3,169,2,0,0.011834319526627219,0.0,0.011834319526627219
81,กระบี่,South,2024,8,Rainy/Monsoon,Q3,52,0,1,0.0,0.019230769230769232,0.019230769230769232
82,พังงา,South,2024,8,Rainy/Monsoon,Q3,48,3,11,0.0625,0.22916666666666666,0.2916666666666667
83,ภูเก็ต,South,2024,8,Rainy/Monsoon,Q3,17,2,1,0.11764705882352941,0.058823529411764705,0.17647058823529413
84,สุราษฎร์ธานี,South,2024,8,Rainy/Monsoon,Q3,131,2,2,0.015267175572519083,0.015267175572519083,0.030534351145038167
85,ระนอง,South,2024,8,Rainy/Monsoon,Q3,30,0,1,0.0,0.03333333333333333,0.03333333333333333
86,ชุมพร,South,2024,8,Rainy/Monsoon,Q3,71,0,0,0.0,0.0,0.0
90,สงขลา,South,2024,8,Rainy/Monsoon,Q3,127,1,0,0.007874015748031496,0.0,0.007874015748031496
91,สตูล,South,2024,8,Rainy/Monsoon,Q3,36,0,1,0.0,0.027777777777777776,0.027777777777777776
92,ตรัง,South,2024,8,Rainy/Monsoon,Q3,87,1,2,0.011494252873563218,0.022988505747126436,0.034482758620689655
93,พัทลุง,South,2024,8,Rainy/Monsoon,Q3,65,0,0,0.0,0.0,0.0
94,ปัตตานี,South,2024,8,Rainy/Monsoon,Q3,115,0,0,0.0,0.0,0.0
95,ยะลา,South,2024,8,Rainy/Monsoon,Q3,58,0,0,0.0,0.0,0.0
96,นราธิวาส,South,2024,8,Rainy/Monsoon,Q3,77,0,0,0.0,0.0,0.0
10,กรุงเทพมหานคร,Central,2024,9,Rainy/Monsoon,Q3,160,21,0,0.13125,0.0,0.13125
11,สมุทรปราการ,Central,2024,9,Rainy/Monsoon,Q3,50,19,0,0.38,0.0,0.38
12,นนทบุรี,Central,2024,9,Rainy/Monsoon,Q3,52,1,0,0.019230769230769232,0.0,0.019230769230769232
13,ปทุมธานี,Central,2024,9,Rainy/Monsoon,Q3,60,10,0,0.16666666666666666,0.0,0.16666666666666666
14,พระนครศรีอยุธยา,Central,2024,9,Rainy/Monsoon,Q3,209,187,0,0.8947368421052632,0.0,0.8947368421052632
15,อ่างทอง,Central,2024,9,Rainy/Monsoon,Q3,73,64,0,0.8767123287671232,0.0,0.8767123287671232
16,ลพบุรี,Central,2024,9,Rainy/Monsoon,Q3,121,64,1,0.5289256198347108,0.008264462809917356,0.5371900826446281
17,สิงห์บุรี,Central,2024,9,Rainy/Monsoon,Q3,43,39,0,0.9069767441860465,0.0,0.9069767441860465
18,ชัยนาท,Central,2024,9,Rainy/Monsoon,Q3,53,53,0,1.0,0.0,1.0
19,สระบุรี,Central,2024,9,Rainy/Monsoon,Q3,109,73,22,0.6697247706422018,0.2018348623853211,0.8715596330275229
20,ชลบุรี,East,2024,9,Rainy/Monsoon,Q3,93,47,1,0.5053763440860215,0.010752688172043012,0.5161290322580645
21,ระยอง,East,2024,9,Rainy/Monsoon,Q3,56,41,0,0.7321428571428571,0.0,0.7321428571428571
22,จันทบุรี,East,2024,9,Rainy/Monsoon,Q3,76,5,3,0.06578947368421052,0.039473684210526314,0.10526315789473684
23,ตราด,East,2024,9,Rainy/Monsoon,Q3,37,3,1,0.08108108108108109,0.02702702702702703,0.10810810810810811
24,ฉะเชิงเทรา,East,2024,9,Rainy/Monsoon,Q3,93,34,0,0.3655913978494624,0.0,0.3655913978494624
25,ปราจีนบุรี,East,2024,9,Rainy/Monsoon,Q3,64,40,2,0.625,0.03125,0.65625
26,นครนายก,East,2024,9,Rainy/Monsoon,Q3,41,20,14,0.4878048780487805,0.34146341463414637,0.8292682926829268
27,สระแก้ว,East,2024,9,Rainy/Monsoon,Q3,59,13,0,0.22033898305084745,0.0,0.22033898305084745
30,นครราชสีมา,Northeast,2024,9,Rainy/Monsoon,Q3,285,37,2,0.12982456140350876,0.007017543859649123,0.1368421052631579
31,บุรีรัมย์,Northeast,2024,9,Rainy/Monsoon,Q3,189,4,0,0.021164021164021163,0.0,0.021164021164021163
32,สุรินทร์,Northeast,2024,9,Rainy/Monsoon,Q3,159,4,0,0.025157232704402517,0.0,0.025157232704402517
33,ศรีสะเกษ,Northeast,2024,9,Rainy/Monsoon,Q3,205,25,0,0.12195121951219512,0.0,0.12195121951219512
34,อุบลราชธานี,Northeast,2024,9,Rainy/Monsoon,Q3,218,27,0,0.12385321100917432,0.0,0.12385321100917432
35,ยโสธร,Northeast,2024,9,Rainy/Monsoon,Q3,79,21,0,0.26582278481012656,0.0,0.26582278481012656
36,ชัยภูมิ,Northeast,2024,9,Rainy/Monsoon,Q3,124,50,1,0.4032258064516129,0.008064516129032258,0.4112903225806452
37,อำนาจเจริญ,Northeast,2024,9,Rainy/Monsoon,Q3,56,7,0,0.125,0.0,0.125
38,บึงกาฬ,Northeast,2024,9,Rainy/Monsoon,Q3,53,39,6,0.7358490566037735,0.11320754716981132,0.8490566037735849
39,หนองบัวลำภู,Northeast,2024,9,Rainy/Monsoon,Q3,59,45,1,0.7627118644067796,0.01694915254237288,0.7796610169491526
40,ขอนแก่น,Northeast,2024,9,Rainy/Monsoon,Q3,200,36,1,0.18,0.005,0.185
41,อุดรธานี,Northeast,2024,9,Rainy/Monsoon,Q3,155,60,3,0.3870967741935484,0.01935483870967742,0.4064516129032258
42,เลย,Northeast,2024,9,Rainy/Monsoon,Q3,90,21,41,0.23333333333333334,0.45555555555555555,0.6888888888888889
43,หนองคาย,Northeast,2024,9,Rainy/Monsoon,Q3,62,37,0,0.5967741935483871,0.0,0.5967741935483871
44,มหาสารคาม,Northeast,2024,9,Rainy/Monsoon,Q3,133,2,0,0.015037593984962405,0.0,0.015037593984962405
45,ร้อยเอ็ด,Northeast,2024,9,Rainy/Monsoon,Q3,193,25,0,0.12953367875647667,0.0,0.12953367875647667
46,กาฬสินธุ์,Northeast,2024,9,Rainy/Monsoon,Q3,135,8,0,0.05925925925925926,0.0,0.05925925925925926
47,สกลนคร,Northeast,2024,9,Rainy/Monsoon,Q3,125,46,0,0.368,0.0,0.368
48,นครพนม,Northeast,2024,9,Rainy/Monsoon,Q3,98,28,0,0.2857142857142857,0.0,0.2857142857142857
49,มุกดาหาร,Northeast,2024,9,Rainy/Monsoon,Q3,53,0,0,0.0,0.0,0.0
50,เชียงใหม่,North,2024,9,Rainy/Monsoon,Q3,204,36,87,0.17647058823529413,0.4264705882352941,0.6029411764705882
51,ลำพูน,North,2024,9,Rainy/Monsoon,Q3,51,16,12,0.3137254901960784,0.23529411764705882,0.5490196078431373
52,ลำปาง,North,2024,9,Rainy/Monsoon,Q3,96,6,42,0.0625,0.4375,0.5
53,อุตรดิตถ์,North,2024,9,Rainy/Monsoon,Q3,67,21,26,0.31343283582089554,0.3880597014925373,0.7014925373134329
54,แพร่,North,2024,9,Rainy/Monsoon,Q3,78,4,23,0.05128205128205128,0.2948717948717949,0.34615384615384615
55,น่าน,North,2024,9,Rainy/Monsoon,Q3,99,8,63,0.08080808080808081,0.6363636363636364,0.7171717171717171
56,พะเยา,North,2024,9,Rainy/Monsoon,Q3,68,18,43,0.2647058823529412,0.6323529411764706,0.8970588235294118
57,เชียงราย,North,2024,9,Rainy/Monsoon,Q3,123,18,79,0.14634146341463414,0.6422764227642277,0.7886178861788617
58,แม่ฮ่องสอน,North,2024,9,Rainy/Monsoon,Q3,45,0,30,0.0,0.6666666666666666,0.6666666666666666
60,นครสวรรค์,Central,2024,9,Rainy/Monsoon,Q3,130,69,1,0.5307692307692308,0.007692307692307693,0.5384615384615384
61,อุทัยธานี,Central,2024,9,Rainy/Monsoon,Q3,70,37,7,0.5285714285714286,0.1,0.6285714285714286
62,กำแพงเพชร,North,2024,9,Rainy/Monsoon,Q3,78,17,2,0.21794871794871795,0.02564102564102564,0.24358974358974358
63,ตาก,North,2024,9,Rainy/Monsoon,Q3,60,1,3,0.016666666666666666,0.05,0.06666666666666667
64,สุโขทัย,North,2024,9,Rainy/Monsoon,Q3,86,51,5,0.5930232558139535,0.05813953488372093,0.6511627906976745
65,พิษณุโลก,North,2024,9,Rainy/Monsoon,Q3,93,49,8,0.5268817204301075,0.08602150537634409,0.6129032258064516
66,พิจิตร,North,2024,9,Rainy/Monsoon,Q3,88,63,0,0.7159090909090909,0.0,0.7159090909090909
67,เพชรบูรณ์,North,2024,9,Rainy/Monsoon,Q3,116,27,25,0.23275862068965517,0.21551724137931033,0.4482758620689655
70,ราชบุรี,Central,2024,9,Rainy/Monsoon,Q3,104,1,0,0.009615384615384616,0.0,0.009615384615384616
71,กาญจนบุรี,Central,2024,9,Rainy/Monsoon,Q3,96,10,2,0.10416666666666667,0.020833333333333332,0.125
72,สุพรรณบุรี,Central,2024,9,Rainy/Monsoon,Q3,110,95,3,0.8636363636363636,0.02727272727272727,0.8909090909090909
73,นครปฐม,Central,2024,9,Rainy/Monsoon,Q3,106,16,0,0.1509433962264151,0.0,0.1509433962264151
74,สมุทรสาคร,Central,2024,9,Rainy/Monsoon,Q3,40,1,0,0.025,0.0,0.025
75,สมุทรสงคราม,Central,2024,9,Rainy/Monsoon,Q3,36,0,0,0.0,0.0,0.0
76,เพชรบุรี,South,2024,9,Rainy/Monsoon,Q3,93,0,0,0.0,0.0,0.0
77,ประจวบคีรีขันธ์,South,2024,9,Rainy/Monsoon,Q3,48,0,0,0.0,0.0,0.0
80,นครศรีธรรมราช,South,2024,9,Rainy/Monsoon,Q3,169,5,0,0.029585798816568046,0.0,0.029585798816568046
81,กระบี่,South,2024,9,Rainy/Monsoon,Q3,52,6,0,0.11538461538461539,0.0,0.11538461538461539
82,พังงา,South,2024,9,Rainy/Monsoon,Q3,48,5,14,0.10416666666666667,0.2916666666666667,0.3958333333333333
83,ภูเก็ต,South,2024,9,Rainy/Monsoon,Q3,17,5,3,0.29411764705882354,0.17647058823529413,0.47058823529411764
84,สุราษฎร์ธานี,South,2024,9,Rainy/Monsoon,Q3,131,3,2,0.022900763358778626,0.015267175572519083,0.03816793893129771
85,ระนอง,South,2024,9,Rainy/Monsoon,Q3,30,0,2,0.0,0.06666666666666667,0.06666666666666667
86,ชุมพร,South,2024,9,Rainy/Monsoon,Q3,71,0,0,0.0,0.0,0.0
90,สงขลา,South,2024,9,Rainy/Monsoon,Q3,127,1,0,0.007874015748031496,0.0,0.007874015748031496
91,สตูล,South,2024,9,Rainy/Monsoon,Q3,36,2,5,0.05555555555555555,0.1388888888888889,0.19444444444444445
92,ตรัง,South,2024,9,Rainy/Monsoon,Q3,87,39,11,0.4482758620689655,0.12643678160919541,0.5747126436781609
93,พัทลุง,South,2024,9,Rainy/Monsoon,Q3,65,0,0,0.0,0.0,0.0
94,ปัตตานี,South,2024,9,Rainy/Monsoon,Q3,115,0,0,0.0,0.0,0.0
95,ยะลา,South,2024,9,Rainy/Monsoon,Q3,58,0,0,0.0,0.0,0.0
96,นราธิวาส,South,2024,9,Rainy/Monsoon,Q3,77,0,0,0.0,0.0,0.0
10,กรุงเทพมหานคร,Central,2024,10,Rainy/Monsoon,Q4,160,0,0,0.0,0.0,0.0
11,สมุทรปราการ,Central,2024,10,Rainy/Monsoon,Q4,50,0,0,0.0,0.0,0.0
12,นนทบุรี,Central,2024,10,Rainy/Monsoon,Q4,52,0,0,0.0,0.0,0.0
13,ปทุมธานี,Central,2024,10,Rainy/Monsoon,Q4,60,1,0,0.016666666666666666,0.0,0.016666666666666666
14,พระนครศรีอยุธยา,Central,2024,10,Rainy/Monsoon,Q4,209,154,0,0.7368421052631579,0.0,0.7368421052631579
15,อ่างทอง,Central,2024,10,Rainy/Monsoon,Q4,73,58,0,0.7945205479452054,0.0,0.7945205479452054
16,ลพบุรี,Central,2024,10,Rainy/Monsoon,Q4,121,34,0,0.2809917355371901,0.0,0.2809917355371901
17,สิงห์บุรี,Central,2024,10,Rainy/Monsoon,Q4,43,26,0,0.6046511627906976,0.0,0.6046511627906976
18,ชัยนาท,Central,2024,10,Rainy/Monsoon,Q4,53,22,0,0.41509433962264153,0.0,0.41509433962264153
19,สระบุรี,Central,2024,10,Rainy/Monsoon,Q4,109,11,4,0.10091743119266056,0.03669724770642202,0.13761467889908258
20,ชลบุรี,East,2024,10,Rainy/Monsoon,Q4,93,0,0,0.0,0.0,0.0
21,ระยอง,East,2024,10,Rainy/Monsoon,Q4,56,1,0,0.017857142857142856,0.0,0.017857142857142856
22,จันทบุรี,East,2024,10,Rainy/Monsoon,Q4,76,21,22,0.27631578947368424,0.2894736842105263,0.5657894736842105
23,ตราด,East,2024,10,Rainy/Monsoon,Q4,37,9,5,0.24324324324324326,0.13513513513513514,0.3783783783783784
24,ฉะเชิงเทรา,East,2024,10,Rainy/Monsoon,Q4,93,19,0,0.20430107526881722,0.0,0.20430107526881722
25,ปราจีนบุรี,East,2024,10,Rainy/Monsoon,Q4,64,40,2,0.625,0.03125,0.65625
26,นครนายก,East,2024,10,Rainy/Monsoon,Q4,41,13,10,0.3170731707317073,0.24390243902439024,0.5609756097560976
27,สระแก้ว,East,2024,10,Rainy/Monsoon,Q4,59,5,0,0.0847457627118644,0.0,0.0847457627118644
30,นครราชสีมา,Northeast,2024,10,Rainy/Monsoon,Q4,285,66,5,0.23157894736842105,0.017543859649122806,0.24912280701754386
31,บุรีรัมย์,Northeast,2024,10,Rainy/Monsoon,Q4,189,19,0,0.10052910052910052,0.0,0.10052910052910052
32,สุรินทร์,Northeast,2024,10,Rainy/Monsoon,Q4,159,23,0,0.14465408805031446,0.0,0.14465408805031446
33,ศรีสะเกษ,Northeast,2024,10,Rainy/Monsoon,Q4,205,59,2,0.28780487804878047,0.00975609756097561,0.2975609756097561
34,อุบลราชธานี,Northeast,2024,10,Rainy/Monsoon,Q4,218,27,0,0.12385321100917432,0.0,0.12385321100917432
35,ยโสธร,Northeast,2024,10,Rainy/Monsoon,Q4,79,22,0,0.27848101265822783,0.0,0.27848101265822783
36,ชัยภูมิ,Northeast,2024,10,Rainy/Monsoon,Q4,124,29,2,0.23387096774193547,0.016129032258064516,0.25
37,อำนาจเจริญ,Northeast,2024,10,Rainy/Monsoon,Q4,56,7,0,0.125,0.0,0.125
38,บึงกาฬ,Northeast,2024,10,Rainy/Monsoon,Q4,53,9,3,0.16981132075471697,0.05660377358490566,0.22641509433962265
39,หนองบัวลำภู,Northeast,2024,10,Rainy/Monsoon,Q4,59,0,0,0.0,0.0,0.0
40,ขอนแก่น,Northeast,2024,10,Rainy/Monsoon,Q4,200,30,0,0.15,0.0,0.15
41,อุดรธานี,Northeast,2024,10,Rainy/Monsoon,Q4,155,18,0,0.11612903225806452,0.0,0.11612903225806452
42,เลย,Northeast,2024,10,Rainy/Monsoon,Q4,90,4,8,0.044444444444444446,0.08888888888888889,0.13333333333333333
43,หนองคาย,Northeast,2024,10,Rainy/Monsoon,Q4,62,23,3,0.3709677419354839,0.04838709677419355,0.41935483870967744
44,มหาสารคาม,Northeast,2024,10,Rainy/Monsoon,Q4,133,10,0,0.07518796992481203,0.0,0.07518796992481203
45,ร้อยเอ็ด,Northeast,2024,10,Rainy/Monsoon,Q4,193,44,0,0.22797927461139897,0.0,0.22797927461139897
46,กาฬสินธุ์,Northeast,2024,10,Rainy/Monsoon,Q4,135,9,0,0.06666666666666667,0.0,0.06666666666666667
47,สกลนคร,Northeast,2024,10,Rainy/Monsoon,Q4,125,50,0,0.4,0.0,0.4
48,นครพนม,Northeast,2024,10,Rainy/Monsoon,Q4,98,16,0,0.16326530612244897,0.0,0.16326530612244897
49,มุกดาหาร,Northeast,2024,10,Rainy/Monsoon,Q4,53,3,1,0.05660377358490566,0.018867924528301886,0.07547169811320754
50,เชียงใหม่,North,2024,10,Rainy/Monsoon,Q4,204,0,8,0.0,0.0392156862745098,0.0392156862745098
51,ลำพูน,North,2024,10,Rainy/Monsoon,Q4,51,0,1,0.0,0.0196078431372549,0.0196078431372549
52,ลำปาง,North,2024,10,Rainy/Monsoon,Q4,96,0,8,0.0,0.08333333333333333,0.08333333333333333
53,อุตรดิตถ์,North,2024,10,Rainy/Monsoon,Q4,67,4,13,0.05970149253731343,0.19402985074626866,0.2537313432835821
54,แพร่,North,2024,10,Rainy/Monsoon,Q4,78,8,15,0.10256410256410256,0.19230769230769232,0.2948717948717949
55,น่าน,North,2024,10,Rainy/Monsoon,Q4,99,0,19,0.0,0.1919191919191919,0.1919191919191919
56,พะเยา,North,2024,10,Rainy/Monsoon,Q4,68,1,7,0.014705882352941176,0.10294117647058823,0.11764705882352941
57,เชียงราย,North,2024,10,Rainy/Monsoon,Q4,123,0,8,0.0,0.06504065040650407,0.06504065040650407
58,แม่ฮ่องสอน,North,2024,10,Rainy/Monsoon,Q4,45,0,5,0.0,0.1111111111111111,0.1111111111111111
60,นครสวรรค์,Central,2024,10,Rainy/Monsoon,Q4,130,69,0,0.5307692307692308,0.0,0.5307692307692308
61,อุทัยธานี,Central,2024,10,Rainy/Monsoon,Q4,70,8,2,0.11428571428571428,0.02857142857142857,0.14285714285714285
62,กำแพงเพชร,North,2024,10,Rainy/Monsoon,Q4,78,3,4,0.038461538461538464,0.05128205128205128,0.08974358974358974
63,ตาก,North,2024,10,Rainy/Monsoon,Q4,60,3,11,0.05,0.18333333333333332,0.23333333333333334
64,สุโขทัย,North,2024,10,Rainy/Monsoon,Q4,86,35,0,0.4069767441860465,0.0,0.4069767441860465
65,พิษณุโลก,North,2024,10,Rainy/Monsoon,Q4,93,36,3,0.3870967741935484,0.03225806451612903,0.41935483870967744
66,พิจิตร,North,2024,10,Rainy/Monsoon,Q4,88,57,0,0.6477272727272727,0.0,0.6477272727272727
67,เพชรบูรณ์,North,2024,10,Rainy/Monsoon,Q4,116,21,18,0.1810344827586207,0.15517241379310345,0.33620689655172414
70,ราชบุรี,Central,2024,10,Rainy/Monsoon,Q4,104,2,2,0.019230769230769232,0.019230769230769232,0.038461538461538464
71,กาญจนบุรี,Central,2024,10,Rainy/Monsoon,Q4,96,6,12,0.0625,0.125,0.1875
72,สุพรรณบุรี,Central,2024,10,Rainy/Monsoon,Q4,110,64,0,0.5818181818181818,0.0,0.5818181818181818
73,นครปฐม,Central,2024,10,Rainy/Monsoon,Q4,106,12,0,0.11320754716981132,0.0,0.11320754716981132
74,สมุทรสาคร,Central,2024,10,Rainy/Monsoon,Q4,40,0,0,0.0,0.0,0.0
75,สมุทรสงคราม,Central,2024,10,Rainy/Monsoon,Q4,36,0,0,0.0,0.0,0.0
76,เพชรบุรี,South,2024,10,Rainy/Monsoon,Q4,93,1,3,0.010752688172043012,0.03225806451612903,0.043010752688172046
77,ประจวบคีรีขันธ์,South,2024,10,Rainy/Monsoon,Q4,48,5,4,0.10416666666666667,0.08333333333333333,0.1875
80,นครศรีธรรมราช,South,2024,10,Rainy/Monsoon,Q4,169,18,11,0.10650887573964497,0.0650887573964497,0.17159763313609466
81,กระบี่,South,2024,10,Rainy/Monsoon,Q4,52,10,2,0.19230769230769232,0.038461538461538464,0.23076923076923078
82,พังงา,South,2024,10,Rainy/Monsoon,Q4,48,2,5,0.041666666666666664,0.10416666666666667,0.14583333333333334
83,ภูเก็ต,South,2024,10,Rainy/Monsoon,Q4,17,1,1,0.058823529411764705,0.058823529411764705,0.11764705882352941
84,สุราษฎร์ธานี,South,2024,10,Rainy/Monsoon,Q4,131,10,11,0.07633587786259542,0.08396946564885496,0.16030534351145037
85,ระนอง,South,2024,10,Rainy/Monsoon,Q4,30,0,8,0.0,0.26666666666666666,0.26666666666666666
86,ชุมพร,South,2024,10,Rainy/Monsoon,Q4,71,15,9,0.2112676056338028,0.1267605633802817,0.3380281690140845
90,สงขลา,South,2024,10,Rainy/Monsoon,Q4,127,1,2,0.007874015748031496,0.015748031496062992,0.023622047244094488
91,สตูล,South,2024,10,Rainy/Monsoon,Q4,36,1,3,0.027777777777777776,0.08333333333333333,0.1111111111111111
92,ตรัง,South,2024,10,Rainy/Monsoon,Q4,87,8,3,0.09195402298850575,0.034482758620689655,0.12643678160919541
93,พัทลุง,South,2024,10,Rainy/Monsoon,Q4,65,0,0,0.0,0.0,0.0
94,ปัตตานี,South,2024,10,Rainy/Monsoon,Q4,115,0,0,0.0,0.0,0.0
95,ยะลา,South,2024,10,Rainy/Monsoon,Q4,58,0,2,0.0,0.034482758620689655,0.034482758620689655
96,นราธิวาส,South,2024,10,Rainy/Monsoon,Q4,77,0,0,0.0,0.0,0.0
10,กรุงเทพมหานคร,Central,2024,11,Cool/Dry,Q4,160,52,0,0.325,0.0,0.325
11,สมุทรปราการ,Central,2024,11,Cool/Dry,Q4,50,5,0,0.1,0.0,0.1
12,นนทบุรี,Central,2024,11,Cool/Dry,Q4,52,27,0,0.5192307692307693,0.0,0.5192307692307693
13,ปทุมธานี,Central,2024,11,Cool/Dry,Q4,60,4,0,0.06666666666666667,0.0,0.06666666666666667
14,พระนครศรีอยุธยา,Central,2024,11,Cool/Dry,Q4,209,99,0,0.47368421052631576,0.0,0.47368421052631576
15,อ่างทอง,Central,2024,11,Cool/Dry,Q4,73,47,0,0.6438356164383562,0.0,0.6438356164383562
16,ลพบุรี,Central,2024,11,Cool/Dry,Q4,121,21,0,0.17355371900826447,0.0,0.17355371900826447
17,สิงห์บุรี,Central,2024,11,Cool/Dry,Q4,43,11,0,0.2558139534883721,0.0,0.2558139534883721
18,ชัยนาท,Central,2024,11,Cool/Dry,Q4,53,6,0,0.11320754716981132,0.0,0.11320754716981132
19,สระบุรี,Central,2024,11,Cool/Dry,Q4,109,8,0,0.07339449541284404,0.0,0.07339449541284404
20,ชลบุรี,East,2024,11,Cool/Dry,Q4,93,0,0,0.0,0.0,0.0
21,ระยอง,East,2024,11,Cool/Dry,Q4,56,0,0,0.0,0.0,0.0
22,จันทบุรี,East,2024,11,Cool/Dry,Q4,76,0,0,0.0,0.0,0.0
23,ตราด,East,2024,11,Cool/Dry,Q4,37,0,0,0.0,0.0,0.0
24,ฉะเชิงเทรา,East,2024,11,Cool/Dry,Q4,93,0,0,0.0,0.0,0.0
25,ปราจีนบุรี,East,2024,11,Cool/Dry,Q4,64,0,0,0.0,0.0,0.0
26,นครนายก,East,2024,11,Cool/Dry,Q4,41,0,0,0.0,0.0,0.0
27,สระแก้ว,East,2024,11,Cool/Dry,Q4,59,0,0,0.0,0.0,0.0
30,นครราชสีมา,Northeast,2024,11,Cool/Dry,Q4,285,0,0,0.0,0.0,0.0
31,บุรีรัมย์,Northeast,2024,11,Cool/Dry,Q4,189,0,0,0.0,0.0,0.0
32,สุรินทร์,Northeast,2024,11,Cool/Dry,Q4,159,0,0,0.0,0.0,0.0
33,ศรีสะเกษ,Northeast,2024,11,Cool/Dry,Q4,205,0,0,0.0,0.0,0.0
34,อุบลราชธานี,Northeast,2024,11,Cool/Dry,Q4,218,0,0,0.0,0.0,0.0
35,ยโสธร,Northeast,2024,11,Cool/Dry,Q4,79,0,0,0.0,0.0,0.0
36,ชัยภูมิ,Northeast,2024,11,Cool/Dry,Q4,124,0,0,0.0,0.0,0.0
37,อำนาจเจริญ,Northeast,2024,11,Cool/Dry,Q4,56,0,0,0.0,0.0,0.0
38,บึงกาฬ,Northeast,2024,11,Cool/Dry,Q4,53,0,0,0.0,0.0,0.0
39,หนองบัวลำภู,Northeast,2024,11,Cool/Dry,Q4,59,0,0,0.0,0.0,0.0
40,ขอนแก่น,Northeast,2024,11,Cool/Dry,Q4,200,0,0,0.0,0.0,0.0
41,อุดรธานี,Northeast,2024,11,Cool/Dry,Q4,155,0,0,0.0,0.0,0.0
42,เลย,Northeast,2024,11,Cool/Dry,Q4,90,0,0,0.0,0.0,0.0
43,หนองคาย,Northeast,2024,11,Cool/Dry,Q4,62,0,0,0.0,0.0,0.0
44,มหาสารคาม,Northeast,2024,11,Cool/Dry,Q4,133,0,0,0.0,0.0,0.0
45,ร้อยเอ็ด,Northeast,2024,11,Cool/Dry,Q4,193,0,0,0.0,0.0,0.0
46,กาฬสินธุ์,Northeast,2024,11,Cool/Dry,Q4,135,0,0,0.0,0.0,0.0
47,สกลนคร,Northeast,2024,11,Cool/Dry,Q4,125,0,0,0.0,0.0,0.0
48,นครพนม,Northeast,2024,11,Cool/Dry,Q4,98,0,0,0.0,0.0,0.0
49,มุกดาหาร,Northeast,2024,11,Cool/Dry,Q4,53,0,0,0.0,0.0,0.0
50,เชียงใหม่,North,2024,11,Cool/Dry,Q4,204,0,0,0.0,0.0,0.0
51,ลำพูน,North,2024,11,Cool/Dry,Q4,51,0,0,0.0,0.0,0.0
52,ลำปาง,North,2024,11,Cool/Dry,Q4,96,0,0,0.0,0.0,0.0
53,อุตรดิตถ์,North,2024,11,Cool/Dry,Q4,67,2,0,0.029850746268656716,0.0,0.029850746268656716
54,แพร่,North,2024,11,Cool/Dry,Q4,78,0,0,0.0,0.0,0.0
55,น่าน,North,2024,11,Cool/Dry,Q4,99,0,0,0.0,0.0,0.0
56,พะเยา,North,2024,11,Cool/Dry,Q4,68,0,0,0.0,0.0,0.0
57,เชียงราย,North,2024,11,Cool/Dry,Q4,123,0,0,0.0,0.0,0.0
58,แม่ฮ่องสอน,North,2024,11,Cool/Dry,Q4,45,0,0,0.0,0.0,0.0
60,นครสวรรค์,Central,2024,11,Cool/Dry,Q4,130,47,0,0.36153846153846153,0.0,0.36153846153846153
61,อุทัยธานี,Central,2024,11,Cool/Dry,Q4,70,8,0,0.11428571428571428,0.0,0.11428571428571428
62,กำแพงเพชร,North,2024,11,Cool/Dry,Q4,78,0,0,0.0,0.0,0.0
63,ตาก,North,2024,11,Cool/Dry,Q4,60,0,0,0.0,0.0,0.0
64,สุโขทัย,North,2024,11,Cool/Dry,Q4,86,39,0,0.45348837209302323,0.0,0.45348837209302323
65,พิษณุโลก,North,2024,11,Cool/Dry,Q4,93,23,0,0.24731182795698925,0.0,0.24731182795698925
66,พิจิตร,North,2024,11,Cool/Dry,Q4,88,44,0,0.5,0.0,0.5
67,เพชรบูรณ์,North,2024,11,Cool/Dry,Q4,116,0,0,0.0,0.0,0.0
70,ราชบุรี,Central,2024,11,Cool/Dry,Q4,104,7,2,0.0673076923076923,0.019230769230769232,0.08653846153846154
71,กาญจนบุรี,Central,2024,11,Cool/Dry,Q4,96,8,2,0.08333333333333333,0.020833333333333332,0.10416666666666667
72,สุพรรณบุรี,Central,2024,11,Cool/Dry,Q4,110,70,0,0.6363636363636364,0.0,0.6363636363636364
73,นครปฐม,Central,2024,11,Cool/Dry,Q4,106,22,0,0.20754716981132076,0.0,0.20754716981132076
74,สมุทรสาคร,Central,2024,11,Cool/Dry,Q4,40,23,0,0.575,0.0,0.575
75,สมุทรสงคราม,Central,2024,11,Cool/Dry,Q4,36,0,0,0.0,0.0,0.0
76,เพชรบุรี,South,2024,11,Cool/Dry,Q4,93,43,7,0.46236559139784944,0.07526881720430108,0.5376344086021505
77,ประจวบคีรีขันธ์,South,2024,11,Cool/Dry,Q4,48,23,21,0.4791666666666667,0.4375,0.9166666666666666
80,นครศรีธรรมราช,South,2024,11,Cool/Dry,Q4,169,101,33,0.5976331360946746,0.1952662721893491,0.7928994082840237
81,กระบี่,South,2024,11,Cool/Dry,Q4,52,0,1,0.0,0.019230769230769232,0.019230769230769232
82,พังงา,South,2024,11,Cool/Dry,Q4,48,2,1,0.041666666666666664,0.020833333333333332,0.0625
83,ภูเก็ต,South,2024,11,Cool/Dry,Q4,17,2,3,0.11764705882352941,0.17647058823529413,0.29411764705882354
84,สุราษฎร์ธานี,South,2024,11,Cool/Dry,Q4,131,19,19,0.1450381679389313,0.1450381679389313,0.2900763358778626
85,ระนอง,South,2024,11,Cool/Dry,Q4,30,0,8,0.0,0.26666666666666666,0.26666666666666666
86,ชุมพร,South,2024,11,Cool/Dry,Q4,71,40,24,0.5633802816901409,0.3380281690140845,0.9014084507042254
90,สงขลา,South,2024,11,Cool/Dry,Q4,127,32,13,0.25196850393700787,0.10236220472440945,0.3543307086614173
91,สตูล,South,2024,11,Cool/Dry,Q4,36,2,1,0.05555555555555555,0.027777777777777776,0.08333333333333333
92,ตรัง,South,2024,11,Cool/Dry,Q4,87,22,9,0.25287356321839083,0.10344827586206896,0.3563218390804598
93,พัทลุง,South,2024,11,Cool/Dry,Q4,65,19,10,0.2923076923076923,0.15384615384615385,0.4461538461538462
94,ปัตตานี,South,2024,11,Cool/Dry,Q4,115,0,2,0.0,0.017391304347826087,0.017391304347826087
95,ยะลา,South,2024,11,Cool/Dry,Q4,58,0,5,0.0,0.08620689655172414,0.08620689655172414
96,นราธิวาส,South,2024,11,Cool/Dry,Q4,77,11,11,0.14285714285714285,0.14285714285714285,0.2857142857142857
10,กรุงเทพมหานคร,Central,2024,12,Cool/Dry,Q4,160,0,0,0.0,0.0,0.0
11,สมุทรปราการ,Central,2024,12,Cool/Dry,Q4,50,0,0,0.0,0.0,0.0
12,นนทบุรี,Central,2024,12,Cool/Dry,Q4,52,0,0,0.0,0.0,0.0
13,ปทุมธานี,Central,2024,12,Cool/Dry,Q4,60,0,0,0.0,0.0,0.0
14,พระนครศรีอยุธยา,Central,2024,12,Cool/Dry,Q4,209,0,0,0.0,0.0,0.0
15,อ่างทอง,Central,2024,12,Cool/Dry,Q4,73,0,0,0.0,0.0,0.0
16,ลพบุรี,Central,2024,12,Cool/Dry,Q4,121,0,0,0.0,0.0,0.0
17,สิงห์บุรี,Central,2024,12,Cool/Dry,Q4,43,0,0,0.0,0.0,0.0
18,ชัยนาท,Central,2024,12,Cool/Dry,Q4,53,0,0,0.0,0.0,0.0
19,สระบุรี,Central,2024,12,Cool/Dry,Q4,109,0,0,0.0,0.0,0.0
20,ชลบุรี,East,2024,12,Cool/Dry,Q4,93,0,0,0.0,0.0,0.0
21,ระยอง,East,2024,12,Cool/Dry,Q4,56,0,0,0.0,0.0,0.0
22,จันทบุรี,East,2024,12,Cool/Dry,Q4,76,0,0,0.0,0.0,0.0
23,ตราด,East,2024,12,Cool/Dry,Q4,37,0,0,0.0,0.0,0.0
24,ฉะเชิงเทรา,East,2024,12,Cool/Dry,Q4,93,0,0,0.0,0.0,0.0
25,ปราจีนบุรี,East,2024,12,Cool/Dry,Q4,64,0,0,0.0,0.0,0.0
26,นครนายก,East,2024,12,Cool/Dry,Q4,41,0,0,0.0,0.0,0.0
27,สระแก้ว,East,2024,12,Cool/Dry,Q4,59,0,0,0.0,0.0,0.0
30,นครราชสีมา,Northeast,2024,12,Cool/Dry,Q4,285,0,0,0.0,0.0,0.0
31,บุรีรัมย์,Northeast,2024,12,Cool/Dry,Q4,189,0,0,0.0,0.0,0.0
32,สุรินทร์,Northeast,2024,12,Cool/Dry,Q4,159,0,0,0.0,0.0,0.0
33,ศรีสะเกษ,Northeast,2024,12,Cool/Dry,Q4,205,0,0,0.0,0.0,0.0
34,อุบลราชธานี,Northeast,2024,12,Cool/Dry,Q4,218,0,0,0.0,0.0,0.0
35,ยโสธร,Northeast,2024,12,Cool/Dry,Q4,79,0,0,0.0,0.0,0.0
36,ชัยภูมิ,Northeast,2024,12,Cool/Dry,Q4,124,0,0,0.0,0.0,0.0
37,อำนาจเจริญ,Northeast,2024,12,Cool/Dry,Q4,56,0,0,0.0,0.0,0.0
38,บึงกาฬ,Northeast,2024,12,Cool/Dry,Q4,53,0,0,0.0,0.0,0.0
39,หนองบัวลำภู,Northeast,2024,12,Cool/Dry,Q4,59,0,0,0.0,0.0,0.0
40,ขอนแก่น,Northeast,2024,12,Cool/Dry,Q4,200,0,0,0.0,0.0,0.0
41,อุดรธานี,Northeast,2024,12,Cool/Dry,Q4,155,0,0,0.0,0.0,0.0
42,เลย,Northeast,2024,12,Cool/Dry,Q4,90,0,0,0.0,0.0,0.0
43,หนองคาย,Northeast,2024,12,Cool/Dry,Q4,62,0,0,0.0,0.0,0.0
44,มหาสารคาม,Northeast,2024,12,Cool/Dry,Q4,133,0,0,0.0,0.0,0.0
45,ร้อยเอ็ด,Northeast,2024,12,Cool/Dry,Q4,193,0,0,0.0,0.0,0.0
46,กาฬสินธุ์,Northeast,2024,12,Cool/Dry,Q4,135,0,0,0.0,0.0,0.0
47,สกลนคร,Northeast,2024,12,Cool/Dry,Q4,125,0,0,0.0,0.0,0.0
48,นครพนม,Northeast,2024,12,Cool/Dry,Q4,98,0,0,0.0,0.0,0.0
49,มุกดาหาร,Northeast,2024,12,Cool/Dry,Q4,53,0,0,0.0,0.0,0.0
50,เชียงใหม่,North,2024,12,Cool/Dry,Q4,204,0,0,0.0,0.0,0.0
51,ลำพูน,North,2024,12,Cool/Dry,Q4,51,0,0,0.0,0.0,0.0
52,ลำปาง,North,2024,12,Cool/Dry,Q4,96,0,0,0.0,0.0,0.0
53,อุตรดิตถ์,North,2024,12,Cool/Dry,Q4,67,0,0,0.0,0.0,0.0
54,แพร่,North,2024,12,Cool/Dry,Q4,78,0,0,0.0,0.0,0.0
55,น่าน,North,2024,12,Cool/Dry,Q4,99,0,0,0.0,0.0,0.0
56,พะเยา,North,2024,12,Cool/Dry,Q4,68,0,0,0.0,0.0,0.0
57,เชียงราย,North,2024,12,Cool/Dry,Q4,123,0,0,0.0,0.0,0.0
58,แม่ฮ่องสอน,North,2024,12,Cool/Dry,Q4,45,0,0,0.0,0.0,0.0
60,นครสวรรค์,Central,2024,12,Cool/Dry,Q4,130,0,0,0.0,0.0,0.0
61,อุทัยธานี,Central,2024,12,Cool/Dry,Q4,70,0,0,0.0,0.0,0.0
62,กำแพงเพชร,North,2024,12,Cool/Dry,Q4,78,0,0,0.0,0.0,0.0
63,ตาก,North,2024,12,Cool/Dry,Q4,60,0,0,0.0,0.0,0.0
64,สุโขทัย,North,2024,12,Cool/Dry,Q4,86,0,0,0.0,0.0,0.0
65,พิษณุโลก,North,2024,12,Cool/Dry,Q4,93,0,0,0.0,0.0,0.0
66,พิจิตร,North,2024,12,Cool/Dry,Q4,88,0,0,0.0,0.0,0.0
67,เพชรบูรณ์,North,2024,12,Cool/Dry,Q4,116,0,0,0.0,0.0,0.0
70,ราชบุรี,Central,2024,12,Cool/Dry,Q4,104,0,0,0.0,0.0,0.0
71,กาญจนบุรี,Central,2024,12,Cool/Dry,Q4,96,0,0,0.0,0.0,0.0
72,สุพรรณบุรี,Central,2024,12,Cool/Dry,Q4,110,0,0,0.0,0.0,0.0
73,นครปฐม,Central,2024,12,Cool/Dry,Q4,106,0,0,0.0,0.0,0.0
74,สมุทรสาคร,Central,2024,12,Cool/Dry,Q4,40,0,0,0.0,0.0,0.0
75,สมุทรสงคราม,Central,2024,12,Cool/Dry,Q4,36,0,0,0.0,0.0,0.0
76,เพชรบุรี,South,2024,12,Cool/Dry,Q4,93,0,0,0.0,0.0,0.0
77,ประจวบคีรีขันธ์,South,2024,12,Cool/Dry,Q4,48,6,4,0.125,0.08333333333333333,0.20833333333333334
80,นครศรีธรรมราช,South,2024,12,Cool/Dry,Q4,169,103,35,0.6094674556213018,0.20710059171597633,0.8165680473372781
81,กระบี่,South,2024,12,Cool/Dry,Q4,52,0,0,0.0,0.0,0.0
82,พังงา,South,2024,12,Cool/Dry,Q4,48,0,5,0.0,0.10416666666666667,0.10416666666666667
83,ภูเก็ต,South,2024,12,Cool/Dry,Q4,17,0,0,0.0,0.0,0.0
84,สุราษฎร์ธานี,South,2024,12,Cool/Dry,Q4,131,23,22,0.17557251908396945,0.16793893129770993,0.3435114503816794
85,ระนอง,South,2024,12,Cool/Dry,Q4,30,0,3,0.0,0.1,0.1
86,ชุมพร,South,2024,12,Cool/Dry,Q4,71,40,25,0.5633802816901409,0.352112676056338,0.9154929577464789
90,สงขลา,South,2024,12,Cool/Dry,Q4,127,100,23,0.7874015748031497,0.18110236220472442,0.968503937007874
91,สตูล,South,2024,12,Cool/Dry,Q4,36,5,15,0.1388888888888889,0.4166666666666667,0.5555555555555556
92,ตรัง,South,2024,12,Cool/Dry,Q4,87,47,19,0.5402298850574713,0.21839080459770116,0.7586206896551724
93,พัทลุง,South,2024,12,Cool/Dry,Q4,65,47,18,0.7230769230769231,0.27692307692307694,1.0
94,ปัตตานี,South,2024,12,Cool/Dry,Q4,115,86,25,0.7478260869565218,0.21739130434782608,0.9652173913043478
95,ยะลา,South,2024,12,Cool/Dry,Q4,58,22,36,0.3793103448275862,0.6206896551724138,1.0
96,นราธิวาส,South,2024,12,Cool/Dry,Q4,77,68,9,0.8831168831168831,0.11688311688311688,1.0
10,กรุงเทพมหานคร,Central,2025,1,Cool/Dry,Q1,160,0,0,0.0,0.0,0.0
11,สมุทรปราการ,Central,2025,1,Cool/Dry,Q1,50,0,0,0.0,0.0,0.0
12,นนทบุรี,Central,2025,1,Cool/Dry,Q1,52,0,0,0.0,0.0,0.0
13,ปทุมธานี,Central,2025,1,Cool/Dry,Q1,60,0,0,0.0,0.0,0.0
14,พระนครศรีอยุธยา,Central,2025,1,Cool/Dry,Q1,209,0,0,0.0,0.0,0.0
15,อ่างทอง,Central,2025,1,Cool/Dry,Q1,73,0,0,0.0,0.0,0.0
16,ลพบุรี,Central,2025,1,Cool/Dry,Q1,121,0,0,0.0,0.0,0.0
17,สิงห์บุรี,Central,2025,1,Cool/Dry,Q1,43,0,0,0.0,0.0,0.0
18,ชัยนาท,Central,2025,1,Cool/Dry,Q1,53,0,0,0.0,0.0,0.0
19,สระบุรี,Central,2025,1,Cool/Dry,Q1,109,0,0,0.0,0.0,0.0
20,ชลบุรี,East,2025,1,Cool/Dry,Q1,93,0,0,0.0,0.0,0.0
21,ระยอง,East,2025,1,Cool/Dry,Q1,56,0,0,0.0,0.0,0.0
22,จันทบุรี,East,2025,1,Cool/Dry,Q1,76,0,0,0.0,0.0,0.0
23,ตราด,East,2025,1,Cool/Dry,Q1,37,0,0,0.0,0.0,0.0
24,ฉะเชิงเทรา,East,2025,1,Cool/Dry,Q1,93,0,0,0.0,0.0,0.0
25,ปราจีนบุรี,East,2025,1,Cool/Dry,Q1,64,0,0,0.0,0.0,0.0
26,นครนายก,East,2025,1,Cool/Dry,Q1,41,0,0,0.0,0.0,0.0
27,สระแก้ว,East,2025,1,Cool/Dry,Q1,59,0,0,0.0,0.0,0.0
30,นครราชสีมา,Northeast,2025,1,Cool/Dry,Q1,285,0,0,0.0,0.0,0.0
31,บุรีรัมย์,Northeast,2025,1,Cool/Dry,Q1,189,0,0,0.0,0.0,0.0
32,สุรินทร์,Northeast,2025,1,Cool/Dry,Q1,159,0,0,0.0,0.0,0.0
33,ศรีสะเกษ,Northeast,2025,1,Cool/Dry,Q1,205,0,0,0.0,0.0,0.0
34,อุบลราชธานี,Northeast,2025,1,Cool/Dry,Q1,218,0,0,0.0,0.0,0.0
35,ยโสธร,Northeast,2025,1,Cool/Dry,Q1,79,0,0,0.0,0.0,0.0
36,ชัยภูมิ,Northeast,2025,1,Cool/Dry,Q1,124,0,0,0.0,0.0,0.0
37,อำนาจเจริญ,Northeast,2025,1,Cool/Dry,Q1,56,0,0,0.0,0.0,0.0
38,บึงกาฬ,Northeast,2025,1,Cool/Dry,Q1,53,0,0,0.0,0.0,0.0
39,หนองบัวลำภู,Northeast,2025,1,Cool/Dry,Q1,59,0,0,0.0,0.0,0.0
40,ขอนแก่น,Northeast,2025,1,Cool/Dry,Q1,200,0,0,0.0,0.0,0.0
41,อุดรธานี,Northeast,2025,1,Cool/Dry,Q1,155,0,0,0.0,0.0,0.0
42,เลย,Northeast,2025,1,Cool/Dry,Q1,90,0,0,0.0,0.0,0.0
43,หนองคาย,Northeast,2025,1,Cool/Dry,Q1,62,0,0,0.0,0.0,0.0
44,มหาสารคาม,Northeast,2025,1,Cool/Dry,Q1,133,0,0,0.0,0.0,0.0
45,ร้อยเอ็ด,Northeast,2025,1,Cool/Dry,Q1,193,0,0,0.0,0.0,0.0
46,กาฬสินธุ์,Northeast,2025,1,Cool/Dry,Q1,135,0,0,0.0,0.0,0.0
47,สกลนคร,Northeast,2025,1,Cool/Dry,Q1,125,0,0,0.0,0.0,0.0
48,นครพนม,Northeast,2025,1,Cool/Dry,Q1,98,0,0,0.0,0.0,0.0
49,มุกดาหาร,Northeast,2025,1,Cool/Dry,Q1,53,0,0,0.0,0.0,0.0
50,เชียงใหม่,North,2025,1,Cool/Dry,Q1,204,0,0,0.0,0.0,0.0
51,ลำพูน,North,2025,1,Cool/Dry,Q1,51,0,0,0.0,0.0,0.0
52,ลำปาง,North,2025,1,Cool/Dry,Q1,96,0,0,0.0,0.0,0.0
53,อุตรดิตถ์,North,2025,1,Cool/Dry,Q1,67,0,0,0.0,0.0,0.0
54,แพร่,North,2025,1,Cool/Dry,Q1,78,0,0,0.0,0.0,0.0
55,น่าน,North,2025,1,Cool/Dry,Q1,99,0,0,0.0,0.0,0.0
56,พะเยา,North,2025,1,Cool/Dry,Q1,68,0,0,0.0,0.0,0.0
57,เชียงราย,North,2025,1,Cool/Dry,Q1,123,0,0,0.0,0.0,0.0
58,แม่ฮ่องสอน,North,2025,1,Cool/Dry,Q1,45,0,0,0.0,0.0,0.0
60,นครสวรรค์,Central,2025,1,Cool/Dry,Q1,130,0,0,0.0,0.0,0.0
61,อุทัยธานี,Central,2025,1,Cool/Dry,Q1,70,0,0,0.0,0.0,0.0
62,กำแพงเพชร,North,2025,1,Cool/Dry,Q1,78,0,0,0.0,0.0,0.0
63,ตาก,North,2025,1,Cool/Dry,Q1,60,0,0,0.0,0.0,0.0
64,สุโขทัย,North,2025,1,Cool/Dry,Q1,86,0,0,0.0,0.0,0.0
65,พิษณุโลก,North,2025,1,Cool/Dry,Q1,93,0,0,0.0,0.0,0.0
66,พิจิตร,North,2025,1,Cool/Dry,Q1,88,0,0,0.0,0.0,0.0
67,เพชรบูรณ์,North,2025,1,Cool/Dry,Q1,116,0,0,0.0,0.0,0.0
70,ราชบุรี,Central,2025,1,Cool/Dry,Q1,104,0,0,0.0,0.0,0.0
71,กาญจนบุรี,Central,2025,1,Cool/Dry,Q1,96,0,0,0.0,0.0,0.0
72,สุพรรณบุรี,Central,2025,1,Cool/Dry,Q1,110,0,0,0.0,0.0,0.0
73,นครปฐม,Central,2025,1,Cool/Dry,Q1,106,0,0,0.0,0.0,0.0
74,สมุทรสาคร,Central,2025,1,Cool/Dry,Q1,40,0,0,0.0,0.0,0.0
75,สมุทรสงคราม,Central,2025,1,Cool/Dry,Q1,36,0,0,0.0,0.0,0.0
76,เพชรบุรี,South,2025,1,Cool/Dry,Q1,93,0,0,0.0,0.0,0.0
77,ประจวบคีรีขันธ์,South,2025,1,Cool/Dry,Q1,48,6,3,0.125,0.0625,0.1875
80,นครศรีธรรมราช,South,2025,1,Cool/Dry,Q1,169,114,30,0.6745562130177515,0.17751479289940827,0.8520710059171598
81,กระบี่,South,2025,1,Cool/Dry,Q1,52,2,1,0.038461538461538464,0.019230769230769232,0.057692307692307696
82,พังงา,South,2025,1,Cool/Dry,Q1,48,0,0,0.0,0.0,0.0
83,ภูเก็ต,South,2025,1,Cool/Dry,Q1,17,0,0,0.0,0.0,0.0
84,สุราษฎร์ธานี,South,2025,1,Cool/Dry,Q1,131,42,30,0.32061068702290074,0.22900763358778625,0.549618320610687
85,ระนอง,South,2025,1,Cool/Dry,Q1,30,0,6,0.0,0.2,0.2
86,ชุมพร,South,2025,1,Cool/Dry,Q1,71,33,24,0.4647887323943662,0.3380281690140845,0.8028169014084507
90,สงขลา,South,2025,1,Cool/Dry,Q1,127,9,4,0.07086614173228346,0.031496062992125984,0.10236220472440945
91,สตูล,South,2025,1,Cool/Dry,Q1,36,0,0,0.0,0.0,0.0
92,ตรัง,South,2025,1,Cool/Dry,Q1,87,6,3,0.06896551724137931,0.034482758620689655,0.10344827586206896
93,พัทลุง,South,2025,1,Cool/Dry,Q1,65,4,4,0.06153846153846154,0.06153846153846154,0.12307692307692308
94,ปัตตานี,South,2025,1,Cool/Dry,Q1,115,0,2,0.0,0.017391304347826087,0.017391304347826087
95,ยะลา,South,2025,1,Cool/Dry,Q1,58,0,2,0.0,0.034482758620689655,0.034482758620689655
96,นราธิวาส,South,2025,1,Cool/Dry,Q1,77,0,0,0.0,0.0,0.0
10,กรุงเทพมหานคร,Central,2025,2,Cool/Dry,Q1,160,0,0,0.0,0.0,0.0
11,สมุทรปราการ,Central,2025,2,Cool/Dry,Q1,50,0,0,0.0,0.0,0.0
12,นนทบุรี,Central,2025,2,Cool/Dry,Q1,52,0,0,0.0,0.0,0.0
13,ปทุมธานี,Central,2025,2,Cool/Dry,Q1,60,0,0,0.0,0.0,0.0
14,พระนครศรีอยุธยา,Central,2025,2,Cool/Dry,Q1,209,0,0,0.0,0.0,0.0
15,อ่างทอง,Central,2025,2,Cool/Dry,Q1,73,0,0,0.0,0.0,0.0
16,ลพบุรี,Central,2025,2,Cool/Dry,Q1,121,0,0,0.0,0.0,0.0
17,สิงห์บุรี,Central,2025,2,Cool/Dry,Q1,43,0,0,0.0,0.0,0.0
18,ชัยนาท,Central,2025,2,Cool/Dry,Q1,53,0,0,0.0,0.0,0.0
19,สระบุรี,Central,2025,2,Cool/Dry,Q1,109,0,0,0.0,0.0,0.0
20,ชลบุรี,East,2025,2,Cool/Dry,Q1,93,0,0,0.0,0.0,0.0
21,ระยอง,East,2025,2,Cool/Dry,Q1,56,0,0,0.0,0.0,0.0
22,จันทบุรี,East,2025,2,Cool/Dry,Q1,76,0,0,0.0,0.0,0.0
23,ตราด,East,2025,2,Cool/Dry,Q1,37,0,0,0.0,0.0,0.0
24,ฉะเชิงเทรา,East,2025,2,Cool/Dry,Q1,93,0,0,0.0,0.0,0.0
25,ปราจีนบุรี,East,2025,2,Cool/Dry,Q1,64,0,0,0.0,0.0,0.0
26,นครนายก,East,2025,2,Cool/Dry,Q1,41,0,0,0.0,0.0,0.0
27,สระแก้ว,East,2025,2,Cool/Dry,Q1,59,0,0,0.0,0.0,0.0
30,นครราชสีมา,Northeast,2025,2,Cool/Dry,Q1,285,0,0,0.0,0.0,0.0
31,บุรีรัมย์,Northeast,2025,2,Cool/Dry,Q1,189,0,0,0.0,0.0,0.0
32,สุรินทร์,Northeast,2025,2,Cool/Dry,Q1,159,0,0,0.0,0.0,0.0
33,ศรีสะเกษ,Northeast,2025,2,Cool/Dry,Q1,205,0,0,0.0,0.0,0.0
34,อุบลราชธานี,Northeast,2025,2,Cool/Dry,Q1,218,0,0,0.0,0.0,0.0
35,ยโสธร,Northeast,2025,2,Cool/Dry,Q1,79,0,0,0.0,0.0,0.0
36,ชัยภูมิ,Northeast,2025,2,Cool/Dry,Q1,124,0,0,0.0,0.0,0.0
37,อำนาจเจริญ,Northeast,2025,2,Cool/Dry,Q1,56,0,0,0.0,0.0,0.0
38,บึงกาฬ,Northeast,2025,2,Cool/Dry,Q1,53,0,0,0.0,0.0,0.0
39,หนองบัวลำภู,Northeast,2025,2,Cool/Dry,Q1,59,0,0,0.0,0.0,0.0
40,ขอนแก่น,Northeast,2025,2,Cool/Dry,Q1,200,0,0,0.0,0.0,0.0
41,อุดรธานี,Northeast,2025,2,Cool/Dry,Q1,155,0,0,0.0,0.0,0.0
42,เลย,Northeast,2025,2,Cool/Dry,Q1,90,0,0,0.0,0.0,0.0
43,หนองคาย,Northeast,2025,2,Cool/Dry,Q1,62,0,0,0.0,0.0,0.0
44,มหาสารคาม,Northeast,2025,2,Cool/Dry,Q1,133,0,0,0.0,0.0,0.0
45,ร้อยเอ็ด,Northeast,2025,2,Cool/Dry,Q1,193,0,0,0.0,0.0,0.0
46,กาฬสินธุ์,Northeast,2025,2,Cool/Dry,Q1,135,0,0,0.0,0.0,0.0
47,สกลนคร,Northeast,2025,2,Cool/Dry,Q1,125,0,0,0.0,0.0,0.0
48,นครพนม,Northeast,2025,2,Cool/Dry,Q1,98,0,0,0.0,0.0,0.0
49,มุกดาหาร,Northeast,2025,2,Cool/Dry,Q1,53,0,0,0.0,0.0,0.0
50,เชียงใหม่,North,2025,2,Cool/Dry,Q1,204,0,0,0.0,0.0,0.0
51,ลำพูน,North,2025,2,Cool/Dry,Q1,51,0,0,0.0,0.0,0.0
52,ลำปาง,North,2025,2,Cool/Dry,Q1,96,0,0,0.0,0.0,0.0
53,อุตรดิตถ์,North,2025,2,Cool/Dry,Q1,67,0,0,0.0,0.0,0.0
54,แพร่,North,2025,2,Cool/Dry,Q1,78,0,0,0.0,0.0,0.0
55,น่าน,North,2025,2,Cool/Dry,Q1,99,0,0,0.0,0.0,0.0
56,พะเยา,North,2025,2,Cool/Dry,Q1,68,0,0,0.0,0.0,0.0
57,เชียงราย,North,2025,2,Cool/Dry,Q1,123,0,0,0.0,0.0,0.0
58,แม่ฮ่องสอน,North,2025,2,Cool/Dry,Q1,45,0,0,0.0,0.0,0.0
60,นครสวรรค์,Central,2025,2,Cool/Dry,Q1,130,0,0,0.0,0.0,0.0
61,อุทัยธานี,Central,2025,2,Cool/Dry,Q1,70,0,0,0.0,0.0,0.0
62,กำแพงเพชร,North,2025,2,Cool/Dry,Q1,78,0,0,0.0,0.0,0.0
63,ตาก,North,2025,2,Cool/Dry,Q1,60,0,0,0.0,0.0,0.0
64,สุโขทัย,North,2025,2,Cool/Dry,Q1,86,0,0,0.0,0.0,0.0
65,พิษณุโลก,North,2025,2,Cool/Dry,Q1,93,0,0,0.0,0.0,0.0
66,พิจิตร,North,2025,2,Cool/Dry,Q1,88,0,0,0.0,0.0,0.0
67,เพชรบูรณ์,North,2025,2,Cool/Dry,Q1,116,0,0,0.0,0.0,0.0
70,ราชบุรี,Central,2025,2,Cool/Dry,Q1,104,0,0,0.0,0.0,0.0
71,กาญจนบุรี,Central,2025,2,Cool/Dry,Q1,96,0,0,0.0,0.0,0.0
72,สุพรรณบุรี,Central,2025,2,Cool/Dry,Q1,110,0,0,0.0,0.0,0.0
73,นครปฐม,Central,2025,2,Cool/Dry,Q1,106,0,0,0.0,0.0,0.0
74,สมุทรสาคร,Central,2025,2,Cool/Dry,Q1,40,0,0,0.0,0.0,0.0
75,สมุทรสงคราม,Central,2025,2,Cool/Dry,Q1,36,0,0,0.0,0.0,0.0
76,เพชรบุรี,South,2025,2,Cool/Dry,Q1,93,0,0,0.0,0.0,0.0
77,ประจวบคีรีขันธ์,South,2025,2,Cool/Dry,Q1,48,0,0,0.0,0.0,0.0
80,นครศรีธรรมราช,South,2025,2,Cool/Dry,Q1,169,0,0,0.0,0.0,0.0
81,กระบี่,South,2025,2,Cool/Dry,Q1,52,0,0,0.0,0.0,0.0
82,พังงา,South,2025,2,Cool/Dry,Q1,48,0,0,0.0,0.0,0.0
83,ภูเก็ต,South,2025,2,Cool/Dry,Q1,17,0,0,0.0,0.0,0.0
84,สุราษฎร์ธานี,South,2025,2,Cool/Dry,Q1,131,0,0,0.0,0.0,0.0
85,ระนอง,South,2025,2,Cool/Dry,Q1,30,0,0,0.0,0.0,0.0
86,ชุมพร,South,2025,2,Cool/Dry,Q1,71,0,0,0.0,0.0,0.0
90,สงขลา,South,2025,2,Cool/Dry,Q1,127,0,0,0.0,0.0,0.0
91,สตูล,South,2025,2,Cool/Dry,Q1,36,0,0,0.0,0.0,0.0
92,ตรัง,South,2025,2,Cool/Dry,Q1,87,0,0,0.0,0.0,0.0
93,พัทลุง,South,2025,2,Cool/Dry,Q1,65,0,0,0.0,0.0,0.0
94,ปัตตานี,South,2025,2,Cool/Dry,Q1,115,0,0,0.0,0.0,0.0
95,ยะลา,South,2025,2,Cool/Dry,Q1,58,0,0,0.0,0.0,0.0
96,นราธิวาส,South,2025,2,Cool/Dry,Q1,77,0,0,0.0,0.0,0.0
10,กรุงเทพมหานคร,Central,2025,3,Hot,Q1,160,0,0,0.0,0.0,0.0
11,สมุทรปราการ,Central,2025,3,Hot,Q1,50,0,0,0.0,0.0,0.0
12,นนทบุรี,Central,2025,3,Hot,Q1,52,0,0,0.0,0.0,0.0
13,ปทุมธานี,Central,2025,3,Hot,Q1,60,0,0,0.0,0.0,0.0
14,พระนครศรีอยุธยา,Central,2025,3,Hot,Q1,209,0,0,0.0,0.0,0.0
15,อ่างทอง,Central,2025,3,Hot,Q1,73,0,0,0.0,0.0,0.0
16,ลพบุรี,Central,2025,3,Hot,Q1,121,0,0,0.0,0.0,0.0
17,สิงห์บุรี,Central,2025,3,Hot,Q1,43,0,0,0.0,0.0,0.0
18,ชัยนาท,Central,2025,3,Hot,Q1,53,0,0,0.0,0.0,0.0
19,สระบุรี,Central,2025,3,Hot,Q1,109,0,0,0.0,0.0,0.0
20,ชลบุรี,East,2025,3,Hot,Q1,93,0,0,0.0,0.0,0.0
21,ระยอง,East,2025,3,Hot,Q1,56,0,0,0.0,0.0,0.0
22,จันทบุรี,East,2025,3,Hot,Q1,76,0,0,0.0,0.0,0.0
23,ตราด,East,2025,3,Hot,Q1,37,0,0,0.0,0.0,0.0
24,ฉะเชิงเทรา,East,2025,3,Hot,Q1,93,0,0,0.0,0.0,0.0
25,ปราจีนบุรี,East,2025,3,Hot,Q1,64,0,0,0.0,0.0,0.0
26,นครนายก,East,2025,3,Hot,Q1,41,0,0,0.0,0.0,0.0
27,สระแก้ว,East,2025,3,Hot,Q1,59,0,0,0.0,0.0,0.0
30,นครราชสีมา,Northeast,2025,3,Hot,Q1,285,0,0,0.0,0.0,0.0
31,บุรีรัมย์,Northeast,2025,3,Hot,Q1,189,0,0,0.0,0.0,0.0
32,สุรินทร์,Northeast,2025,3,Hot,Q1,159,0,0,0.0,0.0,0.0
33,ศรีสะเกษ,Northeast,2025,3,Hot,Q1,205,0,0,0.0,0.0,0.0
34,อุบลราชธานี,Northeast,2025,3,Hot,Q1,218,0,0,0.0,0.0,0.0
35,ยโสธร,Northeast,2025,3,Hot,Q1,79,0,0,0.0,0.0,0.0
36,ชัยภูมิ,Northeast,2025,3,Hot,Q1,124,0,0,0.0,0.0,0.0
37,อำนาจเจริญ,Northeast,2025,3,Hot,Q1,56,0,0,0.0,0.0,0.0
38,บึงกาฬ,Northeast,2025,3,Hot,Q1,53,0,0,0.0,0.0,0.0
39,หนองบัวลำภู,Northeast,2025,3,Hot,Q1,59,0,0,0.0,0.0,0.0
40,ขอนแก่น,Northeast,2025,3,Hot,Q1,200,0,0,0.0,0.0,0.0
41,อุดรธานี,Northeast,2025,3,Hot,Q1,155,0,0,0.0,0.0,0.0
42,เลย,Northeast,2025,3,Hot,Q1,90,0,0,0.0,0.0,0.0
43,หนองคาย,Northeast,2025,3,Hot,Q1,62,0,0,0.0,0.0,0.0
44,มหาสารคาม,Northeast,2025,3,Hot,Q1,133,0,0,0.0,0.0,0.0
45,ร้อยเอ็ด,Northeast,2025,3,Hot,Q1,193,0,0,0.0,0.0,0.0
46,กาฬสินธุ์,Northeast,2025,3,Hot,Q1,135,0,0,0.0,0.0,0.0
47,สกลนคร,Northeast,2025,3,Hot,Q1,125,0,0,0.0,0.0,0.0
48,นครพนม,Northeast,2025,3,Hot,Q1,98,0,0,0.0,0.0,0.0
49,มุกดาหาร,Northeast,2025,3,Hot,Q1,53,0,0,0.0,0.0,0.0
50,เชียงใหม่,North,2025,3,Hot,Q1,204,0,0,0.0,0.0,0.0
51,ลำพูน,North,2025,3,Hot,Q1,51,0,0,0.0,0.0,0.0
52,ลำปาง,North,2025,3,Hot,Q1,96,0,0,0.0,0.0,0.0
53,อุตรดิตถ์,North,2025,3,Hot,Q1,67,0,0,0.0,0.0,0.0
54,แพร่,North,2025,3,Hot,Q1,78,0,0,0.0,0.0,0.0
55,น่าน,North,2025,3,Hot,Q1,99,0,0,0.0,0.0,0.0
56,พะเยา,North,2025,3,Hot,Q1,68,0,0,0.0,0.0,0.0
57,เชียงราย,North,2025,3,Hot,Q1,123,0,0,0.0,0.0,0.0
58,แม่ฮ่องสอน,North,2025,3,Hot,Q1,45,0,0,0.0,0.0,0.0
60,นครสวรรค์,Central,2025,3,Hot,Q1,130,0,0,0.0,0.0,0.0
61,อุทัยธานี,Central,2025,3,Hot,Q1,70,0,0,0.0,0.0,0.0
62,กำแพงเพชร,North,2025,3,Hot,Q1,78,0,0,0.0,0.0,0.0
63,ตาก,North,2025,3,Hot,Q1,60,0,0,0.0,0.0,0.0
64,สุโขทัย,North,2025,3,Hot,Q1,86,0,0,0.0,0.0,0.0
65,พิษณุโลก,North,2025,3,Hot,Q1,93,0,0,0.0,0.0,0.0
66,พิจิตร,North,2025,3,Hot,Q1,88,0,0,0.0,0.0,0.0
67,เพชรบูรณ์,North,2025,3,Hot,Q1,116,0,0,0.0,0.0,0.0
70,ราชบุรี,Central,2025,3,Hot,Q1,104,0,0,0.0,0.0,0.0
71,กาญจนบุรี,Central,2025,3,Hot,Q1,96,0,0,0.0,0.0,0.0
72,สุพรรณบุรี,Central,2025,3,Hot,Q1,110,0,0,0.0,0.0,0.0
73,นครปฐม,Central,2025,3,Hot,Q1,106,0,0,0.0,0.0,0.0
74,สมุทรสาคร,Central,2025,3,Hot,Q1,40,0,0,0.0,0.0,0.0
75,สมุทรสงคราม,Central,2025,3,Hot,Q1,36,0,0,0.0,0.0,0.0
76,เพชรบุรี,South,2025,3,Hot,Q1,93,0,0,0.0,0.0,0.0
77,ประจวบคีรีขันธ์,South,2025,3,Hot,Q1,48,0,0,0.0,0.0,0.0
80,นครศรีธรรมราช,South,2025,3,Hot,Q1,169,0,0,0.0,0.0,0.0
81,กระบี่,South,2025,3,Hot,Q1,52,0,0,0.0,0.0,0.0
82,พังงา,South,2025,3,Hot,Q1,48,0,0,0.0,0.0,0.0
83,ภูเก็ต,South,2025,3,Hot,Q1,17,0,0,0.0,0.0,0.0
84,สุราษฎร์ธานี,South,2025,3,Hot,Q1,131,0,0,0.0,0.0,0.0
85,ระนอง,South,2025,3,Hot,Q1,30,0,0,0.0,0.0,0.0
86,ชุมพร,South,2025,3,Hot,Q1,71,0,0,0.0,0.0,0.0
90,สงขลา,South,2025,3,Hot,Q1,127,0,0,0.0,0.0,0.0
91,สตูล,South,2025,3,Hot,Q1,36,0,0,0.0,0.0,0.0
92,ตรัง,South,2025,3,Hot,Q1,87,0,0,0.0,0.0,0.0
93,พัทลุง,South,2025,3,Hot,Q1,65,0,0,0.0,0.0,0.0
94,ปัตตานี,South,2025,3,Hot,Q1,115,0,0,0.0,0.0,0.0
95,ยะลา,South,2025,3,Hot,Q1,58,0,0,0.0,0.0,0.0
96,นราธิวาส,South,2025,3,Hot,Q1,77,0,0,0.0,0.0,0.0
10,กรุงเทพมหานคร,Central,2025,4,Hot,Q2,160,0,0,0.0,0.0,0.0
11,สมุทรปราการ,Central,2025,4,Hot,Q2,50,0,0,0.0,0.0,0.0
12,นนทบุรี,Central,2025,4,Hot,Q2,52,0,0,0.0,0.0,0.0
13,ปทุมธานี,Central,2025,4,Hot,Q2,60,0,0,0.0,0.0,0.0
14,พระนครศรีอยุธยา,Central,2025,4,Hot,Q2,209,0,0,0.0,0.0,0.0
15,อ่างทอง,Central,2025,4,Hot,Q2,73,0,0,0.0,0.0,0.0
16,ลพบุรี,Central,2025,4,Hot,Q2,121,0,0,0.0,0.0,0.0
17,สิงห์บุรี,Central,2025,4,Hot,Q2,43,0,0,0.0,0.0,0.0
18,ชัยนาท,Central,2025,4,Hot,Q2,53,0,0,0.0,0.0,0.0
19,สระบุรี,Central,2025,4,Hot,Q2,109,0,0,0.0,0.0,0.0
20,ชลบุรี,East,2025,4,Hot,Q2,93,0,0,0.0,0.0,0.0
21,ระยอง,East,2025,4,Hot,Q2,56,0,0,0.0,0.0,0.0
22,จันทบุรี,East,2025,4,Hot,Q2,76,0,0,0.0,0.0,0.0
23,ตราด,East,2025,4,Hot,Q2,37,0,0,0.0,0.0,0.0
24,ฉะเชิงเทรา,East,2025,4,Hot,Q2,93,0,0,0.0,0.0,0.0
25,ปราจีนบุรี,East,2025,4,Hot,Q2,64,0,0,0.0,0.0,0.0
26,นครนายก,East,2025,4,Hot,Q2,41,0,0,0.0,0.0,0.0
27,สระแก้ว,East,2025,4,Hot,Q2,59,0,0,0.0,0.0,0.0
30,นครราชสีมา,Northeast,2025,4,Hot,Q2,285,0,0,0.0,0.0,0.0
31,บุรีรัมย์,Northeast,2025,4,Hot,Q2,189,0,0,0.0,0.0,0.0
32,สุรินทร์,Northeast,2025,4,Hot,Q2,159,0,0,0.0,0.0,0.0
33,ศรีสะเกษ,Northeast,2025,4,Hot,Q2,205,0,0,0.0,0.0,0.0
34,อุบลราชธานี,Northeast,2025,4,Hot,Q2,218,0,0,0.0,0.0,0.0
35,ยโสธร,Northeast,2025,4,Hot,Q2,79,0,0,0.0,0.0,0.0
36,ชัยภูมิ,Northeast,2025,4,Hot,Q2,124,0,0,0.0,0.0,0.0
37,อำนาจเจริญ,Northeast,2025,4,Hot,Q2,56,0,0,0.0,0.0,0.0
38,บึงกาฬ,Northeast,2025,4,Hot,Q2,53,0,0,0.0,0.0,0.0
39,หนองบัวลำภู,Northeast,2025,4,Hot,Q2,59,0,0,0.0,0.0,0.0
40,ขอนแก่น,Northeast,2025,4,Hot,Q2,200,0,0,0.0,0.0,0.0
41,อุดรธานี,Northeast,2025,4,Hot,Q2,155,0,0,0.0,0.0,0.0
42,เลย,Northeast,2025,4,Hot,Q2,90,0,0,0.0,0.0,0.0
43,หนองคาย,Northeast,2025,4,Hot,Q2,62,0,0,0.0,0.0,0.0
44,มหาสารคาม,Northeast,2025,4,Hot,Q2,133,0,0,0.0,0.0,0.0
45,ร้อยเอ็ด,Northeast,2025,4,Hot,Q2,193,0,0,0.0,0.0,0.0
46,กาฬสินธุ์,Northeast,2025,4,Hot,Q2,135,0,0,0.0,0.0,0.0
47,สกลนคร,Northeast,2025,4,Hot,Q2,125,0,0,0.0,0.0,0.0
48,นครพนม,Northeast,2025,4,Hot,Q2,98,0,0,0.0,0.0,0.0
49,มุกดาหาร,Northeast,2025,4,Hot,Q2,53,0,0,0.0,0.0,0.0
50,เชียงใหม่,North,2025,4,Hot,Q2,204,0,0,0.0,0.0,0.0
51,ลำพูน,North,2025,4,Hot,Q2,51,0,0,0.0,0.0,0.0
52,ลำปาง,North,2025,4,Hot,Q2,96,0,0,0.0,0.0,0.0
53,อุตรดิตถ์,North,2025,4,Hot,Q2,67,0,0,0.0,0.0,0.0
54,แพร่,North,2025,4,Hot,Q2,78,0,0,0.0,0.0,0.0
55,น่าน,North,2025,4,Hot,Q2,99,0,0,0.0,0.0,0.0
56,พะเยา,North,2025,4,Hot,Q2,68,0,0,0.0,0.0,0.0
57,เชียงราย,North,2025,4,Hot,Q2,123,0,0,0.0,0.0,0.0
58,แม่ฮ่องสอน,North,2025,4,Hot,Q2,45,0,0,0.0,0.0,0.0
60,นครสวรรค์,Central,2025,4,Hot,Q2,130,0,0,0.0,0.0,0.0
61,อุทัยธานี,Central,2025,4,Hot,Q2,70,0,0,0.0,0.0,0.0
62,กำแพงเพชร,North,2025,4,Hot,Q2,78,0,0,0.0,0.0,0.0
63,ตาก,North,2025,4,Hot,Q2,60,0,0,0.0,0.0,0.0
64,สุโขทัย,North,2025,4,Hot,Q2,86,0,0,0.0,0.0,0.0
65,พิษณุโลก,North,2025,4,Hot,Q2,93,0,0,0.0,0.0,0.0
66,พิจิตร,North,2025,4,Hot,Q2,88,0,0,0.0,0.0,0.0
67,เพชรบูรณ์,North,2025,4,Hot,Q2,116,0,0,0.0,0.0,0.0
70,ราชบุรี,Central,2025,4,Hot,Q2,104,0,0,0.0,0.0,0.0
71,กาญจนบุรี,Central,2025,4,Hot,Q2,96,0,0,0.0,0.0,0.0
72,สุพรรณบุรี,Central,2025,4,Hot,Q2,110,0,0,0.0,0.0,0.0
73,นครปฐม,Central,2025,4,Hot,Q2,106,0,0,0.0,0.0,0.0
74,สมุทรสาคร,Central,2025,4,Hot,Q2,40,0,0,0.0,0.0,0.0
75,สมุทรสงคราม,Central,2025,4,Hot,Q2,36,0,0,0.0,0.0,0.0
76,เพชรบุรี,South,2025,4,Hot,Q2,93,0,0,0.0,0.0,0.0
77,ประจวบคีรีขันธ์,South,2025,4,Hot,Q2,48,0,0,0.0,0.0,0.0
80,นครศรีธรรมราช,South,2025,4,Hot,Q2,169,6,9,0.03550295857988166,0.05325443786982249,0.08875739644970414
81,กระบี่,South,2025,4,Hot,Q2,52,0,0,0.0,0.0,0.0
82,พังงา,South,2025,4,Hot,Q2,48,0,0,0.0,0.0,0.0
83,ภูเก็ต,South,2025,4,Hot,Q2,17,0,0,0.0,0.0,0.0
84,สุราษฎร์ธานี,South,2025,4,Hot,Q2,131,0,3,0.0,0.022900763358778626,0.022900763358778626
85,ระนอง,South,2025,4,Hot,Q2,30,0,0,0.0,0.0,0.0
86,ชุมพร,South,2025,4,Hot,Q2,71,0,0,0.0,0.0,0.0
90,สงขลา,South,2025,4,Hot,Q2,127,0,0,0.0,0.0,0.0
91,สตูล,South,2025,4,Hot,Q2,36,0,0,0.0,0.0,0.0
92,ตรัง,South,2025,4,Hot,Q2,87,0,0,0.0,0.0,0.0
93,พัทลุง,South,2025,4,Hot,Q2,65,0,0,0.0,0.0,0.0
94,ปัตตานี,South,2025,4,Hot,Q2,115,0,0,0.0,0.0,0.0
95,ยะลา,South,2025,4,Hot,Q2,58,0,0,0.0,0.0,0.0
96,นราธิวาส,South,2025,4,Hot,Q2,77,0,0,0.0,0.0,0.0
10,กรุงเทพมหานคร,Central,2025,5,Hot,Q2,160,12,0,0.075,0.0,0.075
11,สมุทรปราการ,Central,2025,5,Hot,Q2,50,0,0,0.0,0.0,0.0
12,นนทบุรี,Central,2025,5,Hot,Q2,52,0,0,0.0,0.0,0.0
13,ปทุมธานี,Central,2025,5,Hot,Q2,60,0,0,0.0,0.0,0.0
14,พระนครศรีอยุธยา,Central,2025,5,Hot,Q2,209,73,0,0.3492822966507177,0.0,0.3492822966507177
15,อ่างทอง,Central,2025,5,Hot,Q2,73,0,0,0.0,0.0,0.0
16,ลพบุรี,Central,2025,5,Hot,Q2,121,2,1,0.01652892561983471,0.008264462809917356,0.024793388429752067
17,สิงห์บุรี,Central,2025,5,Hot,Q2,43,0,0,0.0,0.0,0.0
18,ชัยนาท,Central,2025,5,Hot,Q2,53,7,0,0.1320754716981132,0.0,0.1320754716981132
19,สระบุรี,Central,2025,5,Hot,Q2,109,0,0,0.0,0.0,0.0
20,ชลบุรี,East,2025,5,Hot,Q2,93,0,0,0.0,0.0,0.0
21,ระยอง,East,2025,5,Hot,Q2,56,0,0,0.0,0.0,0.0
22,จันทบุรี,East,2025,5,Hot,Q2,76,0,0,0.0,0.0,0.0
23,ตราด,East,2025,5,Hot,Q2,37,1,0,0.02702702702702703,0.0,0.02702702702702703
24,ฉะเชิงเทรา,East,2025,5,Hot,Q2,93,0,0,0.0,0.0,0.0
25,ปราจีนบุรี,East,2025,5,Hot,Q2,64,0,0,0.0,0.0,0.0
26,นครนายก,East,2025,5,Hot,Q2,41,0,0,0.0,0.0,0.0
27,สระแก้ว,East,2025,5,Hot,Q2,59,0,0,0.0,0.0,0.0
30,นครราชสีมา,Northeast,2025,5,Hot,Q2,285,0,0,0.0,0.0,0.0
31,บุรีรัมย์,Northeast,2025,5,Hot,Q2,189,0,0,0.0,0.0,0.0
32,สุรินทร์,Northeast,2025,5,Hot,Q2,159,0,0,0.0,0.0,0.0
33,ศรีสะเกษ,Northeast,2025,5,Hot,Q2,205,0,0,0.0,0.0,0.0
34,อุบลราชธานี,Northeast,2025,5,Hot,Q2,218,0,0,0.0,0.0,0.0
35,ยโสธร,Northeast,2025,5,Hot,Q2,79,0,0,0.0,0.0,0.0
36,ชัยภูมิ,Northeast,2025,5,Hot,Q2,124,1,1,0.008064516129032258,0.008064516129032258,0.016129032258064516
37,อำนาจเจริญ,Northeast,2025,5,Hot,Q2,56,0,0,0.0,0.0,0.0
38,บึงกาฬ,Northeast,2025,5,Hot,Q2,53,0,0,0.0,0.0,0.0
39,หนองบัวลำภู,Northeast,2025,5,Hot,Q2,59,1,0,0.01694915254237288,0.0,0.01694915254237288
40,ขอนแก่น,Northeast,2025,5,Hot,Q2,200,3,0,0.015,0.0,0.015
41,อุดรธานี,Northeast,2025,5,Hot,Q2,155,2,4,0.012903225806451613,0.025806451612903226,0.03870967741935484
42,เลย,Northeast,2025,5,Hot,Q2,90,3,11,0.03333333333333333,0.12222222222222222,0.15555555555555556
43,หนองคาย,Northeast,2025,5,Hot,Q2,62,0,0,0.0,0.0,0.0
44,มหาสารคาม,Northeast,2025,5,Hot,Q2,133,0,0,0.0,0.0,0.0
45,ร้อยเอ็ด,Northeast,2025,5,Hot,Q2,193,0,0,0.0,0.0,0.0
46,กาฬสินธุ์,Northeast,2025,5,Hot,Q2,135,0,1,0.0,0.007407407407407408,0.007407407407407408
47,สกลนคร,Northeast,2025,5,Hot,Q2,125,6,0,0.048,0.0,0.048
48,นครพนม,Northeast,2025,5,Hot,Q2,98,1,0,0.01020408163265306,0.0,0.01020408163265306
49,มุกดาหาร,Northeast,2025,5,Hot,Q2,53,0,0,0.0,0.0,0.0
50,เชียงใหม่,North,2025,5,Hot,Q2,204,39,47,0.19117647058823528,0.23039215686274508,0.4215686274509804
51,ลำพูน,North,2025,5,Hot,Q2,51,5,7,0.09803921568627451,0.13725490196078433,0.23529411764705882
52,ลำปาง,North,2025,5,Hot,Q2,96,4,25,0.041666666666666664,0.2604166666666667,0.3020833333333333
53,อุตรดิตถ์,North,2025,5,Hot,Q2,67,9,5,0.13432835820895522,0.07462686567164178,0.208955223880597
54,แพร่,North,2025,5,Hot,Q2,78,0,6,0.0,0.07692307692307693,0.07692307692307693
55,น่าน,North,2025,5,Hot,Q2,99,0,12,0.0,0.12121212121212122,0.12121212121212122
56,พะเยา,North,2025,5,Hot,Q2,68,3,11,0.04411764705882353,0.16176470588235295,0.20588235294117646
57,เชียงราย,North,2025,5,Hot,Q2,123,0,5,0.0,0.04065040650406504,0.04065040650406504
58,แม่ฮ่องสอน,North,2025,5,Hot,Q2,45,0,6,0.0,0.13333333333333333,0.13333333333333333
60,นครสวรรค์,Central,2025,5,Hot,Q2,130,33,1,0.25384615384615383,0.007692307692307693,0.26153846153846155
61,อุทัยธานี,Central,2025,5,Hot,Q2,70,22,1,0.3142857142857143,0.014285714285714285,0.32857142857142857
62,กำแพงเพชร,North,2025,5,Hot,Q2,78,15,3,0.19230769230769232,0.038461538461538464,0.23076923076923078
63,ตาก,North,2025,5,Hot,Q2,60,8,18,0.13333333333333333,0.3,0.43333333333333335
64,สุโขทัย,North,2025,5,Hot,Q2,86,72,3,0.8372093023255814,0.03488372093023256,0.872093023255814
65,พิษณุโลก,North,2025,5,Hot,Q2,93,4,4,0.043010752688172046,0.043010752688172046,0.08602150537634409
66,พิจิตร,North,2025,5,Hot,Q2,88,15,0,0.17045454545454544,0.0,0.17045454545454544
67,เพชรบูรณ์,North,2025,5,Hot,Q2,116,10,7,0.08620689655172414,0.0603448275862069,0.14655172413793102
70,ราชบุรี,Central,2025,5,Hot,Q2,104,0,0,0.0,0.0,0.0
71,กาญจนบุรี,Central,2025,5,Hot,Q2,96,0,2,0.0,0.020833333333333332,0.020833333333333332
72,สุพรรณบุรี,Central,2025,5,Hot,Q2,110,0,2,0.0,0.01818181818181818,0.01818181818181818
73,นครปฐม,Central,2025,5,Hot,Q2,106,16,0,0.1509433962264151,0.0,0.1509433962264151
74,สมุทรสาคร,Central,2025,5,Hot,Q2,40,0,0,0.0,0.0,0.0
75,สมุทรสงคราม,Central,2025,5,Hot,Q2,36,0,0,0.0,0.0,0.0
76,เพชรบุรี,South,2025,5,Hot,Q2,93,0,0,0.0,0.0,0.0
77,ประจวบคีรีขันธ์,South,2025,5,Hot,Q2,48,0,0,0.0,0.0,0.0
80,นครศรีธรรมราช,South,2025,5,Hot,Q2,169,0,0,0.0,0.0,0.0
81,กระบี่,South,2025,5,Hot,Q2,52,0,0,0.0,0.0,0.0
82,พังงา,South,2025,5,Hot,Q2,48,0,5,0.0,0.10416666666666667,0.10416666666666667
83,ภูเก็ต,South,2025,5,Hot,Q2,17,2,1,0.11764705882352941,0.058823529411764705,0.17647058823529413
84,สุราษฎร์ธานี,South,2025,5,Hot,Q2,131,0,2,0.0,0.015267175572519083,0.015267175572519083
85,ระนอง,South,2025,5,Hot,Q2,30,0,1,0.0,0.03333333333333333,0.03333333333333333
86,ชุมพร,South,2025,5,Hot,Q2,71,0,1,0.0,0.014084507042253521,0.014084507042253521
90,สงขลา,South,2025,5,Hot,Q2,127,1,1,0.007874015748031496,0.007874015748031496,0.015748031496062992
91,สตูล,South,2025,5,Hot,Q2,36,0,0,0.0,0.0,0.0
92,ตรัง,South,2025,5,Hot,Q2,87,0,0,0.0,0.0,0.0
93,พัทลุง,South,2025,5,Hot,Q2,65,0,0,0.0,0.0,0.0
94,ปัตตานี,South,2025,5,Hot,Q2,115,0,0,0.0,0.0,0.0
95,ยะลา,South,2025,5,Hot,Q2,58,0,0,0.0,0.0,0.0
96,นราธิวาส,South,2025,5,Hot,Q2,77,0,0,0.0,0.0,0.0
10,กรุงเทพมหานคร,Central,2025,6,Rainy/Monsoon,Q2,160,0,0,0.0,0.0,0.0
11,สมุทรปราการ,Central,2025,6,Rainy/Monsoon,Q2,50,3,0,0.06,0.0,0.06
12,นนทบุรี,Central,2025,6,Rainy/Monsoon,Q2,52,0,0,0.0,0.0,0.0
13,ปทุมธานี,Central,2025,6,Rainy/Monsoon,Q2,60,0,0,0.0,0.0,0.0
14,พระนครศรีอยุธยา,Central,2025,6,Rainy/Monsoon,Q2,209,2,0,0.009569377990430622,0.0,0.009569377990430622
15,อ่างทอง,Central,2025,6,Rainy/Monsoon,Q2,73,3,0,0.0410958904109589,0.0,0.0410958904109589
16,ลพบุรี,Central,2025,6,Rainy/Monsoon,Q2,121,3,1,0.024793388429752067,0.008264462809917356,0.03305785123966942
17,สิงห์บุรี,Central,2025,6,Rainy/Monsoon,Q2,43,0,0,0.0,0.0,0.0
18,ชัยนาท,Central,2025,6,Rainy/Monsoon,Q2,53,6,0,0.11320754716981132,0.0,0.11320754716981132
19,สระบุรี,Central,2025,6,Rainy/Monsoon,Q2,109,0,0,0.0,0.0,0.0
20,ชลบุรี,East,2025,6,Rainy/Monsoon,Q2,93,2,0,0.021505376344086023,0.0,0.021505376344086023
21,ระยอง,East,2025,6,Rainy/Monsoon,Q2,56,8,0,0.14285714285714285,0.0,0.14285714285714285
22,จันทบุรี,East,2025,6,Rainy/Monsoon,Q2,76,0,0,0.0,0.0,0.0
23,ตราด,East,2025,6,Rainy/Monsoon,Q2,37,0,0,0.0,0.0,0.0
24,ฉะเชิงเทรา,East,2025,6,Rainy/Monsoon,Q2,93,4,0,0.043010752688172046,0.0,0.043010752688172046
25,ปราจีนบุรี,East,2025,6,Rainy/Monsoon,Q2,64,0,0,0.0,0.0,0.0
26,นครนายก,East,2025,6,Rainy/Monsoon,Q2,41,0,0,0.0,0.0,0.0
27,สระแก้ว,East,2025,6,Rainy/Monsoon,Q2,59,0,0,0.0,0.0,0.0
30,นครราชสีมา,Northeast,2025,6,Rainy/Monsoon,Q2,285,30,0,0.10526315789473684,0.0,0.10526315789473684
31,บุรีรัมย์,Northeast,2025,6,Rainy/Monsoon,Q2,189,7,0,0.037037037037037035,0.0,0.037037037037037035
32,สุรินทร์,Northeast,2025,6,Rainy/Monsoon,Q2,159,14,0,0.0880503144654088,0.0,0.0880503144654088
33,ศรีสะเกษ,Northeast,2025,6,Rainy/Monsoon,Q2,205,17,0,0.08292682926829269,0.0,0.08292682926829269
34,อุบลราชธานี,Northeast,2025,6,Rainy/Monsoon,Q2,218,10,1,0.045871559633027525,0.0045871559633027525,0.05045871559633028
35,ยโสธร,Northeast,2025,6,Rainy/Monsoon,Q2,79,7,0,0.08860759493670886,0.0,0.08860759493670886
36,ชัยภูมิ,Northeast,2025,6,Rainy/Monsoon,Q2,124,0,2,0.0,0.016129032258064516,0.016129032258064516
37,อำนาจเจริญ,Northeast,2025,6,Rainy/Monsoon,Q2,56,0,0,0.0,0.0,0.0
38,บึงกาฬ,Northeast,2025,6,Rainy/Monsoon,Q2,53,3,0,0.05660377358490566,0.0,0.05660377358490566
39,หนองบัวลำภู,Northeast,2025,6,Rainy/Monsoon,Q2,59,0,0,0.0,0.0,0.0
40,ขอนแก่น,Northeast,2025,6,Rainy/Monsoon,Q2,200,8,0,0.04,0.0,0.04
41,อุดรธานี,Northeast,2025,6,Rainy/Monsoon,Q2,155,0,0,0.0,0.0,0.0
42,เลย,Northeast,2025,6,Rainy/Monsoon,Q2,90,0,0,0.0,0.0,0.0
43,หนองคาย,Northeast,2025,6,Rainy/Monsoon,Q2,62,0,0,0.0,0.0,0.0
44,มหาสารคาม,Northeast,2025,6,Rainy/Monsoon,Q2,133,1,0,0.007518796992481203,0.0,0.007518796992481203
45,ร้อยเอ็ด,Northeast,2025,6,Rainy/Monsoon,Q2,193,1,0,0.0051813471502590676,0.0,0.0051813471502590676
46,กาฬสินธุ์,Northeast,2025,6,Rainy/Monsoon,Q2,135,5,0,0.037037037037037035,0.0,0.037037037037037035
47,สกลนคร,Northeast,2025,6,Rainy/Monsoon,Q2,125,1,0,0.008,0.0,0.008
48,นครพนม,Northeast,2025,6,Rainy/Monsoon,Q2,98,0,0,0.0,0.0,0.0
49,มุกดาหาร,Northeast,2025,6,Rainy/Monsoon,Q2,53,0,0,0.0,0.0,0.0
50,เชียงใหม่,North,2025,6,Rainy/Monsoon,Q2,204,4,37,0.0196078431372549,0.18137254901960784,0.20098039215686275
51,ลำพูน,North,2025,6,Rainy/Monsoon,Q2,51,0,5,0.0,0.09803921568627451,0.09803921568627451
52,ลำปาง,North,2025,6,Rainy/Monsoon,Q2,96,5,17,0.052083333333333336,0.17708333333333334,0.22916666666666666
53,อุตรดิตถ์,North,2025,6,Rainy/Monsoon,Q2,67,1,8,0.014925373134328358,0.11940298507462686,0.13432835820895522
54,แพร่,North,2025,6,Rainy/Monsoon,Q2,78,0,0,0.0,0.0,0.0
55,น่าน,North,2025,6,Rainy/Monsoon,Q2,99,0,16,0.0,0.16161616161616163,0.16161616161616163
56,พะเยา,North,2025,6,Rainy/Monsoon,Q2,68,4,11,0.058823529411764705,0.16176470588235295,0.22058823529411764
57,เชียงราย,North,2025,6,Rainy/Monsoon,Q2,123,2,20,0.016260162601626018,0.16260162601626016,0.17886178861788618
58,แม่ฮ่องสอน,North,2025,6,Rainy/Monsoon,Q2,45,0,8,0.0,0.17777777777777778,0.17777777777777778
60,นครสวรรค์,Central,2025,6,Rainy/Monsoon,Q2,130,16,1,0.12307692307692308,0.007692307692307693,0.13076923076923078
61,อุทัยธานี,Central,2025,6,Rainy/Monsoon,Q2,70,26,3,0.37142857142857144,0.04285714285714286,0.4142857142857143
62,กำแพงเพชร,North,2025,6,Rainy/Monsoon,Q2,78,0,1,0.0,0.01282051282051282,0.01282051282051282
63,ตาก,North,2025,6,Rainy/Monsoon,Q2,60,0,6,0.0,0.1,0.1
64,สุโขทัย,North,2025,6,Rainy/Monsoon,Q2,86,22,1,0.2558139534883721,0.011627906976744186,0.26744186046511625
65,พิษณุโลก,North,2025,6,Rainy/Monsoon,Q2,93,1,0,0.010752688172043012,0.0,0.010752688172043012
66,พิจิตร,North,2025,6,Rainy/Monsoon,Q2,88,0,0,0.0,0.0,0.0
67,เพชรบูรณ์,North,2025,6,Rainy/Monsoon,Q2,116,0,0,0.0,0.0,0.0
70,ราชบุรี,Central,2025,6,Rainy/Monsoon,Q2,104,0,0,0.0,0.0,0.0
71,กาญจนบุรี,Central,2025,6,Rainy/Monsoon,Q2,96,2,1,0.020833333333333332,0.010416666666666666,0.03125
72,สุพรรณบุรี,Central,2025,6,Rainy/Monsoon,Q2,110,0,0,0.0,0.0,0.0
73,นครปฐม,Central,2025,6,Rainy/Monsoon,Q2,106,0,0,0.0,0.0,0.0
74,สมุทรสาคร,Central,2025,6,Rainy/Monsoon,Q2,40,0,0,0.0,0.0,0.0
75,สมุทรสงคราม,Central,2025,6,Rainy/Monsoon,Q2,36,0,0,0.0,0.0,0.0
76,เพชรบุรี,South,2025,6,Rainy/Monsoon,Q2,93,0,0,0.0,0.0,0.0
77,ประจวบคีรีขันธ์,South,2025,6,Rainy/Monsoon,Q2,48,0,0,0.0,0.0,0.0
80,นครศรีธรรมราช,South,2025,6,Rainy/Monsoon,Q2,169,0,0,0.0,0.0,0.0
81,กระบี่,South,2025,6,Rainy/Monsoon,Q2,52,5,0,0.09615384615384616,0.0,0.09615384615384616
82,พังงา,South,2025,6,Rainy/Monsoon,Q2,48,7,22,0.14583333333333334,0.4583333333333333,0.6041666666666666
83,ภูเก็ต,South,2025,6,Rainy/Monsoon,Q2,17,0,0,0.0,0.0,0.0
84,สุราษฎร์ธานี,South,2025,6,Rainy/Monsoon,Q2,131,0,0,0.0,0.0,0.0
85,ระนอง,South,2025,6,Rainy/Monsoon,Q2,30,0,1,0.0,0.03333333333333333,0.03333333333333333
86,ชุมพร,South,2025,6,Rainy/Monsoon,Q2,71,0,0,0.0,0.0,0.0
90,สงขลา,South,2025,6,Rainy/Monsoon,Q2,127,0,0,0.0,0.0,0.0
91,สตูล,South,2025,6,Rainy/Monsoon,Q2,36,3,2,0.08333333333333333,0.05555555555555555,0.1388888888888889
92,ตรัง,South,2025,6,Rainy/Monsoon,Q2,87,0,0,0.0,0.0,0.0
93,พัทลุง,South,2025,6,Rainy/Monsoon,Q2,65,0,0,0.0,0.0,0.0
94,ปัตตานี,South,2025,6,Rainy/Monsoon,Q2,115,0,0,0.0,0.0,0.0
95,ยะลา,South,2025,6,Rainy/Monsoon,Q2,58,0,0,0.0,0.0,0.0
96,นราธิวาส,South,2025,6,Rainy/Monsoon,Q2,77,0,0,0.0,0.0,0.0
10,กรุงเทพมหานคร,Central,2025,7,Rainy/Monsoon,Q3,160,0,0,0.0,0.0,0.0
11,สมุทรปราการ,Central,2025,7,Rainy/Monsoon,Q3,50,0,0,0.0,0.0,0.0
12,นนทบุรี,Central,2025,7,Rainy/Monsoon,Q3,52,0,0,0.0,0.0,0.0
13,ปทุมธานี,Central,2025,7,Rainy/Monsoon,Q3,60,0,0,0.0,0.0,0.0
14,พระนครศรีอยุธยา,Central,2025,7,Rainy/Monsoon,Q3,209,0,0,0.0,0.0,0.0
15,อ่างทอง,Central,2025,7,Rainy/Monsoon,Q3,73,0,0,0.0,0.0,0.0
16,ลพบุรี,Central,2025,7,Rainy/Monsoon,Q3,121,0,0,0.0,0.0,0.0
17,สิงห์บุรี,Central,2025,7,Rainy/Monsoon,Q3,43,0,0,0.0,0.0,0.0
18,ชัยนาท,Central,2025,7,Rainy/Monsoon,Q3,53,0,0,0.0,0.0,0.0
19,สระบุรี,Central,2025,7,Rainy/Monsoon,Q3,109,1,1,0.009174311926605505,0.009174311926605505,0.01834862385321101
20,ชลบุรี,East,2025,7,Rainy/Monsoon,Q3,93,0,0,0.0,0.0,0.0
21,ระยอง,East,2025,7,Rainy/Monsoon,Q3,56,0,0,0.0,0.0,0.0
22,จันทบุรี,East,2025,7,Rainy/Monsoon,Q3,76,3,4,0.039473684210526314,0.05263157894736842,0.09210526315789473
23,ตราด,East,2025,7,Rainy/Monsoon,Q3,37,2,1,0.05405405405405406,0.02702702702702703,0.08108108108108109
24,ฉะเชิงเทรา,East,2025,7,Rainy/Monsoon,Q3,93,0,0,0.0,0.0,0.0
25,ปราจีนบุรี,East,2025,7,Rainy/Monsoon,Q3,64,2,1,0.03125,0.015625,0.046875
26,นครนายก,East,2025,7,Rainy/Monsoon,Q3,41,1,2,0.024390243902439025,0.04878048780487805,0.07317073170731707
27,สระแก้ว,East,2025,7,Rainy/Monsoon,Q3,59,0,0,0.0,0.0,0.0
30,นครราชสีมา,Northeast,2025,7,Rainy/Monsoon,Q3,285,2,3,0.007017543859649123,0.010526315789473684,0.017543859649122806
31,บุรีรัมย์,Northeast,2025,7,Rainy/Monsoon,Q3,189,5,0,0.026455026455026454,0.0,0.026455026455026454
32,สุรินทร์,Northeast,2025,7,Rainy/Monsoon,Q3,159,0,0,0.0,0.0,0.0
33,ศรีสะเกษ,Northeast,2025,7,Rainy/Monsoon,Q3,205,0,0,0.0,0.0,0.0
34,อุบลราชธานี,Northeast,2025,7,Rainy/Monsoon,Q3,218,0,0,0.0,0.0,0.0
35,ยโสธร,Northeast,2025,7,Rainy/Monsoon,Q3,79,0,0,0.0,0.0,0.0
36,ชัยภูมิ,Northeast,2025,7,Rainy/Monsoon,Q3,124,4,0,0.03225806451612903,0.0,0.03225806451612903
37,อำนาจเจริญ,Northeast,2025,7,Rainy/Monsoon,Q3,56,0,0,0.0,0.0,0.0
38,บึงกาฬ,Northeast,2025,7,Rainy/Monsoon,Q3,53,43,3,0.8113207547169812,0.05660377358490566,0.8679245283018868
39,หนองบัวลำภู,Northeast,2025,7,Rainy/Monsoon,Q3,59,1,0,0.01694915254237288,0.0,0.01694915254237288
40,ขอนแก่น,Northeast,2025,7,Rainy/Monsoon,Q3,200,121,0,0.605,0.0,0.605
41,อุดรธานี,Northeast,2025,7,Rainy/Monsoon,Q3,155,85,2,0.5483870967741935,0.012903225806451613,0.5612903225806452
42,เลย,Northeast,2025,7,Rainy/Monsoon,Q3,90,0,0,0.0,0.0,0.0
43,หนองคาย,Northeast,2025,7,Rainy/Monsoon,Q3,62,22,1,0.3548387096774194,0.016129032258064516,0.3709677419354839
44,มหาสารคาม,Northeast,2025,7,Rainy/Monsoon,Q3,133,104,0,0.7819548872180451,0.0,0.7819548872180451
45,ร้อยเอ็ด,Northeast,2025,7,Rainy/Monsoon,Q3,193,98,0,0.5077720207253886,0.0,0.5077720207253886
46,กาฬสินธุ์,Northeast,2025,7,Rainy/Monsoon,Q3,135,111,16,0.8222222222222222,0.11851851851851852,0.9407407407407408
47,สกลนคร,Northeast,2025,7,Rainy/Monsoon,Q3,125,123,1,0.984,0.008,0.992
48,นครพนม,Northeast,2025,7,Rainy/Monsoon,Q3,98,35,1,0.35714285714285715,0.01020408163265306,0.3673469387755102
49,มุกดาหาร,Northeast,2025,7,Rainy/Monsoon,Q3,53,37,2,0.6981132075471698,0.03773584905660377,0.7358490566037735
50,เชียงใหม่,North,2025,7,Rainy/Monsoon,Q3,204,1,3,0.004901960784313725,0.014705882352941176,0.0196078431372549
51,ลำพูน,North,2025,7,Rainy/Monsoon,Q3,51,0,0,0.0,0.0,0.0
52,ลำปาง,North,2025,7,Rainy/Monsoon,Q3,96,0,0,0.0,0.0,0.0
53,อุตรดิตถ์,North,2025,7,Rainy/Monsoon,Q3,67,0,0,0.0,0.0,0.0
54,แพร่,North,2025,7,Rainy/Monsoon,Q3,78,0,0,0.0,0.0,0.0
55,น่าน,North,2025,7,Rainy/Monsoon,Q3,99,0,4,0.0,0.04040404040404041,0.04040404040404041
56,พะเยา,North,2025,7,Rainy/Monsoon,Q3,68,0,1,0.0,0.014705882352941176,0.014705882352941176
57,เชียงราย,North,2025,7,Rainy/Monsoon,Q3,123,0,4,0.0,0.032520325203252036,0.032520325203252036
58,แม่ฮ่องสอน,North,2025,7,Rainy/Monsoon,Q3,45,0,4,0.0,0.08888888888888889,0.08888888888888889
60,นครสวรรค์,Central,2025,7,Rainy/Monsoon,Q3,130,0,0,0.0,0.0,0.0
61,อุทัยธานี,Central,2025,7,Rainy/Monsoon,Q3,70,0,0,0.0,0.0,0.0
62,กำแพงเพชร,North,2025,7,Rainy/Monsoon,Q3,78,0,0,0.0,0.0,0.0
63,ตาก,North,2025,7,Rainy/Monsoon,Q3,60,0,3,0.0,0.05,0.05
64,สุโขทัย,North,2025,7,Rainy/Monsoon,Q3,86,0,0,0.0,0.0,0.0
65,พิษณุโลก,North,2025,7,Rainy/Monsoon,Q3,93,12,4,0.12903225806451613,0.043010752688172046,0.17204301075268819
66,พิจิตร,North,2025,7,Rainy/Monsoon,Q3,88,0,0,0.0,0.0,0.0
67,เพชรบูรณ์,North,2025,7,Rainy/Monsoon,Q3,116,0,0,0.0,0.0,0.0
70,ราชบุรี,Central,2025,7,Rainy/Monsoon,Q3,104,0,0,0.0,0.0,0.0
71,กาญจนบุรี,Central,2025,7,Rainy/Monsoon,Q3,96,0,0,0.0,0.0,0.0
72,สุพรรณบุรี,Central,2025,7,Rainy/Monsoon,Q3,110,0,0,0.0,0.0,0.0
73,นครปฐม,Central,2025,7,Rainy/Monsoon,Q3,106,0,0,0.0,0.0,0.0
74,สมุทรสาคร,Central,2025,7,Rainy/Monsoon,Q3,40,0,0,0.0,0.0,0.0
75,สมุทรสงคราม,Central,2025,7,Rainy/Monsoon,Q3,36,0,0,0.0,0.0,0.0
76,เพชรบุรี,South,2025,7,Rainy/Monsoon,Q3,93,0,0,0.0,0.0,0.0
77,ประจวบคีรีขันธ์,South,2025,7,Rainy/Monsoon,Q3,48,0,0,0.0,0.0,0.0
80,นครศรีธรรมราช,South,2025,7,Rainy/Monsoon,Q3,169,0,0,0.0,0.0,0.0
81,กระบี่,South,2025,7,Rainy/Monsoon,Q3,52,0,0,0.0,0.0,0.0
82,พังงา,South,2025,7,Rainy/Monsoon,Q3,48,0,2,0.0,0.041666666666666664,0.041666666666666664
83,ภูเก็ต,South,2025,7,Rainy/Monsoon,Q3,17,0,2,0.0,0.11764705882352941,0.11764705882352941
84,สุราษฎร์ธานี,South,2025,7,Rainy/Monsoon,Q3,131,0,0,0.0,0.0,0.0
85,ระนอง,South,2025,7,Rainy/Monsoon,Q3,30,1,12,0.03333333333333333,0.4,0.43333333333333335
86,ชุมพร,South,2025,7,Rainy/Monsoon,Q3,71,0,6,0.0,0.08450704225352113,0.08450704225352113
90,สงขลา,South,2025,7,Rainy/Monsoon,Q3,127,0,0,0.0,0.0,0.0
91,สตูล,South,2025,7,Rainy/Monsoon,Q3,36,3,2,0.08333333333333333,0.05555555555555555,0.1388888888888889
92,ตรัง,South,2025,7,Rainy/Monsoon,Q3,87,0,0,0.0,0.0,0.0
93,พัทลุง,South,2025,7,Rainy/Monsoon,Q3,65,0,0,0.0,0.0,0.0
94,ปัตตานี,South,2025,7,Rainy/Monsoon,Q3,115,0,0,0.0,0.0,0.0
95,ยะลา,South,2025,7,Rainy/Monsoon,Q3,58,0,0,0.0,0.0,0.0
96,นราธิวาส,South,2025,7,Rainy/Monsoon,Q3,77,0,0,0.0,0.0,0.0
10,กรุงเทพมหานคร,Central,2025,8,Rainy/Monsoon,Q3,160,0,0,0.0,0.0,0.0
11,สมุทรปราการ,Central,2025,8,Rainy/Monsoon,Q3,50,1,0,0.02,0.0,0.02
12,นนทบุรี,Central,2025,8,Rainy/Monsoon,Q3,52,0,0,0.0,0.0,0.0
13,ปทุมธานี,Central,2025,8,Rainy/Monsoon,Q3,60,0,0,0.0,0.0,0.0
14,พระนครศรีอยุธยา,Central,2025,8,Rainy/Monsoon,Q3,209,0,0,0.0,0.0,0.0
15,อ่างทอง,Central,2025,8,Rainy/Monsoon,Q3,73,0,0,0.0,0.0,0.0
16,ลพบุรี,Central,2025,8,Rainy/Monsoon,Q3,121,2,0,0.01652892561983471,0.0,0.01652892561983471
17,สิงห์บุรี,Central,2025,8,Rainy/Monsoon,Q3,43,0,0,0.0,0.0,0.0
18,ชัยนาท,Central,2025,8,Rainy/Monsoon,Q3,53,0,0,0.0,0.0,0.0
19,สระบุรี,Central,2025,8,Rainy/Monsoon,Q3,109,1,6,0.009174311926605505,0.05504587155963303,0.06422018348623854
20,ชลบุรี,East,2025,8,Rainy/Monsoon,Q3,93,0,0,0.0,0.0,0.0
21,ระยอง,East,2025,8,Rainy/Monsoon,Q3,56,0,0,0.0,0.0,0.0
22,จันทบุรี,East,2025,8,Rainy/Monsoon,Q3,76,1,2,0.013157894736842105,0.02631578947368421,0.039473684210526314
23,ตราด,East,2025,8,Rainy/Monsoon,Q3,37,0,0,0.0,0.0,0.0
24,ฉะเชิงเทรา,East,2025,8,Rainy/Monsoon,Q3,93,0,0,0.0,0.0,0.0
25,ปราจีนบุรี,East,2025,8,Rainy/Monsoon,Q3,64,2,1,0.03125,0.015625,0.046875
26,นครนายก,East,2025,8,Rainy/Monsoon,Q3,41,5,7,0.12195121951219512,0.17073170731707318,0.2926829268292683
27,สระแก้ว,East,2025,8,Rainy/Monsoon,Q3,59,0,0,0.0,0.0,0.0
30,นครราชสีมา,Northeast,2025,8,Rainy/Monsoon,Q3,285,0,0,0.0,0.0,0.0
31,บุรีรัมย์,Northeast,2025,8,Rainy/Monsoon,Q3,189,0,0,0.0,0.0,0.0
32,สุรินทร์,Northeast,2025,8,Rainy/Monsoon,Q3,159,0,0,0.0,0.0,0.0
33,ศรีสะเกษ,Northeast,2025,8,Rainy/Monsoon,Q3,205,0,0,0.0,0.0,0.0
34,อุบลราชธานี,Northeast,2025,8,Rainy/Monsoon,Q3,218,0,0,0.0,0.0,0.0
35,ยโสธร,Northeast,2025,8,Rainy/Monsoon,Q3,79,0,0,0.0,0.0,0.0
36,ชัยภูมิ,Northeast,2025,8,Rainy/Monsoon,Q3,124,0,0,0.0,0.0,0.0
37,อำนาจเจริญ,Northeast,2025,8,Rainy/Monsoon,Q3,56,0,0,0.0,0.0,0.0
38,บึงกาฬ,Northeast,2025,8,Rainy/Monsoon,Q3,53,34,6,0.6415094339622641,0.11320754716981132,0.7547169811320755
39,หนองบัวลำภู,Northeast,2025,8,Rainy/Monsoon,Q3,59,1,0,0.01694915254237288,0.0,0.01694915254237288
40,ขอนแก่น,Northeast,2025,8,Rainy/Monsoon,Q3,200,0,0,0.0,0.0,0.0
41,อุดรธานี,Northeast,2025,8,Rainy/Monsoon,Q3,155,25,3,0.16129032258064516,0.01935483870967742,0.18064516129032257
42,เลย,Northeast,2025,8,Rainy/Monsoon,Q3,90,5,7,0.05555555555555555,0.07777777777777778,0.13333333333333333
43,หนองคาย,Northeast,2025,8,Rainy/Monsoon,Q3,62,53,3,0.8548387096774194,0.04838709677419355,0.9032258064516129
44,มหาสารคาม,Northeast,2025,8,Rainy/Monsoon,Q3,133,0,0,0.0,0.0,0.0
45,ร้อยเอ็ด,Northeast,2025,8,Rainy/Monsoon,Q3,193,0,0,0.0,0.0,0.0
46,กาฬสินธุ์,Northeast,2025,8,Rainy/Monsoon,Q3,135,0,0,0.0,0.0,0.0
47,สกลนคร,Northeast,2025,8,Rainy/Monsoon,Q3,125,40,0,0.32,0.0,0.32
48,นครพนม,Northeast,2025,8,Rainy/Monsoon,Q3,98,6,0,0.061224489795918366,0.0,0.061224489795918366
49,มุกดาหาร,Northeast,2025,8,Rainy/Monsoon,Q3,53,0,0,0.0,0.0,0.0
50,เชียงใหม่,North,2025,8,Rainy/Monsoon,Q3,204,7,70,0.03431372549019608,0.3431372549019608,0.37745098039215685
51,ลำพูน,North,2025,8,Rainy/Monsoon,Q3,51,0,0,0.0,0.0,0.0
52,ลำปาง,North,2025,8,Rainy/Monsoon,Q3,96,5,31,0.052083333333333336,0.3229166666666667,0.375
53,อุตรดิตถ์,North,2025,8,Rainy/Monsoon,Q3,67,7,13,0.1044776119402985,0.19402985074626866,0.29850746268656714
54,แพร่,North,2025,8,Rainy/Monsoon,Q3,78,9,18,0.11538461538461539,0.23076923076923078,0.34615384615384615
55,น่าน,North,2025,8,Rainy/Monsoon,Q3,99,15,81,0.15151515151515152,0.8181818181818182,0.9696969696969697
56,พะเยา,North,2025,8,Rainy/Monsoon,Q3,68,21,44,0.3088235294117647,0.6470588235294118,0.9558823529411765
57,เชียงราย,North,2025,8,Rainy/Monsoon,Q3,123,20,101,0.16260162601626016,0.8211382113821138,0.983739837398374
58,แม่ฮ่องสอน,North,2025,8,Rainy/Monsoon,Q3,45,0,43,0.0,0.9555555555555556,0.9555555555555556
60,นครสวรรค์,Central,2025,8,Rainy/Monsoon,Q3,130,0,0,0.0,0.0,0.0
61,อุทัยธานี,Central,2025,8,Rainy/Monsoon,Q3,70,0,0,0.0,0.0,0.0
62,กำแพงเพชร,North,2025,8,Rainy/Monsoon,Q3,78,0,2,0.0,0.02564102564102564,0.02564102564102564
63,ตาก,North,2025,8,Rainy/Monsoon,Q3,60,9,30,0.15,0.5,0.65
64,สุโขทัย,North,2025,8,Rainy/Monsoon,Q3,86,15,0,0.1744186046511628,0.0,0.1744186046511628
65,พิษณุโลก,North,2025,8,Rainy/Monsoon,Q3,93,7,3,0.07526881720430108,0.03225806451612903,0.10752688172043011
66,พิจิตร,North,2025,8,Rainy/Monsoon,Q3,88,6,0,0.06818181818181818,0.0,0.06818181818181818
67,เพชรบูรณ์,North,2025,8,Rainy/Monsoon,Q3,116,0,0,0.0,0.0,0.0
70,ราชบุรี,Central,2025,8,Rainy/Monsoon,Q3,104,0,0,0.0,0.0,0.0
71,กาญจนบุรี,Central,2025,8,Rainy/Monsoon,Q3,96,0,0,0.0,0.0,0.0
72,สุพรรณบุรี,Central,2025,8,Rainy/Monsoon,Q3,110,0,0,0.0,0.0,0.0
73,นครปฐม,Central,2025,8,Rainy/Monsoon,Q3,106,0,0,0.0,0.0,0.0
74,สมุทรสาคร,Central,2025,8,Rainy/Monsoon,Q3,40,0,0,0.0,0.0,0.0
75,สมุทรสงคราม,Central,2025,8,Rainy/Monsoon,Q3,36,0,0,0.0,0.0,0.0
76,เพชรบุรี,South,2025,8,Rainy/Monsoon,Q3,93,0,0,0.0,0.0,0.0
77,ประจวบคีรีขันธ์,South,2025,8,Rainy/Monsoon,Q3,48,0,0,0.0,0.0,0.0
80,นครศรีธรรมราช,South,2025,8,Rainy/Monsoon,Q3,169,0,0,0.0,0.0,0.0
81,กระบี่,South,2025,8,Rainy/Monsoon,Q3,52,0,0,0.0,0.0,0.0
82,พังงา,South,2025,8,Rainy/Monsoon,Q3,48,2,2,0.041666666666666664,0.041666666666666664,0.08333333333333333
83,ภูเก็ต,South,2025,8,Rainy/Monsoon,Q3,17,1,1,0.058823529411764705,0.058823529411764705,0.11764705882352941
84,สุราษฎร์ธานี,South,2025,8,Rainy/Monsoon,Q3,131,0,0,0.0,0.0,0.0
85,ระนอง,South,2025,8,Rainy/Monsoon,Q3,30,0,0,0.0,0.0,0.0
86,ชุมพร,South,2025,8,Rainy/Monsoon,Q3,71,0,0,0.0,0.0,0.0
90,สงขลา,South,2025,8,Rainy/Monsoon,Q3,127,0,0,0.0,0.0,0.0
91,สตูล,South,2025,8,Rainy/Monsoon,Q3,36,0,0,0.0,0.0,0.0
92,ตรัง,South,2025,8,Rainy/Monsoon,Q3,87,0,0,0.0,0.0,0.0
93,พัทลุง,South,2025,8,Rainy/Monsoon,Q3,65,0,0,0.0,0.0,0.0
94,ปัตตานี,South,2025,8,Rainy/Monsoon,Q3,115,0,0,0.0,0.0,0.0
95,ยะลา,South,2025,8,Rainy/Monsoon,Q3,58,0,0,0.0,0.0,0.0
96,นราธิวาส,South,2025,8,Rainy/Monsoon,Q3,77,0,0,0.0,0.0,0.0
10,กรุงเทพมหานคร,Central,2025,9,Rainy/Monsoon,Q3,160,0,0,0.0,0.0,0.0
11,สมุทรปราการ,Central,2025,9,Rainy/Monsoon,Q3,50,0,0,0.0,0.0,0.0
12,นนทบุรี,Central,2025,9,Rainy/Monsoon,Q3,52,0,0,0.0,0.0,0.0
13,ปทุมธานี,Central,2025,9,Rainy/Monsoon,Q3,60,0,0,0.0,0.0,0.0
14,พระนครศรีอยุธยา,Central,2025,9,Rainy/Monsoon,Q3,209,64,0,0.3062200956937799,0.0,0.3062200956937799
15,อ่างทอง,Central,2025,9,Rainy/Monsoon,Q3,73,32,0,0.4383561643835616,0.0,0.4383561643835616
16,ลพบุรี,Central,2025,9,Rainy/Monsoon,Q3,121,31,6,0.256198347107438,0.049586776859504134,0.30578512396694213
17,สิงห์บุรี,Central,2025,9,Rainy/Monsoon,Q3,43,5,0,0.11627906976744186,0.0,0.11627906976744186
18,ชัยนาท,Central,2025,9,Rainy/Monsoon,Q3,53,11,0,0.20754716981132076,0.0,0.20754716981132076
19,สระบุรี,Central,2025,9,Rainy/Monsoon,Q3,109,10,3,0.09174311926605505,0.027522935779816515,0.11926605504587157
20,ชลบุรี,East,2025,9,Rainy/Monsoon,Q3,93,1,0,0.010752688172043012,0.0,0.010752688172043012
21,ระยอง,East,2025,9,Rainy/Monsoon,Q3,56,0,0,0.0,0.0,0.0
22,จันทบุรี,East,2025,9,Rainy/Monsoon,Q3,76,1,2,0.013157894736842105,0.02631578947368421,0.039473684210526314
23,ตราด,East,2025,9,Rainy/Monsoon,Q3,37,1,0,0.02702702702702703,0.0,0.02702702702702703
24,ฉะเชิงเทรา,East,2025,9,Rainy/Monsoon,Q3,93,14,0,0.15053763440860216,0.0,0.15053763440860216
25,ปราจีนบุรี,East,2025,9,Rainy/Monsoon,Q3,64,37,1,0.578125,0.015625,0.59375
26,นครนายก,East,2025,9,Rainy/Monsoon,Q3,41,3,4,0.07317073170731707,0.0975609756097561,0.17073170731707318
27,สระแก้ว,East,2025,9,Rainy/Monsoon,Q3,59,3,0,0.05084745762711865,0.0,0.05084745762711865
30,นครราชสีมา,Northeast,2025,9,Rainy/Monsoon,Q3,285,40,4,0.14035087719298245,0.014035087719298246,0.1543859649122807
31,บุรีรัมย์,Northeast,2025,9,Rainy/Monsoon,Q3,189,1,0,0.005291005291005291,0.0,0.005291005291005291
32,สุรินทร์,Northeast,2025,9,Rainy/Monsoon,Q3,159,2,0,0.012578616352201259,0.0,0.012578616352201259
33,ศรีสะเกษ,Northeast,2025,9,Rainy/Monsoon,Q3,205,22,0,0.1073170731707317,0.0,0.1073170731707317
34,อุบลราชธานี,Northeast,2025,9,Rainy/Monsoon,Q3,218,28,0,0.12844036697247707,0.0,0.12844036697247707
35,ยโสธร,Northeast,2025,9,Rainy/Monsoon,Q3,79,21,0,0.26582278481012656,0.0,0.26582278481012656
36,ชัยภูมิ,Northeast,2025,9,Rainy/Monsoon,Q3,124,47,1,0.3790322580645161,0.008064516129032258,0.3870967741935484
37,อำนาจเจริญ,Northeast,2025,9,Rainy/Monsoon,Q3,56,7,0,0.125,0.0,0.125
38,บึงกาฬ,Northeast,2025,9,Rainy/Monsoon,Q3,53,18,5,0.33962264150943394,0.09433962264150944,0.4339622641509434
39,หนองบัวลำภู,Northeast,2025,9,Rainy/Monsoon,Q3,59,27,0,0.4576271186440678,0.0,0.4576271186440678
40,ขอนแก่น,Northeast,2025,9,Rainy/Monsoon,Q3,200,32,0,0.16,0.0,0.16
41,อุดรธานี,Northeast,2025,9,Rainy/Monsoon,Q3,155,37,4,0.23870967741935484,0.025806451612903226,0.2645161290322581
42,เลย,Northeast,2025,9,Rainy/Monsoon,Q3,90,22,44,0.24444444444444444,0.4888888888888889,0.7333333333333333
43,หนองคาย,Northeast,2025,9,Rainy/Monsoon,Q3,62,35,2,0.5645161290322581,0.03225806451612903,0.5967741935483871
44,มหาสารคาม,Northeast,2025,9,Rainy/Monsoon,Q3,133,2,0,0.015037593984962405,0.0,0.015037593984962405
45,ร้อยเอ็ด,Northeast,2025,9,Rainy/Monsoon,Q3,193,25,0,0.12953367875647667,0.0,0.12953367875647667
46,กาฬสินธุ์,Northeast,2025,9,Rainy/Monsoon,Q3,135,7,0,0.05185185185185185,0.0,0.05185185185185185
47,สกลนคร,Northeast,2025,9,Rainy/Monsoon,Q3,125,37,0,0.296,0.0,0.296
48,นครพนม,Northeast,2025,9,Rainy/Monsoon,Q3,98,28,0,0.2857142857142857,0.0,0.2857142857142857
49,มุกดาหาร,Northeast,2025,9,Rainy/Monsoon,Q3,53,0,0,0.0,0.0,0.0
50,เชียงใหม่,North,2025,9,Rainy/Monsoon,Q3,204,9,31,0.04411764705882353,0.15196078431372548,0.19607843137254902
51,ลำพูน,North,2025,9,Rainy/Monsoon,Q3,51,1,7,0.0196078431372549,0.13725490196078433,0.1568627450980392
52,ลำปาง,North,2025,9,Rainy/Monsoon,Q3,96,5,23,0.052083333333333336,0.23958333333333334,0.2916666666666667
53,อุตรดิตถ์,North,2025,9,Rainy/Monsoon,Q3,67,19,19,0.2835820895522388,0.2835820895522388,0.5671641791044776
54,แพร่,North,2025,9,Rainy/Monsoon,Q3,78,0,9,0.0,0.11538461538461539,0.11538461538461539
55,น่าน,North,2025,9,Rainy/Monsoon,Q3,99,1,2,0.010101010101010102,0.020202020202020204,0.030303030303030304
56,พะเยา,North,2025,9,Rainy/Monsoon,Q3,68,1,6,0.014705882352941176,0.08823529411764706,0.10294117647058823
57,เชียงราย,North,2025,9,Rainy/Monsoon,Q3,123,0,9,0.0,0.07317073170731707,0.07317073170731707
58,แม่ฮ่องสอน,North,2025,9,Rainy/Monsoon,Q3,45,0,0,0.0,0.0,0.0
60,นครสวรรค์,Central,2025,9,Rainy/Monsoon,Q3,130,56,0,0.4307692307692308,0.0,0.4307692307692308
61,อุทัยธานี,Central,2025,9,Rainy/Monsoon,Q3,70,0,0,0.0,0.0,0.0
62,กำแพงเพชร,North,2025,9,Rainy/Monsoon,Q3,78,37,2,0.47435897435897434,0.02564102564102564,0.5
63,ตาก,North,2025,9,Rainy/Monsoon,Q3,60,5,10,0.08333333333333333,0.16666666666666666,0.25
64,สุโขทัย,North,2025,9,Rainy/Monsoon,Q3,86,65,7,0.7558139534883721,0.08139534883720931,0.8372093023255814
65,พิษณุโลก,North,2025,9,Rainy/Monsoon,Q3,93,51,14,0.5483870967741935,0.15053763440860216,0.6989247311827957
66,พิจิตร,North,2025,9,Rainy/Monsoon,Q3,88,61,0,0.6931818181818182,0.0,0.6931818181818182
67,เพชรบูรณ์,North,2025,9,Rainy/Monsoon,Q3,116,27,27,0.23275862068965517,0.23275862068965517,0.46551724137931033
70,ราชบุรี,Central,2025,9,Rainy/Monsoon,Q3,104,0,0,0.0,0.0,0.0
71,กาญจนบุรี,Central,2025,9,Rainy/Monsoon,Q3,96,1,0,0.010416666666666666,0.0,0.010416666666666666
72,สุพรรณบุรี,Central,2025,9,Rainy/Monsoon,Q3,110,42,0,0.38181818181818183,0.0,0.38181818181818183
73,นครปฐม,Central,2025,9,Rainy/Monsoon,Q3,106,2,0,0.018867924528301886,0.0,0.018867924528301886
74,สมุทรสาคร,Central,2025,9,Rainy/Monsoon,Q3,40,0,0,0.0,0.0,0.0
75,สมุทรสงคราม,Central,2025,9,Rainy/Monsoon,Q3,36,0,0,0.0,0.0,0.0
76,เพชรบุรี,South,2025,9,Rainy/Monsoon,Q3,93,0,0,0.0,0.0,0.0
77,ประจวบคีรีขันธ์,South,2025,9,Rainy/Monsoon,Q3,48,0,0,0.0,0.0,0.0
80,นครศรีธรรมราช,South,2025,9,Rainy/Monsoon,Q3,169,0,0,0.0,0.0,0.0
81,กระบี่,South,2025,9,Rainy/Monsoon,Q3,52,0,0,0.0,0.0,0.0
82,พังงา,South,2025,9,Rainy/Monsoon,Q3,48,0,2,0.0,0.041666666666666664,0.041666666666666664
83,ภูเก็ต,South,2025,9,Rainy/Monsoon,Q3,17,0,0,0.0,0.0,0.0
84,สุราษฎร์ธานี,South,2025,9,Rainy/Monsoon,Q3,131,0,0,0.0,0.0,0.0
85,ระนอง,South,2025,9,Rainy/Monsoon,Q3,30,0,0,0.0,0.0,0.0
86,ชุมพร,South,2025,9,Rainy/Monsoon,Q3,71,0,0,0.0,0.0,0.0
90,สงขลา,South,2025,9,Rainy/Monsoon,Q3,127,0,0,0.0,0.0,0.0
91,สตูล,South,2025,9,Rainy/Monsoon,Q3,36,0,0,0.0,0.0,0.0
92,ตรัง,South,2025,9,Rainy/Monsoon,Q3,87,0,0,0.0,0.0,0.0
93,พัทลุง,South,2025,9,Rainy/Monsoon,Q3,65,0,0,0.0,0.0,0.0
94,ปัตตานี,South,2025,9,Rainy/Monsoon,Q3,115,0,0,0.0,0.0,0.0
95,ยะลา,South,2025,9,Rainy/Monsoon,Q3,58,0,0,0.0,0.0,0.0
96,นราธิวาส,South,2025,9,Rainy/Monsoon,Q3,77,0,0,0.0,0.0,0.0
10,กรุงเทพมหานคร,Central,2025,10,Rainy/Monsoon,Q4,160,0,0,0.0,0.0,0.0
11,สมุทรปราการ,Central,2025,10,Rainy/Monsoon,Q4,50,7,0,0.14,0.0,0.14
12,นนทบุรี,Central,2025,10,Rainy/Monsoon,Q4,52,19,0,0.36538461538461536,0.0,0.36538461538461536
13,ปทุมธานี,Central,2025,10,Rainy/Monsoon,Q4,60,9,0,0.15,0.0,0.15
14,พระนครศรีอยุธยา,Central,2025,10,Rainy/Monsoon,Q4,209,156,0,0.7464114832535885,0.0,0.7464114832535885
15,อ่างทอง,Central,2025,10,Rainy/Monsoon,Q4,73,63,0,0.863013698630137,0.0,0.863013698630137
16,ลพบุรี,Central,2025,10,Rainy/Monsoon,Q4,121,54,10,0.4462809917355372,0.08264462809917356,0.5289256198347108
17,สิงห์บุรี,Central,2025,10,Rainy/Monsoon,Q4,43,26,0,0.6046511627906976,0.0,0.6046511627906976
18,ชัยนาท,Central,2025,10,Rainy/Monsoon,Q4,53,47,0,0.8867924528301887,0.0,0.8867924528301887
19,สระบุรี,Central,2025,10,Rainy/Monsoon,Q4,109,10,0,0.09174311926605505,0.0,0.09174311926605505
20,ชลบุรี,East,2025,10,Rainy/Monsoon,Q4,93,38,0,0.40860215053763443,0.0,0.40860215053763443
21,ระยอง,East,2025,10,Rainy/Monsoon,Q4,56,24,0,0.42857142857142855,0.0,0.42857142857142855
22,จันทบุรี,East,2025,10,Rainy/Monsoon,Q4,76,20,15,0.2631578947368421,0.19736842105263158,0.4605263157894737
23,ตราด,East,2025,10,Rainy/Monsoon,Q4,37,10,4,0.2702702702702703,0.10810810810810811,0.3783783783783784
24,ฉะเชิงเทรา,East,2025,10,Rainy/Monsoon,Q4,93,56,0,0.6021505376344086,0.0,0.6021505376344086
25,ปราจีนบุรี,East,2025,10,Rainy/Monsoon,Q4,64,31,2,0.484375,0.03125,0.515625
26,นครนายก,East,2025,10,Rainy/Monsoon,Q4,41,11,2,0.2682926829268293,0.04878048780487805,0.3170731707317073
27,สระแก้ว,East,2025,10,Rainy/Monsoon,Q4,59,37,1,0.6271186440677966,0.01694915254237288,0.6440677966101694
30,นครราชสีมา,Northeast,2025,10,Rainy/Monsoon,Q4,285,186,3,0.6526315789473685,0.010526315789473684,0.6631578947368421
31,บุรีรัมย์,Northeast,2025,10,Rainy/Monsoon,Q4,189,39,0,0.20634920634920634,0.0,0.20634920634920634
32,สุรินทร์,Northeast,2025,10,Rainy/Monsoon,Q4,159,63,0,0.39622641509433965,0.0,0.39622641509433965
33,ศรีสะเกษ,Northeast,2025,10,Rainy/Monsoon,Q4,205,73,5,0.35609756097560974,0.024390243902439025,0.3804878048780488
34,อุบลราชธานี,Northeast,2025,10,Rainy/Monsoon,Q4,218,40,0,0.1834862385321101,0.0,0.1834862385321101
35,ยโสธร,Northeast,2025,10,Rainy/Monsoon,Q4,79,27,0,0.34177215189873417,0.0,0.34177215189873417
36,ชัยภูมิ,Northeast,2025,10,Rainy/Monsoon,Q4,124,57,8,0.4596774193548387,0.06451612903225806,0.5241935483870968
37,อำนาจเจริญ,Northeast,2025,10,Rainy/Monsoon,Q4,56,44,0,0.7857142857142857,0.0,0.7857142857142857
38,บึงกาฬ,Northeast,2025,10,Rainy/Monsoon,Q4,53,7,3,0.1320754716981132,0.05660377358490566,0.18867924528301888
39,หนองบัวลำภู,Northeast,2025,10,Rainy/Monsoon,Q4,59,48,2,0.8135593220338984,0.03389830508474576,0.847457627118644
40,ขอนแก่น,Northeast,2025,10,Rainy/Monsoon,Q4,200,92,1,0.46,0.005,0.465
41,อุดรธานี,Northeast,2025,10,Rainy/Monsoon,Q4,155,29,1,0.1870967741935484,0.0064516129032258064,0.1935483870967742
42,เลย,Northeast,2025,10,Rainy/Monsoon,Q4,90,14,44,0.15555555555555556,0.4888888888888889,0.6444444444444445
43,หนองคาย,Northeast,2025,10,Rainy/Monsoon,Q4,62,24,3,0.3870967741935484,0.04838709677419355,0.43548387096774194
44,มหาสารคาม,Northeast,2025,10,Rainy/Monsoon,Q4,133,16,0,0.12030075187969924,0.0,0.12030075187969924
45,ร้อยเอ็ด,Northeast,2025,10,Rainy/Monsoon,Q4,193,46,0,0.23834196891191708,0.0,0.23834196891191708
46,กาฬสินธุ์,Northeast,2025,10,Rainy/Monsoon,Q4,135,11,0,0.08148148148148149,0.0,0.08148148148148149
47,สกลนคร,Northeast,2025,10,Rainy/Monsoon,Q4,125,45,0,0.36,0.0,0.36
48,นครพนม,Northeast,2025,10,Rainy/Monsoon,Q4,98,16,0,0.16326530612244897,0.0,0.16326530612244897
49,มุกดาหาร,Northeast,2025,10,Rainy/Monsoon,Q4,53,4,0,0.07547169811320754,0.0,0.07547169811320754
50,เชียงใหม่,North,2025,10,Rainy/Monsoon,Q4,204,8,43,0.0392156862745098,0.2107843137254902,0.25
51,ลำพูน,North,2025,10,Rainy/Monsoon,Q4,51,14,18,0.27450980392156865,0.35294117647058826,0.6274509803921569
52,ลำปาง,North,2025,10,Rainy/Monsoon,Q4,96,5,29,0.052083333333333336,0.3020833333333333,0.3541666666666667
53,อุตรดิตถ์,North,2025,10,Rainy/Monsoon,Q4,67,23,26,0.34328358208955223,0.3880597014925373,0.7313432835820896
54,แพร่,North,2025,10,Rainy/Monsoon,Q4,78,4,6,0.05128205128205128,0.07692307692307693,0.1282051282051282
55,น่าน,North,2025,10,Rainy/Monsoon,Q4,99,0,20,0.0,0.20202020202020202,0.20202020202020202
56,พะเยา,North,2025,10,Rainy/Monsoon,Q4,68,1,3,0.014705882352941176,0.04411764705882353,0.058823529411764705
57,เชียงราย,North,2025,10,Rainy/Monsoon,Q4,123,0,0,0.0,0.0,0.0
58,แม่ฮ่องสอน,North,2025,10,Rainy/Monsoon,Q4,45,0,18,0.0,0.4,0.4
60,นครสวรรค์,Central,2025,10,Rainy/Monsoon,Q4,130,107,2,0.823076923076923,0.015384615384615385,0.8384615384615385
61,อุทัยธานี,Central,2025,10,Rainy/Monsoon,Q4,70,58,10,0.8285714285714286,0.14285714285714285,0.9714285714285714
62,กำแพงเพชร,North,2025,10,Rainy/Monsoon,Q4,78,59,9,0.7564102564102564,0.11538461538461539,0.8717948717948718
63,ตาก,North,2025,10,Rainy/Monsoon,Q4,60,17,26,0.2833333333333333,0.43333333333333335,0.7166666666666667
64,สุโขทัย,North,2025,10,Rainy/Monsoon,Q4,86,68,5,0.7906976744186046,0.05813953488372093,0.8488372093023255
65,พิษณุโลก,North,2025,10,Rainy/Monsoon,Q4,93,61,11,0.6559139784946236,0.11827956989247312,0.7741935483870968
66,พิจิตร,North,2025,10,Rainy/Monsoon,Q4,88,66,0,0.75,0.0,0.75
67,เพชรบูรณ์,North,2025,10,Rainy/Monsoon,Q4,116,22,19,0.1896551724137931,0.16379310344827586,0.35344827586206895
70,ราชบุรี,Central,2025,10,Rainy/Monsoon,Q4,104,64,7,0.6153846153846154,0.0673076923076923,0.6826923076923077
71,กาญจนบุรี,Central,2025,10,Rainy/Monsoon,Q4,96,56,20,0.5833333333333334,0.20833333333333334,0.7916666666666666
72,สุพรรณบุรี,Central,2025,10,Rainy/Monsoon,Q4,110,102,5,0.9272727272727272,0.045454545454545456,0.9727272727272728
73,นครปฐม,Central,2025,10,Rainy/Monsoon,Q4,106,103,0,0.9716981132075472,0.0,0.9716981132075472
74,สมุทรสาคร,Central,2025,10,Rainy/Monsoon,Q4,40,18,0,0.45,0.0,0.45
75,สมุทรสงคราม,Central,2025,10,Rainy/Monsoon,Q4,36,11,0,0.3055555555555556,0.0,0.3055555555555556
76,เพชรบุรี,South,2025,10,Rainy/Monsoon,Q4,93,34,8,0.3655913978494624,0.08602150537634409,0.45161290322580644
77,ประจวบคีรีขันธ์,South,2025,10,Rainy/Monsoon,Q4,48,5,9,0.10416666666666667,0.1875,0.2916666666666667
80,นครศรีธรรมราช,South,2025,10,Rainy/Monsoon,Q4,169,0,0,0.0,0.0,0.0
81,กระบี่,South,2025,10,Rainy/Monsoon,Q4,52,5,0,0.09615384615384616,0.0,0.09615384615384616
82,พังงา,South,2025,10,Rainy/Monsoon,Q4,48,3,5,0.0625,0.10416666666666667,0.16666666666666666
83,ภูเก็ต,South,2025,10,Rainy/Monsoon,Q4,17,0,0,0.0,0.0,0.0
84,สุราษฎร์ธานี,South,2025,10,Rainy/Monsoon,Q4,131,3,1,0.022900763358778626,0.007633587786259542,0.030534351145038167
85,ระนอง,South,2025,10,Rainy/Monsoon,Q4,30,0,0,0.0,0.0,0.0
86,ชุมพร,South,2025,10,Rainy/Monsoon,Q4,71,0,0,0.0,0.0,0.0
90,สงขลา,South,2025,10,Rainy/Monsoon,Q4,127,0,0,0.0,0.0,0.0
91,สตูล,South,2025,10,Rainy/Monsoon,Q4,36,0,0,0.0,0.0,0.0
92,ตรัง,South,2025,10,Rainy/Monsoon,Q4,87,0,0,0.0,0.0,0.0
93,พัทลุง,South,2025,10,Rainy/Monsoon,Q4,65,0,0,0.0,0.0,0.0
94,ปัตตานี,South,2025,10,Rainy/Monsoon,Q4,115,0,0,0.0,0.0,0.0
95,ยะลา,South,2025,10,Rainy/Monsoon,Q4,58,0,0,0.0,0.0,0.0
96,นราธิวาส,South,2025,10,Rainy/Monsoon,Q4,77,0,0,0.0,0.0,0.0
10,กรุงเทพมหานคร,Central,2025,11,Cool/Dry,Q4,160,17,0,0.10625,0.0,0.10625
11,สมุทรปราการ,Central,2025,11,Cool/Dry,Q4,50,3,0,0.06,0.0,0.06
12,นนทบุรี,Central,2025,11,Cool/Dry,Q4,52,4,0,0.07692307692307693,0.0,0.07692307692307693
13,ปทุมธานี,Central,2025,11,Cool/Dry,Q4,60,55,0,0.9166666666666666,0.0,0.9166666666666666
14,พระนครศรีอยุธยา,Central,2025,11,Cool/Dry,Q4,209,139,0,0.6650717703349283,0.0,0.6650717703349283
15,อ่างทอง,Central,2025,11,Cool/Dry,Q4,73,44,0,0.6027397260273972,0.0,0.6027397260273972
16,ลพบุรี,Central,2025,11,Cool/Dry,Q4,121,21,0,0.17355371900826447,0.0,0.17355371900826447
17,สิงห์บุรี,Central,2025,11,Cool/Dry,Q4,43,11,0,0.2558139534883721,0.0,0.2558139534883721
18,ชัยนาท,Central,2025,11,Cool/Dry,Q4,53,6,0,0.11320754716981132,0.0,0.11320754716981132
19,สระบุรี,Central,2025,11,Cool/Dry,Q4,109,10,0,0.09174311926605505,0.0,0.09174311926605505
20,ชลบุรี,East,2025,11,Cool/Dry,Q4,93,0,0,0.0,0.0,0.0
21,ระยอง,East,2025,11,Cool/Dry,Q4,56,0,0,0.0,0.0,0.0
22,จันทบุรี,East,2025,11,Cool/Dry,Q4,76,0,0,0.0,0.0,0.0
23,ตราด,East,2025,11,Cool/Dry,Q4,37,0,0,0.0,0.0,0.0
24,ฉะเชิงเทรา,East,2025,11,Cool/Dry,Q4,93,0,0,0.0,0.0,0.0
25,ปราจีนบุรี,East,2025,11,Cool/Dry,Q4,64,0,0,0.0,0.0,0.0
26,นครนายก,East,2025,11,Cool/Dry,Q4,41,0,0,0.0,0.0,0.0
27,สระแก้ว,East,2025,11,Cool/Dry,Q4,59,0,0,0.0,0.0,0.0
30,นครราชสีมา,Northeast,2025,11,Cool/Dry,Q4,285,0,0,0.0,0.0,0.0
31,บุรีรัมย์,Northeast,2025,11,Cool/Dry,Q4,189,0,0,0.0,0.0,0.0
32,สุรินทร์,Northeast,2025,11,Cool/Dry,Q4,159,0,0,0.0,0.0,0.0
33,ศรีสะเกษ,Northeast,2025,11,Cool/Dry,Q4,205,7,0,0.03414634146341464,0.0,0.03414634146341464
34,อุบลราชธานี,Northeast,2025,11,Cool/Dry,Q4,218,0,0,0.0,0.0,0.0
35,ยโสธร,Northeast,2025,11,Cool/Dry,Q4,79,2,0,0.02531645569620253,0.0,0.02531645569620253
36,ชัยภูมิ,Northeast,2025,11,Cool/Dry,Q4,124,0,0,0.0,0.0,0.0
37,อำนาจเจริญ,Northeast,2025,11,Cool/Dry,Q4,56,0,0,0.0,0.0,0.0
38,บึงกาฬ,Northeast,2025,11,Cool/Dry,Q4,53,0,0,0.0,0.0,0.0
39,หนองบัวลำภู,Northeast,2025,11,Cool/Dry,Q4,59,0,0,0.0,0.0,0.0
40,ขอนแก่น,Northeast,2025,11,Cool/Dry,Q4,200,0,0,0.0,0.0,0.0
41,อุดรธานี,Northeast,2025,11,Cool/Dry,Q4,155,0,0,0.0,0.0,0.0
42,เลย,Northeast,2025,11,Cool/Dry,Q4,90,0,0,0.0,0.0,0.0
43,หนองคาย,Northeast,2025,11,Cool/Dry,Q4,62,0,0,0.0,0.0,0.0
44,มหาสารคาม,Northeast,2025,11,Cool/Dry,Q4,133,0,0,0.0,0.0,0.0
45,ร้อยเอ็ด,Northeast,2025,11,Cool/Dry,Q4,193,0,0,0.0,0.0,0.0
46,กาฬสินธุ์,Northeast,2025,11,Cool/Dry,Q4,135,0,0,0.0,0.0,0.0
47,สกลนคร,Northeast,2025,11,Cool/Dry,Q4,125,0,0,0.0,0.0,0.0
48,นครพนม,Northeast,2025,11,Cool/Dry,Q4,98,0,0,0.0,0.0,0.0
49,มุกดาหาร,Northeast,2025,11,Cool/Dry,Q4,53,0,0,0.0,0.0,0.0
50,เชียงใหม่,North,2025,11,Cool/Dry,Q4,204,0,0,0.0,0.0,0.0
51,ลำพูน,North,2025,11,Cool/Dry,Q4,51,0,0,0.0,0.0,0.0
52,ลำปาง,North,2025,11,Cool/Dry,Q4,96,0,0,0.0,0.0,0.0
53,อุตรดิตถ์,North,2025,11,Cool/Dry,Q4,67,0,0,0.0,0.0,0.0
54,แพร่,North,2025,11,Cool/Dry,Q4,78,0,0,0.0,0.0,0.0
55,น่าน,North,2025,11,Cool/Dry,Q4,99,0,0,0.0,0.0,0.0
56,พะเยา,North,2025,11,Cool/Dry,Q4,68,0,0,0.0,0.0,0.0
57,เชียงราย,North,2025,11,Cool/Dry,Q4,123,0,0,0.0,0.0,0.0
58,แม่ฮ่องสอน,North,2025,11,Cool/Dry,Q4,45,0,0,0.0,0.0,0.0
60,นครสวรรค์,Central,2025,11,Cool/Dry,Q4,130,47,0,0.36153846153846153,0.0,0.36153846153846153
61,อุทัยธานี,Central,2025,11,Cool/Dry,Q4,70,8,0,0.11428571428571428,0.0,0.11428571428571428
62,กำแพงเพชร,North,2025,11,Cool/Dry,Q4,78,0,0,0.0,0.0,0.0
63,ตาก,North,2025,11,Cool/Dry,Q4,60,0,0,0.0,0.0,0.0
64,สุโขทัย,North,2025,11,Cool/Dry,Q4,86,16,0,0.18604651162790697,0.0,0.18604651162790697
65,พิษณุโลก,North,2025,11,Cool/Dry,Q4,93,22,0,0.23655913978494625,0.0,0.23655913978494625
66,พิจิตร,North,2025,11,Cool/Dry,Q4,88,44,0,0.5,0.0,0.5
67,เพชรบูรณ์,North,2025,11,Cool/Dry,Q4,116,0,0,0.0,0.0,0.0
70,ราชบุรี,Central,2025,11,Cool/Dry,Q4,104,0,0,0.0,0.0,0.0
71,กาญจนบุรี,Central,2025,11,Cool/Dry,Q4,96,2,0,0.020833333333333332,0.0,0.020833333333333332
72,สุพรรณบุรี,Central,2025,11,Cool/Dry,Q4,110,53,0,0.4818181818181818,0.0,0.4818181818181818
73,นครปฐม,Central,2025,11,Cool/Dry,Q4,106,4,0,0.03773584905660377,0.0,0.03773584905660377
74,สมุทรสาคร,Central,2025,11,Cool/Dry,Q4,40,0,0,0.0,0.0,0.0
75,สมุทรสงคราม,Central,2025,11,Cool/Dry,Q4,36,0,0,0.0,0.0,0.0
76,เพชรบุรี,South,2025,11,Cool/Dry,Q4,93,1,0,0.010752688172043012,0.0,0.010752688172043012
77,ประจวบคีรีขันธ์,South,2025,11,Cool/Dry,Q4,48,2,1,0.041666666666666664,0.020833333333333332,0.0625
80,นครศรีธรรมราช,South,2025,11,Cool/Dry,Q4,169,89,26,0.5266272189349113,0.15384615384615385,0.6804733727810651
81,กระบี่,South,2025,11,Cool/Dry,Q4,52,0,0,0.0,0.0,0.0
82,พังงา,South,2025,11,Cool/Dry,Q4,48,1,0,0.020833333333333332,0.0,0.020833333333333332
83,ภูเก็ต,South,2025,11,Cool/Dry,Q4,17,3,4,0.17647058823529413,0.23529411764705882,0.4117647058823529
84,สุราษฎร์ธานี,South,2025,11,Cool/Dry,Q4,131,4,14,0.030534351145038167,0.10687022900763359,0.13740458015267176
85,ระนอง,South,2025,11,Cool/Dry,Q4,30,0,1,0.0,0.03333333333333333,0.03333333333333333
86,ชุมพร,South,2025,11,Cool/Dry,Q4,71,7,6,0.09859154929577464,0.08450704225352113,0.18309859154929578
90,สงขลา,South,2025,11,Cool/Dry,Q4,127,17,4,0.13385826771653545,0.031496062992125984,0.16535433070866143
91,สตูล,South,2025,11,Cool/Dry,Q4,36,0,0,0.0,0.0,0.0
92,ตรัง,South,2025,11,Cool/Dry,Q4,87,1,1,0.011494252873563218,0.011494252873563218,0.022988505747126436
93,พัทลุง,South,2025,11,Cool/Dry,Q4,65,21,8,0.3230769230769231,0.12307692307692308,0.4461538461538462
94,ปัตตานี,South,2025,11,Cool/Dry,Q4,115,77,24,0.6695652173913044,0.20869565217391303,0.8782608695652174
95,ยะลา,South,2025,11,Cool/Dry,Q4,58,3,43,0.05172413793103448,0.7413793103448276,0.7931034482758621
96,นราธิวาส,South,2025,11,Cool/Dry,Q4,77,16,10,0.2077922077922078,0.12987012987012986,0.33766233766233766
10,กรุงเทพมหานคร,Central,2025,12,Cool/Dry,Q4,160,0,0,0.0,0.0,0.0
11,สมุทรปราการ,Central,2025,12,Cool/Dry,Q4,50,0,0,0.0,0.0,0.0
12,นนทบุรี,Central,2025,12,Cool/Dry,Q4,52,0,0,0.0,0.0,0.0
13,ปทุมธานี,Central,2025,12,Cool/Dry,Q4,60,0,0,0.0,0.0,0.0
14,พระนครศรีอยุธยา,Central,2025,12,Cool/Dry,Q4,209,0,0,0.0,0.0,0.0
15,อ่างทอง,Central,2025,12,Cool/Dry,Q4,73,0,0,0.0,0.0,0.0
16,ลพบุรี,Central,2025,12,Cool/Dry,Q4,121,0,0,0.0,0.0,0.0
17,สิงห์บุรี,Central,2025,12,Cool/Dry,Q4,43,0,0,0.0,0.0,0.0
18,ชัยนาท,Central,2025,12,Cool/Dry,Q4,53,0,0,0.0,0.0,0.0
19,สระบุรี,Central,2025,12,Cool/Dry,Q4,109,0,0,0.0,0.0,0.0
20,ชลบุรี,East,2025,12,Cool/Dry,Q4,93,0,0,0.0,0.0,0.0
21,ระยอง,East,2025,12,Cool/Dry,Q4,56,0,0,0.0,0.0,0.0
22,จันทบุรี,East,2025,12,Cool/Dry,Q4,76,0,0,0.0,0.0,0.0
23,ตราด,East,2025,12,Cool/Dry,Q4,37,0,0,0.0,0.0,0.0
24,ฉะเชิงเทรา,East,2025,12,Cool/Dry,Q4,93,0,0,0.0,0.0,0.0
25,ปราจีนบุรี,East,2025,12,Cool/Dry,Q4,64,0,0,0.0,0.0,0.0
26,นครนายก,East,2025,12,Cool/Dry,Q4,41,0,0,0.0,0.0,0.0
27,สระแก้ว,East,2025,12,Cool/Dry,Q4,59,0,0,0.0,0.0,0.0
30,นครราชสีมา,Northeast,2025,12,Cool/Dry,Q4,285,0,0,0.0,0.0,0.0
31,บุรีรัมย์,Northeast,2025,12,Cool/Dry,Q4,189,0,0,0.0,0.0,0.0
32,สุรินทร์,Northeast,2025,12,Cool/Dry,Q4,159,0,0,0.0,0.0,0.0
33,ศรีสะเกษ,Northeast,2025,12,Cool/Dry,Q4,205,0,0,0.0,0.0,0.0
34,อุบลราชธานี,Northeast,2025,12,Cool/Dry,Q4,218,0,0,0.0,0.0,0.0
35,ยโสธร,Northeast,2025,12,Cool/Dry,Q4,79,0,0,0.0,0.0,0.0
36,ชัยภูมิ,Northeast,2025,12,Cool/Dry,Q4,124,0,0,0.0,0.0,0.0
37,อำนาจเจริญ,Northeast,2025,12,Cool/Dry,Q4,56,0,0,0.0,0.0,0.0
38,บึงกาฬ,Northeast,2025,12,Cool/Dry,Q4,53,0,0,0.0,0.0,0.0
39,หนองบัวลำภู,Northeast,2025,12,Cool/Dry,Q4,59,0,0,0.0,0.0,0.0
40,ขอนแก่น,Northeast,2025,12,Cool/Dry,Q4,200,0,0,0.0,0.0,0.0
41,อุดรธานี,Northeast,2025,12,Cool/Dry,Q4,155,0,0,0.0,0.0,0.0
42,เลย,Northeast,2025,12,Cool/Dry,Q4,90,0,0,0.0,0.0,0.0
43,หนองคาย,Northeast,2025,12,Cool/Dry,Q4,62,0,0,0.0,0.0,0.0
44,มหาสารคาม,Northeast,2025,12,Cool/Dry,Q4,133,0,0,0.0,0.0,0.0
45,ร้อยเอ็ด,Northeast,2025,12,Cool/Dry,Q4,193,0,0,0.0,0.0,0.0
46,กาฬสินธุ์,Northeast,2025,12,Cool/Dry,Q4,135,0,0,0.0,0.0,0.0
47,สกลนคร,Northeast,2025,12,Cool/Dry,Q4,125,0,0,0.0,0.0,0.0
48,นครพนม,Northeast,2025,12,Cool/Dry,Q4,98,0,0,0.0,0.0,0.0
49,มุกดาหาร,Northeast,2025,12,Cool/Dry,Q4,53,0,0,0.0,0.0,0.0
50,เชียงใหม่,North,2025,12,Cool/Dry,Q4,204,0,0,0.0,0.0,0.0
51,ลำพูน,North,2025,12,Cool/Dry,Q4,51,0,0,0.0,0.0,0.0
52,ลำปาง,North,2025,12,Cool/Dry,Q4,96,0,0,0.0,0.0,0.0
53,อุตรดิตถ์,North,2025,12,Cool/Dry,Q4,67,0,0,0.0,0.0,0.0
54,แพร่,North,2025,12,Cool/Dry,Q4,78,0,0,0.0,0.0,0.0
55,น่าน,North,2025,12,Cool/Dry,Q4,99,0,0,0.0,0.0,0.0
56,พะเยา,North,2025,12,Cool/Dry,Q4,68,0,0,0.0,0.0,0.0
57,เชียงราย,North,2025,12,Cool/Dry,Q4,123,0,0,0.0,0.0,0.0
58,แม่ฮ่องสอน,North,2025,12,Cool/Dry,Q4,45,0,0,0.0,0.0,0.0
60,นครสวรรค์,Central,2025,12,Cool/Dry,Q4,130,0,0,0.0,0.0,0.0
61,อุทัยธานี,Central,2025,12,Cool/Dry,Q4,70,0,0,0.0,0.0,0.0
62,กำแพงเพชร,North,2025,12,Cool/Dry,Q4,78,0,0,0.0,0.0,0.0
63,ตาก,North,2025,12,Cool/Dry,Q4,60,0,0,0.0,0.0,0.0
64,สุโขทัย,North,2025,12,Cool/Dry,Q4,86,0,0,0.0,0.0,0.0
65,พิษณุโลก,North,2025,12,Cool/Dry,Q4,93,0,0,0.0,0.0,0.0
66,พิจิตร,North,2025,12,Cool/Dry,Q4,88,0,0,0.0,0.0,0.0
67,เพชรบูรณ์,North,2025,12,Cool/Dry,Q4,116,0,0,0.0,0.0,0.0
70,ราชบุรี,Central,2025,12,Cool/Dry,Q4,104,0,0,0.0,0.0,0.0
71,กาญจนบุรี,Central,2025,12,Cool/Dry,Q4,96,0,0,0.0,0.0,0.0
72,สุพรรณบุรี,Central,2025,12,Cool/Dry,Q4,110,0,0,0.0,0.0,0.0
73,นครปฐม,Central,2025,12,Cool/Dry,Q4,106,0,0,0.0,0.0,0.0
74,สมุทรสาคร,Central,2025,12,Cool/Dry,Q4,40,0,0,0.0,0.0,0.0
75,สมุทรสงคราม,Central,2025,12,Cool/Dry,Q4,36,0,0,0.0,0.0,0.0
76,เพชรบุรี,South,2025,12,Cool/Dry,Q4,93,0,0,0.0,0.0,0.0
77,ประจวบคีรีขันธ์,South,2025,12,Cool/Dry,Q4,48,0,0,0.0,0.0,0.0
80,นครศรีธรรมราช,South,2025,12,Cool/Dry,Q4,169,91,20,0.5384615384615384,0.11834319526627218,0.6568047337278107
81,กระบี่,South,2025,12,Cool/Dry,Q4,52,0,0,0.0,0.0,0.0
82,พังงา,South,2025,12,Cool/Dry,Q4,48,0,0,0.0,0.0,0.0
83,ภูเก็ต,South,2025,12,Cool/Dry,Q4,17,0,0,0.0,0.0,0.0
84,สุราษฎร์ธานี,South,2025,12,Cool/Dry,Q4,131,17,15,0.1297709923664122,0.11450381679389313,0.24427480916030533
85,ระนอง,South,2025,12,Cool/Dry,Q4,30,0,0,0.0,0.0,0.0
86,ชุมพร,South,2025,12,Cool/Dry,Q4,71,17,18,0.23943661971830985,0.2535211267605634,0.49295774647887325
90,สงขลา,South,2025,12,Cool/Dry,Q4,127,94,25,0.7401574803149606,0.1968503937007874,0.937007874015748
91,สตูล,South,2025,12,Cool/Dry,Q4,36,6,5,0.16666666666666666,0.1388888888888889,0.3055555555555556
92,ตรัง,South,2025,12,Cool/Dry,Q4,87,48,17,0.5517241379310345,0.19540229885057472,0.7471264367816092
93,พัทลุง,South,2025,12,Cool/Dry,Q4,65,46,18,0.7076923076923077,0.27692307692307694,0.9846153846153847
94,ปัตตานี,South,2025,12,Cool/Dry,Q4,115,82,24,0.7130434782608696,0.20869565217391303,0.9217391304347826
95,ยะลา,South,2025,12,Cool/Dry,Q4,58,3,53,0.05172413793103448,0.9137931034482759,0.9655172413793104
96,นราธิวาส,South,2025,12,Cool/Dry,Q4,77,52,24,0.6753246753246753,0.3116883116883117,0.987012987012987
10,กรุงเทพมหานคร,Central,2026,1,Cool/Dry,Q1,160,0,0,0.0,0.0,0.0
11,สมุทรปราการ,Central,2026,1,Cool/Dry,Q1,50,0,0,0.0,0.0,0.0
12,นนทบุรี,Central,2026,1,Cool/Dry,Q1,52,0,0,0.0,0.0,0.0
13,ปทุมธานี,Central,2026,1,Cool/Dry,Q1,60,0,0,0.0,0.0,0.0
14,พระนครศรีอยุธยา,Central,2026,1,Cool/Dry,Q1,209,0,0,0.0,0.0,0.0
15,อ่างทอง,Central,2026,1,Cool/Dry,Q1,73,0,0,0.0,0.0,0.0
16,ลพบุรี,Central,2026,1,Cool/Dry,Q1,121,0,0,0.0,0.0,0.0
17,สิงห์บุรี,Central,2026,1,Cool/Dry,Q1,43,0,0,0.0,0.0,0.0
18,ชัยนาท,Central,2026,1,Cool/Dry,Q1,53,0,0,0.0,0.0,0.0
19,สระบุรี,Central,2026,1,Cool/Dry,Q1,109,0,0,0.0,0.0,0.0
20,ชลบุรี,East,2026,1,Cool/Dry,Q1,93,0,0,0.0,0.0,0.0
21,ระยอง,East,2026,1,Cool/Dry,Q1,56,0,0,0.0,0.0,0.0
22,จันทบุรี,East,2026,1,Cool/Dry,Q1,76,0,0,0.0,0.0,0.0
23,ตราด,East,2026,1,Cool/Dry,Q1,37,0,0,0.0,0.0,0.0
24,ฉะเชิงเทรา,East,2026,1,Cool/Dry,Q1,93,0,0,0.0,0.0,0.0
25,ปราจีนบุรี,East,2026,1,Cool/Dry,Q1,64,0,0,0.0,0.0,0.0
26,นครนายก,East,2026,1,Cool/Dry,Q1,41,0,0,0.0,0.0,0.0
27,สระแก้ว,East,2026,1,Cool/Dry,Q1,59,0,0,0.0,0.0,0.0
30,นครราชสีมา,Northeast,2026,1,Cool/Dry,Q1,285,0,0,0.0,0.0,0.0
31,บุรีรัมย์,Northeast,2026,1,Cool/Dry,Q1,189,0,0,0.0,0.0,0.0
32,สุรินทร์,Northeast,2026,1,Cool/Dry,Q1,159,0,0,0.0,0.0,0.0
33,ศรีสะเกษ,Northeast,2026,1,Cool/Dry,Q1,205,0,0,0.0,0.0,0.0
34,อุบลราชธานี,Northeast,2026,1,Cool/Dry,Q1,218,0,0,0.0,0.0,0.0
35,ยโสธร,Northeast,2026,1,Cool/Dry,Q1,79,0,0,0.0,0.0,0.0
36,ชัยภูมิ,Northeast,2026,1,Cool/Dry,Q1,124,0,0,0.0,0.0,0.0
37,อำนาจเจริญ,Northeast,2026,1,Cool/Dry,Q1,56,0,0,0.0,0.0,0.0
38,บึงกาฬ,Northeast,2026,1,Cool/Dry,Q1,53,0,0,0.0,0.0,0.0
39,หนองบัวลำภู,Northeast,2026,1,Cool/Dry,Q1,59,0,0,0.0,0.0,0.0
40,ขอนแก่น,Northeast,2026,1,Cool/Dry,Q1,200,0,0,0.0,0.0,0.0
41,อุดรธานี,Northeast,2026,1,Cool/Dry,Q1,155,0,0,0.0,0.0,0.0
42,เลย,Northeast,2026,1,Cool/Dry,Q1,90,0,0,0.0,0.0,0.0
43,หนองคาย,Northeast,2026,1,Cool/Dry,Q1,62,0,0,0.0,0.0,0.0
44,มหาสารคาม,Northeast,2026,1,Cool/Dry,Q1,133,0,0,0.0,0.0,0.0
45,ร้อยเอ็ด,Northeast,2026,1,Cool/Dry,Q1,193,0,0,0.0,0.0,0.0
46,กาฬสินธุ์,Northeast,2026,1,Cool/Dry,Q1,135,0,0,0.0,0.0,0.0
47,สกลนคร,Northeast,2026,1,Cool/Dry,Q1,125,0,0,0.0,0.0,0.0
48,นครพนม,Northeast,2026,1,Cool/Dry,Q1,98,0,0,0.0,0.0,0.0
49,มุกดาหาร,Northeast,2026,1,Cool/Dry,Q1,53,0,0,0.0,0.0,0.0
50,เชียงใหม่,North,2026,1,Cool/Dry,Q1,204,0,0,0.0,0.0,0.0
51,ลำพูน,North,2026,1,Cool/Dry,Q1,51,0,0,0.0,0.0,0.0
52,ลำปาง,North,2026,1,Cool/Dry,Q1,96,0,0,0.0,0.0,0.0
53,อุตรดิตถ์,North,2026,1,Cool/Dry,Q1,67,0,0,0.0,0.0,0.0
54,แพร่,North,2026,1,Cool/Dry,Q1,78,0,0,0.0,0.0,0.0
55,น่าน,North,2026,1,Cool/Dry,Q1,99,0,0,0.0,0.0,0.0
56,พะเยา,North,2026,1,Cool/Dry,Q1,68,0,0,0.0,0.0,0.0
57,เชียงราย,North,2026,1,Cool/Dry,Q1,123,0,0,0.0,0.0,0.0
58,แม่ฮ่องสอน,North,2026,1,Cool/Dry,Q1,45,0,0,0.0,0.0,0.0
60,นครสวรรค์,Central,2026,1,Cool/Dry,Q1,130,0,0,0.0,0.0,0.0
61,อุทัยธานี,Central,2026,1,Cool/Dry,Q1,70,0,0,0.0,0.0,0.0
62,กำแพงเพชร,North,2026,1,Cool/Dry,Q1,78,0,0,0.0,0.0,0.0
63,ตาก,North,2026,1,Cool/Dry,Q1,60,0,0,0.0,0.0,0.0
64,สุโขทัย,North,2026,1,Cool/Dry,Q1,86,0,0,0.0,0.0,0.0
65,พิษณุโลก,North,2026,1,Cool/Dry,Q1,93,0,0,0.0,0.0,0.0
66,พิจิตร,North,2026,1,Cool/Dry,Q1,88,0,0,0.0,0.0,0.0
67,เพชรบูรณ์,North,2026,1,Cool/Dry,Q1,116,0,0,0.0,0.0,0.0
70,ราชบุรี,Central,2026,1,Cool/Dry,Q1,104,0,0,0.0,0.0,0.0
71,กาญจนบุรี,Central,2026,1,Cool/Dry,Q1,96,0,0,0.0,0.0,0.0
72,สุพรรณบุรี,Central,2026,1,Cool/Dry,Q1,110,0,0,0.0,0.0,0.0
73,นครปฐม,Central,2026,1,Cool/Dry,Q1,106,0,0,0.0,0.0,0.0
74,สมุทรสาคร,Central,2026,1,Cool/Dry,Q1,40,0,0,0.0,0.0,0.0
75,สมุทรสงคราม,Central,2026,1,Cool/Dry,Q1,36,0,0,0.0,0.0,0.0
76,เพชรบุรี,South,2026,1,Cool/Dry,Q1,93,0,0,0.0,0.0,0.0
77,ประจวบคีรีขันธ์,South,2026,1,Cool/Dry,Q1,48,0,0,0.0,0.0,0.0
80,นครศรีธรรมราช,South,2026,1,Cool/Dry,Q1,169,74,8,0.4378698224852071,0.047337278106508875,0.48520710059171596
81,กระบี่,South,2026,1,Cool/Dry,Q1,52,0,0,0.0,0.0,0.0
82,พังงา,South,2026,1,Cool/Dry,Q1,48,0,0,0.0,0.0,0.0
83,ภูเก็ต,South,2026,1,Cool/Dry,Q1,17,0,0,0.0,0.0,0.0
84,สุราษฎร์ธานี,South,2026,1,Cool/Dry,Q1,131,0,0,0.0,0.0,0.0
85,ระนอง,South,2026,1,Cool/Dry,Q1,30,0,0,0.0,0.0,0.0
86,ชุมพร,South,2026,1,Cool/Dry,Q1,71,0,0,0.0,0.0,0.0
90,สงขลา,South,2026,1,Cool/Dry,Q1,127,2,1,0.015748031496062992,0.007874015748031496,0.023622047244094488
91,สตูล,South,2026,1,Cool/Dry,Q1,36,0,0,0.0,0.0,0.0
92,ตรัง,South,2026,1,Cool/Dry,Q1,87,0,0,0.0,0.0,0.0
93,พัทลุง,South,2026,1,Cool/Dry,Q1,65,0,0,0.0,0.0,0.0
94,ปัตตานี,South,2026,1,Cool/Dry,Q1,115,0,0,0.0,0.0,0.0
95,ยะลา,South,2026,1,Cool/Dry,Q1,58,0,0,0.0,0.0,0.0
96,นราธิวาส,South,2026,1,Cool/Dry,Q1,77,0,0,0.0,0.0,0.0
10,กรุงเทพมหานคร,Central,2026,2,Cool/Dry,Q1,160,0,0,0.0,0.0,0.0
11,สมุทรปราการ,Central,2026,2,Cool/Dry,Q1,50,0,0,0.0,0.0,0.0
12,นนทบุรี,Central,2026,2,Cool/Dry,Q1,52,0,0,0.0,0.0,0.0
13,ปทุมธานี,Central,2026,2,Cool/Dry,Q1,60,0,0,0.0,0.0,0.0
14,พระนครศรีอยุธยา,Central,2026,2,Cool/Dry,Q1,209,0,0,0.0,0.0,0.0
15,อ่างทอง,Central,2026,2,Cool/Dry,Q1,73,0,0,0.0,0.0,0.0
16,ลพบุรี,Central,2026,2,Cool/Dry,Q1,121,0,0,0.0,0.0,0.0
17,สิงห์บุรี,Central,2026,2,Cool/Dry,Q1,43,0,0,0.0,0.0,0.0
18,ชัยนาท,Central,2026,2,Cool/Dry,Q1,53,0,0,0.0,0.0,0.0
19,สระบุรี,Central,2026,2,Cool/Dry,Q1,109,0,0,0.0,0.0,0.0
20,ชลบุรี,East,2026,2,Cool/Dry,Q1,93,0,0,0.0,0.0,0.0
21,ระยอง,East,2026,2,Cool/Dry,Q1,56,0,0,0.0,0.0,0.0
22,จันทบุรี,East,2026,2,Cool/Dry,Q1,76,0,0,0.0,0.0,0.0
23,ตราด,East,2026,2,Cool/Dry,Q1,37,0,0,0.0,0.0,0.0
24,ฉะเชิงเทรา,East,2026,2,Cool/Dry,Q1,93,0,0,0.0,0.0,0.0
25,ปราจีนบุรี,East,2026,2,Cool/Dry,Q1,64,0,0,0.0,0.0,0.0
26,นครนายก,East,2026,2,Cool/Dry,Q1,41,0,0,0.0,0.0,0.0
27,สระแก้ว,East,2026,2,Cool/Dry,Q1,59,0,0,0.0,0.0,0.0
30,นครราชสีมา,Northeast,2026,2,Cool/Dry,Q1,285,0,0,0.0,0.0,0.0
31,บุรีรัมย์,Northeast,2026,2,Cool/Dry,Q1,189,0,0,0.0,0.0,0.0
32,สุรินทร์,Northeast,2026,2,Cool/Dry,Q1,159,0,0,0.0,0.0,0.0
33,ศรีสะเกษ,Northeast,2026,2,Cool/Dry,Q1,205,0,0,0.0,0.0,0.0
34,อุบลราชธานี,Northeast,2026,2,Cool/Dry,Q1,218,0,0,0.0,0.0,0.0
35,ยโสธร,Northeast,2026,2,Cool/Dry,Q1,79,0,0,0.0,0.0,0.0
36,ชัยภูมิ,Northeast,2026,2,Cool/Dry,Q1,124,0,0,0.0,0.0,0.0
37,อำนาจเจริญ,Northeast,2026,2,Cool/Dry,Q1,56,0,0,0.0,0.0,0.0
38,บึงกาฬ,Northeast,2026,2,Cool/Dry,Q1,53,0,0,0.0,0.0,0.0
39,หนองบัวลำภู,Northeast,2026,2,Cool/Dry,Q1,59,0,0,0.0,0.0,0.0
40,ขอนแก่น,Northeast,2026,2,Cool/Dry,Q1,200,0,0,0.0,0.0,0.0
41,อุดรธานี,Northeast,2026,2,Cool/Dry,Q1,155,0,0,0.0,0.0,0.0
42,เลย,Northeast,2026,2,Cool/Dry,Q1,90,0,0,0.0,0.0,0.0
43,หนองคาย,Northeast,2026,2,Cool/Dry,Q1,62,0,0,0.0,0.0,0.0
44,มหาสารคาม,Northeast,2026,2,Cool/Dry,Q1,133,0,0,0.0,0.0,0.0
45,ร้อยเอ็ด,Northeast,2026,2,Cool/Dry,Q1,193,0,0,0.0,0.0,0.0
46,กาฬสินธุ์,Northeast,2026,2,Cool/Dry,Q1,135,0,0,0.0,0.0,0.0
47,สกลนคร,Northeast,2026,2,Cool/Dry,Q1,125,0,0,0.0,0.0,0.0
48,นครพนม,Northeast,2026,2,Cool/Dry,Q1,98,0,0,0.0,0.0,0.0
49,มุกดาหาร,Northeast,2026,2,Cool/Dry,Q1,53,0,0,0.0,0.0,0.0
50,เชียงใหม่,North,2026,2,Cool/Dry,Q1,204,0,0,0.0,0.0,0.0
51,ลำพูน,North,2026,2,Cool/Dry,Q1,51,0,0,0.0,0.0,0.0
52,ลำปาง,North,2026,2,Cool/Dry,Q1,96,0,0,0.0,0.0,0.0
53,อุตรดิตถ์,North,2026,2,Cool/Dry,Q1,67,0,0,0.0,0.0,0.0
54,แพร่,North,2026,2,Cool/Dry,Q1,78,0,0,0.0,0.0,0.0
55,น่าน,North,2026,2,Cool/Dry,Q1,99,0,0,0.0,0.0,0.0
56,พะเยา,North,2026,2,Cool/Dry,Q1,68,0,0,0.0,0.0,0.0
57,เชียงราย,North,2026,2,Cool/Dry,Q1,123,0,0,0.0,0.0,0.0
58,แม่ฮ่องสอน,North,2026,2,Cool/Dry,Q1,45,0,0,0.0,0.0,0.0
60,นครสวรรค์,Central,2026,2,Cool/Dry,Q1,130,0,0,0.0,0.0,0.0
61,อุทัยธานี,Central,2026,2,Cool/Dry,Q1,70,0,0,0.0,0.0,0.0
62,กำแพงเพชร,North,2026,2,Cool/Dry,Q1,78,0,0,0.0,0.0,0.0
63,ตาก,North,2026,2,Cool/Dry,Q1,60,0,0,0.0,0.0,0.0
64,สุโขทัย,North,2026,2,Cool/Dry,Q1,86,0,0,0.0,0.0,0.0
65,พิษณุโลก,North,2026,2,Cool/Dry,Q1,93,0,0,0.0,0.0,0.0
66,พิจิตร,North,2026,2,Cool/Dry,Q1,88,0,0,0.0,0.0,0.0
67,เพชรบูรณ์,North,2026,2,Cool/Dry,Q1,116,0,0,0.0,0.0,0.0
70,ราชบุรี,Central,2026,2,Cool/Dry,Q1,104,0,0,0.0,0.0,0.0
71,กาญจนบุรี,Central,2026,2,Cool/Dry,Q1,96,0,0,0.0,0.0,0.0
72,สุพรรณบุรี,Central,2026,2,Cool/Dry,Q1,110,0,0,0.0,0.0,0.0
73,นครปฐม,Central,2026,2,Cool/Dry,Q1,106,0,0,0.0,0.0,0.0
74,สมุทรสาคร,Central,2026,2,Cool/Dry,Q1,40,0,0,0.0,0.0,0.0
75,สมุทรสงคราม,Central,2026,2,Cool/Dry,Q1,36,0,0,0.0,0.0,0.0
76,เพชรบุรี,South,2026,2,Cool/Dry,Q1,93,0,0,0.0,0.0,0.0
77,ประจวบคีรีขันธ์,South,2026,2,Cool/Dry,Q1,48,0,1,0.0,0.020833333333333332,0.020833333333333332
80,นครศรีธรรมราช,South,2026,2,Cool/Dry,Q1,169,0,0,0.0,0.0,0.0
81,กระบี่,South,2026,2,Cool/Dry,Q1,52,0,0,0.0,0.0,0.0
82,พังงา,South,2026,2,Cool/Dry,Q1,48,0,0,0.0,0.0,0.0
83,ภูเก็ต,South,2026,2,Cool/Dry,Q1,17,0,0,0.0,0.0,0.0
84,สุราษฎร์ธานี,South,2026,2,Cool/Dry,Q1,131,1,1,0.007633587786259542,0.007633587786259542,0.015267175572519083
85,ระนอง,South,2026,2,Cool/Dry,Q1,30,0,0,0.0,0.0,0.0
86,ชุมพร,South,2026,2,Cool/Dry,Q1,71,0,0,0.0,0.0,0.0
90,สงขลา,South,2026,2,Cool/Dry,Q1,127,1,0,0.007874015748031496,0.0,0.007874015748031496
91,สตูล,South,2026,2,Cool/Dry,Q1,36,0,1,0.0,0.027777777777777776,0.027777777777777776
92,ตรัง,South,2026,2,Cool/Dry,Q1,87,0,1,0.0,0.011494252873563218,0.011494252873563218
93,พัทลุง,South,2026,2,Cool/Dry,Q1,65,0,0,0.0,0.0,0.0
94,ปัตตานี,South,2026,2,Cool/Dry,Q1,115,0,1,0.0,0.008695652173913044,0.008695652173913044
95,ยะลา,South,2026,2,Cool/Dry,Q1,58,0,3,0.0,0.05172413793103448,0.05172413793103448
96,นราธิวาส,South,2026,2,Cool/Dry,Q1,77,1,5,0.012987012987012988,0.06493506493506493,0.07792207792207792
10,กรุงเทพมหานคร,Central,2026,3,Hot,Q1,160,0,0,0.0,0.0,0.0
11,สมุทรปราการ,Central,2026,3,Hot,Q1,50,0,0,0.0,0.0,0.0
12,นนทบุรี,Central,2026,3,Hot,Q1,52,0,0,0.0,0.0,0.0
13,ปทุมธานี,Central,2026,3,Hot,Q1,60,0,0,0.0,0.0,0.0
14,พระนครศรีอยุธยา,Central,2026,3,Hot,Q1,209,0,0,0.0,0.0,0.0
15,อ่างทอง,Central,2026,3,Hot,Q1,73,0,0,0.0,0.0,0.0
16,ลพบุรี,Central,2026,3,Hot,Q1,121,0,0,0.0,0.0,0.0
17,สิงห์บุรี,Central,2026,3,Hot,Q1,43,0,0,0.0,0.0,0.0
18,ชัยนาท,Central,2026,3,Hot,Q1,53,0,0,0.0,0.0,0.0
19,สระบุรี,Central,2026,3,Hot,Q1,109,0,0,0.0,0.0,0.0
20,ชลบุรี,East,2026,3,Hot,Q1,93,0,0,0.0,0.0,0.0
21,ระยอง,East,2026,3,Hot,Q1,56,0,0,0.0,0.0,0.0
22,จันทบุรี,East,2026,3,Hot,Q1,76,0,0,0.0,0.0,0.0
23,ตราด,East,2026,3,Hot,Q1,37,0,0,0.0,0.0,0.0
24,ฉะเชิงเทรา,East,2026,3,Hot,Q1,93,0,0,0.0,0.0,0.0
25,ปราจีนบุรี,East,2026,3,Hot,Q1,64,0,0,0.0,0.0,0.0
26,นครนายก,East,2026,3,Hot,Q1,41,0,0,0.0,0.0,0.0
27,สระแก้ว,East,2026,3,Hot,Q1,59,0,0,0.0,0.0,0.0
30,นครราชสีมา,Northeast,2026,3,Hot,Q1,285,0,0,0.0,0.0,0.0
31,บุรีรัมย์,Northeast,2026,3,Hot,Q1,189,0,0,0.0,0.0,0.0
32,สุรินทร์,Northeast,2026,3,Hot,Q1,159,0,0,0.0,0.0,0.0
33,ศรีสะเกษ,Northeast,2026,3,Hot,Q1,205,0,0,0.0,0.0,0.0
34,อุบลราชธานี,Northeast,2026,3,Hot,Q1,218,0,0,0.0,0.0,0.0
35,ยโสธร,Northeast,2026,3,Hot,Q1,79,0,0,0.0,0.0,0.0
36,ชัยภูมิ,Northeast,2026,3,Hot,Q1,124,0,0,0.0,0.0,0.0
37,อำนาจเจริญ,Northeast,2026,3,Hot,Q1,56,0,0,0.0,0.0,0.0
38,บึงกาฬ,Northeast,2026,3,Hot,Q1,53,0,0,0.0,0.0,0.0
39,หนองบัวลำภู,Northeast,2026,3,Hot,Q1,59,0,0,0.0,0.0,0.0
40,ขอนแก่น,Northeast,2026,3,Hot,Q1,200,0,0,0.0,0.0,0.0
41,อุดรธานี,Northeast,2026,3,Hot,Q1,155,0,0,0.0,0.0,0.0
42,เลย,Northeast,2026,3,Hot,Q1,90,0,0,0.0,0.0,0.0
43,หนองคาย,Northeast,2026,3,Hot,Q1,62,0,0,0.0,0.0,0.0
44,มหาสารคาม,Northeast,2026,3,Hot,Q1,133,0,0,0.0,0.0,0.0
45,ร้อยเอ็ด,Northeast,2026,3,Hot,Q1,193,0,0,0.0,0.0,0.0
46,กาฬสินธุ์,Northeast,2026,3,Hot,Q1,135,0,0,0.0,0.0,0.0
47,สกลนคร,Northeast,2026,3,Hot,Q1,125,0,0,0.0,0.0,0.0
48,นครพนม,Northeast,2026,3,Hot,Q1,98,0,0,0.0,0.0,0.0
49,มุกดาหาร,Northeast,2026,3,Hot,Q1,53,0,0,0.0,0.0,0.0
50,เชียงใหม่,North,2026,3,Hot,Q1,204,0,0,0.0,0.0,0.0
51,ลำพูน,North,2026,3,Hot,Q1,51,0,0,0.0,0.0,0.0
52,ลำปาง,North,2026,3,Hot,Q1,96,0,0,0.0,0.0,0.0
53,อุตรดิตถ์,North,2026,3,Hot,Q1,67,0,0,0.0,0.0,0.0
54,แพร่,North,2026,3,Hot,Q1,78,0,0,0.0,0.0,0.0
55,น่าน,North,2026,3,Hot,Q1,99,0,0,0.0,0.0,0.0
56,พะเยา,North,2026,3,Hot,Q1,68,0,0,0.0,0.0,0.0
57,เชียงราย,North,2026,3,Hot,Q1,123,0,0,0.0,0.0,0.0
58,แม่ฮ่องสอน,North,2026,3,Hot,Q1,45,0,0,0.0,0.0,0.0
60,นครสวรรค์,Central,2026,3,Hot,Q1,130,0,0,0.0,0.0,0.0
61,อุทัยธานี,Central,2026,3,Hot,Q1,70,0,0,0.0,0.0,0.0
62,กำแพงเพชร,North,2026,3,Hot,Q1,78,0,0,0.0,0.0,0.0
63,ตาก,North,2026,3,Hot,Q1,60,0,0,0.0,0.0,0.0
64,สุโขทัย,North,2026,3,Hot,Q1,86,0,0,0.0,0.0,0.0
65,พิษณุโลก,North,2026,3,Hot,Q1,93,0,0,0.0,0.0,0.0
66,พิจิตร,North,2026,3,Hot,Q1,88,0,0,0.0,0.0,0.0
67,เพชรบูรณ์,North,2026,3,Hot,Q1,116,0,0,0.0,0.0,0.0
70,ราชบุรี,Central,2026,3,Hot,Q1,104,0,1,0.0,0.009615384615384616,0.009615384615384616
71,กาญจนบุรี,Central,2026,3,Hot,Q1,96,0,0,0.0,0.0,0.0
72,สุพรรณบุรี,Central,2026,3,Hot,Q1,110,0,0,0.0,0.0,0.0
73,นครปฐม,Central,2026,3,Hot,Q1,106,0,0,0.0,0.0,0.0
74,สมุทรสาคร,Central,2026,3,Hot,Q1,40,0,0,0.0,0.0,0.0
75,สมุทรสงคราม,Central,2026,3,Hot,Q1,36,0,0,0.0,0.0,0.0
76,เพชรบุรี,South,2026,3,Hot,Q1,93,0,0,0.0,0.0,0.0
77,ประจวบคีรีขันธ์,South,2026,3,Hot,Q1,48,0,0,0.0,0.0,0.0
80,นครศรีธรรมราช,South,2026,3,Hot,Q1,169,3,6,0.01775147928994083,0.03550295857988166,0.05325443786982249
81,กระบี่,South,2026,3,Hot,Q1,52,0,0,0.0,0.0,0.0
82,พังงา,South,2026,3,Hot,Q1,48,0,0,0.0,0.0,0.0
83,ภูเก็ต,South,2026,3,Hot,Q1,17,1,0,0.058823529411764705,0.0,0.058823529411764705
84,สุราษฎร์ธานี,South,2026,3,Hot,Q1,131,3,6,0.022900763358778626,0.04580152671755725,0.06870229007633588
85,ระนอง,South,2026,3,Hot,Q1,30,0,0,0.0,0.0,0.0
86,ชุมพร,South,2026,3,Hot,Q1,71,0,0,0.0,0.0,0.0
90,สงขลา,South,2026,3,Hot,Q1,127,0,0,0.0,0.0,0.0
91,สตูล,South,2026,3,Hot,Q1,36,0,0,0.0,0.0,0.0
92,ตรัง,South,2026,3,Hot,Q1,87,0,1,0.0,0.011494252873563218,0.011494252873563218
93,พัทลุง,South,2026,3,Hot,Q1,65,0,1,0.0,0.015384615384615385,0.015384615384615385
94,ปัตตานี,South,2026,3,Hot,Q1,115,0,0,0.0,0.0,0.0
95,ยะลา,South,2026,3,Hot,Q1,58,0,0,0.0,0.0,0.0
96,นราธิวาส,South,2026,3,Hot,Q1,77,0,0,0.0,0.0,0.0
10,กรุงเทพมหานคร,Central,2026,4,Hot,Q2,160,0,0,0.0,0.0,0.0
11,สมุทรปราการ,Central,2026,4,Hot,Q2,50,0,0,0.0,0.0,0.0
12,นนทบุรี,Central,2026,4,Hot,Q2,52,0,0,0.0,0.0,0.0
13,ปทุมธานี,Central,2026,4,Hot,Q2,60,0,0,0.0,0.0,0.0
14,พระนครศรีอยุธยา,Central,2026,4,Hot,Q2,209,0,0,0.0,0.0,0.0
15,อ่างทอง,Central,2026,4,Hot,Q2,73,0,0,0.0,0.0,0.0
16,ลพบุรี,Central,2026,4,Hot,Q2,121,0,0,0.0,0.0,0.0
17,สิงห์บุรี,Central,2026,4,Hot,Q2,43,0,0,0.0,0.0,0.0
18,ชัยนาท,Central,2026,4,Hot,Q2,53,0,0,0.0,0.0,0.0
19,สระบุรี,Central,2026,4,Hot,Q2,109,0,0,0.0,0.0,0.0
20,ชลบุรี,East,2026,4,Hot,Q2,93,0,0,0.0,0.0,0.0
21,ระยอง,East,2026,4,Hot,Q2,56,0,0,0.0,0.0,0.0
22,จันทบุรี,East,2026,4,Hot,Q2,76,0,0,0.0,0.0,0.0
23,ตราด,East,2026,4,Hot,Q2,37,0,0,0.0,0.0,0.0
24,ฉะเชิงเทรา,East,2026,4,Hot,Q2,93,0,0,0.0,0.0,0.0
25,ปราจีนบุรี,East,2026,4,Hot,Q2,64,0,0,0.0,0.0,0.0
26,นครนายก,East,2026,4,Hot,Q2,41,0,0,0.0,0.0,0.0
27,สระแก้ว,East,2026,4,Hot,Q2,59,0,0,0.0,0.0,0.0
30,นครราชสีมา,Northeast,2026,4,Hot,Q2,285,0,0,0.0,0.0,0.0
31,บุรีรัมย์,Northeast,2026,4,Hot,Q2,189,0,0,0.0,0.0,0.0
32,สุรินทร์,Northeast,2026,4,Hot,Q2,159,0,0,0.0,0.0,0.0
33,ศรีสะเกษ,Northeast,2026,4,Hot,Q2,205,0,0,0.0,0.0,0.0
34,อุบลราชธานี,Northeast,2026,4,Hot,Q2,218,0,0,0.0,0.0,0.0
35,ยโสธร,Northeast,2026,4,Hot,Q2,79,0,0,0.0,0.0,0.0
36,ชัยภูมิ,Northeast,2026,4,Hot,Q2,124,0,0,0.0,0.0,0.0
37,อำนาจเจริญ,Northeast,2026,4,Hot,Q2,56,0,0,0.0,0.0,0.0
38,บึงกาฬ,Northeast,2026,4,Hot,Q2,53,0,0,0.0,0.0,0.0
39,หนองบัวลำภู,Northeast,2026,4,Hot,Q2,59,0,0,0.0,0.0,0.0
40,ขอนแก่น,Northeast,2026,4,Hot,Q2,200,0,0,0.0,0.0,0.0
41,อุดรธานี,Northeast,2026,4,Hot,Q2,155,0,0,0.0,0.0,0.0
42,เลย,Northeast,2026,4,Hot,Q2,90,0,0,0.0,0.0,0.0
43,หนองคาย,Northeast,2026,4,Hot,Q2,62,0,0,0.0,0.0,0.0
44,มหาสารคาม,Northeast,2026,4,Hot,Q2,133,0,0,0.0,0.0,0.0
45,ร้อยเอ็ด,Northeast,2026,4,Hot,Q2,193,0,0,0.0,0.0,0.0
46,กาฬสินธุ์,Northeast,2026,4,Hot,Q2,135,0,0,0.0,0.0,0.0
47,สกลนคร,Northeast,2026,4,Hot,Q2,125,0,0,0.0,0.0,0.0
48,นครพนม,Northeast,2026,4,Hot,Q2,98,0,0,0.0,0.0,0.0
49,มุกดาหาร,Northeast,2026,4,Hot,Q2,53,0,0,0.0,0.0,0.0
50,เชียงใหม่,North,2026,4,Hot,Q2,204,0,0,0.0,0.0,0.0
51,ลำพูน,North,2026,4,Hot,Q2,51,0,0,0.0,0.0,0.0
52,ลำปาง,North,2026,4,Hot,Q2,96,0,0,0.0,0.0,0.0
53,อุตรดิตถ์,North,2026,4,Hot,Q2,67,0,0,0.0,0.0,0.0
54,แพร่,North,2026,4,Hot,Q2,78,0,0,0.0,0.0,0.0
55,น่าน,North,2026,4,Hot,Q2,99,0,0,0.0,0.0,0.0
56,พะเยา,North,2026,4,Hot,Q2,68,0,0,0.0,0.0,0.0
57,เชียงราย,North,2026,4,Hot,Q2,123,0,0,0.0,0.0,0.0
58,แม่ฮ่องสอน,North,2026,4,Hot,Q2,45,0,0,0.0,0.0,0.0
60,นครสวรรค์,Central,2026,4,Hot,Q2,130,0,0,0.0,0.0,0.0
61,อุทัยธานี,Central,2026,4,Hot,Q2,70,0,0,0.0,0.0,0.0
62,กำแพงเพชร,North,2026,4,Hot,Q2,78,0,0,0.0,0.0,0.0
63,ตาก,North,2026,4,Hot,Q2,60,0,0,0.0,0.0,0.0
64,สุโขทัย,North,2026,4,Hot,Q2,86,0,0,0.0,0.0,0.0
65,พิษณุโลก,North,2026,4,Hot,Q2,93,0,0,0.0,0.0,0.0
66,พิจิตร,North,2026,4,Hot,Q2,88,0,0,0.0,0.0,0.0
67,เพชรบูรณ์,North,2026,4,Hot,Q2,116,0,0,0.0,0.0,0.0
70,ราชบุรี,Central,2026,4,Hot,Q2,104,0,0,0.0,0.0,0.0
71,กาญจนบุรี,Central,2026,4,Hot,Q2,96,0,0,0.0,0.0,0.0
72,สุพรรณบุรี,Central,2026,4,Hot,Q2,110,0,0,0.0,0.0,0.0
73,นครปฐม,Central,2026,4,Hot,Q2,106,0,0,0.0,0.0,0.0
74,สมุทรสาคร,Central,2026,4,Hot,Q2,40,0,0,0.0,0.0,0.0
75,สมุทรสงคราม,Central,2026,4,Hot,Q2,36,0,0,0.0,0.0,0.0
76,เพชรบุรี,South,2026,4,Hot,Q2,93,0,0,0.0,0.0,0.0
77,ประจวบคีรีขันธ์,South,2026,4,Hot,Q2,48,0,0,0.0,0.0,0.0
80,นครศรีธรรมราช,South,2026,4,Hot,Q2,169,6,9,0.03550295857988166,0.05325443786982249,0.08875739644970414
81,กระบี่,South,2026,4,Hot,Q2,52,0,0,0.0,0.0,0.0
82,พังงา,South,2026,4,Hot,Q2,48,0,0,0.0,0.0,0.0
83,ภูเก็ต,South,2026,4,Hot,Q2,17,0,0,0.0,0.0,0.0
84,สุราษฎร์ธานี,South,2026,4,Hot,Q2,131,0,3,0.0,0.022900763358778626,0.022900763358778626
85,ระนอง,South,2026,4,Hot,Q2,30,0,0,0.0,0.0,0.0
86,ชุมพร,South,2026,4,Hot,Q2,71,0,0,0.0,0.0,0.0
90,สงขลา,South,2026,4,Hot,Q2,127,0,0,0.0,0.0,0.0
91,สตูล,South,2026,4,Hot,Q2,36,0,0,0.0,0.0,0.0
92,ตรัง,South,2026,4,Hot,Q2,87,0,0,0.0,0.0,0.0
93,พัทลุง,South,2026,4,Hot,Q2,65,0,0,0.0,0.0,0.0
94,ปัตตานี,South,2026,4,Hot,Q2,115,0,0,0.0,0.0,0.0
95,ยะลา,South,2026,4,Hot,Q2,58,0,0,0.0,0.0,0.0
96,นราธิวาส,South,2026,4,Hot,Q2,77,0,0,0.0,0.0,0.0
10,กรุงเทพมหานคร,Central,2026,5,Hot,Q2,160,0,0,0.0,0.0,0.0
11,สมุทรปราการ,Central,2026,5,Hot,Q2,50,0,0,0.0,0.0,0.0
12,นนทบุรี,Central,2026,5,Hot,Q2,52,0,0,0.0,0.0,0.0
13,ปทุมธานี,Central,2026,5,Hot,Q2,60,0,0,0.0,0.0,0.0
14,พระนครศรีอยุธยา,Central,2026,5,Hot,Q2,209,0,0,0.0,0.0,0.0
15,อ่างทอง,Central,2026,5,Hot,Q2,73,0,0,0.0,0.0,0.0
16,ลพบุรี,Central,2026,5,Hot,Q2,121,0,0,0.0,0.0,0.0
17,สิงห์บุรี,Central,2026,5,Hot,Q2,43,0,0,0.0,0.0,0.0
18,ชัยนาท,Central,2026,5,Hot,Q2,53,0,0,0.0,0.0,0.0
19,สระบุรี,Central,2026,5,Hot,Q2,109,0,0,0.0,0.0,0.0
20,ชลบุรี,East,2026,5,Hot,Q2,93,0,0,0.0,0.0,0.0
21,ระยอง,East,2026,5,Hot,Q2,56,0,0,0.0,0.0,0.0
22,จันทบุรี,East,2026,5,Hot,Q2,76,0,0,0.0,0.0,0.0
23,ตราด,East,2026,5,Hot,Q2,37,1,0,0.02702702702702703,0.0,0.02702702702702703
24,ฉะเชิงเทรา,East,2026,5,Hot,Q2,93,0,0,0.0,0.0,0.0
25,ปราจีนบุรี,East,2026,5,Hot,Q2,64,0,0,0.0,0.0,0.0
26,นครนายก,East,2026,5,Hot,Q2,41,0,0,0.0,0.0,0.0
27,สระแก้ว,East,2026,5,Hot,Q2,59,0,0,0.0,0.0,0.0
30,นครราชสีมา,Northeast,2026,5,Hot,Q2,285,0,0,0.0,0.0,0.0
31,บุรีรัมย์,Northeast,2026,5,Hot,Q2,189,0,0,0.0,0.0,0.0
32,สุรินทร์,Northeast,2026,5,Hot,Q2,159,1,0,0.006289308176100629,0.0,0.006289308176100629
33,ศรีสะเกษ,Northeast,2026,5,Hot,Q2,205,0,0,0.0,0.0,0.0
34,อุบลราชธานี,Northeast,2026,5,Hot,Q2,218,0,0,0.0,0.0,0.0
35,ยโสธร,Northeast,2026,5,Hot,Q2,79,0,0,0.0,0.0,0.0
36,ชัยภูมิ,Northeast,2026,5,Hot,Q2,124,1,1,0.008064516129032258,0.008064516129032258,0.016129032258064516
37,อำนาจเจริญ,Northeast,2026,5,Hot,Q2,56,0,0,0.0,0.0,0.0
38,บึงกาฬ,Northeast,2026,5,Hot,Q2,53,0,0,0.0,0.0,0.0
39,หนองบัวลำภู,Northeast,2026,5,Hot,Q2,59,0,0,0.0,0.0,0.0
40,ขอนแก่น,Northeast,2026,5,Hot,Q2,200,6,0,0.03,0.0,0.03
41,อุดรธานี,Northeast,2026,5,Hot,Q2,155,0,0,0.0,0.0,0.0
42,เลย,Northeast,2026,5,Hot,Q2,90,2,1,0.022222222222222223,0.011111111111111112,0.03333333333333333
43,หนองคาย,Northeast,2026,5,Hot,Q2,62,0,0,0.0,0.0,0.0
44,มหาสารคาม,Northeast,2026,5,Hot,Q2,133,0,0,0.0,0.0,0.0
45,ร้อยเอ็ด,Northeast,2026,5,Hot,Q2,193,4,0,0.02072538860103627,0.0,0.02072538860103627
46,กาฬสินธุ์,Northeast,2026,5,Hot,Q2,135,0,1,0.0,0.007407407407407408,0.007407407407407408
47,สกลนคร,Northeast,2026,5,Hot,Q2,125,0,0,0.0,0.0,0.0
48,นครพนม,Northeast,2026,5,Hot,Q2,98,0,0,0.0,0.0,0.0
49,มุกดาหาร,Northeast,2026,5,Hot,Q2,53,0,0,0.0,0.0,0.0
50,เชียงใหม่,North,2026,5,Hot,Q2,204,0,8,0.0,0.0392156862745098,0.0392156862745098
51,ลำพูน,North,2026,5,Hot,Q2,51,0,0,0.0,0.0,0.0
52,ลำปาง,North,2026,5,Hot,Q2,96,0,1,0.0,0.010416666666666666,0.010416666666666666
53,อุตรดิตถ์,North,2026,5,Hot,Q2,67,5,3,0.07462686567164178,0.04477611940298507,0.11940298507462686
54,แพร่,North,2026,5,Hot,Q2,78,8,9,0.10256410256410256,0.11538461538461539,0.21794871794871795
55,น่าน,North,2026,5,Hot,Q2,99,0,5,0.0,0.050505050505050504,0.050505050505050504
56,พะเยา,North,2026,5,Hot,Q2,68,1,2,0.014705882352941176,0.029411764705882353,0.04411764705882353
57,เชียงราย,North,2026,5,Hot,Q2,123,6,18,0.04878048780487805,0.14634146341463414,0.1951219512195122
58,แม่ฮ่องสอน,North,2026,5,Hot,Q2,45,0,5,0.0,0.1111111111111111,0.1111111111111111
60,นครสวรรค์,Central,2026,5,Hot,Q2,130,0,0,0.0,0.0,0.0
61,อุทัยธานี,Central,2026,5,Hot,Q2,70,0,0,0.0,0.0,0.0
62,กำแพงเพชร,North,2026,5,Hot,Q2,78,1,0,0.01282051282051282,0.0,0.01282051282051282
63,ตาก,North,2026,5,Hot,Q2,60,0,1,0.0,0.016666666666666666,0.016666666666666666
64,สุโขทัย,North,2026,5,Hot,Q2,86,5,0,0.05813953488372093,0.0,0.05813953488372093
65,พิษณุโลก,North,2026,5,Hot,Q2,93,0,0,0.0,0.0,0.0
66,พิจิตร,North,2026,5,Hot,Q2,88,0,0,0.0,0.0,0.0
67,เพชรบูรณ์,North,2026,5,Hot,Q2,116,0,0,0.0,0.0,0.0
70,ราชบุรี,Central,2026,5,Hot,Q2,104,0,0,0.0,0.0,0.0
71,กาญจนบุรี,Central,2026,5,Hot,Q2,96,0,1,0.0,0.010416666666666666,0.010416666666666666
72,สุพรรณบุรี,Central,2026,5,Hot,Q2,110,0,0,0.0,0.0,0.0
73,นครปฐม,Central,2026,5,Hot,Q2,106,0,0,0.0,0.0,0.0
74,สมุทรสาคร,Central,2026,5,Hot,Q2,40,0,0,0.0,0.0,0.0
75,สมุทรสงคราม,Central,2026,5,Hot,Q2,36,0,0,0.0,0.0,0.0
76,เพชรบุรี,South,2026,5,Hot,Q2,93,0,0,0.0,0.0,0.0
77,ประจวบคีรีขันธ์,South,2026,5,Hot,Q2,48,0,0,0.0,0.0,0.0
80,นครศรีธรรมราช,South,2026,5,Hot,Q2,169,0,0,0.0,0.0,0.0
81,กระบี่,South,2026,5,Hot,Q2,52,0,0,0.0,0.0,0.0
82,พังงา,South,2026,5,Hot,Q2,48,0,5,0.0,0.10416666666666667,0.10416666666666667
83,ภูเก็ต,South,2026,5,Hot,Q2,17,2,1,0.11764705882352941,0.058823529411764705,0.17647058823529413
84,สุราษฎร์ธานี,South,2026,5,Hot,Q2,131,0,2,0.0,0.015267175572519083,0.015267175572519083
85,ระนอง,South,2026,5,Hot,Q2,30,0,0,0.0,0.0,0.0
86,ชุมพร,South,2026,5,Hot,Q2,71,0,0,0.0,0.0,0.0
90,สงขลา,South,2026,5,Hot,Q2,127,1,1,0.007874015748031496,0.007874015748031496,0.015748031496062992
91,สตูล,South,2026,5,Hot,Q2,36,0,0,0.0,0.0,0.0
92,ตรัง,South,2026,5,Hot,Q2,87,0,0,0.0,0.0,0.0
93,พัทลุง,South,2026,5,Hot,Q2,65,0,0,0.0,0.0,0.0
94,ปัตตานี,South,2026,5,Hot,Q2,115,0,0,0.0,0.0,0.0
95,ยะลา,South,2026,5,Hot,Q2,58,0,0,0.0,0.0,0.0
96,นราธิวาส,South,2026,5,Hot,Q2,77,0,0,0.0,0.0,0.0
10,กรุงเทพมหานคร,Central,2026,6,Rainy/Monsoon,Q2,160,0,0,0.0,0.0,0.0
11,สมุทรปราการ,Central,2026,6,Rainy/Monsoon,Q2,50,0,0,0.0,0.0,0.0
12,นนทบุรี,Central,2026,6,Rainy/Monsoon,Q2,52,0,0,0.0,0.0,0.0
13,ปทุมธานี,Central,2026,6,Rainy/Monsoon,Q2,60,0,0,0.0,0.0,0.0
14,พระนครศรีอยุธยา,Central,2026,6,Rainy/Monsoon,Q2,209,0,0,0.0,0.0,0.0
15,อ่างทอง,Central,2026,6,Rainy/Monsoon,Q2,73,0,0,0.0,0.0,0.0
16,ลพบุรี,Central,2026,6,Rainy/Monsoon,Q2,121,0,0,0.0,0.0,0.0
17,สิงห์บุรี,Central,2026,6,Rainy/Monsoon,Q2,43,0,0,0.0,0.0,0.0
18,ชัยนาท,Central,2026,6,Rainy/Monsoon,Q2,53,0,0,0.0,0.0,0.0
19,สระบุรี,Central,2026,6,Rainy/Monsoon,Q2,109,0,1,0.0,0.009174311926605505,0.009174311926605505
20,ชลบุรี,East,2026,6,Rainy/Monsoon,Q2,93,0,0,0.0,0.0,0.0
21,ระยอง,East,2026,6,Rainy/Monsoon,Q2,56,0,0,0.0,0.0,0.0
22,จันทบุรี,East,2026,6,Rainy/Monsoon,Q2,76,0,0,0.0,0.0,0.0
23,ตราด,East,2026,6,Rainy/Monsoon,Q2,37,0,0,0.0,0.0,0.0
24,ฉะเชิงเทรา,East,2026,6,Rainy/Monsoon,Q2,93,0,0,0.0,0.0,0.0
25,ปราจีนบุรี,East,2026,6,Rainy/Monsoon,Q2,64,0,0,0.0,0.0,0.0
26,นครนายก,East,2026,6,Rainy/Monsoon,Q2,41,0,0,0.0,0.0,0.0
27,สระแก้ว,East,2026,6,Rainy/Monsoon,Q2,59,0,0,0.0,0.0,0.0
30,นครราชสีมา,Northeast,2026,6,Rainy/Monsoon,Q2,285,0,0,0.0,0.0,0.0
31,บุรีรัมย์,Northeast,2026,6,Rainy/Monsoon,Q2,189,0,0,0.0,0.0,0.0
32,สุรินทร์,Northeast,2026,6,Rainy/Monsoon,Q2,159,0,0,0.0,0.0,0.0
33,ศรีสะเกษ,Northeast,2026,6,Rainy/Monsoon,Q2,205,0,0,0.0,0.0,0.0
34,อุบลราชธานี,Northeast,2026,6,Rainy/Monsoon,Q2,218,0,0,0.0,0.0,0.0
35,ยโสธร,Northeast,2026,6,Rainy/Monsoon,Q2,79,0,0,0.0,0.0,0.0
36,ชัยภูมิ,Northeast,2026,6,Rainy/Monsoon,Q2,124,0,0,0.0,0.0,0.0
37,อำนาจเจริญ,Northeast,2026,6,Rainy/Monsoon,Q2,56,0,0,0.0,0.0,0.0
38,บึงกาฬ,Northeast,2026,6,Rainy/Monsoon,Q2,53,3,0,0.05660377358490566,0.0,0.05660377358490566
39,หนองบัวลำภู,Northeast,2026,6,Rainy/Monsoon,Q2,59,5,0,0.0847457627118644,0.0,0.0847457627118644
40,ขอนแก่น,Northeast,2026,6,Rainy/Monsoon,Q2,200,0,0,0.0,0.0,0.0
41,อุดรธานี,Northeast,2026,6,Rainy/Monsoon,Q2,155,0,0,0.0,0.0,0.0
42,เลย,Northeast,2026,6,Rainy/Monsoon,Q2,90,1,0,0.011111111111111112,0.0,0.011111111111111112
43,หนองคาย,Northeast,2026,6,Rainy/Monsoon,Q2,62,0,0,0.0,0.0,0.0
44,มหาสารคาม,Northeast,2026,6,Rainy/Monsoon,Q2,133,0,0,0.0,0.0,0.0
45,ร้อยเอ็ด,Northeast,2026,6,Rainy/Monsoon,Q2,193,0,0,0.0,0.0,0.0
46,กาฬสินธุ์,Northeast,2026,6,Rainy/Monsoon,Q2,135,0,0,0.0,0.0,0.0
47,สกลนคร,Northeast,2026,6,Rainy/Monsoon,Q2,125,0,0,0.0,0.0,0.0
48,นครพนม,Northeast,2026,6,Rainy/Monsoon,Q2,98,0,0,0.0,0.0,0.0
49,มุกดาหาร,Northeast,2026,6,Rainy/Monsoon,Q2,53,0,0,0.0,0.0,0.0
50,เชียงใหม่,North,2026,6,Rainy/Monsoon,Q2,204,19,34,0.09313725490196079,0.16666666666666666,0.25980392156862747
51,ลำพูน,North,2026,6,Rainy/Monsoon,Q2,51,16,7,0.3137254901960784,0.13725490196078433,0.45098039215686275
52,ลำปาง,North,2026,6,Rainy/Monsoon,Q2,96,3,12,0.03125,0.125,0.15625
53,อุตรดิตถ์,North,2026,6,Rainy/Monsoon,Q2,67,0,3,0.0,0.04477611940298507,0.04477611940298507
54,แพร่,North,2026,6,Rainy/Monsoon,Q2,78,0,0,0.0,0.0,0.0
55,น่าน,North,2026,6,Rainy/Monsoon,Q2,99,13,26,0.13131313131313133,0.26262626262626265,0.3939393939393939
56,พะเยา,North,2026,6,Rainy/Monsoon,Q2,68,5,21,0.07352941176470588,0.3088235294117647,0.38235294117647056
57,เชียงราย,North,2026,6,Rainy/Monsoon,Q2,123,0,0,0.0,0.0,0.0
58,แม่ฮ่องสอน,North,2026,6,Rainy/Monsoon,Q2,45,0,18,0.0,0.4,0.4
60,นครสวรรค์,Central,2026,6,Rainy/Monsoon,Q2,130,0,0,0.0,0.0,0.0
61,อุทัยธานี,Central,2026,6,Rainy/Monsoon,Q2,70,0,0,0.0,0.0,0.0
62,กำแพงเพชร,North,2026,6,Rainy/Monsoon,Q2,78,0,1,0.0,0.01282051282051282,0.01282051282051282
63,ตาก,North,2026,6,Rainy/Monsoon,Q2,60,7,28,0.11666666666666667,0.4666666666666667,0.5833333333333334
64,สุโขทัย,North,2026,6,Rainy/Monsoon,Q2,86,0,0,0.0,0.0,0.0
65,พิษณุโลก,North,2026,6,Rainy/Monsoon,Q2,93,0,0,0.0,0.0,0.0
66,พิจิตร,North,2026,6,Rainy/Monsoon,Q2,88,0,0,0.0,0.0,0.0
67,เพชรบูรณ์,North,2026,6,Rainy/Monsoon,Q2,116,0,0,0.0,0.0,0.0
70,ราชบุรี,Central,2026,6,Rainy/Monsoon,Q2,104,0,0,0.0,0.0,0.0
71,กาญจนบุรี,Central,2026,6,Rainy/Monsoon,Q2,96,0,0,0.0,0.0,0.0
72,สุพรรณบุรี,Central,2026,6,Rainy/Monsoon,Q2,110,0,0,0.0,0.0,0.0
73,นครปฐม,Central,2026,6,Rainy/Monsoon,Q2,106,0,0,0.0,0.0,0.0
74,สมุทรสาคร,Central,2026,6,Rainy/Monsoon,Q2,40,0,0,0.0,0.0,0.0
75,สมุทรสงคราม,Central,2026,6,Rainy/Monsoon,Q2,36,0,0,0.0,0.0,0.0
76,เพชรบุรี,South,2026,6,Rainy/Monsoon,Q2,93,0,0,0.0,0.0,0.0
77,ประจวบคีรีขันธ์,South,2026,6,Rainy/Monsoon,Q2,48,0,0,0.0,0.0,0.0
80,นครศรีธรรมราช,South,2026,6,Rainy/Monsoon,Q2,169,0,0,0.0,0.0,0.0
81,กระบี่,South,2026,6,Rainy/Monsoon,Q2,52,8,0,0.15384615384615385,0.0,0.15384615384615385
82,พังงา,South,2026,6,Rainy/Monsoon,Q2,48,1,13,0.020833333333333332,0.2708333333333333,0.2916666666666667
83,ภูเก็ต,South,2026,6,Rainy/Monsoon,Q2,17,4,4,0.23529411764705882,0.23529411764705882,0.47058823529411764
84,สุราษฎร์ธานี,South,2026,6,Rainy/Monsoon,Q2,131,0,0,0.0,0.0,0.0
85,ระนอง,South,2026,6,Rainy/Monsoon,Q2,30,1,3,0.03333333333333333,0.1,0.13333333333333333
86,ชุมพร,South,2026,6,Rainy/Monsoon,Q2,71,0,2,0.0,0.028169014084507043,0.028169014084507043
90,สงขลา,South,2026,6,Rainy/Monsoon,Q2,127,0,0,0.0,0.0,0.0
91,สตูล,South,2026,6,Rainy/Monsoon,Q2,36,1,0,0.027777777777777776,0.0,0.027777777777777776
92,ตรัง,South,2026,6,Rainy/Monsoon,Q2,87,3,0,0.034482758620689655,0.0,0.034482758620689655
93,พัทลุง,South,2026,6,Rainy/Monsoon,Q2,65,0,0,0.0,0.0,0.0
94,ปัตตานี,South,2026,6,Rainy/Monsoon,Q2,115,0,0,0.0,0.0,0.0
95,ยะลา,South,2026,6,Rainy/Monsoon,Q2,58,0,0,0.0,0.0,0.0
96,นราธิวาส,South,2026,6,Rainy/Monsoon,Q2,77,0,0,0.0,0.0,0.0
10,กรุงเทพมหานคร,Central,2026,7,Rainy/Monsoon,Q3,160,0,0,0.0,0.0,0.0
11,สมุทรปราการ,Central,2026,7,Rainy/Monsoon,Q3,50,0,0,0.0,0.0,0.0
12,นนทบุรี,Central,2026,7,Rainy/Monsoon,Q3,52,0,0,0.0,0.0,0.0
13,ปทุมธานี,Central,2026,7,Rainy/Monsoon,Q3,60,0,0,0.0,0.0,0.0
14,พระนครศรีอยุธยา,Central,2026,7,Rainy/Monsoon,Q3,209,0,0,0.0,0.0,0.0
15,อ่างทอง,Central,2026,7,Rainy/Monsoon,Q3,73,0,0,0.0,0.0,0.0
16,ลพบุรี,Central,2026,7,Rainy/Monsoon,Q3,121,0,0,0.0,0.0,0.0
17,สิงห์บุรี,Central,2026,7,Rainy/Monsoon,Q3,43,0,0,0.0,0.0,0.0
18,ชัยนาท,Central,2026,7,Rainy/Monsoon,Q3,53,0,0,0.0,0.0,0.0
19,สระบุรี,Central,2026,7,Rainy/Monsoon,Q3,109,1,0,0.009174311926605505,0.0,0.009174311926605505
20,ชลบุรี,East,2026,7,Rainy/Monsoon,Q3,93,0,0,0.0,0.0,0.0
21,ระยอง,East,2026,7,Rainy/Monsoon,Q3,56,0,0,0.0,0.0,0.0
22,จันทบุรี,East,2026,7,Rainy/Monsoon,Q3,76,0,0,0.0,0.0,0.0
23,ตราด,East,2026,7,Rainy/Monsoon,Q3,37,11,7,0.2972972972972973,0.1891891891891892,0.4864864864864865
24,ฉะเชิงเทรา,East,2026,7,Rainy/Monsoon,Q3,93,0,0,0.0,0.0,0.0
25,ปราจีนบุรี,East,2026,7,Rainy/Monsoon,Q3,64,0,0,0.0,0.0,0.0
26,นครนายก,East,2026,7,Rainy/Monsoon,Q3,41,0,0,0.0,0.0,0.0
27,สระแก้ว,East,2026,7,Rainy/Monsoon,Q3,59,0,0,0.0,0.0,0.0
30,นครราชสีมา,Northeast,2026,7,Rainy/Monsoon,Q3,285,0,3,0.0,0.010526315789473684,0.010526315789473684
31,บุรีรัมย์,Northeast,2026,7,Rainy/Monsoon,Q3,189,0,0,0.0,0.0,0.0
32,สุรินทร์,Northeast,2026,7,Rainy/Monsoon,Q3,159,8,0,0.050314465408805034,0.0,0.050314465408805034
33,ศรีสะเกษ,Northeast,2026,7,Rainy/Monsoon,Q3,205,115,6,0.5609756097560976,0.02926829268292683,0.5902439024390244
34,อุบลราชธานี,Northeast,2026,7,Rainy/Monsoon,Q3,218,66,2,0.30275229357798167,0.009174311926605505,0.3119266055045872
35,ยโสธร,Northeast,2026,7,Rainy/Monsoon,Q3,79,0,0,0.0,0.0,0.0
36,ชัยภูมิ,Northeast,2026,7,Rainy/Monsoon,Q3,124,0,0,0.0,0.0,0.0
37,อำนาจเจริญ,Northeast,2026,7,Rainy/Monsoon,Q3,56,4,0,0.07142857142857142,0.0,0.07142857142857142
38,บึงกาฬ,Northeast,2026,7,Rainy/Monsoon,Q3,53,43,2,0.8113207547169812,0.03773584905660377,0.8490566037735849
39,หนองบัวลำภู,Northeast,2026,7,Rainy/Monsoon,Q3,59,0,0,0.0,0.0,0.0
40,ขอนแก่น,Northeast,2026,7,Rainy/Monsoon,Q3,200,0,0,0.0,0.0,0.0
41,อุดรธานี,Northeast,2026,7,Rainy/Monsoon,Q3,155,5,0,0.03225806451612903,0.0,0.03225806451612903
42,เลย,Northeast,2026,7,Rainy/Monsoon,Q3,90,0,0,0.0,0.0,0.0
43,หนองคาย,Northeast,2026,7,Rainy/Monsoon,Q3,62,9,0,0.14516129032258066,0.0,0.14516129032258066
44,มหาสารคาม,Northeast,2026,7,Rainy/Monsoon,Q3,133,0,0,0.0,0.0,0.0
45,ร้อยเอ็ด,Northeast,2026,7,Rainy/Monsoon,Q3,193,0,0,0.0,0.0,0.0
46,กาฬสินธุ์,Northeast,2026,7,Rainy/Monsoon,Q3,135,0,1,0.0,0.007407407407407408,0.007407407407407408
47,สกลนคร,Northeast,2026,7,Rainy/Monsoon,Q3,125,65,0,0.52,0.0,0.52
48,นครพนม,Northeast,2026,7,Rainy/Monsoon,Q3,98,51,0,0.5204081632653061,0.0,0.5204081632653061
49,มุกดาหาร,Northeast,2026,7,Rainy/Monsoon,Q3,53,13,0,0.24528301886792453,0.0,0.24528301886792453
50,เชียงใหม่,North,2026,7,Rainy/Monsoon,Q3,204,0,7,0.0,0.03431372549019608,0.03431372549019608
51,ลำพูน,North,2026,7,Rainy/Monsoon,Q3,51,0,0,0.0,0.0,0.0
52,ลำปาง,North,2026,7,Rainy/Monsoon,Q3,96,0,0,0.0,0.0,0.0
53,อุตรดิตถ์,North,2026,7,Rainy/Monsoon,Q3,67,0,0,0.0,0.0,0.0
54,แพร่,North,2026,7,Rainy/Monsoon,Q3,78,0,0,0.0,0.0,0.0
55,น่าน,North,2026,7,Rainy/Monsoon,Q3,99,0,13,0.0,0.13131313131313133,0.13131313131313133
56,พะเยา,North,2026,7,Rainy/Monsoon,Q3,68,0,1,0.0,0.014705882352941176,0.014705882352941176
57,เชียงราย,North,2026,7,Rainy/Monsoon,Q3,123,3,31,0.024390243902439025,0.25203252032520324,0.2764227642276423
58,แม่ฮ่องสอน,North,2026,7,Rainy/Monsoon,Q3,45,0,10,0.0,0.2222222222222222,0.2222222222222222
60,นครสวรรค์,Central,2026,7,Rainy/Monsoon,Q3,130,0,0,0.0,0.0,0.0
61,อุทัยธานี,Central,2026,7,Rainy/Monsoon,Q3,70,0,0,0.0,0.0,0.0
62,กำแพงเพชร,North,2026,7,Rainy/Monsoon,Q3,78,0,0,0.0,0.0,0.0
63,ตาก,North,2026,7,Rainy/Monsoon,Q3,60,5,23,0.08333333333333333,0.38333333333333336,0.4666666666666667
64,สุโขทัย,North,2026,7,Rainy/Monsoon,Q3,86,0,0,0.0,0.0,0.0
65,พิษณุโลก,North,2026,7,Rainy/Monsoon,Q3,93,2,4,0.021505376344086023,0.043010752688172046,0.06451612903225806
66,พิจิตร,North,2026,7,Rainy/Monsoon,Q3,88,0,0,0.0,0.0,0.0
67,เพชรบูรณ์,North,2026,7,Rainy/Monsoon,Q3,116,0,0,0.0,0.0,0.0
70,ราชบุรี,Central,2026,7,Rainy/Monsoon,Q3,104,0,0,0.0,0.0,0.0
71,กาญจนบุรี,Central,2026,7,Rainy/Monsoon,Q3,96,0,6,0.0,0.0625,0.0625
72,สุพรรณบุรี,Central,2026,7,Rainy/Monsoon,Q3,110,0,0,0.0,0.0,0.0
73,นครปฐม,Central,2026,7,Rainy/Monsoon,Q3,106,0,0,0.0,0.0,0.0
74,สมุทรสาคร,Central,2026,7,Rainy/Monsoon,Q3,40,0,0,0.0,0.0,0.0
75,สมุทรสงคราม,Central,2026,7,Rainy/Monsoon,Q3,36,0,0,0.0,0.0,0.0
76,เพชรบุรี,South,2026,7,Rainy/Monsoon,Q3,93,0,0,0.0,0.0,0.0
77,ประจวบคีรีขันธ์,South,2026,7,Rainy/Monsoon,Q3,48,0,0,0.0,0.0,0.0
80,นครศรีธรรมราช,South,2026,7,Rainy/Monsoon,Q3,169,0,0,0.0,0.0,0.0
81,กระบี่,South,2026,7,Rainy/Monsoon,Q3,52,0,0,0.0,0.0,0.0
82,พังงา,South,2026,7,Rainy/Monsoon,Q3,48,0,2,0.0,0.041666666666666664,0.041666666666666664
83,ภูเก็ต,South,2026,7,Rainy/Monsoon,Q3,17,0,0,0.0,0.0,0.0
84,สุราษฎร์ธานี,South,2026,7,Rainy/Monsoon,Q3,131,0,0,0.0,0.0,0.0
85,ระนอง,South,2026,7,Rainy/Monsoon,Q3,30,1,13,0.03333333333333333,0.43333333333333335,0.4666666666666667
86,ชุมพร,South,2026,7,Rainy/Monsoon,Q3,71,7,12,0.09859154929577464,0.16901408450704225,0.2676056338028169
90,สงขลา,South,2026,7,Rainy/Monsoon,Q3,127,0,0,0.0,0.0,0.0
91,สตูล,South,2026,7,Rainy/Monsoon,Q3,36,0,0,0.0,0.0,0.0
92,ตรัง,South,2026,7,Rainy/Monsoon,Q3,87,0,0,0.0,0.0,0.0
93,พัทลุง,South,2026,7,Rainy/Monsoon,Q3,65,0,0,0.0,0.0,0.0
94,ปัตตานี,South,2026,7,Rainy/Monsoon,Q3,115,0,0,0.0,0.0,0.0
95,ยะลา,South,2026,7,Rainy/Monsoon,Q3,58,0,0,0.0,0.0,0.0
96,นราธิวาส,South,2026,7,Rainy/Monsoon,Q3,77,0,0,0.0,0.0,0.0
10,กรุงเทพมหานคร,Central,2026,8,Rainy/Monsoon,Q3,160,0,0,0.0,0.0,0.0
11,สมุทรปราการ,Central,2026,8,Rainy/Monsoon,Q3,50,0,0,0.0,0.0,0.0
12,นนทบุรี,Central,2026,8,Rainy/Monsoon,Q3,52,0,0,0.0,0.0,0.0
13,ปทุมธานี,Central,2026,8,Rainy/Monsoon,Q3,60,0,0,0.0,0.0,0.0
14,พระนครศรีอยุธยา,Central,2026,8,Rainy/Monsoon,Q3,209,0,0,0.0,0.0,0.0
15,อ่างทอง,Central,2026,8,Rainy/Monsoon,Q3,73,0,0,0.0,0.0,0.0
16,ลพบุรี,Central,2026,8,Rainy/Monsoon,Q3,121,5,2,0.04132231404958678,0.01652892561983471,0.05785123966942149
17,สิงห์บุรี,Central,2026,8,Rainy/Monsoon,Q3,43,0,0,0.0,0.0,0.0
18,ชัยนาท,Central,2026,8,Rainy/Monsoon,Q3,53,0,0,0.0,0.0,0.0
19,สระบุรี,Central,2026,8,Rainy/Monsoon,Q3,109,1,6,0.009174311926605505,0.05504587155963303,0.06422018348623854
20,ชลบุรี,East,2026,8,Rainy/Monsoon,Q3,93,0,0,0.0,0.0,0.0
21,ระยอง,East,2026,8,Rainy/Monsoon,Q3,56,0,0,0.0,0.0,0.0
22,จันทบุรี,East,2026,8,Rainy/Monsoon,Q3,76,1,5,0.013157894736842105,0.06578947368421052,0.07894736842105263
23,ตราด,East,2026,8,Rainy/Monsoon,Q3,37,11,11,0.2972972972972973,0.2972972972972973,0.5945945945945946
24,ฉะเชิงเทรา,East,2026,8,Rainy/Monsoon,Q3,93,1,0,0.010752688172043012,0.0,0.010752688172043012
25,ปราจีนบุรี,East,2026,8,Rainy/Monsoon,Q3,64,4,1,0.0625,0.015625,0.078125
26,นครนายก,East,2026,8,Rainy/Monsoon,Q3,41,1,3,0.024390243902439025,0.07317073170731707,0.0975609756097561
27,สระแก้ว,East,2026,8,Rainy/Monsoon,Q3,59,1,0,0.01694915254237288,0.0,0.01694915254237288
30,นครราชสีมา,Northeast,2026,8,Rainy/Monsoon,Q3,285,17,0,0.05964912280701754,0.0,0.05964912280701754
31,บุรีรัมย์,Northeast,2026,8,Rainy/Monsoon,Q3,189,0,0,0.0,0.0,0.0
32,สุรินทร์,Northeast,2026,8,Rainy/Monsoon,Q3,159,26,0,0.16352201257861634,0.0,0.16352201257861634
33,ศรีสะเกษ,Northeast,2026,8,Rainy/Monsoon,Q3,205,87,5,0.424390243902439,0.024390243902439025,0.44878048780487806
34,อุบลราชธานี,Northeast,2026,8,Rainy/Monsoon,Q3,218,76,3,0.3486238532110092,0.013761467889908258,0.3623853211009174
35,ยโสธร,Northeast,2026,8,Rainy/Monsoon,Q3,79,34,0,0.43037974683544306,0.0,0.43037974683544306
36,ชัยภูมิ,Northeast,2026,8,Rainy/Monsoon,Q3,124,0,0,0.0,0.0,0.0
37,อำนาจเจริญ,Northeast,2026,8,Rainy/Monsoon,Q3,56,14,0,0.25,0.0,0.25
38,บึงกาฬ,Northeast,2026,8,Rainy/Monsoon,Q3,53,46,6,0.8679245283018868,0.11320754716981132,0.9811320754716981
39,หนองบัวลำภู,Northeast,2026,8,Rainy/Monsoon,Q3,59,0,0,0.0,0.0,0.0
40,ขอนแก่น,Northeast,2026,8,Rainy/Monsoon,Q3,200,0,0,0.0,0.0,0.0
41,อุดรธานี,Northeast,2026,8,Rainy/Monsoon,Q3,155,11,0,0.07096774193548387,0.0,0.07096774193548387
42,เลย,Northeast,2026,8,Rainy/Monsoon,Q3,90,0,0,0.0,0.0,0.0
43,หนองคาย,Northeast,2026,8,Rainy/Monsoon,Q3,62,26,1,0.41935483870967744,0.016129032258064516,0.43548387096774194
44,มหาสารคาม,Northeast,2026,8,Rainy/Monsoon,Q3,133,1,0,0.007518796992481203,0.0,0.007518796992481203
45,ร้อยเอ็ด,Northeast,2026,8,Rainy/Monsoon,Q3,193,121,0,0.6269430051813472,0.0,0.6269430051813472
46,กาฬสินธุ์,Northeast,2026,8,Rainy/Monsoon,Q3,135,32,1,0.23703703703703705,0.007407407407407408,0.24444444444444444
47,สกลนคร,Northeast,2026,8,Rainy/Monsoon,Q3,125,43,0,0.344,0.0,0.344
48,นครพนม,Northeast,2026,8,Rainy/Monsoon,Q3,98,49,0,0.5,0.0,0.5
49,มุกดาหาร,Northeast,2026,8,Rainy/Monsoon,Q3,53,0,0,0.0,0.0,0.0
50,เชียงใหม่,North,2026,8,Rainy/Monsoon,Q3,204,3,33,0.014705882352941176,0.16176470588235295,0.17647058823529413
51,ลำพูน,North,2026,8,Rainy/Monsoon,Q3,51,0,0,0.0,0.0,0.0
52,ลำปาง,North,2026,8,Rainy/Monsoon,Q3,96,3,6,0.03125,0.0625,0.09375
53,อุตรดิตถ์,North,2026,8,Rainy/Monsoon,Q3,67,7,6,0.1044776119402985,0.08955223880597014,0.19402985074626866
54,แพร่,North,2026,8,Rainy/Monsoon,Q3,78,5,10,0.0641025641025641,0.1282051282051282,0.19230769230769232
55,น่าน,North,2026,8,Rainy/Monsoon,Q3,99,12,50,0.12121212121212122,0.5050505050505051,0.6262626262626263
56,พะเยา,North,2026,8,Rainy/Monsoon,Q3,68,7,14,0.10294117647058823,0.20588235294117646,0.3088235294117647
57,เชียงราย,North,2026,8,Rainy/Monsoon,Q3,123,5,30,0.04065040650406504,0.24390243902439024,0.2845528455284553
58,แม่ฮ่องสอน,North,2026,8,Rainy/Monsoon,Q3,45,0,37,0.0,0.8222222222222222,0.8222222222222222
60,นครสวรรค์,Central,2026,8,Rainy/Monsoon,Q3,130,0,0,0.0,0.0,0.0
61,อุทัยธานี,Central,2026,8,Rainy/Monsoon,Q3,70,0,0,0.0,0.0,0.0
62,กำแพงเพชร,North,2026,8,Rainy/Monsoon,Q3,78,0,0,0.0,0.0,0.0
63,ตาก,North,2026,8,Rainy/Monsoon,Q3,60,3,16,0.05,0.26666666666666666,0.31666666666666665
64,สุโขทัย,North,2026,8,Rainy/Monsoon,Q3,86,15,0,0.1744186046511628,0.0,0.1744186046511628
65,พิษณุโลก,North,2026,8,Rainy/Monsoon,Q3,93,2,3,0.021505376344086023,0.03225806451612903,0.053763440860215055
66,พิจิตร,North,2026,8,Rainy/Monsoon,Q3,88,3,0,0.03409090909090909,0.0,0.03409090909090909
67,เพชรบูรณ์,North,2026,8,Rainy/Monsoon,Q3,116,4,14,0.034482758620689655,0.1206896551724138,0.15517241379310345
70,ราชบุรี,Central,2026,8,Rainy/Monsoon,Q3,104,0,0,0.0,0.0,0.0
71,กาญจนบุรี,Central,2026,8,Rainy/Monsoon,Q3,96,0,2,0.0,0.020833333333333332,0.020833333333333332
72,สุพรรณบุรี,Central,2026,8,Rainy/Monsoon,Q3,110,0,0,0.0,0.0,0.0
73,นครปฐม,Central,2026,8,Rainy/Monsoon,Q3,106,0,0,0.0,0.0,0.0
74,สมุทรสาคร,Central,2026,8,Rainy/Monsoon,Q3,40,0,0,0.0,0.0,0.0
75,สมุทรสงคราม,Central,2026,8,Rainy/Monsoon,Q3,36,0,0,0.0,0.0,0.0
76,เพชรบุรี,South,2026,8,Rainy/Monsoon,Q3,93,0,0,0.0,0.0,0.0
77,ประจวบคีรีขันธ์,South,2026,8,Rainy/Monsoon,Q3,48,0,0,0.0,0.0,0.0
80,นครศรีธรรมราช,South,2026,8,Rainy/Monsoon,Q3,169,0,0,0.0,0.0,0.0
81,กระบี่,South,2026,8,Rainy/Monsoon,Q3,52,0,0,0.0,0.0,0.0
82,พังงา,South,2026,8,Rainy/Monsoon,Q3,48,2,4,0.041666666666666664,0.08333333333333333,0.125
83,ภูเก็ต,South,2026,8,Rainy/Monsoon,Q3,17,1,1,0.058823529411764705,0.058823529411764705,0.11764705882352941
84,สุราษฎร์ธานี,South,2026,8,Rainy/Monsoon,Q3,131,0,0,0.0,0.0,0.0
85,ระนอง,South,2026,8,Rainy/Monsoon,Q3,30,2,18,0.06666666666666667,0.6,0.6666666666666666
86,ชุมพร,South,2026,8,Rainy/Monsoon,Q3,71,14,14,0.19718309859154928,0.19718309859154928,0.39436619718309857
90,สงขลา,South,2026,8,Rainy/Monsoon,Q3,127,0,0,0.0,0.0,0.0
91,สตูล,South,2026,8,Rainy/Monsoon,Q3,36,1,0,0.027777777777777776,0.0,0.027777777777777776
92,ตรัง,South,2026,8,Rainy/Monsoon,Q3,87,0,0,0.0,0.0,0.0
93,พัทลุง,South,2026,8,Rainy/Monsoon,Q3,65,0,0,0.0,0.0,0.0
94,ปัตตานี,South,2026,8,Rainy/Monsoon,Q3,115,0,0,0.0,0.0,0.0
95,ยะลา,South,2026,8,Rainy/Monsoon,Q3,58,0,0,0.0,0.0,0.0
96,นราธิวาส,South,2026,8,Rainy/Monsoon,Q3,77,0,0,0.0,0.0,0.0
10,กรุงเทพมหานคร,Central,2026,9,Rainy/Monsoon,Q3,160,0,0,0.0,0.0,0.0
11,สมุทรปราการ,Central,2026,9,Rainy/Monsoon,Q3,50,0,0,0.0,0.0,0.0
12,นนทบุรี,Central,2026,9,Rainy/Monsoon,Q3,52,0,0,0.0,0.0,0.0
13,ปทุมธานี,Central,2026,9,Rainy/Monsoon,Q3,60,0,0,0.0,0.0,0.0
14,พระนครศรีอยุธยา,Central,2026,9,Rainy/Monsoon,Q3,209,64,0,0.3062200956937799,0.0,0.3062200956937799
15,อ่างทอง,Central,2026,9,Rainy/Monsoon,Q3,73,32,0,0.4383561643835616,0.0,0.4383561643835616
16,ลพบุรี,Central,2026,9,Rainy/Monsoon,Q3,121,24,1,0.19834710743801653,0.008264462809917356,0.2066115702479339
17,สิงห์บุรี,Central,2026,9,Rainy/Monsoon,Q3,43,5,0,0.11627906976744186,0.0,0.11627906976744186
18,ชัยนาท,Central,2026,9,Rainy/Monsoon,Q3,53,11,0,0.20754716981132076,0.0,0.20754716981132076
19,สระบุรี,Central,2026,9,Rainy/Monsoon,Q3,109,21,12,0.1926605504587156,0.11009174311926606,0.30275229357798167
20,ชลบุรี,East,2026,9,Rainy/Monsoon,Q3,93,1,0,0.010752688172043012,0.0,0.010752688172043012
21,ระยอง,East,2026,9,Rainy/Monsoon,Q3,56,0,0,0.0,0.0,0.0
22,จันทบุรี,East,2026,9,Rainy/Monsoon,Q3,76,1,2,0.013157894736842105,0.02631578947368421,0.039473684210526314
23,ตราด,East,2026,9,Rainy/Monsoon,Q3,37,3,3,0.08108108108108109,0.08108108108108109,0.16216216216216217
24,ฉะเชิงเทรา,East,2026,9,Rainy/Monsoon,Q3,93,15,0,0.16129032258064516,0.0,0.16129032258064516
25,ปราจีนบุรี,East,2026,9,Rainy/Monsoon,Q3,64,36,1,0.5625,0.015625,0.578125
26,นครนายก,East,2026,9,Rainy/Monsoon,Q3,41,3,0,0.07317073170731707,0.0,0.07317073170731707
27,สระแก้ว,East,2026,9,Rainy/Monsoon,Q3,59,6,0,0.1016949152542373,0.0,0.1016949152542373
30,นครราชสีมา,Northeast,2026,9,Rainy/Monsoon,Q3,285,83,6,0.2912280701754386,0.021052631578947368,0.312280701754386
31,บุรีรัมย์,Northeast,2026,9,Rainy/Monsoon,Q3,189,10,0,0.05291005291005291,0.0,0.05291005291005291
32,สุรินทร์,Northeast,2026,9,Rainy/Monsoon,Q3,159,86,0,0.5408805031446541,0.0,0.5408805031446541
33,ศรีสะเกษ,Northeast,2026,9,Rainy/Monsoon,Q3,205,136,6,0.6634146341463415,0.02926829268292683,0.6926829268292682
34,อุบลราชธานี,Northeast,2026,9,Rainy/Monsoon,Q3,218,103,1,0.4724770642201835,0.0045871559633027525,0.47706422018348627
35,ยโสธร,Northeast,2026,9,Rainy/Monsoon,Q3,79,21,0,0.26582278481012656,0.0,0.26582278481012656
36,ชัยภูมิ,Northeast,2026,9,Rainy/Monsoon,Q3,124,47,1,0.3790322580645161,0.008064516129032258,0.3870967741935484
37,อำนาจเจริญ,Northeast,2026,9,Rainy/Monsoon,Q3,56,7,0,0.125,0.0,0.125
38,บึงกาฬ,Northeast,2026,9,Rainy/Monsoon,Q3,53,11,5,0.20754716981132076,0.09433962264150944,0.3018867924528302
39,หนองบัวลำภู,Northeast,2026,9,Rainy/Monsoon,Q3,59,0,0,0.0,0.0,0.0
40,ขอนแก่น,Northeast,2026,9,Rainy/Monsoon,Q3,200,24,0,0.12,0.0,0.12
41,อุดรธานี,Northeast,2026,9,Rainy/Monsoon,Q3,155,26,0,0.16774193548387098,0.0,0.16774193548387098
42,เลย,Northeast,2026,9,Rainy/Monsoon,Q3,90,0,2,0.0,0.022222222222222223,0.022222222222222223
43,หนองคาย,Northeast,2026,9,Rainy/Monsoon,Q3,62,31,0,0.5,0.0,0.5
44,มหาสารคาม,Northeast,2026,9,Rainy/Monsoon,Q3,133,2,0,0.015037593984962405,0.0,0.015037593984962405
45,ร้อยเอ็ด,Northeast,2026,9,Rainy/Monsoon,Q3,193,27,0,0.13989637305699482,0.0,0.13989637305699482
46,กาฬสินธุ์,Northeast,2026,9,Rainy/Monsoon,Q3,135,7,0,0.05185185185185185,0.0,0.05185185185185185
47,สกลนคร,Northeast,2026,9,Rainy/Monsoon,Q3,125,37,0,0.296,0.0,0.296
48,นครพนม,Northeast,2026,9,Rainy/Monsoon,Q3,98,28,0,0.2857142857142857,0.0,0.2857142857142857
49,มุกดาหาร,Northeast,2026,9,Rainy/Monsoon,Q3,53,0,0,0.0,0.0,0.0
50,เชียงใหม่,North,2026,9,Rainy/Monsoon,Q3,204,9,31,0.04411764705882353,0.15196078431372548,0.19607843137254902
51,ลำพูน,North,2026,9,Rainy/Monsoon,Q3,51,1,1,0.0196078431372549,0.0196078431372549,0.0392156862745098
52,ลำปาง,North,2026,9,Rainy/Monsoon,Q3,96,4,14,0.041666666666666664,0.14583333333333334,0.1875
53,อุตรดิตถ์,North,2026,9,Rainy/Monsoon,Q3,67,12,1,0.1791044776119403,0.014925373134328358,0.19402985074626866
54,แพร่,North,2026,9,Rainy/Monsoon,Q3,78,0,1,0.0,0.01282051282051282,0.01282051282051282
55,น่าน,North,2026,9,Rainy/Monsoon,Q3,99,0,2,0.0,0.020202020202020204,0.020202020202020204
56,พะเยา,North,2026,9,Rainy/Monsoon,Q3,68,1,6,0.014705882352941176,0.08823529411764706,0.10294117647058823
57,เชียงราย,North,2026,9,Rainy/Monsoon,Q3,123,0,9,0.0,0.07317073170731707,0.07317073170731707
58,แม่ฮ่องสอน,North,2026,9,Rainy/Monsoon,Q3,45,0,0,0.0,0.0,0.0
60,นครสวรรค์,Central,2026,9,Rainy/Monsoon,Q3,130,56,0,0.4307692307692308,0.0,0.4307692307692308
61,อุทัยธานี,Central,2026,9,Rainy/Monsoon,Q3,70,0,0,0.0,0.0,0.0
62,กำแพงเพชร,North,2026,9,Rainy/Monsoon,Q3,78,11,1,0.14102564102564102,0.01282051282051282,0.15384615384615385
63,ตาก,North,2026,9,Rainy/Monsoon,Q3,60,5,12,0.08333333333333333,0.2,0.2833333333333333
64,สุโขทัย,North,2026,9,Rainy/Monsoon,Q3,86,47,2,0.5465116279069767,0.023255813953488372,0.5697674418604651
65,พิษณุโลก,North,2026,9,Rainy/Monsoon,Q3,93,51,12,0.5483870967741935,0.12903225806451613,0.6774193548387096
66,พิจิตร,North,2026,9,Rainy/Monsoon,Q3,88,61,0,0.6931818181818182,0.0,0.6931818181818182
67,เพชรบูรณ์,North,2026,9,Rainy/Monsoon,Q3,116,27,26,0.23275862068965517,0.22413793103448276,0.45689655172413796
70,ราชบุรี,Central,2026,9,Rainy/Monsoon,Q3,104,0,0,0.0,0.0,0.0
71,กาญจนบุรี,Central,2026,9,Rainy/Monsoon,Q3,96,1,0,0.010416666666666666,0.0,0.010416666666666666
72,สุพรรณบุรี,Central,2026,9,Rainy/Monsoon,Q3,110,42,0,0.38181818181818183,0.0,0.38181818181818183
73,นครปฐม,Central,2026,9,Rainy/Monsoon,Q3,106,2,0,0.018867924528301886,0.0,0.018867924528301886
74,สมุทรสาคร,Central,2026,9,Rainy/Monsoon,Q3,40,0,0,0.0,0.0,0.0
75,สมุทรสงคราม,Central,2026,9,Rainy/Monsoon,Q3,36,0,0,0.0,0.0,0.0
76,เพชรบุรี,South,2026,9,Rainy/Monsoon,Q3,93,0,0,0.0,0.0,0.0
77,ประจวบคีรีขันธ์,South,2026,9,Rainy/Monsoon,Q3,48,0,0,0.0,0.0,0.0
80,นครศรีธรรมราช,South,2026,9,Rainy/Monsoon,Q3,169,0,0,0.0,0.0,0.0
81,กระบี่,South,2026,9,Rainy/Monsoon,Q3,52,0,0,0.0,0.0,0.0
82,พังงา,South,2026,9,Rainy/Monsoon,Q3,48,0,2,0.0,0.041666666666666664,0.041666666666666664
83,ภูเก็ต,South,2026,9,Rainy/Monsoon,Q3,17,0,0,0.0,0.0,0.0
84,สุราษฎร์ธานี,South,2026,9,Rainy/Monsoon,Q3,131,0,0,0.0,0.0,0.0
85,ระนอง,South,2026,9,Rainy/Monsoon,Q3,30,1,6,0.03333333333333333,0.2,0.23333333333333334
86,ชุมพร,South,2026,9,Rainy/Monsoon,Q3,71,7,9,0.09859154929577464,0.1267605633802817,0.22535211267605634
90,สงขลา,South,2026,9,Rainy/Monsoon,Q3,127,0,0,0.0,0.0,0.0
91,สตูล,South,2026,9,Rainy/Monsoon,Q3,36,5,1,0.1388888888888889,0.027777777777777776,0.16666666666666666
92,ตรัง,South,2026,9,Rainy/Monsoon,Q3,87,1,0,0.011494252873563218,0.0,0.011494252873563218
93,พัทลุง,South,2026,9,Rainy/Monsoon,Q3,65,0,0,0.0,0.0,0.0
94,ปัตตานี,South,2026,9,Rainy/Monsoon,Q3,115,0,0,0.0,0.0,0.0
95,ยะลา,South,2026,9,Rainy/Monsoon,Q3,58,0,0,0.0,0.0,0.0
96,นราธิวาส,South,2026,9,Rainy/Monsoon,Q3,77,0,0,0.0,0.0,0.0
10,กรุงเทพมหานคร,Central,2026,10,Rainy/Monsoon,Q4,160,0,0,0.0,0.0,0.0
11,สมุทรปราการ,Central,2026,10,Rainy/Monsoon,Q4,50,0,0,0.0,0.0,0.0
12,นนทบุรี,Central,2026,10,Rainy/Monsoon,Q4,52,0,0,0.0,0.0,0.0
13,ปทุมธานี,Central,2026,10,Rainy/Monsoon,Q4,60,1,0,0.016666666666666666,0.0,0.016666666666666666
14,พระนครศรีอยุธยา,Central,2026,10,Rainy/Monsoon,Q4,209,154,0,0.7368421052631579,0.0,0.7368421052631579
15,อ่างทอง,Central,2026,10,Rainy/Monsoon,Q4,73,58,0,0.7945205479452054,0.0,0.7945205479452054
16,ลพบุรี,Central,2026,10,Rainy/Monsoon,Q4,121,34,0,0.2809917355371901,0.0,0.2809917355371901
17,สิงห์บุรี,Central,2026,10,Rainy/Monsoon,Q4,43,26,0,0.6046511627906976,0.0,0.6046511627906976
18,ชัยนาท,Central,2026,10,Rainy/Monsoon,Q4,53,22,0,0.41509433962264153,0.0,0.41509433962264153
19,สระบุรี,Central,2026,10,Rainy/Monsoon,Q4,109,10,0,0.09174311926605505,0.0,0.09174311926605505
20,ชลบุรี,East,2026,10,Rainy/Monsoon,Q4,93,0,0,0.0,0.0,0.0
21,ระยอง,East,2026,10,Rainy/Monsoon,Q4,56,0,0,0.0,0.0,0.0
22,จันทบุรี,East,2026,10,Rainy/Monsoon,Q4,76,0,0,0.0,0.0,0.0
23,ตราด,East,2026,10,Rainy/Monsoon,Q4,37,0,0,0.0,0.0,0.0
24,ฉะเชิงเทรา,East,2026,10,Rainy/Monsoon,Q4,93,18,0,0.1935483870967742,0.0,0.1935483870967742
25,ปราจีนบุรี,East,2026,10,Rainy/Monsoon,Q4,64,28,1,0.4375,0.015625,0.453125
26,นครนายก,East,2026,10,Rainy/Monsoon,Q4,41,10,1,0.24390243902439024,0.024390243902439025,0.2682926829268293
27,สระแก้ว,East,2026,10,Rainy/Monsoon,Q4,59,0,0,0.0,0.0,0.0
30,นครราชสีมา,Northeast,2026,10,Rainy/Monsoon,Q4,285,43,0,0.15087719298245614,0.0,0.15087719298245614
31,บุรีรัมย์,Northeast,2026,10,Rainy/Monsoon,Q4,189,19,0,0.10052910052910052,0.0,0.10052910052910052
32,สุรินทร์,Northeast,2026,10,Rainy/Monsoon,Q4,159,24,0,0.1509433962264151,0.0,0.1509433962264151
33,ศรีสะเกษ,Northeast,2026,10,Rainy/Monsoon,Q4,205,45,1,0.21951219512195122,0.004878048780487805,0.22439024390243903
34,อุบลราชธานี,Northeast,2026,10,Rainy/Monsoon,Q4,218,30,0,0.13761467889908258,0.0,0.13761467889908258
35,ยโสธร,Northeast,2026,10,Rainy/Monsoon,Q4,79,22,0,0.27848101265822783,0.0,0.27848101265822783
36,ชัยภูมิ,Northeast,2026,10,Rainy/Monsoon,Q4,124,25,1,0.20161290322580644,0.008064516129032258,0.20967741935483872
37,อำนาจเจริญ,Northeast,2026,10,Rainy/Monsoon,Q4,56,4,0,0.07142857142857142,0.0,0.07142857142857142
38,บึงกาฬ,Northeast,2026,10,Rainy/Monsoon,Q4,53,5,3,0.09433962264150944,0.05660377358490566,0.1509433962264151
39,หนองบัวลำภู,Northeast,2026,10,Rainy/Monsoon,Q4,59,0,1,0.0,0.01694915254237288,0.01694915254237288
40,ขอนแก่น,Northeast,2026,10,Rainy/Monsoon,Q4,200,30,0,0.15,0.0,0.15
41,อุดรธานี,Northeast,2026,10,Rainy/Monsoon,Q4,155,17,0,0.10967741935483871,0.0,0.10967741935483871
42,เลย,Northeast,2026,10,Rainy/Monsoon,Q4,90,0,0,0.0,0.0,0.0
43,หนองคาย,Northeast,2026,10,Rainy/Monsoon,Q4,62,11,0,0.1774193548387097,0.0,0.1774193548387097
44,มหาสารคาม,Northeast,2026,10,Rainy/Monsoon,Q4,133,5,0,0.03759398496240601,0.0,0.03759398496240601
45,ร้อยเอ็ด,Northeast,2026,10,Rainy/Monsoon,Q4,193,44,0,0.22797927461139897,0.0,0.22797927461139897
46,กาฬสินธุ์,Northeast,2026,10,Rainy/Monsoon,Q4,135,9,0,0.06666666666666667,0.0,0.06666666666666667
47,สกลนคร,Northeast,2026,10,Rainy/Monsoon,Q4,125,13,0,0.104,0.0,0.104
48,นครพนม,Northeast,2026,10,Rainy/Monsoon,Q4,98,16,0,0.16326530612244897,0.0,0.16326530612244897
49,มุกดาหาร,Northeast,2026,10,Rainy/Monsoon,Q4,53,0,0,0.0,0.0,0.0
50,เชียงใหม่,North,2026,10,Rainy/Monsoon,Q4,204,0,5,0.0,0.024509803921568627,0.024509803921568627
51,ลำพูน,North,2026,10,Rainy/Monsoon,Q4,51,0,4,0.0,0.0784313725490196,0.0784313725490196
52,ลำปาง,North,2026,10,Rainy/Monsoon,Q4,96,0,4,0.0,0.041666666666666664,0.041666666666666664
53,อุตรดิตถ์,North,2026,10,Rainy/Monsoon,Q4,67,4,1,0.05970149253731343,0.014925373134328358,0.07462686567164178
54,แพร่,North,2026,10,Rainy/Monsoon,Q4,78,0,0,0.0,0.0,0.0
55,น่าน,North,2026,10,Rainy/Monsoon,Q4,99,0,0,0.0,0.0,0.0
56,พะเยา,North,2026,10,Rainy/Monsoon,Q4,68,0,0,0.0,0.0,0.0
57,เชียงราย,North,2026,10,Rainy/Monsoon,Q4,123,0,0,0.0,0.0,0.0
58,แม่ฮ่องสอน,North,2026,10,Rainy/Monsoon,Q4,45,0,0,0.0,0.0,0.0
60,นครสวรรค์,Central,2026,10,Rainy/Monsoon,Q4,130,69,0,0.5307692307692308,0.0,0.5307692307692308
61,อุทัยธานี,Central,2026,10,Rainy/Monsoon,Q4,70,8,0,0.11428571428571428,0.0,0.11428571428571428
62,กำแพงเพชร,North,2026,10,Rainy/Monsoon,Q4,78,6,5,0.07692307692307693,0.0641025641025641,0.14102564102564102
63,ตาก,North,2026,10,Rainy/Monsoon,Q4,60,1,0,0.016666666666666666,0.0,0.016666666666666666
64,สุโขทัย,North,2026,10,Rainy/Monsoon,Q4,86,35,0,0.4069767441860465,0.0,0.4069767441860465
65,พิษณุโลก,North,2026,10,Rainy/Monsoon,Q4,93,35,1,0.3763440860215054,0.010752688172043012,0.3870967741935484
66,พิจิตร,North,2026,10,Rainy/Monsoon,Q4,88,57,0,0.6477272727272727,0.0,0.6477272727272727
67,เพชรบูรณ์,North,2026,10,Rainy/Monsoon,Q4,116,21,15,0.1810344827586207,0.12931034482758622,0.3103448275862069
70,ราชบุรี,Central,2026,10,Rainy/Monsoon,Q4,104,0,0,0.0,0.0,0.0
71,กาญจนบุรี,Central,2026,10,Rainy/Monsoon,Q4,96,6,1,0.0625,0.010416666666666666,0.07291666666666667
72,สุพรรณบุรี,Central,2026,10,Rainy/Monsoon,Q4,110,64,0,0.5818181818181818,0.0,0.5818181818181818
73,นครปฐม,Central,2026,10,Rainy/Monsoon,Q4,106,23,0,0.2169811320754717,0.0,0.2169811320754717
74,สมุทรสาคร,Central,2026,10,Rainy/Monsoon,Q4,40,0,0,0.0,0.0,0.0
75,สมุทรสงคราม,Central,2026,10,Rainy/Monsoon,Q4,36,0,0,0.0,0.0,0.0
76,เพชรบุรี,South,2026,10,Rainy/Monsoon,Q4,93,0,1,0.0,0.010752688172043012,0.010752688172043012
77,ประจวบคีรีขันธ์,South,2026,10,Rainy/Monsoon,Q4,48,0,0,0.0,0.0,0.0
80,นครศรีธรรมราช,South,2026,10,Rainy/Monsoon,Q4,169,0,0,0.0,0.0,0.0
81,กระบี่,South,2026,10,Rainy/Monsoon,Q4,52,0,0,0.0,0.0,0.0
82,พังงา,South,2026,10,Rainy/Monsoon,Q4,48,0,0,0.0,0.0,0.0
83,ภูเก็ต,South,2026,10,Rainy/Monsoon,Q4,17,0,0,0.0,0.0,0.0
84,สุราษฎร์ธานี,South,2026,10,Rainy/Monsoon,Q4,131,3,1,0.022900763358778626,0.007633587786259542,0.030534351145038167
85,ระนอง,South,2026,10,Rainy/Monsoon,Q4,30,0,0,0.0,0.0,0.0
86,ชุมพร,South,2026,10,Rainy/Monsoon,Q4,71,0,0,0.0,0.0,0.0
90,สงขลา,South,2026,10,Rainy/Monsoon,Q4,127,0,0,0.0,0.0,0.0
91,สตูล,South,2026,10,Rainy/Monsoon,Q4,36,2,0,0.05555555555555555,0.0,0.05555555555555555
92,ตรัง,South,2026,10,Rainy/Monsoon,Q4,87,0,0,0.0,0.0,0.0
93,พัทลุง,South,2026,10,Rainy/Monsoon,Q4,65,0,0,0.0,0.0,0.0
94,ปัตตานี,South,2026,10,Rainy/Monsoon,Q4,115,0,0,0.0,0.0,0.0
95,ยะลา,South,2026,10,Rainy/Monsoon,Q4,58,0,5,0.0,0.08620689655172414,0.08620689655172414
96,นราธิวาส,South,2026,10,Rainy/Monsoon,Q4,77,0,0,0.0,0.0,0.0
10,กรุงเทพมหานคร,Central,2026,11,Cool/Dry,Q4,160,0,0,0.0,0.0,0.0
11,สมุทรปราการ,Central,2026,11,Cool/Dry,Q4,50,0,0,0.0,0.0,0.0
12,นนทบุรี,Central,2026,11,Cool/Dry,Q4,52,0,0,0.0,0.0,0.0
13,ปทุมธานี,Central,2026,11,Cool/Dry,Q4,60,1,0,0.016666666666666666,0.0,0.016666666666666666
14,พระนครศรีอยุธยา,Central,2026,11,Cool/Dry,Q4,209,99,0,0.47368421052631576,0.0,0.47368421052631576
15,อ่างทอง,Central,2026,11,Cool/Dry,Q4,73,44,0,0.6027397260273972,0.0,0.6027397260273972
16,ลพบุรี,Central,2026,11,Cool/Dry,Q4,121,21,0,0.17355371900826447,0.0,0.17355371900826447
17,สิงห์บุรี,Central,2026,11,Cool/Dry,Q4,43,11,0,0.2558139534883721,0.0,0.2558139534883721
18,ชัยนาท,Central,2026,11,Cool/Dry,Q4,53,6,0,0.11320754716981132,0.0,0.11320754716981132
19,สระบุรี,Central,2026,11,Cool/Dry,Q4,109,8,0,0.07339449541284404,0.0,0.07339449541284404
20,ชลบุรี,East,2026,11,Cool/Dry,Q4,93,0,0,0.0,0.0,0.0
21,ระยอง,East,2026,11,Cool/Dry,Q4,56,0,0,0.0,0.0,0.0
22,จันทบุรี,East,2026,11,Cool/Dry,Q4,76,0,0,0.0,0.0,0.0
23,ตราด,East,2026,11,Cool/Dry,Q4,37,0,0,0.0,0.0,0.0
24,ฉะเชิงเทรา,East,2026,11,Cool/Dry,Q4,93,0,0,0.0,0.0,0.0
25,ปราจีนบุรี,East,2026,11,Cool/Dry,Q4,64,0,0,0.0,0.0,0.0
26,นครนายก,East,2026,11,Cool/Dry,Q4,41,0,0,0.0,0.0,0.0
27,สระแก้ว,East,2026,11,Cool/Dry,Q4,59,0,0,0.0,0.0,0.0
30,นครราชสีมา,Northeast,2026,11,Cool/Dry,Q4,285,0,0,0.0,0.0,0.0
31,บุรีรัมย์,Northeast,2026,11,Cool/Dry,Q4,189,0,0,0.0,0.0,0.0
32,สุรินทร์,Northeast,2026,11,Cool/Dry,Q4,159,0,0,0.0,0.0,0.0
33,ศรีสะเกษ,Northeast,2026,11,Cool/Dry,Q4,205,7,0,0.03414634146341464,0.0,0.03414634146341464
34,อุบลราชธานี,Northeast,2026,11,Cool/Dry,Q4,218,0,0,0.0,0.0,0.0
35,ยโสธร,Northeast,2026,11,Cool/Dry,Q4,79,2,0,0.02531645569620253,0.0,0.02531645569620253
36,ชัยภูมิ,Northeast,2026,11,Cool/Dry,Q4,124,0,0,0.0,0.0,0.0
37,อำนาจเจริญ,Northeast,2026,11,Cool/Dry,Q4,56,0,0,0.0,0.0,0.0
38,บึงกาฬ,Northeast,2026,11,Cool/Dry,Q4,53,0,0,0.0,0.0,0.0
39,หนองบัวลำภู,Northeast,2026,11,Cool/Dry,Q4,59,0,0,0.0,0.0,0.0
40,ขอนแก่น,Northeast,2026,11,Cool/Dry,Q4,200,0,0,0.0,0.0,0.0
41,อุดรธานี,Northeast,2026,11,Cool/Dry,Q4,155,0,0,0.0,0.0,0.0
42,เลย,Northeast,2026,11,Cool/Dry,Q4,90,0,0,0.0,0.0,0.0
43,หนองคาย,Northeast,2026,11,Cool/Dry,Q4,62,0,0,0.0,0.0,0.0
44,มหาสารคาม,Northeast,2026,11,Cool/Dry,Q4,133,0,0,0.0,0.0,0.0
45,ร้อยเอ็ด,Northeast,2026,11,Cool/Dry,Q4,193,0,0,0.0,0.0,0.0
46,กาฬสินธุ์,Northeast,2026,11,Cool/Dry,Q4,135,0,0,0.0,0.0,0.0
47,สกลนคร,Northeast,2026,11,Cool/Dry,Q4,125,0,0,0.0,0.0,0.0
48,นครพนม,Northeast,2026,11,Cool/Dry,Q4,98,0,0,0.0,0.0,0.0
49,มุกดาหาร,Northeast,2026,11,Cool/Dry,Q4,53,0,0,0.0,0.0,0.0
50,เชียงใหม่,North,2026,11,Cool/Dry,Q4,204,0,0,0.0,0.0,0.0
51,ลำพูน,North,2026,11,Cool/Dry,Q4,51,0,0,0.0,0.0,0.0
52,ลำปาง,North,2026,11,Cool/Dry,Q4,96,0,0,0.0,0.0,0.0
53,อุตรดิตถ์,North,2026,11,Cool/Dry,Q4,67,0,0,0.0,0.0,0.0
54,แพร่,North,2026,11,Cool/Dry,Q4,78,0,0,0.0,0.0,0.0
55,น่าน,North,2026,11,Cool/Dry,Q4,99,0,0,0.0,0.0,0.0
56,พะเยา,North,2026,11,Cool/Dry,Q4,68,0,0,0.0,0.0,0.0
57,เชียงราย,North,2026,11,Cool/Dry,Q4,123,0,0,0.0,0.0,0.0
58,แม่ฮ่องสอน,North,2026,11,Cool/Dry,Q4,45,0,0,0.0,0.0,0.0
60,นครสวรรค์,Central,2026,11,Cool/Dry,Q4,130,47,0,0.36153846153846153,0.0,0.36153846153846153
61,อุทัยธานี,Central,2026,11,Cool/Dry,Q4,70,8,0,0.11428571428571428,0.0,0.11428571428571428
62,กำแพงเพชร,North,2026,11,Cool/Dry,Q4,78,0,0,0.0,0.0,0.0
63,ตาก,North,2026,11,Cool/Dry,Q4,60,0,0,0.0,0.0,0.0
64,สุโขทัย,North,2026,11,Cool/Dry,Q4,86,16,0,0.18604651162790697,0.0,0.18604651162790697
65,พิษณุโลก,North,2026,11,Cool/Dry,Q4,93,22,0,0.23655913978494625,0.0,0.23655913978494625
66,พิจิตร,North,2026,11,Cool/Dry,Q4,88,44,0,0.5,0.0,0.5
67,เพชรบูรณ์,North,2026,11,Cool/Dry,Q4,116,0,0,0.0,0.0,0.0
70,ราชบุรี,Central,2026,11,Cool/Dry,Q4,104,0,0,0.0,0.0,0.0
71,กาญจนบุรี,Central,2026,11,Cool/Dry,Q4,96,2,0,0.020833333333333332,0.0,0.020833333333333332
72,สุพรรณบุรี,Central,2026,11,Cool/Dry,Q4,110,53,0,0.4818181818181818,0.0,0.4818181818181818
73,นครปฐม,Central,2026,11,Cool/Dry,Q4,106,2,0,0.018867924528301886,0.0,0.018867924528301886
74,สมุทรสาคร,Central,2026,11,Cool/Dry,Q4,40,0,0,0.0,0.0,0.0
75,สมุทรสงคราม,Central,2026,11,Cool/Dry,Q4,36,0,0,0.0,0.0,0.0
76,เพชรบุรี,South,2026,11,Cool/Dry,Q4,93,1,0,0.010752688172043012,0.0,0.010752688172043012
77,ประจวบคีรีขันธ์,South,2026,11,Cool/Dry,Q4,48,2,1,0.041666666666666664,0.020833333333333332,0.0625
80,นครศรีธรรมราช,South,2026,11,Cool/Dry,Q4,169,89,26,0.5266272189349113,0.15384615384615385,0.6804733727810651
81,กระบี่,South,2026,11,Cool/Dry,Q4,52,0,0,0.0,0.0,0.0
82,พังงา,South,2026,11,Cool/Dry,Q4,48,0,0,0.0,0.0,0.0
83,ภูเก็ต,South,2026,11,Cool/Dry,Q4,17,0,0,0.0,0.0,0.0
84,สุราษฎร์ธานี,South,2026,11,Cool/Dry,Q4,131,4,14,0.030534351145038167,0.10687022900763359,0.13740458015267176
85,ระนอง,South,2026,11,Cool/Dry,Q4,30,0,1,0.0,0.03333333333333333,0.03333333333333333
86,ชุมพร,South,2026,11,Cool/Dry,Q4,71,7,6,0.09859154929577464,0.08450704225352113,0.18309859154929578
90,สงขลา,South,2026,11,Cool/Dry,Q4,127,17,4,0.13385826771653545,0.031496062992125984,0.16535433070866143
91,สตูล,South,2026,11,Cool/Dry,Q4,36,0,0,0.0,0.0,0.0
92,ตรัง,South,2026,11,Cool/Dry,Q4,87,1,1,0.011494252873563218,0.011494252873563218,0.022988505747126436
93,พัทลุง,South,2026,11,Cool/Dry,Q4,65,21,8,0.3230769230769231,0.12307692307692308,0.4461538461538462
94,ปัตตานี,South,2026,11,Cool/Dry,Q4,115,0,0,0.0,0.0,0.0
95,ยะลา,South,2026,11,Cool/Dry,Q4,58,0,4,0.0,0.06896551724137931,0.06896551724137931
96,นราธิวาส,South,2026,11,Cool/Dry,Q4,77,9,1,0.11688311688311688,0.012987012987012988,0.12987012987012986
