province_code,forecast_year,forecast_month,rainfall_mm,n_runs,province,region_en,season,quarter
10,2024,1,0.846837279,1,กรุงเทพมหานคร,Central,Cool/Dry,Q1
11,2024,1,1.699999999,1,สมุทรปราการ,Central,Cool/Dry,Q1
12,2024,1,0.369849904,1,นนทบุรี,Central,Cool/Dry,Q1
13,2024,1,0.375347002,1,ปทุมธานี,Central,Cool/Dry,Q1
14,2024,1,0.113713614,1,พระนครศรีอยุธยา,Central,Cool/Dry,Q1
15,2024,1,0.0,1,อ่างทอง,Central,Cool/Dry,Q1
16,2024,1,0.0,1,ลพบุรี,Central,Cool/Dry,Q1
17,2024,1,0.0,1,สิงห์บุรี,Central,Cool/Dry,Q1
18,2024,1,0.0,1,ชัยนาท,Central,Cool/Dry,Q1
19,2024,1,0.0,1,สระบุรี,Central,Cool/Dry,Q1
20,2024,1,10.83248269,1,ชลบุรี,East,Cool/Dry,Q1
21,2024,1,16.31411342,1,ระยอง,East,Cool/Dry,Q1
22,2024,1,6.706267342,1,จันทบุรี,East,Cool/Dry,Q1
23,2024,1,7.263863726,1,ตราด,East,Cool/Dry,Q1
24,2024,1,1.183545094,1,ฉะเชิงเทรา,East,Cool/Dry,Q1
25,2024,1,0.125179805,1,ปราจีนบุรี,East,Cool/Dry,Q1
26,2024,1,0.127806919,1,นครนายก,East,Cool/Dry,Q1
27,2024,1,1.937449125,1,สระแก้ว,East,Cool/Dry,Q1
30,2024,1,0.068585231,1,นครราชสีมา,Northeast,Cool/Dry,Q1
31,2024,1,0.307964591,1,บุรีรัมย์,Northeast,Cool/Dry,Q1
32,2024,1,0.323298131,1,สุรินทร์,Northeast,Cool/Dry,Q1
33,2024,1,0.152385111,1,ศรีสะเกษ,Northeast,Cool/Dry,Q1
34,2024,1,0.02468762,1,อุบลราชธานี,Northeast,Cool/Dry,Q1
35,2024,1,0.01478588,1,ยโสธร,Northeast,Cool/Dry,Q1
36,2024,1,0.0,1,ชัยภูมิ,Northeast,Cool/Dry,Q1
37,2024,1,0.0,1,อำนาจเจริญ,Northeast,Cool/Dry,Q1
38,2024,1,0.0,1,บึงกาฬ,Northeast,Cool/Dry,Q1
39,2024,1,0.0,1,หนองบัวลำภู,Northeast,Cool/Dry,Q1
40,2024,1,0.0,1,ขอนแก่น,Northeast,Cool/Dry,Q1
41,2024,1,0.0,1,อุดรธานี,Northeast,Cool/Dry,Q1
42,2024,1,0.0,1,เลย,Northeast,Cool/Dry,Q1
43,2024,1,0.0,1,หนองคาย,Northeast,Cool/Dry,Q1
44,2024,1,0.041753866,1,มหาสารคาม,Northeast,Cool/Dry,Q1
45,2024,1,0.041152102,1,ร้อยเอ็ด,Northeast,Cool/Dry,Q1
46,2024,1,0.0,1,กาฬสินธุ์,Northeast,Cool/Dry,Q1
47,2024,1,0.0,1,สกลนคร,Northeast,Cool/Dry,Q1
48,2024,1,0.0,1,นครพนม,Northeast,Cool/Dry,Q1
49,2024,1,0.0,1,มุกดาหาร,Northeast,Cool/Dry,Q1
50,2024,1,0.0,1,เชียงใหม่,North,Cool/Dry,Q1
51,2024,1,0.0,1,ลำพูน,North,Cool/Dry,Q1
52,2024,1,0.0,1,ลำปาง,North,Cool/Dry,Q1
53,2024,1,0.0,1,อุตรดิตถ์,North,Cool/Dry,Q1
54,2024,1,0.0,1,แพร่,North,Cool/Dry,Q1
55,2024,1,0.0,1,น่าน,North,Cool/Dry,Q1
56,2024,1,0.0,1,พะเยา,North,Cool/Dry,Q1
57,2024,1,0.0,1,เชียงราย,North,Cool/Dry,Q1
58,2024,1,0.0,1,แม่ฮ่องสอน,North,Cool/Dry,Q1
60,2024,1,0.0,1,นครสวรรค์,Central,Cool/Dry,Q1
61,2024,1,0.031014105,1,อุทัยธานี,Central,Cool/Dry,Q1
62,2024,1,0.0,1,กำแพงเพชร,North,Cool/Dry,Q1
63,2024,1,0.00154895,1,ตาก,North,Cool/Dry,Q1
64,2024,1,0.0,1,สุโขทัย,North,Cool/Dry,Q1
65,2024,1,0.0,1,พิษณุโลก,North,Cool/Dry,Q1
66,2024,1,0.0,1,พิจิตร,North,Cool/Dry,Q1
67,2024,1,0.0,1,เพชรบูรณ์,North,Cool/Dry,Q1
70,2024,1,0.768501846,1,ราชบุรี,Central,Cool/Dry,Q1
71,2024,1,0.350016591,1,กาญจนบุรี,Central,Cool/Dry,Q1
72,2024,1,0.075775425,1,สุพรรณบุรี,Central,Cool/Dry,Q1
73,2024,1,0.24567356,1,นครปฐม,Central,Cool/Dry,Q1
74,2024,1,0.93461964,1,สมุทรสาคร,Central,Cool/Dry,Q1
75,2024,1,0.897507249,1,สมุทรสงคราม,Central,Cool/Dry,Q1
76,2024,1,1.282662515,1,เพชรบุรี,South,Cool/Dry,Q1
77,2024,1,5.436067148,1,ประจวบคีรีขันธ์,South,Cool/Dry,Q1
80,2024,1,46.60940966,1,นครศรีธรรมราช,South,Cool/Dry,Q1
81,2024,1,30.65492075,1,กระบี่,South,Cool/Dry,Q1
82,2024,1,38.03590517,1,พังงา,South,Cool/Dry,Q1
83,2024,1,33.61918547,1,ภูเก็ต,South,Cool/Dry,Q1
84,2024,1,23.61331908,1,สุราษฎร์ธานี,South,Cool/Dry,Q1
85,2024,1,16.01319759,1,ระนอง,South,Cool/Dry,Q1
86,2024,1,16.02975339,1,ชุมพร,South,Cool/Dry,Q1
90,2024,1,55.35133586,1,สงขลา,South,Cool/Dry,Q1
91,2024,1,40.6057155,1,สตูล,South,Cool/Dry,Q1
92,2024,1,14.49915361,1,ตรัง,South,Cool/Dry,Q1
93,2024,1,35.65434122,1,พัทลุง,South,Cool/Dry,Q1
94,2024,1,98.68237426,1,ปัตตานี,South,Cool/Dry,Q1
95,2024,1,83.82084723,1,ยะลา,South,Cool/Dry,Q1
96,2024,1,90.75435316,1,นราธิวาส,South,Cool/Dry,Q1
10,2024,2,0.086165011,2,กรุงเทพมหานคร,Central,Cool/Dry,Q1
11,2024,2,0.128958069,2,สมุทรปราการ,Central,Cool/Dry,Q1
12,2024,2,0.028330206,2,นนทบุรี,Central,Cool/Dry,Q1
13,2024,2,0.287208202,2,ปทุมธานี,Central,Cool/Dry,Q1
14,2024,2,0.351610328,2,พระนครศรีอยุธยา,Central,Cool/Dry,Q1
15,2024,2,0.0,2,อ่างทอง,Central,Cool/Dry,Q1
16,2024,2,1.058869102,2,ลพบุรี,Central,Cool/Dry,Q1
17,2024,2,0.015201729,2,สิงห์บุรี,Central,Cool/Dry,Q1
18,2024,2,0.0,2,ชัยนาท,Central,Cool/Dry,Q1
19,2024,2,5.369710494,2,สระบุรี,Central,Cool/Dry,Q1
20,2024,2,8.049219498,2,ชลบุรี,East,Cool/Dry,Q1
21,2024,2,29.20815472,2,ระยอง,East,Cool/Dry,Q1
22,2024,2,38.6374972,2,จันทบุรี,East,Cool/Dry,Q1
23,2024,2,50.01120186,2,ตราด,East,Cool/Dry,Q1
24,2024,2,3.759074887,2,ฉะเชิงเทรา,East,Cool/Dry,Q1
25,2024,2,1.828430577,2,ปราจีนบุรี,East,Cool/Dry,Q1
26,2024,2,3.550245537,2,นครนายก,East,Cool/Dry,Q1
27,2024,2,6.407461401,2,สระแก้ว,East,Cool/Dry,Q1
30,2024,2,2.983222913,2,นครราชสีมา,Northeast,Cool/Dry,Q1
31,2024,2,0.47297172,2,บุรีรัมย์,Northeast,Cool/Dry,Q1
32,2024,2,0.591665312,2,สุรินทร์,Northeast,Cool/Dry,Q1
33,2024,2,5.924951625,2,ศรีสะเกษ,Northeast,Cool/Dry,Q1
34,2024,2,8.267995848,2,อุบลราชธานี,Northeast,Cool/Dry,Q1
35,2024,2,3.477207753,2,ยโสธร,Northeast,Cool/Dry,Q1
36,2024,2,2.219708329,2,ชัยภูมิ,Northeast,Cool/Dry,Q1
37,2024,2,5.654227704,2,อำนาจเจริญ,Northeast,Cool/Dry,Q1
38,2024,2,0.130055998,2,บึงกาฬ,Northeast,Cool/Dry,Q1
39,2024,2,0.034222477,2,หนองบัวลำภู,Northeast,Cool/Dry,Q1
40,2024,2,0.409574255,2,ขอนแก่น,Northeast,Cool/Dry,Q1
41,2024,2,0.012101449,2,อุดรธานี,Northeast,Cool/Dry,Q1
42,2024,2,0.5981203,2,เลย,Northeast,Cool/Dry,Q1
43,2024,2,0.02029507,2,หนองคาย,Northeast,Cool/Dry,Q1
44,2024,2,0.111921203,2,มหาสารคาม,Northeast,Cool/Dry,Q1
45,2024,2,0.56016329,2,ร้อยเอ็ด,Northeast,Cool/Dry,Q1
46,2024,2,0.103855504,2,กาฬสินธุ์,Northeast,Cool/Dry,Q1
47,2024,2,0.062454321,2,สกลนคร,Northeast,Cool/Dry,Q1
48,2024,2,0.360484006,2,นครพนม,Northeast,Cool/Dry,Q1
49,2024,2,0.407366445,2,มุกดาหาร,Northeast,Cool/Dry,Q1
50,2024,2,0.008749736,2,เชียงใหม่,North,Cool/Dry,Q1
51,2024,2,0.021792058,2,ลำพูน,North,Cool/Dry,Q1
52,2024,2,0.098675521,2,ลำปาง,North,Cool/Dry,Q1
53,2024,2,0.733674045,2,อุตรดิตถ์,North,Cool/Dry,Q1
54,2024,2,0.162875722,2,แพร่,North,Cool/Dry,Q1
55,2024,2,0.482331347,2,น่าน,North,Cool/Dry,Q1
56,2024,2,0.260161715,2,พะเยา,North,Cool/Dry,Q1
57,2024,2,0.054803102,2,เชียงราย,North,Cool/Dry,Q1
58,2024,2,0.000865393,2,แม่ฮ่องสอน,North,Cool/Dry,Q1
60,2024,2,0.459342121,2,นครสวรรค์,Central,Cool/Dry,Q1
61,2024,2,0.336382789,2,อุทัยธานี,Central,Cool/Dry,Q1
62,2024,2,2.198661024,2,กำแพงเพชร,North,Cool/Dry,Q1
63,2024,2,0.239605945,2,ตาก,North,Cool/Dry,Q1
64,2024,2,1.013002118,2,สุโขทัย,North,Cool/Dry,Q1
65,2024,2,6.039267506,2,พิษณุโลก,North,Cool/Dry,Q1
66,2024,2,4.976205479,2,พิจิตร,North,Cool/Dry,Q1
67,2024,2,2.404480613,2,เพชรบูรณ์,North,Cool/Dry,Q1
70,2024,2,0.747837025,2,ราชบุรี,Central,Cool/Dry,Q1
71,2024,2,1.278417723,2,กาญจนบุรี,Central,Cool/Dry,Q1
72,2024,2,0.158696227,2,สุพรรณบุรี,Central,Cool/Dry,Q1
73,2024,2,0.066003354,2,นครปฐม,Central,Cool/Dry,Q1
74,2024,2,0.11692946,2,สมุทรสาคร,Central,Cool/Dry,Q1
75,2024,2,0.401391304,2,สมุทรสงคราม,Central,Cool/Dry,Q1
76,2024,2,1.3788478,2,เพชรบุรี,South,Cool/Dry,Q1
77,2024,2,6.97615905,2,ประจวบคีรีขันธ์,South,Cool/Dry,Q1
80,2024,2,21.69928888,2,นครศรีธรรมราช,South,Cool/Dry,Q1
81,2024,2,14.70768202,2,กระบี่,South,Cool/Dry,Q1
82,2024,2,6.954026249,2,พังงา,South,Cool/Dry,Q1
83,2024,2,12.07303169,2,ภูเก็ต,South,Cool/Dry,Q1
84,2024,2,6.518151731,2,สุราษฎร์ธานี,South,Cool/Dry,Q1
85,2024,2,5.668408742,2,ระนอง,South,Cool/Dry,Q1
86,2024,2,10.37259552,2,ชุมพร,South,Cool/Dry,Q1
90,2024,2,9.403870204,2,สงขลา,South,Cool/Dry,Q1
91,2024,2,12.60124307,2,สตูล,South,Cool/Dry,Q1
92,2024,2,22.91582812,2,ตรัง,South,Cool/Dry,Q1
93,2024,2,15.60787361,2,พัทลุง,South,Cool/Dry,Q1
94,2024,2,7.997339965,2,ปัตตานี,South,Cool/Dry,Q1
95,2024,2,11.03983273,2,ยะลา,South,Cool/Dry,Q1
96,2024,2,17.45739631,2,นราธิวาส,South,Cool/Dry,Q1
10,2024,3,57.92451487,3,กรุงเทพมหานคร,Central,Hot,Q1
11,2024,3,61.46569256,3,สมุทรปราการ,Central,Hot,Q1
12,2024,3,47.29390246,3,นนทบุรี,Central,Hot,Q1
13,2024,3,44.27676657999999,3,ปทุมธานี,Central,Hot,Q1
14,2024,3,44.83018311,3,พระนครศรีอยุธยา,Central,Hot,Q1
15,2024,3,42.54556111,3,อ่างทอง,Central,Hot,Q1
16,2024,3,43.80434552,3,ลพบุรี,Central,Hot,Q1
17,2024,3,41.03507204,3,สิงห์บุรี,Central,Hot,Q1
18,2024,3,39.60935393,3,ชัยนาท,Central,Hot,Q1
19,2024,3,55.44171662,3,สระบุรี,Central,Hot,Q1
20,2024,3,48.86631326,3,ชลบุรี,East,Hot,Q1
21,2024,3,51.85945268,3,ระยอง,East,Hot,Q1
22,2024,3,42.27520435,3,จันทบุรี,East,Hot,Q1
23,2024,3,58.715251810000005,3,ตราด,East,Hot,Q1
24,2024,3,43.36174818999999,3,ฉะเชิงเทรา,East,Hot,Q1
25,2024,3,41.72649442,3,ปราจีนบุรี,East,Hot,Q1
26,2024,3,41.80292971,3,นครนายก,East,Hot,Q1
27,2024,3,24.62662455,3,สระแก้ว,East,Hot,Q1
30,2024,3,35.24551299,3,นครราชสีมา,Northeast,Hot,Q1
31,2024,3,19.50090898,3,บุรีรัมย์,Northeast,Hot,Q1
32,2024,3,4.522728133,3,สุรินทร์,Northeast,Hot,Q1
33,2024,3,4.670800861,3,ศรีสะเกษ,Northeast,Hot,Q1
34,2024,3,6.926544995,3,อุบลราชธานี,Northeast,Hot,Q1
35,2024,3,2.8072424790000006,3,ยโสธร,Northeast,Hot,Q1
36,2024,3,25.55117789,3,ชัยภูมิ,Northeast,Hot,Q1
37,2024,3,4.041472083,3,อำนาจเจริญ,Northeast,Hot,Q1
38,2024,3,5.593639848,3,บึงกาฬ,Northeast,Hot,Q1
39,2024,3,25.69397816,3,หนองบัวลำภู,Northeast,Hot,Q1
40,2024,3,7.848609384,3,ขอนแก่น,Northeast,Hot,Q1
41,2024,3,9.658300302,3,อุดรธานี,Northeast,Hot,Q1
42,2024,3,52.18993824999999,3,เลย,Northeast,Hot,Q1
43,2024,3,13.25534367,3,หนองคาย,Northeast,Hot,Q1
44,2024,3,1.647076892,3,มหาสารคาม,Northeast,Hot,Q1
45,2024,3,2.021909584,3,ร้อยเอ็ด,Northeast,Hot,Q1
46,2024,3,1.614951206,3,กาฬสินธุ์,Northeast,Hot,Q1
47,2024,3,1.956840741,3,สกลนคร,Northeast,Hot,Q1
48,2024,3,4.129848485,3,นครพนม,Northeast,Hot,Q1
49,2024,3,1.465223793,3,มุกดาหาร,Northeast,Hot,Q1
50,2024,3,70.12771022,3,เชียงใหม่,North,Hot,Q1
51,2024,3,80.44847175,3,ลำพูน,North,Hot,Q1
52,2024,3,85.03451218,3,ลำปาง,North,Hot,Q1
53,2024,3,112.0059144,3,อุตรดิตถ์,North,Hot,Q1
54,2024,3,104.3655907,3,แพร่,North,Hot,Q1
55,2024,3,120.6892389,3,น่าน,North,Hot,Q1
56,2024,3,113.7215382,3,พะเยา,North,Hot,Q1
57,2024,3,105.4306818,3,เชียงราย,North,Hot,Q1
58,2024,3,38.93553962,3,แม่ฮ่องสอน,North,Hot,Q1
60,2024,3,71.1536874,3,นครสวรรค์,Central,Hot,Q1
61,2024,3,61.29958043,3,อุทัยธานี,Central,Hot,Q1
62,2024,3,84.89014011,3,กำแพงเพชร,North,Hot,Q1
63,2024,3,69.20604923,3,ตาก,North,Hot,Q1
64,2024,3,119.3480568,3,สุโขทัย,North,Hot,Q1
65,2024,3,90.88628294,3,พิษณุโลก,North,Hot,Q1
66,2024,3,82.30341365,3,พิจิตร,North,Hot,Q1
67,2024,3,53.84682813,3,เพชรบูรณ์,North,Hot,Q1
70,2024,3,44.63157665,3,ราชบุรี,Central,Hot,Q1
71,2024,3,58.420071869999994,3,กาญจนบุรี,Central,Hot,Q1
72,2024,3,37.88960953,3,สุพรรณบุรี,Central,Hot,Q1
73,2024,3,39.80168805,3,นครปฐม,Central,Hot,Q1
74,2024,3,56.88443984,3,สมุทรสาคร,Central,Hot,Q1
75,2024,3,51.53985498,3,สมุทรสงคราม,Central,Hot,Q1
76,2024,3,35.27102181,3,เพชรบุรี,South,Hot,Q1
77,2024,3,49.87190361999999,3,ประจวบคีรีขันธ์,South,Hot,Q1
80,2024,3,102.402757,3,นครศรีธรรมราช,South,Hot,Q1
81,2024,3,87.69559932,3,กระบี่,South,Hot,Q1
82,2024,3,91.56108255,3,พังงา,South,Hot,Q1
83,2024,3,110.1861311,3,ภูเก็ต,South,Hot,Q1
84,2024,3,68.92805129,3,สุราษฎร์ธานี,South,Hot,Q1
85,2024,3,48.18578434,3,ระนอง,South,Hot,Q1
86,2024,3,76.86553462,3,ชุมพร,South,Hot,Q1
90,2024,3,98.68814776,3,สงขลา,South,Hot,Q1
91,2024,3,83.02455785,3,สตูล,South,Hot,Q1
92,2024,3,59.58094048,3,ตรัง,South,Hot,Q1
93,2024,3,80.12077727,3,พัทลุง,South,Hot,Q1
94,2024,3,140.2810937,3,ปัตตานี,South,Hot,Q1
95,2024,3,145.2268576,3,ยะลา,South,Hot,Q1
96,2024,3,200.5884661,3,นราธิวาส,South,Hot,Q1
10,2024,4,4.596019859,4,กรุงเทพมหานคร,Central,Hot,Q2
11,2024,4,2.968538753,4,สมุทรปราการ,Central,Hot,Q2
12,2024,4,3.619812384,4,นนทบุรี,Central,Hot,Q2
13,2024,4,12.06373818,4,ปทุมธานี,Central,Hot,Q2
14,2024,4,8.992234736,4,พระนครศรีอยุธยา,Central,Hot,Q2
15,2024,4,11.01806733,4,อ่างทอง,Central,Hot,Q2
16,2024,4,44.22037815,4,ลพบุรี,Central,Hot,Q2
17,2024,4,13.79230549,4,สิงห์บุรี,Central,Hot,Q2
18,2024,4,21.79978146,4,ชัยนาท,Central,Hot,Q2
19,2024,4,47.66026908,4,สระบุรี,Central,Hot,Q2
20,2024,4,20.51245339,4,ชลบุรี,East,Hot,Q2
21,2024,4,28.31277614,4,ระยอง,East,Hot,Q2
22,2024,4,58.42486317,4,จันทบุรี,East,Hot,Q2
23,2024,4,71.84145995,4,ตราด,East,Hot,Q2
24,2024,4,53.32102018,4,ฉะเชิงเทรา,East,Hot,Q2
25,2024,4,80.06930705,4,ปราจีนบุรี,East,Hot,Q2
26,2024,4,94.0483872,4,นครนายก,East,Hot,Q2
27,2024,4,47.64874385,4,สระแก้ว,East,Hot,Q2
30,2024,4,73.5140522,4,นครราชสีมา,Northeast,Hot,Q2
31,2024,4,40.72145319,4,บุรีรัมย์,Northeast,Hot,Q2
32,2024,4,47.35128081,4,สุรินทร์,Northeast,Hot,Q2
33,2024,4,46.32842652,4,ศรีสะเกษ,Northeast,Hot,Q2
34,2024,4,49.31946821,4,อุบลราชธานี,Northeast,Hot,Q2
35,2024,4,61.38239294,4,ยโสธร,Northeast,Hot,Q2
36,2024,4,61.41202299,4,ชัยภูมิ,Northeast,Hot,Q2
37,2024,4,64.94506166,4,อำนาจเจริญ,Northeast,Hot,Q2
38,2024,4,62.3737253,4,บึงกาฬ,Northeast,Hot,Q2
39,2024,4,45.39227654,4,หนองบัวลำภู,Northeast,Hot,Q2
40,2024,4,32.1481247,4,ขอนแก่น,Northeast,Hot,Q2
41,2024,4,49.53280905,4,อุดรธานี,Northeast,Hot,Q2
42,2024,4,49.0315475,4,เลย,Northeast,Hot,Q2
43,2024,4,35.88322419,4,หนองคาย,Northeast,Hot,Q2
44,2024,4,28.96696461,4,มหาสารคาม,Northeast,Hot,Q2
45,2024,4,45.20259149,4,ร้อยเอ็ด,Northeast,Hot,Q2
46,2024,4,47.91843006,4,กาฬสินธุ์,Northeast,Hot,Q2
47,2024,4,72.94611481,4,สกลนคร,Northeast,Hot,Q2
48,2024,4,78.75341958,4,นครพนม,Northeast,Hot,Q2
49,2024,4,92.87929826,4,มุกดาหาร,Northeast,Hot,Q2
50,2024,4,9.062957852,4,เชียงใหม่,North,Hot,Q2
51,2024,4,8.951415885,4,ลำพูน,North,Hot,Q2
52,2024,4,13.66281359,4,ลำปาง,North,Hot,Q2
53,2024,4,9.91969544,4,อุตรดิตถ์,North,Hot,Q2
54,2024,4,8.156746751,4,แพร่,North,Hot,Q2
55,2024,4,16.93745338,4,น่าน,North,Hot,Q2
56,2024,4,17.60681459,4,พะเยา,North,Hot,Q2
57,2024,4,21.58767651,4,เชียงราย,North,Hot,Q2
58,2024,4,4.642983641,4,แม่ฮ่องสอน,North,Hot,Q2
60,2024,4,24.70236911,4,นครสวรรค์,Central,Hot,Q2
61,2024,4,20.15394038,4,อุทัยธานี,Central,Hot,Q2
62,2024,4,9.291563757,4,กำแพงเพชร,North,Hot,Q2
63,2024,4,5.429882736,4,ตาก,North,Hot,Q2
64,2024,4,3.313579245,4,สุโขทัย,North,Hot,Q2
65,2024,4,19.08143606,4,พิษณุโลก,North,Hot,Q2
66,2024,4,25.39346302,4,พิจิตร,North,Hot,Q2
67,2024,4,62.40994829,4,เพชรบูรณ์,North,Hot,Q2
70,2024,4,13.46631809,4,ราชบุรี,Central,Hot,Q2
71,2024,4,14.1090918,4,กาญจนบุรี,Central,Hot,Q2
72,2024,4,23.42384954,4,สุพรรณบุรี,Central,Hot,Q2
73,2024,4,11.31323085,4,นครปฐม,Central,Hot,Q2
74,2024,4,3.40669434,4,สมุทรสาคร,Central,Hot,Q2
75,2024,4,4.961391311,4,สมุทรสงคราม,Central,Hot,Q2
76,2024,4,9.114840407,4,เพชรบุรี,South,Hot,Q2
77,2024,4,8.629022881,4,ประจวบคีรีขันธ์,South,Hot,Q2
80,2024,4,57.55060265,4,นครศรีธรรมราช,South,Hot,Q2
81,2024,4,125.5707306,4,กระบี่,South,Hot,Q2
82,2024,4,144.2607575,4,พังงา,South,Hot,Q2
83,2024,4,166.6249775,4,ภูเก็ต,South,Hot,Q2
84,2024,4,48.7299582,4,สุราษฎร์ธานี,South,Hot,Q2
85,2024,4,77.59936658,4,ระนอง,South,Hot,Q2
86,2024,4,33.00256723,4,ชุมพร,South,Hot,Q2
90,2024,4,60.14298593,4,สงขลา,South,Hot,Q2
91,2024,4,73.64052112,4,สตูล,South,Hot,Q2
92,2024,4,139.8163898,4,ตรัง,South,Hot,Q2
93,2024,4,95.33054021,4,พัทลุง,South,Hot,Q2
94,2024,4,54.2219205,4,ปัตตานี,South,Hot,Q2
95,2024,4,54.78980259,4,ยะลา,South,Hot,Q2
96,2024,4,43.97722981,4,นราธิวาส,South,Hot,Q2
10,2024,5,132.0759054,5,กรุงเทพมหานคร,Central,Hot,Q2
11,2024,5,158.6043965,5,สมุทรปราการ,Central,Hot,Q2
12,2024,5,117.7272608,5,นนทบุรี,Central,Hot,Q2
13,2024,5,113.19378550000002,5,ปทุมธานี,Central,Hot,Q2
14,2024,5,130.0076432,5,พระนครศรีอยุธยา,Central,Hot,Q2
15,2024,5,153.4461844,5,อ่างทอง,Central,Hot,Q2
16,2024,5,141.2615018,5,ลพบุรี,Central,Hot,Q2
17,2024,5,164.5889195,5,สิงห์บุรี,Central,Hot,Q2
18,2024,5,182.7445179,5,ชัยนาท,Central,Hot,Q2
19,2024,5,153.8330211,5,สระบุรี,Central,Hot,Q2
20,2024,5,183.240192,5,ชลบุรี,East,Hot,Q2
21,2024,5,209.5895675,5,ระยอง,East,Hot,Q2
22,2024,5,284.5723322,5,จันทบุรี,East,Hot,Q2
23,2024,5,309.4261108,5,ตราด,East,Hot,Q2
24,2024,5,183.3932345,5,ฉะเชิงเทรา,East,Hot,Q2
25,2024,5,197.2238556,5,ปราจีนบุรี,East,Hot,Q2
26,2024,5,169.6467633,5,นครนายก,East,Hot,Q2
27,2024,5,149.5841387,5,สระแก้ว,East,Hot,Q2
30,2024,5,150.3515528,5,นครราชสีมา,Northeast,Hot,Q2
31,2024,5,133.0126402,5,บุรีรัมย์,Northeast,Hot,Q2
32,2024,5,151.0683984,5,สุรินทร์,Northeast,Hot,Q2
33,2024,5,153.0801249,5,ศรีสะเกษ,Northeast,Hot,Q2
34,2024,5,163.5148705,5,อุบลราชธานี,Northeast,Hot,Q2
35,2024,5,158.712182,5,ยโสธร,Northeast,Hot,Q2
36,2024,5,143.0469458,5,ชัยภูมิ,Northeast,Hot,Q2
37,2024,5,180.5356852,5,อำนาจเจริญ,Northeast,Hot,Q2
38,2024,5,177.05939,5,บึงกาฬ,Northeast,Hot,Q2
39,2024,5,151.7402299,5,หนองบัวลำภู,Northeast,Hot,Q2
40,2024,5,101.5831181,5,ขอนแก่น,Northeast,Hot,Q2
41,2024,5,174.3253569,5,อุดรธานี,Northeast,Hot,Q2
42,2024,5,152.5151128,5,เลย,Northeast,Hot,Q2
43,2024,5,178.2087692,5,หนองคาย,Northeast,Hot,Q2
44,2024,5,98.54978397,5,มหาสารคาม,Northeast,Hot,Q2
45,2024,5,110.18193979999998,5,ร้อยเอ็ด,Northeast,Hot,Q2
46,2024,5,108.3550145,5,กาฬสินธุ์,Northeast,Hot,Q2
47,2024,5,152.0079531,5,สกลนคร,Northeast,Hot,Q2
48,2024,5,184.0033313,5,นครพนม,Northeast,Hot,Q2
49,2024,5,215.9118856,5,มุกดาหาร,Northeast,Hot,Q2
50,2024,5,203.9658946,5,เชียงใหม่,North,Hot,Q2
51,2024,5,208.36128,5,ลำพูน,North,Hot,Q2
52,2024,5,192.6179506,5,ลำปาง,North,Hot,Q2
53,2024,5,225.8049888,5,อุตรดิตถ์,North,Hot,Q2
54,2024,5,198.6009464,5,แพร่,North,Hot,Q2
55,2024,5,176.7972545,5,น่าน,North,Hot,Q2
56,2024,5,195.1799548,5,พะเยา,North,Hot,Q2
57,2024,5,236.37788489999997,5,เชียงราย,North,Hot,Q2
58,2024,5,220.130732,5,แม่ฮ่องสอน,North,Hot,Q2
60,2024,5,163.640061,5,นครสวรรค์,Central,Hot,Q2
61,2024,5,160.1708087,5,อุทัยธานี,Central,Hot,Q2
62,2024,5,212.5530179,5,กำแพงเพชร,North,Hot,Q2
63,2024,5,229.4311515,5,ตาก,North,Hot,Q2
64,2024,5,269.1591103,5,สุโขทัย,North,Hot,Q2
65,2024,5,209.22753430000003,5,พิษณุโลก,North,Hot,Q2
66,2024,5,181.7985808,5,พิจิตร,North,Hot,Q2
67,2024,5,140.4464634,5,เพชรบูรณ์,North,Hot,Q2
70,2024,5,155.1782988,5,ราชบุรี,Central,Hot,Q2
71,2024,5,149.3156937,5,กาญจนบุรี,Central,Hot,Q2
72,2024,5,147.198169,5,สุพรรณบุรี,Central,Hot,Q2
73,2024,5,145.9346173,5,นครปฐม,Central,Hot,Q2
74,2024,5,144.3059058,5,สมุทรสาคร,Central,Hot,Q2
75,2024,5,152.2648407,5,สมุทรสงคราม,Central,Hot,Q2
76,2024,5,136.0760161,5,เพชรบุรี,South,Hot,Q2
77,2024,5,126.994668,5,ประจวบคีรีขันธ์,South,Hot,Q2
80,2024,5,216.37451679999998,5,นครศรีธรรมราช,South,Hot,Q2
81,2024,5,264.9835216,5,กระบี่,South,Hot,Q2
82,2024,5,257.4369309,5,พังงา,South,Hot,Q2
83,2024,5,277.049548,5,ภูเก็ต,South,Hot,Q2
84,2024,5,226.7334083,5,สุราษฎร์ธานี,South,Hot,Q2
85,2024,5,258.4891287,5,ระนอง,South,Hot,Q2
86,2024,5,234.25070339999996,5,ชุมพร,South,Hot,Q2
90,2024,5,136.5825895,5,สงขลา,South,Hot,Q2
91,2024,5,175.9231184,5,สตูล,South,Hot,Q2
92,2024,5,295.8732758,5,ตรัง,South,Hot,Q2
93,2024,5,209.5741676,5,พัทลุง,South,Hot,Q2
94,2024,5,79.47416417,5,ปัตตานี,South,Hot,Q2
95,2024,5,97.25068003,5,ยะลา,South,Hot,Q2
96,2024,5,79.8541976,5,นราธิวาส,South,Hot,Q2
10,2024,6,131.87123,6,กรุงเทพมหานคร,Central,Rainy/Monsoon,Q2
11,2024,6,109.2183734,6,สมุทรปราการ,Central,Rainy/Monsoon,Q2
12,2024,6,142.4841275,6,นนทบุรี,Central,Rainy/Monsoon,Q2
13,2024,6,149.3507255,6,ปทุมธานี,Central,Rainy/Monsoon,Q2
14,2024,6,150.3338074,6,พระนครศรีอยุธยา,Central,Rainy/Monsoon,Q2
15,2024,6,152.6905111,6,อ่างทอง,Central,Rainy/Monsoon,Q2
16,2024,6,104.62200109999999,6,ลพบุรี,Central,Rainy/Monsoon,Q2
17,2024,6,134.4201441,6,สิงห์บุรี,Central,Rainy/Monsoon,Q2
18,2024,6,124.497905,6,ชัยนาท,Central,Rainy/Monsoon,Q2
19,2024,6,117.73454020000001,6,สระบุรี,Central,Rainy/Monsoon,Q2
20,2024,6,132.1797869,6,ชลบุรี,East,Rainy/Monsoon,Q2
21,2024,6,237.8695311,6,ระยอง,East,Rainy/Monsoon,Q2
22,2024,6,432.3211678999999,6,จันทบุรี,East,Rainy/Monsoon,Q2
23,2024,6,627.6921074,6,ตราด,East,Rainy/Monsoon,Q2
24,2024,6,180.1316137,6,ฉะเชิงเทรา,East,Rainy/Monsoon,Q2
25,2024,6,195.2783068,6,ปราจีนบุรี,East,Rainy/Monsoon,Q2
26,2024,6,181.6400168,6,นครนายก,East,Rainy/Monsoon,Q2
27,2024,6,153.6560334,6,สระแก้ว,East,Rainy/Monsoon,Q2
30,2024,6,106.6462198,6,นครราชสีมา,Northeast,Rainy/Monsoon,Q2
31,2024,6,106.60595540000001,6,บุรีรัมย์,Northeast,Rainy/Monsoon,Q2
32,2024,6,147.7200325,6,สุรินทร์,Northeast,Rainy/Monsoon,Q2
33,2024,6,171.2977734,6,ศรีสะเกษ,Northeast,Rainy/Monsoon,Q2
34,2024,6,188.7778306,6,อุบลราชธานี,Northeast,Rainy/Monsoon,Q2
35,2024,6,200.9460822,6,ยโสธร,Northeast,Rainy/Monsoon,Q2
36,2024,6,123.9011676,6,ชัยภูมิ,Northeast,Rainy/Monsoon,Q2
37,2024,6,197.6166969,6,อำนาจเจริญ,Northeast,Rainy/Monsoon,Q2
38,2024,6,205.8981933,6,บึงกาฬ,Northeast,Rainy/Monsoon,Q2
39,2024,6,171.2548288,6,หนองบัวลำภู,Northeast,Rainy/Monsoon,Q2
40,2024,6,140.0916852,6,ขอนแก่น,Northeast,Rainy/Monsoon,Q2
41,2024,6,172.65321830000002,6,อุดรธานี,Northeast,Rainy/Monsoon,Q2
42,2024,6,187.3583628,6,เลย,Northeast,Rainy/Monsoon,Q2
43,2024,6,176.0664521,6,หนองคาย,Northeast,Rainy/Monsoon,Q2
44,2024,6,193.8925037,6,มหาสารคาม,Northeast,Rainy/Monsoon,Q2
45,2024,6,212.26340489999998,6,ร้อยเอ็ด,Northeast,Rainy/Monsoon,Q2
46,2024,6,204.6790361,6,กาฬสินธุ์,Northeast,Rainy/Monsoon,Q2
47,2024,6,208.6453334,6,สกลนคร,Northeast,Rainy/Monsoon,Q2
48,2024,6,241.28067769999998,6,นครพนม,Northeast,Rainy/Monsoon,Q2
49,2024,6,211.11020500000004,6,มุกดาหาร,Northeast,Rainy/Monsoon,Q2
50,2024,6,147.4700649,6,เชียงใหม่,North,Rainy/Monsoon,Q2
51,2024,6,127.4384953,6,ลำพูน,North,Rainy/Monsoon,Q2
52,2024,6,124.4691067,6,ลำปาง,North,Rainy/Monsoon,Q2
53,2024,6,154.9009524,6,อุตรดิตถ์,North,Rainy/Monsoon,Q2
54,2024,6,134.5513024,6,แพร่,North,Rainy/Monsoon,Q2
55,2024,6,235.4834471,6,น่าน,North,Rainy/Monsoon,Q2
56,2024,6,209.1183979,6,พะเยา,North,Rainy/Monsoon,Q2
57,2024,6,175.9096324,6,เชียงราย,North,Rainy/Monsoon,Q2
58,2024,6,202.2391812,6,แม่ฮ่องสอน,North,Rainy/Monsoon,Q2
60,2024,6,131.0092041,6,นครสวรรค์,Central,Rainy/Monsoon,Q2
61,2024,6,193.371039,6,อุทัยธานี,Central,Rainy/Monsoon,Q2
62,2024,6,162.6802956,6,กำแพงเพชร,North,Rainy/Monsoon,Q2
63,2024,6,210.5144655,6,ตาก,North,Rainy/Monsoon,Q2
64,2024,6,170.77682130000002,6,สุโขทัย,North,Rainy/Monsoon,Q2
65,2024,6,127.0816565,6,พิษณุโลก,North,Rainy/Monsoon,Q2
66,2024,6,117.6508055,6,พิจิตร,North,Rainy/Monsoon,Q2
67,2024,6,127.2507228,6,เพชรบูรณ์,North,Rainy/Monsoon,Q2
70,2024,6,117.76825030000002,6,ราชบุรี,Central,Rainy/Monsoon,Q2
71,2024,6,301.3120893,6,กาญจนบุรี,Central,Rainy/Monsoon,Q2
72,2024,6,151.5417515,6,สุพรรณบุรี,Central,Rainy/Monsoon,Q2
73,2024,6,143.3691337,6,นครปฐม,Central,Rainy/Monsoon,Q2
74,2024,6,125.6108436,6,สมุทรสาคร,Central,Rainy/Monsoon,Q2
75,2024,6,127.4814492,6,สมุทรสงคราม,Central,Rainy/Monsoon,Q2
76,2024,6,138.574025,6,เพชรบุรี,South,Rainy/Monsoon,Q2
77,2024,6,187.6116823,6,ประจวบคีรีขันธ์,South,Rainy/Monsoon,Q2
80,2024,6,150.0365233,6,นครศรีธรรมราช,South,Rainy/Monsoon,Q2
81,2024,6,333.1430908,6,กระบี่,South,Rainy/Monsoon,Q2
82,2024,6,368.3779213,6,พังงา,South,Rainy/Monsoon,Q2
83,2024,6,378.37169650000004,6,ภูเก็ต,South,Rainy/Monsoon,Q2
84,2024,6,223.1139085,6,สุราษฎร์ธานี,South,Rainy/Monsoon,Q2
85,2024,6,517.6078015,6,ระนอง,South,Rainy/Monsoon,Q2
86,2024,6,283.4753809,6,ชุมพร,South,Rainy/Monsoon,Q2
90,2024,6,113.21354809999998,6,สงขลา,South,Rainy/Monsoon,Q2
91,2024,6,185.6350106,6,สตูล,South,Rainy/Monsoon,Q2
92,2024,6,453.86978849999997,6,ตรัง,South,Rainy/Monsoon,Q2
93,2024,6,249.0409415,6,พัทลุง,South,Rainy/Monsoon,Q2
94,2024,6,93.86666873,6,ปัตตานี,South,Rainy/Monsoon,Q2
95,2024,6,115.691009,6,ยะลา,South,Rainy/Monsoon,Q2
96,2024,6,136.904061,6,นราธิวาส,South,Rainy/Monsoon,Q2
10,2024,7,106.1882582,6,กรุงเทพมหานคร,Central,Rainy/Monsoon,Q3
11,2024,7,106.9213597,6,สมุทรปราการ,Central,Rainy/Monsoon,Q3
12,2024,7,115.4298126,6,นนทบุรี,Central,Rainy/Monsoon,Q3
13,2024,7,119.5281466,6,ปทุมธานี,Central,Rainy/Monsoon,Q3
14,2024,7,119.8319015,6,พระนครศรีอยุธยา,Central,Rainy/Monsoon,Q3
15,2024,7,120.9873316,6,อ่างทอง,Central,Rainy/Monsoon,Q3
16,2024,7,129.9162273,6,ลพบุรี,Central,Rainy/Monsoon,Q3
17,2024,7,102.4494381,6,สิงห์บุรี,Central,Rainy/Monsoon,Q3
18,2024,7,96.99228017,6,ชัยนาท,Central,Rainy/Monsoon,Q3
19,2024,7,109.7582868,6,สระบุรี,Central,Rainy/Monsoon,Q3
20,2024,7,161.2295604,6,ชลบุรี,East,Rainy/Monsoon,Q3
21,2024,7,212.0504491,6,ระยอง,East,Rainy/Monsoon,Q3
22,2024,7,407.4273172,6,จันทบุรี,East,Rainy/Monsoon,Q3
23,2024,7,586.4011764,6,ตราด,East,Rainy/Monsoon,Q3
24,2024,7,221.55162529999998,6,ฉะเชิงเทรา,East,Rainy/Monsoon,Q3
25,2024,7,261.2227245,6,ปราจีนบุรี,East,Rainy/Monsoon,Q3
26,2024,7,186.2709765,6,นครนายก,East,Rainy/Monsoon,Q3
27,2024,7,284.2676875,6,สระแก้ว,East,Rainy/Monsoon,Q3
30,2024,7,162.9104946,6,นครราชสีมา,Northeast,Rainy/Monsoon,Q3
31,2024,7,211.3840981,6,บุรีรัมย์,Northeast,Rainy/Monsoon,Q3
32,2024,7,197.82368669999997,6,สุรินทร์,Northeast,Rainy/Monsoon,Q3
33,2024,7,284.3575034,6,ศรีสะเกษ,Northeast,Rainy/Monsoon,Q3
34,2024,7,347.5865942,6,อุบลราชธานี,Northeast,Rainy/Monsoon,Q3
35,2024,7,296.0595195,6,ยโสธร,Northeast,Rainy/Monsoon,Q3
36,2024,7,163.7441741,6,ชัยภูมิ,Northeast,Rainy/Monsoon,Q3
37,2024,7,318.9368928,6,อำนาจเจริญ,Northeast,Rainy/Monsoon,Q3
38,2024,7,309.4466051,6,บึงกาฬ,Northeast,Rainy/Monsoon,Q3
39,2024,7,184.5983761,6,หนองบัวลำภู,Northeast,Rainy/Monsoon,Q3
40,2024,7,172.4333726,6,ขอนแก่น,Northeast,Rainy/Monsoon,Q3
41,2024,7,236.753686,6,อุดรธานี,Northeast,Rainy/Monsoon,Q3
42,2024,7,155.6929076,6,เลย,Northeast,Rainy/Monsoon,Q3
43,2024,7,259.0180569,6,หนองคาย,Northeast,Rainy/Monsoon,Q3
44,2024,7,209.4768417,6,มหาสารคาม,Northeast,Rainy/Monsoon,Q3
45,2024,7,271.9038933,6,ร้อยเอ็ด,Northeast,Rainy/Monsoon,Q3
46,2024,7,256.6904349,6,กาฬสินธุ์,Northeast,Rainy/Monsoon,Q3
47,2024,7,307.9453887,6,สกลนคร,Northeast,Rainy/Monsoon,Q3
48,2024,7,365.4890046,6,นครพนม,Northeast,Rainy/Monsoon,Q3
49,2024,7,280.8034651,6,มุกดาหาร,Northeast,Rainy/Monsoon,Q3
50,2024,7,220.7105137,6,เชียงใหม่,North,Rainy/Monsoon,Q3
51,2024,7,181.6193965,6,ลำพูน,North,Rainy/Monsoon,Q3
52,2024,7,207.2999747,6,ลำปาง,North,Rainy/Monsoon,Q3
53,2024,7,181.6189274,6,อุตรดิตถ์,North,Rainy/Monsoon,Q3
54,2024,7,205.93724899999998,6,แพร่,North,Rainy/Monsoon,Q3
55,2024,7,320.1499212,6,น่าน,North,Rainy/Monsoon,Q3
56,2024,7,298.9714143,6,พะเยา,North,Rainy/Monsoon,Q3
57,2024,7,293.8108289,6,เชียงราย,North,Rainy/Monsoon,Q3
58,2024,7,226.2314539,6,แม่ฮ่องสอน,North,Rainy/Monsoon,Q3
60,2024,7,148.7423592,6,นครสวรรค์,Central,Rainy/Monsoon,Q3
61,2024,7,170.2546027,6,อุทัยธานี,Central,Rainy/Monsoon,Q3
62,2024,7,124.20940609999998,6,กำแพงเพชร,North,Rainy/Monsoon,Q3
63,2024,7,136.7367637,6,ตาก,North,Rainy/Monsoon,Q3
64,2024,7,103.87134299999998,6,สุโขทัย,North,Rainy/Monsoon,Q3
65,2024,7,152.9633218,6,พิษณุโลก,North,Rainy/Monsoon,Q3
66,2024,7,158.0081397,6,พิจิตร,North,Rainy/Monsoon,Q3
67,2024,7,150.3665343,6,เพชรบูรณ์,North,Rainy/Monsoon,Q3
70,2024,7,120.3207041,6,ราชบุรี,Central,Rainy/Monsoon,Q3
71,2024,7,233.6967506,6,กาญจนบุรี,Central,Rainy/Monsoon,Q3
72,2024,7,146.936274,6,สุพรรณบุรี,Central,Rainy/Monsoon,Q3
73,2024,7,142.0352709,6,นครปฐม,Central,Rainy/Monsoon,Q3
74,2024,7,108.2200692,6,สมุทรสาคร,Central,Rainy/Monsoon,Q3
75,2024,7,109.5400871,6,สมุทรสงคราม,Central,Rainy/Monsoon,Q3
76,2024,7,103.7261327,6,เพชรบุรี,South,Rainy/Monsoon,Q3
77,2024,7,196.96336269999998,6,ประจวบคีรีขันธ์,South,Rainy/Monsoon,Q3
80,2024,7,209.424395,6,นครศรีธรรมราช,South,Rainy/Monsoon,Q3
81,2024,7,362.2038954,6,กระบี่,South,Rainy/Monsoon,Q3
82,2024,7,463.2031077,6,พังงา,South,Rainy/Monsoon,Q3
83,2024,7,448.08624489999994,6,ภูเก็ต,South,Rainy/Monsoon,Q3
84,2024,7,359.8025214,6,สุราษฎร์ธานี,South,Rainy/Monsoon,Q3
85,2024,7,689.1979527,6,ระนอง,South,Rainy/Monsoon,Q3
86,2024,7,429.1324196,6,ชุมพร,South,Rainy/Monsoon,Q3
90,2024,7,121.632798,6,สงขลา,South,Rainy/Monsoon,Q3
91,2024,7,158.0525459,6,สตูล,South,Rainy/Monsoon,Q3
92,2024,7,306.0655147,6,ตรัง,South,Rainy/Monsoon,Q3
93,2024,7,200.1232542,6,พัทลุง,South,Rainy/Monsoon,Q3
94,2024,7,107.2361093,6,ปัตตานี,South,Rainy/Monsoon,Q3
95,2024,7,142.2586674,6,ยะลา,South,Rainy/Monsoon,Q3
96,2024,7,209.4312529,6,นราธิวาส,South,Rainy/Monsoon,Q3
10,2024,8,120.8208785,6,กรุงเทพมหานคร,Central,Rainy/Monsoon,Q3
11,2024,8,125.34426939999999,6,สมุทรปราการ,Central,Rainy/Monsoon,Q3
12,2024,8,118.93307699999998,6,นนทบุรี,Central,Rainy/Monsoon,Q3
13,2024,8,126.6055361,6,ปทุมธานี,Central,Rainy/Monsoon,Q3
14,2024,8,123.2197887,6,พระนครศรีอยุธยา,Central,Rainy/Monsoon,Q3
15,2024,8,132.3575188,6,อ่างทอง,Central,Rainy/Monsoon,Q3
16,2024,8,131.5397558,6,ลพบุรี,Central,Rainy/Monsoon,Q3
17,2024,8,140.7181125,6,สิงห์บุรี,Central,Rainy/Monsoon,Q3
18,2024,8,164.9577246,6,ชัยนาท,Central,Rainy/Monsoon,Q3
19,2024,8,137.0312193,6,สระบุรี,Central,Rainy/Monsoon,Q3
20,2024,8,142.9353941,6,ชลบุรี,East,Rainy/Monsoon,Q3
21,2024,8,131.6843757,6,ระยอง,East,Rainy/Monsoon,Q3
22,2024,8,297.741824,6,จันทบุรี,East,Rainy/Monsoon,Q3
23,2024,8,507.3306559999999,6,ตราด,East,Rainy/Monsoon,Q3
24,2024,8,223.07668679999998,6,ฉะเชิงเทรา,East,Rainy/Monsoon,Q3
25,2024,8,272.2324387,6,ปราจีนบุรี,East,Rainy/Monsoon,Q3
26,2024,8,215.17817520000003,6,นครนายก,East,Rainy/Monsoon,Q3
27,2024,8,190.7185229,6,สระแก้ว,East,Rainy/Monsoon,Q3
30,2024,8,119.1235277,6,นครราชสีมา,Northeast,Rainy/Monsoon,Q3
31,2024,8,159.9070866,6,บุรีรัมย์,Northeast,Rainy/Monsoon,Q3
32,2024,8,154.07759,6,สุรินทร์,Northeast,Rainy/Monsoon,Q3
33,2024,8,196.96922329999998,6,ศรีสะเกษ,Northeast,Rainy/Monsoon,Q3
34,2024,8,229.0915361,6,อุบลราชธานี,Northeast,Rainy/Monsoon,Q3
35,2024,8,208.3619358,6,ยโสธร,Northeast,Rainy/Monsoon,Q3
36,2024,8,155.4987838,6,ชัยภูมิ,Northeast,Rainy/Monsoon,Q3
37,2024,8,222.07517399999998,6,อำนาจเจริญ,Northeast,Rainy/Monsoon,Q3
38,2024,8,292.2250366,6,บึงกาฬ,Northeast,Rainy/Monsoon,Q3
39,2024,8,233.10207520000003,6,หนองบัวลำภู,Northeast,Rainy/Monsoon,Q3
40,2024,8,178.1605147,6,ขอนแก่น,Northeast,Rainy/Monsoon,Q3
41,2024,8,300.8395662,6,อุดรธานี,Northeast,Rainy/Monsoon,Q3
42,2024,8,175.4256829,6,เลย,Northeast,Rainy/Monsoon,Q3
43,2024,8,287.0993164,6,หนองคาย,Northeast,Rainy/Monsoon,Q3
44,2024,8,173.19508800000003,6,มหาสารคาม,Northeast,Rainy/Monsoon,Q3
45,2024,8,189.31968700000002,6,ร้อยเอ็ด,Northeast,Rainy/Monsoon,Q3
46,2024,8,197.64790460000003,6,กาฬสินธุ์,Northeast,Rainy/Monsoon,Q3
47,2024,8,251.7263321,6,สกลนคร,Northeast,Rainy/Monsoon,Q3
48,2024,8,301.4162079,6,นครพนม,Northeast,Rainy/Monsoon,Q3
49,2024,8,219.0113513,6,มุกดาหาร,Northeast,Rainy/Monsoon,Q3
50,2024,8,339.6673547,6,เชียงใหม่,North,Rainy/Monsoon,Q3
51,2024,8,255.129608,6,ลำพูน,North,Rainy/Monsoon,Q3
52,2024,8,257.634051,6,ลำปาง,North,Rainy/Monsoon,Q3
53,2024,8,255.1706002,6,อุตรดิตถ์,North,Rainy/Monsoon,Q3
54,2024,8,321.4633995,6,แพร่,North,Rainy/Monsoon,Q3
55,2024,8,338.5080214,6,น่าน,North,Rainy/Monsoon,Q3
56,2024,8,353.5241161000001,6,พะเยา,North,Rainy/Monsoon,Q3
57,2024,8,398.7169393,6,เชียงราย,North,Rainy/Monsoon,Q3
58,2024,8,416.8379547,6,แม่ฮ่องสอน,North,Rainy/Monsoon,Q3
60,2024,8,196.7591593,6,นครสวรรค์,Central,Rainy/Monsoon,Q3
61,2024,8,195.2314318,6,อุทัยธานี,Central,Rainy/Monsoon,Q3
62,2024,8,214.0479797,6,กำแพงเพชร,North,Rainy/Monsoon,Q3
63,2024,8,226.3281184,6,ตาก,North,Rainy/Monsoon,Q3
64,2024,8,192.7510961,6,สุโขทัย,North,Rainy/Monsoon,Q3
65,2024,8,236.8881509,6,พิษณุโลก,North,Rainy/Monsoon,Q3
66,2024,8,231.234819,6,พิจิตร,North,Rainy/Monsoon,Q3
67,2024,8,153.3568033,6,เพชรบูรณ์,North,Rainy/Monsoon,Q3
70,2024,8,106.6948407,6,ราชบุรี,Central,Rainy/Monsoon,Q3
71,2024,8,192.5492953,6,กาญจนบุรี,Central,Rainy/Monsoon,Q3
72,2024,8,150.1320317,6,สุพรรณบุรี,Central,Rainy/Monsoon,Q3
73,2024,8,114.7150811,6,นครปฐม,Central,Rainy/Monsoon,Q3
74,2024,8,111.6060858,6,สมุทรสาคร,Central,Rainy/Monsoon,Q3
75,2024,8,108.2097391,6,สมุทรสงคราม,Central,Rainy/Monsoon,Q3
76,2024,8,94.72835736,6,เพชรบุรี,South,Rainy/Monsoon,Q3
77,2024,8,131.3097956,6,ประจวบคีรีขันธ์,South,Rainy/Monsoon,Q3
80,2024,8,162.5341225,6,นครศรีธรรมราช,South,Rainy/Monsoon,Q3
81,2024,8,275.2286135,6,กระบี่,South,Rainy/Monsoon,Q3
82,2024,8,302.6919864,6,พังงา,South,Rainy/Monsoon,Q3
83,2024,8,291.3704297,6,ภูเก็ต,South,Rainy/Monsoon,Q3
84,2024,8,222.568505,6,สุราษฎร์ธานี,South,Rainy/Monsoon,Q3
85,2024,8,465.1986804,6,ระนอง,South,Rainy/Monsoon,Q3
86,2024,8,273.0019185,6,ชุมพร,South,Rainy/Monsoon,Q3
90,2024,8,155.8561629,6,สงขลา,South,Rainy/Monsoon,Q3
91,2024,8,194.808283,6,สตูล,South,Rainy/Monsoon,Q3
92,2024,8,369.4253267000001,6,ตรัง,South,Rainy/Monsoon,Q3
93,2024,8,238.9235513,6,พัทลุง,South,Rainy/Monsoon,Q3
94,2024,8,169.5415103,6,ปัตตานี,South,Rainy/Monsoon,Q3
95,2024,8,151.1861914,6,ยะลา,South,Rainy/Monsoon,Q3
96,2024,8,105.9641348,6,นราธิวาส,South,Rainy/Monsoon,Q3
10,2024,9,356.5641332,6,กรุงเทพมหานคร,Central,Rainy/Monsoon,Q3
11,2024,9,390.8508646,6,สมุทรปราการ,Central,Rainy/Monsoon,Q3
12,2024,9,316.8938644,6,นนทบุรี,Central,Rainy/Monsoon,Q3
13,2024,9,320.3436518,6,ปทุมธานี,Central,Rainy/Monsoon,Q3
14,2024,9,315.227906,6,พระนครศรีอยุธยา,Central,Rainy/Monsoon,Q3
15,2024,9,322.2637033,6,อ่างทอง,Central,Rainy/Monsoon,Q3
16,2024,9,244.5800662,6,ลพบุรี,Central,Rainy/Monsoon,Q3
17,2024,9,275.0664116,6,สิงห์บุรี,Central,Rainy/Monsoon,Q3
18,2024,9,251.6963895,6,ชัยนาท,Central,Rainy/Monsoon,Q3
19,2024,9,254.0938353,6,สระบุรี,Central,Rainy/Monsoon,Q3
20,2024,9,336.9433989,6,ชลบุรี,East,Rainy/Monsoon,Q3
21,2024,9,398.8655492,6,ระยอง,East,Rainy/Monsoon,Q3
22,2024,9,442.3251387,6,จันทบุรี,East,Rainy/Monsoon,Q3
23,2024,9,517.2327296,6,ตราด,East,Rainy/Monsoon,Q3
24,2024,9,359.805008,6,ฉะเชิงเทรา,East,Rainy/Monsoon,Q3
25,2024,9,336.6069942,6,ปราจีนบุรี,East,Rainy/Monsoon,Q3
26,2024,9,348.3281195,6,นครนายก,East,Rainy/Monsoon,Q3
27,2024,9,320.9269348,6,สระแก้ว,East,Rainy/Monsoon,Q3
30,2024,9,263.0189038,6,นครราชสีมา,Northeast,Rainy/Monsoon,Q3
31,2024,9,261.014261,6,บุรีรัมย์,Northeast,Rainy/Monsoon,Q3
32,2024,9,271.7734078,6,สุรินทร์,Northeast,Rainy/Monsoon,Q3
33,2024,9,262.0465077,6,ศรีสะเกษ,Northeast,Rainy/Monsoon,Q3
34,2024,9,246.0766642,6,อุบลราชธานี,Northeast,Rainy/Monsoon,Q3
35,2024,9,233.538805,6,ยโสธร,Northeast,Rainy/Monsoon,Q3
36,2024,9,257.4308123,6,ชัยภูมิ,Northeast,Rainy/Monsoon,Q3
37,2024,9,236.1606382,6,อำนาจเจริญ,Northeast,Rainy/Monsoon,Q3
38,2024,9,281.1051134,6,บึงกาฬ,Northeast,Rainy/Monsoon,Q3
39,2024,9,363.0892125,6,หนองบัวลำภู,Northeast,Rainy/Monsoon,Q3
40,2024,9,249.52008450000002,6,ขอนแก่น,Northeast,Rainy/Monsoon,Q3
41,2024,9,293.5291038,6,อุดรธานี,Northeast,Rainy/Monsoon,Q3
42,2024,9,436.230679,6,เลย,Northeast,Rainy/Monsoon,Q3
43,2024,9,308.8498918,6,หนองคาย,Northeast,Rainy/Monsoon,Q3
44,2024,9,233.51521919999996,6,มหาสารคาม,Northeast,Rainy/Monsoon,Q3
45,2024,9,223.1807923,6,ร้อยเอ็ด,Northeast,Rainy/Monsoon,Q3
46,2024,9,238.3074235,6,กาฬสินธุ์,Northeast,Rainy/Monsoon,Q3
47,2024,9,270.1779852,6,สกลนคร,Northeast,Rainy/Monsoon,Q3
48,2024,9,274.2812355,6,นครพนม,Northeast,Rainy/Monsoon,Q3
49,2024,9,229.5040226,6,มุกดาหาร,Northeast,Rainy/Monsoon,Q3
50,2024,9,295.7601722,6,เชียงใหม่,North,Rainy/Monsoon,Q3
51,2024,9,313.0146867,6,ลำพูน,North,Rainy/Monsoon,Q3
52,2024,9,305.4815667,6,ลำปาง,North,Rainy/Monsoon,Q3
53,2024,9,352.2208441,6,อุตรดิตถ์,North,Rainy/Monsoon,Q3
54,2024,9,275.6015932,6,แพร่,North,Rainy/Monsoon,Q3
55,2024,9,226.9760955,6,น่าน,North,Rainy/Monsoon,Q3
56,2024,9,237.92704790000002,6,พะเยา,North,Rainy/Monsoon,Q3
57,2024,9,266.4169655,6,เชียงราย,North,Rainy/Monsoon,Q3
58,2024,9,268.0846358,6,แม่ฮ่องสอน,North,Rainy/Monsoon,Q3
60,2024,9,233.17751770000004,6,นครสวรรค์,Central,Rainy/Monsoon,Q3
61,2024,9,268.628936,6,อุทัยธานี,Central,Rainy/Monsoon,Q3
62,2024,9,283.2109243,6,กำแพงเพชร,North,Rainy/Monsoon,Q3
63,2024,9,289.1110806,6,ตาก,North,Rainy/Monsoon,Q3
64,2024,9,345.82015010000003,6,สุโขทัย,North,Rainy/Monsoon,Q3
65,2024,9,287.9834689,6,พิษณุโลก,North,Rainy/Monsoon,Q3
66,2024,9,245.3276903,6,พิจิตร,North,Rainy/Monsoon,Q3
67,2024,9,244.00260420000004,6,เพชรบูรณ์,North,Rainy/Monsoon,Q3
70,2024,9,264.8583632,6,ราชบุรี,Central,Rainy/Monsoon,Q3
71,2024,9,293.6971162,6,กาญจนบุรี,Central,Rainy/Monsoon,Q3
72,2024,9,324.5294374,6,สุพรรณบุรี,Central,Rainy/Monsoon,Q3
73,2024,9,256.2265566,6,นครปฐม,Central,Rainy/Monsoon,Q3
74,2024,9,333.4191419,6,สมุทรสาคร,Central,Rainy/Monsoon,Q3
75,2024,9,300.5602599,6,สมุทรสงคราม,Central,Rainy/Monsoon,Q3
76,2024,9,244.68005260000004,6,เพชรบุรี,South,Rainy/Monsoon,Q3
77,2024,9,182.5097711,6,ประจวบคีรีขันธ์,South,Rainy/Monsoon,Q3
80,2024,9,202.3308307,6,นครศรีธรรมราช,South,Rainy/Monsoon,Q3
81,2024,9,392.5621965,6,กระบี่,South,Rainy/Monsoon,Q3
82,2024,9,510.2642771,6,พังงา,South,Rainy/Monsoon,Q3
83,2024,9,583.9653395,6,ภูเก็ต,South,Rainy/Monsoon,Q3
84,2024,9,250.1036454,6,สุราษฎร์ธานี,South,Rainy/Monsoon,Q3
85,2024,9,457.9065122,6,ระนอง,South,Rainy/Monsoon,Q3
86,2024,9,322.7014129,6,ชุมพร,South,Rainy/Monsoon,Q3
90,2024,9,119.6941023,6,สงขลา,South,Rainy/Monsoon,Q3
91,2024,9,131.0510253,6,สตูล,South,Rainy/Monsoon,Q3
92,2024,9,245.7716928,6,ตรัง,South,Rainy/Monsoon,Q3
93,2024,9,161.7236524,6,พัทลุง,South,Rainy/Monsoon,Q3
94,2024,9,196.4379863,6,ปัตตานี,South,Rainy/Monsoon,Q3
95,2024,9,183.935517,6,ยะลา,South,Rainy/Monsoon,Q3
96,2024,9,224.3214001,6,นราธิวาส,South,Rainy/Monsoon,Q3
10,2024,10,120.1637204,6,กรุงเทพมหานคร,Central,Rainy/Monsoon,Q4
11,2024,10,112.8488183,6,สมุทรปราการ,Central,Rainy/Monsoon,Q4
12,2024,10,144.0487057,6,นนทบุรี,Central,Rainy/Monsoon,Q4
13,2024,10,129.2439512,6,ปทุมธานี,Central,Rainy/Monsoon,Q4
14,2024,10,140.1473052,6,พระนครศรีอยุธยา,Central,Rainy/Monsoon,Q4
15,2024,10,138.4624065,6,อ่างทอง,Central,Rainy/Monsoon,Q4
16,2024,10,54.992241580000005,6,ลพบุรี,Central,Rainy/Monsoon,Q4
17,2024,10,93.61391924000002,6,สิงห์บุรี,Central,Rainy/Monsoon,Q4
18,2024,10,93.57752965000002,6,ชัยนาท,Central,Rainy/Monsoon,Q4
19,2024,10,91.01878066,6,สระบุรี,Central,Rainy/Monsoon,Q4
20,2024,10,143.6406154,6,ชลบุรี,East,Rainy/Monsoon,Q4
21,2024,10,178.4031267,6,ระยอง,East,Rainy/Monsoon,Q4
22,2024,10,194.03460069999997,6,จันทบุรี,East,Rainy/Monsoon,Q4
23,2024,10,238.4963309,6,ตราด,East,Rainy/Monsoon,Q4
24,2024,10,118.2372618,6,ฉะเชิงเทรา,East,Rainy/Monsoon,Q4
25,2024,10,95.12148132,6,ปราจีนบุรี,East,Rainy/Monsoon,Q4
26,2024,10,99.18164624,6,นครนายก,East,Rainy/Monsoon,Q4
27,2024,10,151.9009333,6,สระแก้ว,East,Rainy/Monsoon,Q4
30,2024,10,84.08686565,6,นครราชสีมา,Northeast,Rainy/Monsoon,Q4
31,2024,10,123.1993084,6,บุรีรัมย์,Northeast,Rainy/Monsoon,Q4
32,2024,10,90.39016652,6,สุรินทร์,Northeast,Rainy/Monsoon,Q4
33,2024,10,56.69020828,6,ศรีสะเกษ,Northeast,Rainy/Monsoon,Q4
34,2024,10,31.39691462,6,อุบลราชธานี,Northeast,Rainy/Monsoon,Q4
35,2024,10,30.003064229999996,6,ยโสธร,Northeast,Rainy/Monsoon,Q4
36,2024,10,20.51216882,6,ชัยภูมิ,Northeast,Rainy/Monsoon,Q4
37,2024,10,27.13255981,6,อำนาจเจริญ,Northeast,Rainy/Monsoon,Q4
38,2024,10,37.47360743,6,บึงกาฬ,Northeast,Rainy/Monsoon,Q4
39,2024,10,16.19195747,6,หนองบัวลำภู,Northeast,Rainy/Monsoon,Q4
40,2024,10,10.82617941,6,ขอนแก่น,Northeast,Rainy/Monsoon,Q4
41,2024,10,22.315419860000002,6,อุดรธานี,Northeast,Rainy/Monsoon,Q4
42,2024,10,20.41700034,6,เลย,Northeast,Rainy/Monsoon,Q4
43,2024,10,31.08415617,6,หนองคาย,Northeast,Rainy/Monsoon,Q4
44,2024,10,20.46319,6,มหาสารคาม,Northeast,Rainy/Monsoon,Q4
45,2024,10,30.10442394,6,ร้อยเอ็ด,Northeast,Rainy/Monsoon,Q4
46,2024,10,28.24802773,6,กาฬสินธุ์,Northeast,Rainy/Monsoon,Q4
47,2024,10,46.158312349999996,6,สกลนคร,Northeast,Rainy/Monsoon,Q4
48,2024,10,38.7005766,6,นครพนม,Northeast,Rainy/Monsoon,Q4
49,2024,10,29.25950044,6,มุกดาหาร,Northeast,Rainy/Monsoon,Q4
50,2024,10,54.90638988999999,6,เชียงใหม่,North,Rainy/Monsoon,Q4
51,2024,10,86.6352246,6,ลำพูน,North,Rainy/Monsoon,Q4
52,2024,10,83.58886727,6,ลำปาง,North,Rainy/Monsoon,Q4
53,2024,10,46.35813699,6,อุตรดิตถ์,North,Rainy/Monsoon,Q4
54,2024,10,60.029167269999995,6,แพร่,North,Rainy/Monsoon,Q4
55,2024,10,50.89150105000001,6,น่าน,North,Rainy/Monsoon,Q4
56,2024,10,57.69769276,6,พะเยา,North,Rainy/Monsoon,Q4
57,2024,10,73.63546577,6,เชียงราย,North,Rainy/Monsoon,Q4
58,2024,10,47.47657041,6,แม่ฮ่องสอน,North,Rainy/Monsoon,Q4
60,2024,10,63.906192,6,นครสวรรค์,Central,Rainy/Monsoon,Q4
61,2024,10,104.990657,6,อุทัยธานี,Central,Rainy/Monsoon,Q4
62,2024,10,72.63417094,6,กำแพงเพชร,North,Rainy/Monsoon,Q4
63,2024,10,97.54658305,6,ตาก,North,Rainy/Monsoon,Q4
64,2024,10,72.56825096,6,สุโขทัย,North,Rainy/Monsoon,Q4
65,2024,10,48.12085941,6,พิษณุโลก,North,Rainy/Monsoon,Q4
66,2024,10,54.84170959,6,พิจิตร,North,Rainy/Monsoon,Q4
67,2024,10,24.51110962,6,เพชรบูรณ์,North,Rainy/Monsoon,Q4
70,2024,10,225.7928508,6,ราชบุรี,Central,Rainy/Monsoon,Q4
71,2024,10,168.407888,6,กาญจนบุรี,Central,Rainy/Monsoon,Q4
72,2024,10,195.8451489,6,สุพรรณบุรี,Central,Rainy/Monsoon,Q4
73,2024,10,216.3833706,6,นครปฐม,Central,Rainy/Monsoon,Q4
74,2024,10,144.578174,6,สมุทรสาคร,Central,Rainy/Monsoon,Q4
75,2024,10,173.3825504,6,สมุทรสงคราม,Central,Rainy/Monsoon,Q4
76,2024,10,222.9778922,6,เพชรบุรี,South,Rainy/Monsoon,Q4
77,2024,10,279.6587604,6,ประจวบคีรีขันธ์,South,Rainy/Monsoon,Q4
80,2024,10,463.2376252000001,6,นครศรีธรรมราช,South,Rainy/Monsoon,Q4
81,2024,10,310.3474146,6,กระบี่,South,Rainy/Monsoon,Q4
82,2024,10,310.8341187,6,พังงา,South,Rainy/Monsoon,Q4
83,2024,10,254.8628052,6,ภูเก็ต,South,Rainy/Monsoon,Q4
84,2024,10,309.2248958,6,สุราษฎร์ธานี,South,Rainy/Monsoon,Q4
85,2024,10,462.9103886,6,ระนอง,South,Rainy/Monsoon,Q4
86,2024,10,404.0981279999999,6,ชุมพร,South,Rainy/Monsoon,Q4
90,2024,10,312.1100206,6,สงขลา,South,Rainy/Monsoon,Q4
91,2024,10,307.9962878,6,สตูล,South,Rainy/Monsoon,Q4
92,2024,10,327.2900367,6,ตรัง,South,Rainy/Monsoon,Q4
93,2024,10,345.93438570000006,6,พัทลุง,South,Rainy/Monsoon,Q4
94,2024,10,284.1020014,6,ปัตตานี,South,Rainy/Monsoon,Q4
95,2024,10,318.3359365,6,ยะลา,South,Rainy/Monsoon,Q4
96,2024,10,376.7911899,6,นราธิวาส,South,Rainy/Monsoon,Q4
10,2024,11,42.28935066,6,กรุงเทพมหานคร,Central,Cool/Dry,Q4
11,2024,11,51.65086404000001,6,สมุทรปราการ,Central,Cool/Dry,Q4
12,2024,11,39.8418762,6,นนทบุรี,Central,Cool/Dry,Q4
13,2024,11,37.92839115,6,ปทุมธานี,Central,Cool/Dry,Q4
14,2024,11,27.17483099,6,พระนครศรีอยุธยา,Central,Cool/Dry,Q4
15,2024,11,19.19084788,6,อ่างทอง,Central,Cool/Dry,Q4
16,2024,11,15.557281080000001,6,ลพบุรี,Central,Cool/Dry,Q4
17,2024,11,23.247219,6,สิงห์บุรี,Central,Cool/Dry,Q4
18,2024,11,27.85834206,6,ชัยนาท,Central,Cool/Dry,Q4
19,2024,11,18.29561308,6,สระบุรี,Central,Cool/Dry,Q4
20,2024,11,69.63913425,6,ชลบุรี,East,Cool/Dry,Q4
21,2024,11,92.93098331,6,ระยอง,East,Cool/Dry,Q4
22,2024,11,119.09312519999999,6,จันทบุรี,East,Cool/Dry,Q4
23,2024,11,146.8238086,6,ตราด,East,Cool/Dry,Q4
24,2024,11,57.34011123,6,ฉะเชิงเทรา,East,Cool/Dry,Q4
25,2024,11,43.30411528,6,ปราจีนบุรี,East,Cool/Dry,Q4
26,2024,11,39.32475449,6,นครนายก,East,Cool/Dry,Q4
27,2024,11,68.44218949,6,สระแก้ว,East,Cool/Dry,Q4
30,2024,11,15.50116459,6,นครราชสีมา,Northeast,Cool/Dry,Q4
31,2024,11,14.61105751,6,บุรีรัมย์,Northeast,Cool/Dry,Q4
32,2024,11,6.153712426000001,6,สุรินทร์,Northeast,Cool/Dry,Q4
33,2024,11,4.22905,6,ศรีสะเกษ,Northeast,Cool/Dry,Q4
34,2024,11,3.213450389,6,อุบลราชธานี,Northeast,Cool/Dry,Q4
35,2024,11,1.991400463,6,ยโสธร,Northeast,Cool/Dry,Q4
36,2024,11,3.473615967,6,ชัยภูมิ,Northeast,Cool/Dry,Q4
37,2024,11,2.151852791,6,อำนาจเจริญ,Northeast,Cool/Dry,Q4
38,2024,11,0.8590067769999999,6,บึงกาฬ,Northeast,Cool/Dry,Q4
39,2024,11,0.539123313,6,หนองบัวลำภู,Northeast,Cool/Dry,Q4
40,2024,11,0.83876056,6,ขอนแก่น,Northeast,Cool/Dry,Q4
41,2024,11,0.467633205,6,อุดรธานี,Northeast,Cool/Dry,Q4
42,2024,11,1.4980114460000002,6,เลย,Northeast,Cool/Dry,Q4
43,2024,11,0.748808925,6,หนองคาย,Northeast,Cool/Dry,Q4
44,2024,11,1.762594787,6,มหาสารคาม,Northeast,Cool/Dry,Q4
45,2024,11,1.9162564259999997,6,ร้อยเอ็ด,Northeast,Cool/Dry,Q4
46,2024,11,1.063345321,6,กาฬสินธุ์,Northeast,Cool/Dry,Q4
47,2024,11,1.192993828,6,สกลนคร,Northeast,Cool/Dry,Q4
48,2024,11,0.9264625409999999,6,นครพนม,Northeast,Cool/Dry,Q4
49,2024,11,0.572587352,6,มุกดาหาร,Northeast,Cool/Dry,Q4
50,2024,11,21.36728241,6,เชียงใหม่,North,Cool/Dry,Q4
51,2024,11,22.92368078,6,ลำพูน,North,Cool/Dry,Q4
52,2024,11,26.8133327,6,ลำปาง,North,Cool/Dry,Q4
53,2024,11,5.385211711,6,อุตรดิตถ์,North,Cool/Dry,Q4
54,2024,11,12.31915282,6,แพร่,North,Cool/Dry,Q4
55,2024,11,8.048171249,6,น่าน,North,Cool/Dry,Q4
56,2024,11,17.16556975,6,พะเยา,North,Cool/Dry,Q4
57,2024,11,26.83044415,6,เชียงราย,North,Cool/Dry,Q4
58,2024,11,15.86859637,6,แม่ฮ่องสอน,North,Cool/Dry,Q4
60,2024,11,19.9865564,6,นครสวรรค์,Central,Cool/Dry,Q4
61,2024,11,21.768077130000005,6,อุทัยธานี,Central,Cool/Dry,Q4
62,2024,11,6.0609019,6,กำแพงเพชร,North,Cool/Dry,Q4
63,2024,11,7.6130774489999995,6,ตาก,North,Cool/Dry,Q4
64,2024,11,4.771071298,6,สุโขทัย,North,Cool/Dry,Q4
65,2024,11,2.666521207,6,พิษณุโลก,North,Cool/Dry,Q4
66,2024,11,8.556753427,6,พิจิตร,North,Cool/Dry,Q4
67,2024,11,6.978206799,6,เพชรบูรณ์,North,Cool/Dry,Q4
70,2024,11,96.63945521,6,ราชบุรี,Central,Cool/Dry,Q4
71,2024,11,40.83265822,6,กาญจนบุรี,Central,Cool/Dry,Q4
72,2024,11,28.24068387,6,สุพรรณบุรี,Central,Cool/Dry,Q4
73,2024,11,56.71326443,6,นครปฐม,Central,Cool/Dry,Q4
74,2024,11,51.03029035,6,สมุทรสาคร,Central,Cool/Dry,Q4
75,2024,11,87.04533318,6,สมุทรสงคราม,Central,Cool/Dry,Q4
76,2024,11,276.0325437,6,เพชรบุรี,South,Cool/Dry,Q4
77,2024,11,476.8083043,6,ประจวบคีรีขันธ์,South,Cool/Dry,Q4
80,2024,11,506.5993213,6,นครศรีธรรมราช,South,Cool/Dry,Q4
81,2024,11,326.6727735,6,กระบี่,South,Cool/Dry,Q4
82,2024,11,325.1317058,6,พังงา,South,Cool/Dry,Q4
83,2024,11,273.4126691,6,ภูเก็ต,South,Cool/Dry,Q4
84,2024,11,414.9370389,6,สุราษฎร์ธานี,South,Cool/Dry,Q4
85,2024,11,339.8622021,6,ระนอง,South,Cool/Dry,Q4
86,2024,11,415.4892924,6,ชุมพร,South,Cool/Dry,Q4
90,2024,11,377.3991285,6,สงขลา,South,Cool/Dry,Q4
91,2024,11,331.3662708,6,สตูล,South,Cool/Dry,Q4
92,2024,11,239.2316981,6,ตรัง,South,Cool/Dry,Q4
93,2024,11,342.3130299,6,พัทลุง,South,Cool/Dry,Q4
94,2024,11,409.7346918,6,ปัตตานี,South,Cool/Dry,Q4
95,2024,11,463.67354240000003,6,ยะลา,South,Cool/Dry,Q4
96,2024,11,639.8648419,6,นราธิวาส,South,Cool/Dry,Q4
10,2024,12,6.177196337000001,6,กรุงเทพมหานคร,Central,Cool/Dry,Q4
11,2024,12,5.696531127,6,สมุทรปราการ,Central,Cool/Dry,Q4
12,2024,12,5.100187619,6,นนทบุรี,Central,Cool/Dry,Q4
13,2024,12,4.731979485,6,ปทุมธานี,Central,Cool/Dry,Q4
14,2024,12,2.807328638,6,พระนครศรีอยุธยา,Central,Cool/Dry,Q4
15,2024,12,0.8931920190000001,6,อ่างทอง,Central,Cool/Dry,Q4
16,2024,12,0.066651368,6,ลพบุรี,Central,Cool/Dry,Q4
17,2024,12,0.3912103740000001,6,สิงห์บุรี,Central,Cool/Dry,Q4
18,2024,12,0.44291211199999997,6,ชัยนาท,Central,Cool/Dry,Q4
19,2024,12,0.600670981,6,สระบุรี,Central,Cool/Dry,Q4
20,2024,12,3.359483219,6,ชลบุรี,East,Cool/Dry,Q4
21,2024,12,4.46835792,6,ระยอง,East,Cool/Dry,Q4
22,2024,12,2.638278965,6,จันทบุรี,East,Cool/Dry,Q4
23,2024,12,6.211654681,6,ตราด,East,Cool/Dry,Q4
24,2024,12,2.132624623,6,ฉะเชิงเทรา,East,Cool/Dry,Q4
25,2024,12,0.11387473200000002,6,ปราจีนบุรี,East,Cool/Dry,Q4
26,2024,12,1.413867188,6,นครนายก,East,Cool/Dry,Q4
27,2024,12,0.175636842,6,สระแก้ว,East,Cool/Dry,Q4
30,2024,12,0.000512997,6,นครราชสีมา,Northeast,Cool/Dry,Q4
31,2024,12,0.0,6,บุรีรัมย์,Northeast,Cool/Dry,Q4
32,2024,12,0.0,6,สุรินทร์,Northeast,Cool/Dry,Q4
33,2024,12,0.0,6,ศรีสะเกษ,Northeast,Cool/Dry,Q4
34,2024,12,0.0,6,อุบลราชธานี,Northeast,Cool/Dry,Q4
35,2024,12,0.0,6,ยโสธร,Northeast,Cool/Dry,Q4
36,2024,12,0.0,6,ชัยภูมิ,Northeast,Cool/Dry,Q4
37,2024,12,0.0,6,อำนาจเจริญ,Northeast,Cool/Dry,Q4
38,2024,12,0.0,6,บึงกาฬ,Northeast,Cool/Dry,Q4
39,2024,12,0.0,6,หนองบัวลำภู,Northeast,Cool/Dry,Q4
40,2024,12,0.0,6,ขอนแก่น,Northeast,Cool/Dry,Q4
41,2024,12,0.0,6,อุดรธานี,Northeast,Cool/Dry,Q4
42,2024,12,0.0,6,เลย,Northeast,Cool/Dry,Q4
43,2024,12,0.0,6,หนองคาย,Northeast,Cool/Dry,Q4
44,2024,12,0.0,6,มหาสารคาม,Northeast,Cool/Dry,Q4
45,2024,12,0.0,6,ร้อยเอ็ด,Northeast,Cool/Dry,Q4
46,2024,12,0.0,6,กาฬสินธุ์,Northeast,Cool/Dry,Q4
47,2024,12,0.0,6,สกลนคร,Northeast,Cool/Dry,Q4
48,2024,12,0.0,6,นครพนม,Northeast,Cool/Dry,Q4
49,2024,12,0.0,6,มุกดาหาร,Northeast,Cool/Dry,Q4
50,2024,12,0.0,6,เชียงใหม่,North,Cool/Dry,Q4
51,2024,12,0.0,6,ลำพูน,North,Cool/Dry,Q4
52,2024,12,0.0,6,ลำปาง,North,Cool/Dry,Q4
53,2024,12,0.0,6,อุตรดิตถ์,North,Cool/Dry,Q4
54,2024,12,0.0,6,แพร่,North,Cool/Dry,Q4
55,2024,12,0.0,6,น่าน,North,Cool/Dry,Q4
56,2024,12,0.0,6,พะเยา,North,Cool/Dry,Q4
57,2024,12,0.0,6,เชียงราย,North,Cool/Dry,Q4
58,2024,12,0.0,6,แม่ฮ่องสอน,North,Cool/Dry,Q4
60,2024,12,0.073618953,6,นครสวรรค์,Central,Cool/Dry,Q4
61,2024,12,0.293329763,6,อุทัยธานี,Central,Cool/Dry,Q4
62,2024,12,0.01749549,6,กำแพงเพชร,North,Cool/Dry,Q4
63,2024,12,0.017374557,6,ตาก,North,Cool/Dry,Q4
64,2024,12,0.0,6,สุโขทัย,North,Cool/Dry,Q4
65,2024,12,0.0,6,พิษณุโลก,North,Cool/Dry,Q4
66,2024,12,0.014402740000000002,6,พิจิตร,North,Cool/Dry,Q4
67,2024,12,0.001769268,6,เพชรบูรณ์,North,Cool/Dry,Q4
70,2024,12,2.532920129,6,ราชบุรี,Central,Cool/Dry,Q4
71,2024,12,0.300180042,6,กาญจนบุรี,Central,Cool/Dry,Q4
72,2024,12,0.854581953,6,สุพรรณบุรี,Central,Cool/Dry,Q4
73,2024,12,2.735701509,6,นครปฐม,Central,Cool/Dry,Q4
74,2024,12,5.660331947,6,สมุทรสาคร,Central,Cool/Dry,Q4
75,2024,12,4.619072478,6,สมุทรสงคราม,Central,Cool/Dry,Q4
76,2024,12,6.424460882000001,6,เพชรบุรี,South,Cool/Dry,Q4
77,2024,12,21.81882032,6,ประจวบคีรีขันธ์,South,Cool/Dry,Q4
80,2024,12,433.8844625,6,นครศรีธรรมราช,South,Cool/Dry,Q4
81,2024,12,210.0063719,6,กระบี่,South,Cool/Dry,Q4
82,2024,12,130.1497287,6,พังงา,South,Cool/Dry,Q4
83,2024,12,98.32529418,6,ภูเก็ต,South,Cool/Dry,Q4
84,2024,12,193.9967656,6,สุราษฎร์ธานี,South,Cool/Dry,Q4
85,2024,12,74.92056184,6,ระนอง,South,Cool/Dry,Q4
86,2024,12,92.04938748,6,ชุมพร,South,Cool/Dry,Q4
90,2024,12,695.4704753,6,สงขลา,South,Cool/Dry,Q4
91,2024,12,598.7826822,6,สตูล,South,Cool/Dry,Q4
92,2024,12,321.6515152,6,ตรัง,South,Cool/Dry,Q4
93,2024,12,533.804063,6,พัทลุง,South,Cool/Dry,Q4
94,2024,12,868.6159168,6,ปัตตานี,South,Cool/Dry,Q4
95,2024,12,896.2029912000002,6,ยะลา,South,Cool/Dry,Q4
96,2024,12,1152.512503,6,นราธิวาส,South,Cool/Dry,Q4
10,2025,1,5.338791700683333,6,กรุงเทพมหานคร,Central,Cool/Dry,Q1
11,2025,1,4.230836506933334,6,สมุทรปราการ,Central,Cool/Dry,Q1
12,2025,1,4.901404000266667,6,นนทบุรี,Central,Cool/Dry,Q1
13,2025,1,4.412894320916666,6,ปทุมธานี,Central,Cool/Dry,Q1
14,2025,1,4.137490613783334,6,พระนครศรีอยุธยา,Central,Cool/Dry,Q1
15,2025,1,3.7734476334,6,อ่างทอง,Central,Cool/Dry,Q1
16,2025,1,4.566037572316667,6,ลพบุรี,Central,Cool/Dry,Q1
17,2025,1,4.260141690466667,6,สิงห์บุรี,Central,Cool/Dry,Q1
18,2025,1,4.324384008016667,6,ชัยนาท,Central,Cool/Dry,Q1
19,2025,1,8.3293829464,6,สระบุรี,Central,Cool/Dry,Q1
20,2025,1,8.505601577425,6,ชลบุรี,East,Cool/Dry,Q1
21,2025,1,13.762692566945,6,ระยอง,East,Cool/Dry,Q1
22,2025,1,10.467560608465,6,จันทบุรี,East,Cool/Dry,Q1
23,2025,1,43.77191493726667,6,ตราด,East,Cool/Dry,Q1
24,2025,1,4.9627196851,6,ฉะเชิงเทรา,East,Cool/Dry,Q1
25,2025,1,5.415617209968333,6,ปราจีนบุรี,East,Cool/Dry,Q1
26,2025,1,6.06511533135,6,นครนายก,East,Cool/Dry,Q1
27,2025,1,10.529007006733334,6,สระแก้ว,East,Cool/Dry,Q1
30,2025,1,8.176796451586666,6,นครราชสีมา,Northeast,Cool/Dry,Q1
31,2025,1,7.905299631118333,6,บุรีรัมย์,Northeast,Cool/Dry,Q1
32,2025,1,6.405197896468334,6,สุรินทร์,Northeast,Cool/Dry,Q1
33,2025,1,5.6436988292166665,6,ศรีสะเกษ,Northeast,Cool/Dry,Q1
34,2025,1,5.593740492800166,6,อุบลราชธานี,Northeast,Cool/Dry,Q1
35,2025,1,19.248315031058333,6,ยโสธร,Northeast,Cool/Dry,Q1
36,2025,1,7.892307813121666,6,ชัยภูมิ,Northeast,Cool/Dry,Q1
37,2025,1,16.005822444731667,6,อำนาจเจริญ,Northeast,Cool/Dry,Q1
38,2025,1,10.110287346575001,6,บึงกาฬ,Northeast,Cool/Dry,Q1
39,2025,1,4.57680894943,6,หนองบัวลำภู,Northeast,Cool/Dry,Q1
40,2025,1,4.205251041886666,6,ขอนแก่น,Northeast,Cool/Dry,Q1
41,2025,1,6.790936526046667,6,อุดรธานี,Northeast,Cool/Dry,Q1
42,2025,1,3.5784502328666665,6,เลย,Northeast,Cool/Dry,Q1
43,2025,1,3.6047385104416665,6,หนองคาย,Northeast,Cool/Dry,Q1
44,2025,1,7.708737201305001,6,มหาสารคาม,Northeast,Cool/Dry,Q1
45,2025,1,21.70112840978,6,ร้อยเอ็ด,Northeast,Cool/Dry,Q1
46,2025,1,14.367006232949999,6,กาฬสินธุ์,Northeast,Cool/Dry,Q1
47,2025,1,13.362341559905,6,สกลนคร,Northeast,Cool/Dry,Q1
48,2025,1,14.123139731590001,6,นครพนม,Northeast,Cool/Dry,Q1
49,2025,1,27.131457310415,6,มุกดาหาร,Northeast,Cool/Dry,Q1
50,2025,1,2.4682076750166666,6,เชียงใหม่,North,Cool/Dry,Q1
51,2025,1,1.114340386235,6,ลำพูน,North,Cool/Dry,Q1
52,2025,1,1.3360750479166665,6,ลำปาง,North,Cool/Dry,Q1
53,2025,1,2.58583197185,6,อุตรดิตถ์,North,Cool/Dry,Q1
54,2025,1,2.3491181969166663,6,แพร่,North,Cool/Dry,Q1
55,2025,1,1.268534660035,6,น่าน,North,Cool/Dry,Q1
56,2025,1,3.0244173867,6,พะเยา,North,Cool/Dry,Q1
57,2025,1,6.341040890883332,6,เชียงราย,North,Cool/Dry,Q1
58,2025,1,1.1224237718066667,6,แม่ฮ่องสอน,North,Cool/Dry,Q1
60,2025,1,1.8014384615683336,6,นครสวรรค์,Central,Cool/Dry,Q1
61,2025,1,3.2777370098999996,6,อุทัยธานี,Central,Cool/Dry,Q1
62,2025,1,1.7738908934416664,6,กำแพงเพชร,North,Cool/Dry,Q1
63,2025,1,1.4116345095483334,6,ตาก,North,Cool/Dry,Q1
64,2025,1,1.609179021815,6,สุโขทัย,North,Cool/Dry,Q1
65,2025,1,2.542981928061667,6,พิษณุโลก,North,Cool/Dry,Q1
66,2025,1,2.149857534036667,6,พิจิตร,North,Cool/Dry,Q1
67,2025,1,1.8178105943033334,6,เพชรบูรณ์,North,Cool/Dry,Q1
70,2025,1,0.8985895645183334,6,ราชบุรี,Central,Cool/Dry,Q1
71,2025,1,2.7730206665166666,6,กาญจนบุรี,Central,Cool/Dry,Q1
72,2025,1,2.6533844383000003,6,สุพรรณบุรี,Central,Cool/Dry,Q1
73,2025,1,2.0791261394166667,6,นครปฐม,Central,Cool/Dry,Q1
74,2025,1,3.6466389981666665,6,สมุทรสาคร,Central,Cool/Dry,Q1
75,2025,1,1.2428840592233332,6,สมุทรสงคราม,Central,Cool/Dry,Q1
76,2025,1,2.41191189975,6,เพชรบุรี,South,Cool/Dry,Q1
77,2025,1,8.999739930683335,6,ประจวบคีรีขันธ์,South,Cool/Dry,Q1
80,2025,1,41.76677142733333,6,นครศรีธรรมราช,South,Cool/Dry,Q1
81,2025,1,12.305358264916668,6,กระบี่,South,Cool/Dry,Q1
82,2025,1,20.689306088166667,6,พังงา,South,Cool/Dry,Q1
83,2025,1,11.276342394283333,6,ภูเก็ต,South,Cool/Dry,Q1
84,2025,1,25.655251019999998,6,สุราษฎร์ธานี,South,Cool/Dry,Q1
85,2025,1,19.226155093950002,6,ระนอง,South,Cool/Dry,Q1
86,2025,1,22.485685939333333,6,ชุมพร,South,Cool/Dry,Q1
90,2025,1,53.489219689500004,6,สงขลา,South,Cool/Dry,Q1
91,2025,1,37.928051397333334,6,สตูล,South,Cool/Dry,Q1
92,2025,1,26.985842037500003,6,ตรัง,South,Cool/Dry,Q1
93,2025,1,55.43688365766667,6,พัทลุง,South,Cool/Dry,Q1
94,2025,1,28.6858835725,6,ปัตตานี,South,Cool/Dry,Q1
95,2025,1,38.55370944683333,6,ยะลา,South,Cool/Dry,Q1
96,2025,1,44.254937719,6,นราธิวาส,South,Cool/Dry,Q1
10,2025,2,18.7190603597,6,กรุงเทพมหานคร,Central,Cool/Dry,Q1
11,2025,2,17.359025824499998,6,สมุทรปราการ,Central,Cool/Dry,Q1
12,2025,2,16.524940601066668,6,นนทบุรี,Central,Cool/Dry,Q1
13,2025,2,15.754639846533331,6,ปทุมธานี,Central,Cool/Dry,Q1
14,2025,2,10.805309861300001,6,พระนครศรีอยุธยา,Central,Cool/Dry,Q1
15,2025,2,15.3694846451,6,อ่างทอง,Central,Cool/Dry,Q1
16,2025,2,18.039061252333333,6,ลพบุรี,Central,Cool/Dry,Q1
17,2025,2,25.9382324948,6,สิงห์บุรี,Central,Cool/Dry,Q1
18,2025,2,39.60910213023333,6,ชัยนาท,Central,Cool/Dry,Q1
19,2025,2,13.991473662333334,6,สระบุรี,Central,Cool/Dry,Q1
20,2025,2,8.403942458833333,6,ชลบุรี,East,Cool/Dry,Q1
21,2025,2,13.786696168699999,6,ระยอง,East,Cool/Dry,Q1
22,2025,2,31.372852154633335,6,จันทบุรี,East,Cool/Dry,Q1
23,2025,2,45.33323322966667,6,ตราด,East,Cool/Dry,Q1
24,2025,2,20.3929971477,6,ฉะเชิงเทรา,East,Cool/Dry,Q1
25,2025,2,26.268983896833333,6,ปราจีนบุรี,East,Cool/Dry,Q1
26,2025,2,24.602168917033335,6,นครนายก,East,Cool/Dry,Q1
27,2025,2,20.982004093369998,6,สระแก้ว,East,Cool/Dry,Q1
30,2025,2,23.43985967238,6,นครราชสีมา,Northeast,Cool/Dry,Q1
31,2025,2,18.134258156626668,6,บุรีรัมย์,Northeast,Cool/Dry,Q1
32,2025,2,8.231612511546667,6,สุรินทร์,Northeast,Cool/Dry,Q1
33,2025,2,9.918201201953334,6,ศรีสะเกษ,Northeast,Cool/Dry,Q1
34,2025,2,17.646728144133334,6,อุบลราชธานี,Northeast,Cool/Dry,Q1
35,2025,2,4.849325808416666,6,ยโสธร,Northeast,Cool/Dry,Q1
36,2025,2,12.946794119366666,6,ชัยภูมิ,Northeast,Cool/Dry,Q1
37,2025,2,9.6116267894,6,อำนาจเจริญ,Northeast,Cool/Dry,Q1
38,2025,2,1.8076785517061433,6,บึงกาฬ,Northeast,Cool/Dry,Q1
39,2025,2,3.2753597800366663,6,หนองบัวลำภู,Northeast,Cool/Dry,Q1
40,2025,2,4.363804284124,6,ขอนแก่น,Northeast,Cool/Dry,Q1
41,2025,2,2.227340156123,6,อุดรธานี,Northeast,Cool/Dry,Q1
42,2025,2,4.73420865501,6,เลย,Northeast,Cool/Dry,Q1
43,2025,2,1.2286649857416667,6,หนองคาย,Northeast,Cool/Dry,Q1
44,2025,2,3.1708148022913334,6,มหาสารคาม,Northeast,Cool/Dry,Q1
45,2025,2,2.103718376589,6,ร้อยเอ็ด,Northeast,Cool/Dry,Q1
46,2025,2,2.4563214126666666,6,กาฬสินธุ์,Northeast,Cool/Dry,Q1
47,2025,2,2.4431497953333334,6,สกลนคร,Northeast,Cool/Dry,Q1
48,2025,2,2.010203428,6,นครพนม,Northeast,Cool/Dry,Q1
49,2025,2,1.2359052848716667,6,มุกดาหาร,Northeast,Cool/Dry,Q1
50,2025,2,13.761741307366668,6,เชียงใหม่,North,Cool/Dry,Q1
51,2025,2,7.068023338500001,6,ลำพูน,North,Cool/Dry,Q1
52,2025,2,6.379154738666667,6,ลำปาง,North,Cool/Dry,Q1
53,2025,2,2.83738770795,6,อุตรดิตถ์,North,Cool/Dry,Q1
54,2025,2,6.3878781288,6,แพร่,North,Cool/Dry,Q1
55,2025,2,1.5741328727233335,6,น่าน,North,Cool/Dry,Q1
56,2025,2,5.363622289066666,6,พะเยา,North,Cool/Dry,Q1
57,2025,2,7.313500183233334,6,เชียงราย,North,Cool/Dry,Q1
58,2025,2,11.821010084133334,6,แม่ฮ่องสอน,North,Cool/Dry,Q1
60,2025,2,19.106051894633335,6,นครสวรรค์,Central,Cool/Dry,Q1
61,2025,2,25.645679350033333,6,อุทัยธานี,Central,Cool/Dry,Q1
62,2025,2,6.019233619333334,6,กำแพงเพชร,North,Cool/Dry,Q1
63,2025,2,8.144245526366667,6,ตาก,North,Cool/Dry,Q1
64,2025,2,1.9239022231533334,6,สุโขทัย,North,Cool/Dry,Q1
65,2025,2,2.9495792044400004,6,พิษณุโลก,North,Cool/Dry,Q1
66,2025,2,7.312716896293334,6,พิจิตร,North,Cool/Dry,Q1
67,2025,2,11.988052977863333,6,เพชรบูรณ์,North,Cool/Dry,Q1
70,2025,2,6.932252228433334,6,ราชบุรี,Central,Cool/Dry,Q1
71,2025,2,24.264266106999997,6,กาญจนบุรี,Central,Cool/Dry,Q1
72,2025,2,22.1466644652,6,สุพรรณบุรี,Central,Cool/Dry,Q1
73,2025,2,11.508024974133333,6,นครปฐม,Central,Cool/Dry,Q1
74,2025,2,13.909396019,6,สมุทรสาคร,Central,Cool/Dry,Q1
75,2025,2,6.250057982033333,6,สมุทรสงคราม,Central,Cool/Dry,Q1
76,2025,2,10.789148823,6,เพชรบุรี,South,Cool/Dry,Q1
77,2025,2,32.42260625576667,6,ประจวบคีรีขันธ์,South,Cool/Dry,Q1
80,2025,2,148.3215557356667,6,นครศรีธรรมราช,South,Cool/Dry,Q1
81,2025,2,35.432477317499995,6,กระบี่,South,Cool/Dry,Q1
82,2025,2,35.14984988956667,6,พังงา,South,Cool/Dry,Q1
83,2025,2,29.983906532766667,6,ภูเก็ต,South,Cool/Dry,Q1
84,2025,2,90.63448370066665,6,สุราษฎร์ธานี,South,Cool/Dry,Q1
85,2025,2,82.04320763633334,6,ระนอง,South,Cool/Dry,Q1
86,2025,2,125.71941310300001,6,ชุมพร,South,Cool/Dry,Q1
90,2025,2,103.49268480933334,6,สงขลา,South,Cool/Dry,Q1
91,2025,2,61.092991641333334,6,สตูล,South,Cool/Dry,Q1
92,2025,2,61.58229709933334,6,ตรัง,South,Cool/Dry,Q1
93,2025,2,156.00164293266667,6,พัทลุง,South,Cool/Dry,Q1
94,2025,2,120.935924953,6,ปัตตานี,South,Cool/Dry,Q1
95,2025,2,118.76172746833333,6,ยะลา,South,Cool/Dry,Q1
96,2025,2,160.34454051766667,6,นราธิวาส,South,Cool/Dry,Q1
10,2025,3,37.58388846885,6,กรุงเทพมหานคร,Central,Hot,Q1
11,2025,3,33.9734688669,6,สมุทรปราการ,Central,Hot,Q1
12,2025,3,42.82926830725,6,นนทบุรี,Central,Hot,Q1
13,2025,3,51.938268925699994,6,ปทุมธานี,Central,Hot,Q1
14,2025,3,59.4691877889,6,พระนครศรีอยุธยา,Central,Hot,Q1
15,2025,3,72.48197009045,6,อ่างทอง,Central,Hot,Q1
16,2025,3,53.3200045844,6,ลพบุรี,Central,Hot,Q1
17,2025,3,52.8331052176,6,สิงห์บุรี,Central,Hot,Q1
18,2025,3,45.53923274715,6,ชัยนาท,Central,Hot,Q1
19,2025,3,62.74292912745,6,สระบุรี,Central,Hot,Q1
20,2025,3,66.06170080775,6,ชลบุรี,East,Hot,Q1
21,2025,3,93.66260901150001,6,ระยอง,East,Hot,Q1
22,2025,3,105.69789840520001,6,จันทบุรี,East,Hot,Q1
23,2025,3,124.134917413,6,ตราด,East,Hot,Q1
24,2025,3,78.9899965476,6,ฉะเชิงเทรา,East,Hot,Q1
25,2025,3,92.55337816605,6,ปราจีนบุรี,East,Hot,Q1
26,2025,3,73.80853518935,6,นครนายก,East,Hot,Q1
27,2025,3,101.05752365299999,6,สระแก้ว,East,Hot,Q1
30,2025,3,73.5459664814,6,นครราชสีมา,Northeast,Hot,Q1
31,2025,3,71.30406726950001,6,บุรีรัมย์,Northeast,Hot,Q1
32,2025,3,66.676067562,6,สุรินทร์,Northeast,Hot,Q1
33,2025,3,58.771927613,6,ศรีสะเกษ,Northeast,Hot,Q1
34,2025,3,48.359014826599996,6,อุบลราชธานี,Northeast,Hot,Q1
35,2025,3,46.88517651145,6,ยโสธร,Northeast,Hot,Q1
36,2025,3,48.22154902010001,6,ชัยภูมิ,Northeast,Hot,Q1
37,2025,3,40.66012507074999,6,อำนาจเจริญ,Northeast,Hot,Q1
38,2025,3,50.661174464,6,บึงกาฬ,Northeast,Hot,Q1
39,2025,3,53.07562089575,6,หนองบัวลำภู,Northeast,Hot,Q1
40,2025,3,55.14729156285,6,ขอนแก่น,Northeast,Hot,Q1
41,2025,3,61.04015930475,6,อุดรธานี,Northeast,Hot,Q1
42,2025,3,40.6051632786,6,เลย,Northeast,Hot,Q1
43,2025,3,40.406527529099996,6,หนองคาย,Northeast,Hot,Q1
44,2025,3,68.67211607040001,6,มหาสารคาม,Northeast,Hot,Q1
45,2025,3,56.4955594225,6,ร้อยเอ็ด,Northeast,Hot,Q1
46,2025,3,60.22497945695,6,กาฬสินธุ์,Northeast,Hot,Q1
47,2025,3,53.28501173909999,6,สกลนคร,Northeast,Hot,Q1
48,2025,3,50.316901302750004,6,นครพนม,Northeast,Hot,Q1
49,2025,3,29.355960147900003,6,มุกดาหาร,Northeast,Hot,Q1
50,2025,3,23.71061274955,6,เชียงใหม่,North,Hot,Q1
51,2025,3,33.94519985125,6,ลำพูน,North,Hot,Q1
52,2025,3,34.728363112800004,6,ลำปาง,North,Hot,Q1
53,2025,3,35.410133707549996,6,อุตรดิตถ์,North,Hot,Q1
54,2025,3,38.384246739,6,แพร่,North,Hot,Q1
55,2025,3,43.10571399395,6,น่าน,North,Hot,Q1
56,2025,3,33.9616434712,6,พะเยา,North,Hot,Q1
57,2025,3,32.599005445699994,6,เชียงราย,North,Hot,Q1
58,2025,3,13.31957049845,6,แม่ฮ่องสอน,North,Hot,Q1
60,2025,3,40.19431040915,6,นครสวรรค์,Central,Hot,Q1
61,2025,3,49.608439566849995,6,อุทัยธานี,Central,Hot,Q1
62,2025,3,38.593393924000004,6,กำแพงเพชร,North,Hot,Q1
63,2025,3,34.54314867765,6,ตาก,North,Hot,Q1
64,2025,3,31.59262088395,6,สุโขทัย,North,Hot,Q1
65,2025,3,25.576257933500003,6,พิษณุโลก,North,Hot,Q1
66,2025,3,28.51740959625,6,พิจิตร,North,Hot,Q1
67,2025,3,37.8044648141,6,เพชรบูรณ์,North,Hot,Q1
70,2025,3,56.08396698075,6,ราชบุรี,Central,Hot,Q1
71,2025,3,74.41627378975001,6,กาญจนบุรี,Central,Hot,Q1
72,2025,3,79.59388929765,6,สุพรรณบุรี,Central,Hot,Q1
73,2025,3,35.25126327655,6,นครปฐม,Central,Hot,Q1
74,2025,3,33.1034301475,6,สมุทรสาคร,Central,Hot,Q1
75,2025,3,33.137826062449996,6,สมุทรสงคราม,Central,Hot,Q1
76,2025,3,51.458658037199996,6,เพชรบุรี,South,Hot,Q1
77,2025,3,59.54536664330001,6,ประจวบคีรีขันธ์,South,Hot,Q1
80,2025,3,77.9233195615,6,นครศรีธรรมราช,South,Hot,Q1
81,2025,3,137.70407869250002,6,กระบี่,South,Hot,Q1
82,2025,3,135.3974664395,6,พังงา,South,Hot,Q1
83,2025,3,116.58978528850001,6,ภูเก็ต,South,Hot,Q1
84,2025,3,81.0102900735,6,สุราษฎร์ธานี,South,Hot,Q1
85,2025,3,100.70901781250001,6,ระนอง,South,Hot,Q1
86,2025,3,67.81162017474999,6,ชุมพร,South,Hot,Q1
90,2025,3,78.944534167,6,สงขลา,South,Hot,Q1
91,2025,3,90.7139406535,6,สตูล,South,Hot,Q1
92,2025,3,107.78519989,6,ตรัง,South,Hot,Q1
93,2025,3,60.846252792150004,6,พัทลุง,South,Hot,Q1
94,2025,3,52.4702362323,6,ปัตตานี,South,Hot,Q1
95,2025,3,68.7437770912,6,ยะลา,South,Hot,Q1
96,2025,3,91.997852111,6,นราธิวาส,South,Hot,Q1
10,2025,4,199.00415325666665,6,กรุงเทพมหานคร,Central,Hot,Q2
11,2025,4,195.870216162,6,สมุทรปราการ,Central,Hot,Q2
12,2025,4,204.93561593200002,6,นนทบุรี,Central,Hot,Q2
13,2025,4,229.26301792933336,6,ปทุมธานี,Central,Hot,Q2
14,2025,4,205.46005472333331,6,พระนครศรีอยุธยา,Central,Hot,Q2
15,2025,4,188.93258910999998,6,อ่างทอง,Central,Hot,Q2
16,2025,4,176.713363272,6,ลพบุรี,Central,Hot,Q2
17,2025,4,196.71999541066668,6,สิงห์บุรี,Central,Hot,Q2
18,2025,4,205.71872200733333,6,ชัยนาท,Central,Hot,Q2
19,2025,4,188.14611381400002,6,สระบุรี,Central,Hot,Q2
20,2025,4,182.304354496,6,ชลบุรี,East,Hot,Q2
21,2025,4,184.12581877066668,6,ระยอง,East,Hot,Q2
22,2025,4,307.6923428713333,6,จันทบุรี,East,Hot,Q2
23,2025,4,348.1795484913334,6,ตราด,East,Hot,Q2
24,2025,4,227.10038319933335,6,ฉะเชิงเทรา,East,Hot,Q2
25,2025,4,199.832060856,6,ปราจีนบุรี,East,Hot,Q2
26,2025,4,221.903826226,6,นครนายก,East,Hot,Q2
27,2025,4,160.812873124,6,สระแก้ว,East,Hot,Q2
30,2025,4,147.15188286333333,6,นครราชสีมา,Northeast,Hot,Q2
31,2025,4,147.24330202,6,บุรีรัมย์,Northeast,Hot,Q2
32,2025,4,171.47770061533333,6,สุรินทร์,Northeast,Hot,Q2
33,2025,4,126.98070544933334,6,ศรีสะเกษ,Northeast,Hot,Q2
34,2025,4,109.31220062066666,6,อุบลราชธานี,Northeast,Hot,Q2
35,2025,4,118.033995952,6,ยโสธร,Northeast,Hot,Q2
36,2025,4,134.91259292866667,6,ชัยภูมิ,Northeast,Hot,Q2
37,2025,4,117.55778592466667,6,อำนาจเจริญ,Northeast,Hot,Q2
38,2025,4,148.94185868666668,6,บึงกาฬ,Northeast,Hot,Q2
39,2025,4,166.01256967466668,6,หนองบัวลำภู,Northeast,Hot,Q2
40,2025,4,138.037502618,6,ขอนแก่น,Northeast,Hot,Q2
41,2025,4,193.82780655733333,6,อุดรธานี,Northeast,Hot,Q2
42,2025,4,133.53399504066667,6,เลย,Northeast,Hot,Q2
43,2025,4,200.9776179193333,6,หนองคาย,Northeast,Hot,Q2
44,2025,4,122.59235684600002,6,มหาสารคาม,Northeast,Hot,Q2
45,2025,4,115.34881309866667,6,ร้อยเอ็ด,Northeast,Hot,Q2
46,2025,4,96.15474120326667,6,กาฬสินธุ์,Northeast,Hot,Q2
47,2025,4,115.606925492,6,สกลนคร,Northeast,Hot,Q2
48,2025,4,103.38505893086666,6,นครพนม,Northeast,Hot,Q2
49,2025,4,121.15414185520001,6,มุกดาหาร,Northeast,Hot,Q2
50,2025,4,89.77402633806666,6,เชียงใหม่,North,Hot,Q2
51,2025,4,110.78827842533333,6,ลำพูน,North,Hot,Q2
52,2025,4,147.14348576400002,6,ลำปาง,North,Hot,Q2
53,2025,4,144.42248059733333,6,อุตรดิตถ์,North,Hot,Q2
54,2025,4,146.72847426866667,6,แพร่,North,Hot,Q2
55,2025,4,144.88442026866667,6,น่าน,North,Hot,Q2
56,2025,4,163.53699702999998,6,พะเยา,North,Hot,Q2
57,2025,4,114.47836639533334,6,เชียงราย,North,Hot,Q2
58,2025,4,103.95999482933333,6,แม่ฮ่องสอน,North,Hot,Q2
60,2025,4,135.05071381733333,6,นครสวรรค์,Central,Hot,Q2
61,2025,4,166.58582460933334,6,อุทัยธานี,Central,Hot,Q2
62,2025,4,83.2670958918,6,กำแพงเพชร,North,Hot,Q2
63,2025,4,114.082752718,6,ตาก,North,Hot,Q2
64,2025,4,98.15887872666667,6,สุโขทัย,North,Hot,Q2
65,2025,4,117.78528852266668,6,พิษณุโลก,North,Hot,Q2
66,2025,4,135.51600735133334,6,พิจิตร,North,Hot,Q2
67,2025,4,120.87578717533331,6,เพชรบูรณ์,North,Hot,Q2
70,2025,4,164.549543768,6,ราชบุรี,Central,Hot,Q2
71,2025,4,211.82649111933335,6,กาญจนบุรี,Central,Hot,Q2
72,2025,4,195.22675271266667,6,สุพรรณบุรี,Central,Hot,Q2
73,2025,4,185.718144294,6,นครปฐม,Central,Hot,Q2
74,2025,4,176.84944223866668,6,สมุทรสาคร,Central,Hot,Q2
75,2025,4,149.06113035733333,6,สมุทรสงคราม,Central,Hot,Q2
76,2025,4,99.58527118846666,6,เพชรบุรี,South,Hot,Q2
77,2025,4,97.52315081266666,6,ประจวบคีรีขันธ์,South,Hot,Q2
80,2025,4,156.96157670133334,6,นครศรีธรรมราช,South,Hot,Q2
81,2025,4,203.60080653066666,6,กระบี่,South,Hot,Q2
82,2025,4,355.388286254,6,พังงา,South,Hot,Q2
83,2025,4,259.4258600493333,6,ภูเก็ต,South,Hot,Q2
84,2025,4,194.56705207466666,6,สุราษฎร์ธานี,South,Hot,Q2
85,2025,4,343.8553820326667,6,ระนอง,South,Hot,Q2
86,2025,4,210.548594512,6,ชุมพร,South,Hot,Q2
90,2025,4,142.43619410933334,6,สงขลา,South,Hot,Q2
91,2025,4,154.94576667,6,สตูล,South,Hot,Q2
92,2025,4,157.44629570133333,6,ตรัง,South,Hot,Q2
93,2025,4,131.21765248333335,6,พัทลุง,South,Hot,Q2
94,2025,4,180.63307438333334,6,ปัตตานี,South,Hot,Q2
95,2025,4,160.98720957600003,6,ยะลา,South,Hot,Q2
96,2025,4,186.0341902353333,6,นราธิวาส,South,Hot,Q2
10,2025,5,365.9262210458333,6,กรุงเทพมหานคร,Central,Hot,Q2
11,2025,5,319.74778010333335,6,สมุทรปราการ,Central,Hot,Q2
12,2025,5,369.0198025783334,6,นนทบุรี,Central,Hot,Q2
13,2025,5,383.88344283250007,6,ปทุมธานี,Central,Hot,Q2
14,2025,5,306.33544660083334,6,พระนครศรีอยุธยา,Central,Hot,Q2
15,2025,5,251.95282184250001,6,อ่างทอง,Central,Hot,Q2
16,2025,5,214.90597792583333,6,ลพบุรี,Central,Hot,Q2
17,2025,5,293.4315343775,6,สิงห์บุรี,Central,Hot,Q2
18,2025,5,322.1416421216666,6,ชัยนาท,Central,Hot,Q2
19,2025,5,233.72118135999997,6,สระบุรี,Central,Hot,Q2
20,2025,5,231.3142971525,6,ชลบุรี,East,Hot,Q2
21,2025,5,258.99066314333334,6,ระยอง,East,Hot,Q2
22,2025,5,371.95794997333337,6,จันทบุรี,East,Hot,Q2
23,2025,5,443.9863614866667,6,ตราด,East,Hot,Q2
24,2025,5,212.51765499916667,6,ฉะเชิงเทรา,East,Hot,Q2
25,2025,5,195.14804368666668,6,ปราจีนบุรี,East,Hot,Q2
26,2025,5,262.47658559666667,6,นครนายก,East,Hot,Q2
27,2025,5,227.38513005083334,6,สระแก้ว,East,Hot,Q2
30,2025,5,175.5672747141667,6,นครราชสีมา,Northeast,Hot,Q2
31,2025,5,185.83107962333335,6,บุรีรัมย์,Northeast,Hot,Q2
32,2025,5,165.47764715999998,6,สุรินทร์,Northeast,Hot,Q2
33,2025,5,186.05711362666668,6,ศรีสะเกษ,Northeast,Hot,Q2
34,2025,5,262.0112652391667,6,อุบลราชธานี,Northeast,Hot,Q2
35,2025,5,243.53640165833335,6,ยโสธร,Northeast,Hot,Q2
36,2025,5,171.67914345416668,6,ชัยภูมิ,Northeast,Hot,Q2
37,2025,5,268.29999379916666,6,อำนาจเจริญ,Northeast,Hot,Q2
38,2025,5,332.1318995633333,6,บึงกาฬ,Northeast,Hot,Q2
39,2025,5,241.58995606166664,6,หนองบัวลำภู,Northeast,Hot,Q2
40,2025,5,227.4895760825,6,ขอนแก่น,Northeast,Hot,Q2
41,2025,5,242.83026898333333,6,อุดรธานี,Northeast,Hot,Q2
42,2025,5,253.87737073333332,6,เลย,Northeast,Hot,Q2
43,2025,5,322.4536097166667,6,หนองคาย,Northeast,Hot,Q2
44,2025,5,234.36573269250002,6,มหาสารคาม,Northeast,Hot,Q2
45,2025,5,229.85588069916665,6,ร้อยเอ็ด,Northeast,Hot,Q2
46,2025,5,262.6116849366667,6,กาฬสินธุ์,Northeast,Hot,Q2
47,2025,5,315.32497083666664,6,สกลนคร,Northeast,Hot,Q2
48,2025,5,367.43221070416666,6,นครพนม,Northeast,Hot,Q2
49,2025,5,314.58434891666667,6,มุกดาหาร,Northeast,Hot,Q2
50,2025,5,253.51086320916662,6,เชียงใหม่,North,Hot,Q2
51,2025,5,230.95302081,6,ลำพูน,North,Hot,Q2
52,2025,5,203.96029780583333,6,ลำปาง,North,Hot,Q2
53,2025,5,316.55352969083333,6,อุตรดิตถ์,North,Hot,Q2
54,2025,5,176.0329705516667,6,แพร่,North,Hot,Q2
55,2025,5,160.0148363425,6,น่าน,North,Hot,Q2
56,2025,5,180.26355952666665,6,พะเยา,North,Hot,Q2
57,2025,5,213.9671557733333,6,เชียงราย,North,Hot,Q2
58,2025,5,230.316029375,6,แม่ฮ่องสอน,North,Hot,Q2
60,2025,5,284.99772733000003,6,นครสวรรค์,Central,Hot,Q2
61,2025,5,267.2141692558334,6,อุทัยธานี,Central,Hot,Q2
62,2025,5,296.51294594083333,6,กำแพงเพชร,North,Hot,Q2
63,2025,5,277.25566197666666,6,ตาก,North,Hot,Q2
64,2025,5,367.68826491000004,6,สุโขทัย,North,Hot,Q2
65,2025,5,272.59112283583335,6,พิษณุโลก,North,Hot,Q2
66,2025,5,256.81279626833333,6,พิจิตร,North,Hot,Q2
67,2025,5,209.07118044333333,6,เพชรบูรณ์,North,Hot,Q2
70,2025,5,223.53530771916667,6,ราชบุรี,Central,Hot,Q2
71,2025,5,209.85293780749998,6,กาญจนบุรี,Central,Hot,Q2
72,2025,5,212.73500871916667,6,สุพรรณบุรี,Central,Hot,Q2
73,2025,5,249.35027001499998,6,นครปฐม,Central,Hot,Q2
74,2025,5,307.42583210416666,6,สมุทรสาคร,Central,Hot,Q2
75,2025,5,246.40410618083334,6,สมุทรสงคราม,Central,Hot,Q2
76,2025,5,192.43509633833332,6,เพชรบุรี,South,Hot,Q2
77,2025,5,174.78206366833334,6,ประจวบคีรีขันธ์,South,Hot,Q2
80,2025,5,186.775896625,6,นครศรีธรรมราช,South,Hot,Q2
81,2025,5,177.92119449749998,6,กระบี่,South,Hot,Q2
82,2025,5,312.10279148083333,6,พังงา,South,Hot,Q2
83,2025,5,208.98693440416665,6,ภูเก็ต,South,Hot,Q2
84,2025,5,205.41593931583336,6,สุราษฎร์ธานี,South,Hot,Q2
85,2025,5,352.50958527333336,6,ระนอง,South,Hot,Q2
86,2025,5,211.97758424333333,6,ชุมพร,South,Hot,Q2
90,2025,5,177.21181671333332,6,สงขลา,South,Hot,Q2
91,2025,5,223.75636905750002,6,สตูล,South,Hot,Q2
92,2025,5,210.83436422416665,6,ตรัง,South,Hot,Q2
93,2025,5,199.1988862275,6,พัทลุง,South,Hot,Q2
94,2025,5,169.66005791,6,ปัตตานี,South,Hot,Q2
95,2025,5,183.87512701833336,6,ยะลา,South,Hot,Q2
96,2025,5,173.20984448166666,6,นราธิวาส,South,Hot,Q2
10,2025,6,107.407020586,6,กรุงเทพมหานคร,Central,Rainy/Monsoon,Q2
11,2025,6,90.4079287867,6,สมุทรปราการ,Central,Rainy/Monsoon,Q2
12,2025,6,120.236960592,6,นนทบุรี,Central,Rainy/Monsoon,Q2
13,2025,6,141.972468451,6,ปทุมธานี,Central,Rainy/Monsoon,Q2
14,2025,6,128.184516531,6,พระนครศรีอยุธยา,Central,Rainy/Monsoon,Q2
15,2025,6,98.61931418900001,6,อ่างทอง,Central,Rainy/Monsoon,Q2
16,2025,6,90.3550541197,6,ลพบุรี,Central,Rainy/Monsoon,Q2
17,2025,6,79.626714591,6,สิงห์บุรี,Central,Rainy/Monsoon,Q2
18,2025,6,79.5253871746,6,ชัยนาท,Central,Rainy/Monsoon,Q2
19,2025,6,100.956570256,6,สระบุรี,Central,Rainy/Monsoon,Q2
20,2025,6,87.2832418116,6,ชลบุรี,East,Rainy/Monsoon,Q2
21,2025,6,138.028193995,6,ระยอง,East,Rainy/Monsoon,Q2
22,2025,6,305.424255869,6,จันทบุรี,East,Rainy/Monsoon,Q2
23,2025,6,420.210016652,6,ตราด,East,Rainy/Monsoon,Q2
24,2025,6,135.736190652,6,ฉะเชิงเทรา,East,Rainy/Monsoon,Q2
25,2025,6,185.888299515,6,ปราจีนบุรี,East,Rainy/Monsoon,Q2
26,2025,6,183.514520113,6,นครนายก,East,Rainy/Monsoon,Q2
27,2025,6,253.199905404,6,สระแก้ว,East,Rainy/Monsoon,Q2
30,2025,6,148.96803256,6,นครราชสีมา,Northeast,Rainy/Monsoon,Q2
31,2025,6,240.693400684,6,บุรีรัมย์,Northeast,Rainy/Monsoon,Q2
32,2025,6,244.13769140600002,6,สุรินทร์,Northeast,Rainy/Monsoon,Q2
33,2025,6,184.114693701,6,ศรีสะเกษ,Northeast,Rainy/Monsoon,Q2
34,2025,6,200.569120169,6,อุบลราชธานี,Northeast,Rainy/Monsoon,Q2
35,2025,6,154.70497394,6,ยโสธร,Northeast,Rainy/Monsoon,Q2
36,2025,6,116.167859211,6,ชัยภูมิ,Northeast,Rainy/Monsoon,Q2
37,2025,6,170.55867281,6,อำนาจเจริญ,Northeast,Rainy/Monsoon,Q2
38,2025,6,284.900070825,6,บึงกาฬ,Northeast,Rainy/Monsoon,Q2
39,2025,6,226.184688089,6,หนองบัวลำภู,Northeast,Rainy/Monsoon,Q2
40,2025,6,190.430789352,6,ขอนแก่น,Northeast,Rainy/Monsoon,Q2
41,2025,6,238.758122336,6,อุดรธานี,Northeast,Rainy/Monsoon,Q2
42,2025,6,202.239663314,6,เลย,Northeast,Rainy/Monsoon,Q2
43,2025,6,249.08775443799996,6,หนองคาย,Northeast,Rainy/Monsoon,Q2
44,2025,6,181.914098709,6,มหาสารคาม,Northeast,Rainy/Monsoon,Q2
45,2025,6,157.942707872,6,ร้อยเอ็ด,Northeast,Rainy/Monsoon,Q2
46,2025,6,192.15916627,6,กาฬสินธุ์,Northeast,Rainy/Monsoon,Q2
47,2025,6,258.936745653,6,สกลนคร,Northeast,Rainy/Monsoon,Q2
48,2025,6,307.889017311,6,นครพนม,Northeast,Rainy/Monsoon,Q2
49,2025,6,176.425093858,6,มุกดาหาร,Northeast,Rainy/Monsoon,Q2
50,2025,6,113.233660149,6,เชียงใหม่,North,Rainy/Monsoon,Q2
51,2025,6,109.539083128,6,ลำพูน,North,Rainy/Monsoon,Q2
52,2025,6,119.862127036,6,ลำปาง,North,Rainy/Monsoon,Q2
53,2025,6,138.070083157,6,อุตรดิตถ์,North,Rainy/Monsoon,Q2
54,2025,6,124.174822891,6,แพร่,North,Rainy/Monsoon,Q2
55,2025,6,186.69227469200004,6,น่าน,North,Rainy/Monsoon,Q2
56,2025,6,186.474877807,6,พะเยา,North,Rainy/Monsoon,Q2
57,2025,6,151.178111562,6,เชียงราย,North,Rainy/Monsoon,Q2
58,2025,6,121.29494016400001,6,แม่ฮ่องสอน,North,Rainy/Monsoon,Q2
60,2025,6,101.938572336,6,นครสวรรค์,Central,Rainy/Monsoon,Q2
61,2025,6,117.78000712,6,อุทัยธานี,Central,Rainy/Monsoon,Q2
62,2025,6,120.502282557,6,กำแพงเพชร,North,Rainy/Monsoon,Q2
63,2025,6,126.112696313,6,ตาก,North,Rainy/Monsoon,Q2
64,2025,6,108.32165195,6,สุโขทัย,North,Rainy/Monsoon,Q2
65,2025,6,132.518010699,6,พิษณุโลก,North,Rainy/Monsoon,Q2
66,2025,6,145.727802749,6,พิจิตร,North,Rainy/Monsoon,Q2
67,2025,6,124.96492004099998,6,เพชรบูรณ์,North,Rainy/Monsoon,Q2
70,2025,6,104.79632734299999,6,ราชบุรี,Central,Rainy/Monsoon,Q2
71,2025,6,153.83503012,6,กาญจนบุรี,Central,Rainy/Monsoon,Q2
72,2025,6,104.149938178,6,สุพรรณบุรี,Central,Rainy/Monsoon,Q2
73,2025,6,127.390083838,6,นครปฐม,Central,Rainy/Monsoon,Q2
74,2025,6,100.31118964399998,6,สมุทรสาคร,Central,Rainy/Monsoon,Q2
75,2025,6,113.650463668,6,สมุทรสงคราม,Central,Rainy/Monsoon,Q2
76,2025,6,94.2644979166,6,เพชรบุรี,South,Rainy/Monsoon,Q2
77,2025,6,122.254493631,6,ประจวบคีรีขันธ์,South,Rainy/Monsoon,Q2
80,2025,6,110.39119794,6,นครศรีธรรมราช,South,Rainy/Monsoon,Q2
81,2025,6,179.478883064,6,กระบี่,South,Rainy/Monsoon,Q2
82,2025,6,349.364947748,6,พังงา,South,Rainy/Monsoon,Q2
83,2025,6,216.373009004,6,ภูเก็ต,South,Rainy/Monsoon,Q2
84,2025,6,167.36497591,6,สุราษฎร์ธานี,South,Rainy/Monsoon,Q2
85,2025,6,410.118861036,6,ระนอง,South,Rainy/Monsoon,Q2
86,2025,6,291.64182748,6,ชุมพร,South,Rainy/Monsoon,Q2
90,2025,6,101.748563074,6,สงขลา,South,Rainy/Monsoon,Q2
91,2025,6,140.347398607,6,สตูล,South,Rainy/Monsoon,Q2
92,2025,6,163.681029339,6,ตรัง,South,Rainy/Monsoon,Q2
93,2025,6,109.152849978,6,พัทลุง,South,Rainy/Monsoon,Q2
94,2025,6,91.1086886746,6,ปัตตานี,South,Rainy/Monsoon,Q2
95,2025,6,115.533378057,6,ยะลา,South,Rainy/Monsoon,Q2
96,2025,6,122.393867322,6,นราธิวาส,South,Rainy/Monsoon,Q2
10,2025,7,87.9468373706,6,กรุงเทพมหานคร,Central,Rainy/Monsoon,Q3
11,2025,7,84.594421823,6,สมุทรปราการ,Central,Rainy/Monsoon,Q3
12,2025,7,88.3301124931,6,นนทบุรี,Central,Rainy/Monsoon,Q3
13,2025,7,91.6365141402,6,ปทุมธานี,Central,Rainy/Monsoon,Q3
14,2025,7,126.026915526,6,พระนครศรีอยุธยา,Central,Rainy/Monsoon,Q3
15,2025,7,143.142780599,6,อ่างทอง,Central,Rainy/Monsoon,Q3
16,2025,7,126.45149258099998,6,ลพบุรี,Central,Rainy/Monsoon,Q3
17,2025,7,133.39845842,6,สิงห์บุรี,Central,Rainy/Monsoon,Q3
18,2025,7,130.202004726,6,ชัยนาท,Central,Rainy/Monsoon,Q3
19,2025,7,126.267973481,6,สระบุรี,Central,Rainy/Monsoon,Q3
20,2025,7,88.3544006642,6,ชลบุรี,East,Rainy/Monsoon,Q3
21,2025,7,139.425145848,6,ระยอง,East,Rainy/Monsoon,Q3
22,2025,7,530.677750452,6,จันทบุรี,East,Rainy/Monsoon,Q3
23,2025,7,819.93434154,6,ตราด,East,Rainy/Monsoon,Q3
24,2025,7,159.491590612,6,ฉะเชิงเทรา,East,Rainy/Monsoon,Q3
25,2025,7,246.843172281,6,ปราจีนบุรี,East,Rainy/Monsoon,Q3
26,2025,7,173.581964144,6,นครนายก,East,Rainy/Monsoon,Q3
27,2025,7,230.106094751,6,สระแก้ว,East,Rainy/Monsoon,Q3
30,2025,7,137.01726015,6,นครราชสีมา,Northeast,Rainy/Monsoon,Q3
31,2025,7,183.78476119999996,6,บุรีรัมย์,Northeast,Rainy/Monsoon,Q3
32,2025,7,223.277206937,6,สุรินทร์,Northeast,Rainy/Monsoon,Q3
33,2025,7,245.96208553,6,ศรีสะเกษ,Northeast,Rainy/Monsoon,Q3
34,2025,7,267.840700907,6,อุบลราชธานี,Northeast,Rainy/Monsoon,Q3
35,2025,7,303.114207091,6,ยโสธร,Northeast,Rainy/Monsoon,Q3
36,2025,7,129.960792706,6,ชัยภูมิ,Northeast,Rainy/Monsoon,Q3
37,2025,7,305.940061673,6,อำนาจเจริญ,Northeast,Rainy/Monsoon,Q3
38,2025,7,351.231453003,6,บึงกาฬ,Northeast,Rainy/Monsoon,Q3
39,2025,7,192.449634891,6,หนองบัวลำภู,Northeast,Rainy/Monsoon,Q3
40,2025,7,162.255329057,6,ขอนแก่น,Northeast,Rainy/Monsoon,Q3
41,2025,7,214.991809538,6,อุดรธานี,Northeast,Rainy/Monsoon,Q3
42,2025,7,184.26417799,6,เลย,Northeast,Rainy/Monsoon,Q3
43,2025,7,283.282014977,6,หนองคาย,Northeast,Rainy/Monsoon,Q3
44,2025,7,209.525003253,6,มหาสารคาม,Northeast,Rainy/Monsoon,Q3
45,2025,7,296.437039738,6,ร้อยเอ็ด,Northeast,Rainy/Monsoon,Q3
46,2025,7,241.195262865,6,กาฬสินธุ์,Northeast,Rainy/Monsoon,Q3
47,2025,7,310.179216039,6,สกลนคร,Northeast,Rainy/Monsoon,Q3
48,2025,7,433.395298653,6,นครพนม,Northeast,Rainy/Monsoon,Q3
49,2025,7,354.76261609700003,6,มุกดาหาร,Northeast,Rainy/Monsoon,Q3
50,2025,7,104.07684142800001,6,เชียงใหม่,North,Rainy/Monsoon,Q3
51,2025,7,70.1560579537,6,ลำพูน,North,Rainy/Monsoon,Q3
52,2025,7,73.2534692697,6,ลำปาง,North,Rainy/Monsoon,Q3
53,2025,7,135.339448859,6,อุตรดิตถ์,North,Rainy/Monsoon,Q3
54,2025,7,98.4424747801,6,แพร่,North,Rainy/Monsoon,Q3
55,2025,7,128.992101647,6,น่าน,North,Rainy/Monsoon,Q3
56,2025,7,109.31473483999999,6,พะเยา,North,Rainy/Monsoon,Q3
57,2025,7,160.7590724,6,เชียงราย,North,Rainy/Monsoon,Q3
58,2025,7,119.63981537900001,6,แม่ฮ่องสอน,North,Rainy/Monsoon,Q3
60,2025,7,170.851018609,6,นครสวรรค์,Central,Rainy/Monsoon,Q3
61,2025,7,161.922977924,6,อุทัยธานี,Central,Rainy/Monsoon,Q3
62,2025,7,193.915106133,6,กำแพงเพชร,North,Rainy/Monsoon,Q3
63,2025,7,131.092821133,6,ตาก,North,Rainy/Monsoon,Q3
64,2025,7,106.567297904,6,สุโขทัย,North,Rainy/Monsoon,Q3
65,2025,7,176.84842927,6,พิษณุโลก,North,Rainy/Monsoon,Q3
66,2025,7,227.988947863,6,พิจิตร,North,Rainy/Monsoon,Q3
67,2025,7,168.021744455,6,เพชรบูรณ์,North,Rainy/Monsoon,Q3
70,2025,7,72.0085087844,6,ราชบุรี,Central,Rainy/Monsoon,Q3
71,2025,7,158.78102128,6,กาญจนบุรี,Central,Rainy/Monsoon,Q3
72,2025,7,137.092678116,6,สุพรรณบุรี,Central,Rainy/Monsoon,Q3
73,2025,7,76.1180884168,6,นครปฐม,Central,Rainy/Monsoon,Q3
74,2025,7,73.1095573193,6,สมุทรสาคร,Central,Rainy/Monsoon,Q3
75,2025,7,67.1548406186,6,สมุทรสงคราม,Central,Rainy/Monsoon,Q3
76,2025,7,62.4749046354,6,เพชรบุรี,South,Rainy/Monsoon,Q3
77,2025,7,112.38987627800002,6,ประจวบคีรีขันธ์,South,Rainy/Monsoon,Q3
80,2025,7,103.85057313700001,6,นครศรีธรรมราช,South,Rainy/Monsoon,Q3
81,2025,7,216.221310057,6,กระบี่,South,Rainy/Monsoon,Q3
82,2025,7,309.178473054,6,พังงา,South,Rainy/Monsoon,Q3
83,2025,7,203.79079157600003,6,ภูเก็ต,South,Rainy/Monsoon,Q3
84,2025,7,179.488549713,6,สุราษฎร์ธานี,South,Rainy/Monsoon,Q3
85,2025,7,549.792179372,6,ระนอง,South,Rainy/Monsoon,Q3
86,2025,7,343.74405306399996,6,ชุมพร,South,Rainy/Monsoon,Q3
90,2025,7,98.04761095650001,6,สงขลา,South,Rainy/Monsoon,Q3
91,2025,7,190.991939207,6,สตูล,South,Rainy/Monsoon,Q3
92,2025,7,160.517936318,6,ตรัง,South,Rainy/Monsoon,Q3
93,2025,7,82.8185561495,6,พัทลุง,South,Rainy/Monsoon,Q3
94,2025,7,91.97140467369998,6,ปัตตานี,South,Rainy/Monsoon,Q3
95,2025,7,124.471924905,6,ยะลา,South,Rainy/Monsoon,Q3
96,2025,7,93.3178302877,6,นราธิวาส,South,Rainy/Monsoon,Q3
10,2025,8,169.631092465,6,กรุงเทพมหานคร,Central,Rainy/Monsoon,Q3
11,2025,8,167.507115656,6,สมุทรปราการ,Central,Rainy/Monsoon,Q3
12,2025,8,156.776904294,6,นนทบุรี,Central,Rainy/Monsoon,Q3
13,2025,8,175.595291775,6,ปทุมธานี,Central,Rainy/Monsoon,Q3
14,2025,8,158.325460149,6,พระนครศรีอยุธยา,Central,Rainy/Monsoon,Q3
15,2025,8,132.839613498,6,อ่างทอง,Central,Rainy/Monsoon,Q3
16,2025,8,156.405111122,6,ลพบุรี,Central,Rainy/Monsoon,Q3
17,2025,8,171.493040013,6,สิงห์บุรี,Central,Rainy/Monsoon,Q3
18,2025,8,185.190650929,6,ชัยนาท,Central,Rainy/Monsoon,Q3
19,2025,8,170.34535066,6,สระบุรี,Central,Rainy/Monsoon,Q3
20,2025,8,124.375023937,6,ชลบุรี,East,Rainy/Monsoon,Q3
21,2025,8,125.45438551299999,6,ระยอง,East,Rainy/Monsoon,Q3
22,2025,8,256.198762737,6,จันทบุรี,East,Rainy/Monsoon,Q3
23,2025,8,342.425696232,6,ตราด,East,Rainy/Monsoon,Q3
24,2025,8,163.236218352,6,ฉะเชิงเทรา,East,Rainy/Monsoon,Q3
25,2025,8,235.206318379,6,ปราจีนบุรี,East,Rainy/Monsoon,Q3
26,2025,8,227.430457481,6,นครนายก,East,Rainy/Monsoon,Q3
27,2025,8,128.333252689,6,สระแก้ว,East,Rainy/Monsoon,Q3
30,2025,8,136.064380027,6,นครราชสีมา,Northeast,Rainy/Monsoon,Q3
31,2025,8,92.4372730772,6,บุรีรัมย์,Northeast,Rainy/Monsoon,Q3
32,2025,8,98.3390942338,6,สุรินทร์,Northeast,Rainy/Monsoon,Q3
33,2025,8,117.75911175200001,6,ศรีสะเกษ,Northeast,Rainy/Monsoon,Q3
34,2025,8,122.927079063,6,อุบลราชธานี,Northeast,Rainy/Monsoon,Q3
35,2025,8,121.624641315,6,ยโสธร,Northeast,Rainy/Monsoon,Q3
36,2025,8,192.249277343,6,ชัยภูมิ,Northeast,Rainy/Monsoon,Q3
37,2025,8,132.918883265,6,อำนาจเจริญ,Northeast,Rainy/Monsoon,Q3
38,2025,8,296.239342763,6,บึงกาฬ,Northeast,Rainy/Monsoon,Q3
39,2025,8,196.905774585,6,หนองบัวลำภู,Northeast,Rainy/Monsoon,Q3
40,2025,8,110.159895534,6,ขอนแก่น,Northeast,Rainy/Monsoon,Q3
41,2025,8,221.894548032,6,อุดรธานี,Northeast,Rainy/Monsoon,Q3
42,2025,8,223.543279172,6,เลย,Northeast,Rainy/Monsoon,Q3
43,2025,8,276.783281472,6,หนองคาย,Northeast,Rainy/Monsoon,Q3
44,2025,8,76.1584028419,6,มหาสารคาม,Northeast,Rainy/Monsoon,Q3
45,2025,8,103.457298175,6,ร้อยเอ็ด,Northeast,Rainy/Monsoon,Q3
46,2025,8,136.374922045,6,กาฬสินธุ์,Northeast,Rainy/Monsoon,Q3
47,2025,8,299.421909867,6,สกลนคร,Northeast,Rainy/Monsoon,Q3
48,2025,8,297.269025446,6,นครพนม,Northeast,Rainy/Monsoon,Q3
49,2025,8,202.484588553,6,มุกดาหาร,Northeast,Rainy/Monsoon,Q3
50,2025,8,216.392784978,6,เชียงใหม่,North,Rainy/Monsoon,Q3
51,2025,8,162.490185497,6,ลำพูน,North,Rainy/Monsoon,Q3
52,2025,8,173.18495276300004,6,ลำปาง,North,Rainy/Monsoon,Q3
53,2025,8,262.179199464,6,อุตรดิตถ์,North,Rainy/Monsoon,Q3
54,2025,8,210.37279985399996,6,แพร่,North,Rainy/Monsoon,Q3
55,2025,8,346.334333112,6,น่าน,North,Rainy/Monsoon,Q3
56,2025,8,281.515086478,6,พะเยา,North,Rainy/Monsoon,Q3
57,2025,8,366.80532172700003,6,เชียงราย,North,Rainy/Monsoon,Q3
58,2025,8,265.933124352,6,แม่ฮ่องสอน,North,Rainy/Monsoon,Q3
60,2025,8,167.517555014,6,นครสวรรค์,Central,Rainy/Monsoon,Q3
61,2025,8,188.50801824200002,6,อุทัยธานี,Central,Rainy/Monsoon,Q3
62,2025,8,170.23581235,6,กำแพงเพชร,North,Rainy/Monsoon,Q3
63,2025,8,248.304520699,6,ตาก,North,Rainy/Monsoon,Q3
64,2025,8,199.630635335,6,สุโขทัย,North,Rainy/Monsoon,Q3
65,2025,8,223.176126046,6,พิษณุโลก,North,Rainy/Monsoon,Q3
66,2025,8,225.437915169,6,พิจิตร,North,Rainy/Monsoon,Q3
67,2025,8,194.355528942,6,เพชรบูรณ์,North,Rainy/Monsoon,Q3
70,2025,8,99.2920221714,6,ราชบุรี,Central,Rainy/Monsoon,Q3
71,2025,8,200.81636227599998,6,กาญจนบุรี,Central,Rainy/Monsoon,Q3
72,2025,8,95.3976704315,6,สุพรรณบุรี,Central,Rainy/Monsoon,Q3
73,2025,8,102.165075512,6,นครปฐม,Central,Rainy/Monsoon,Q3
74,2025,8,150.978063507,6,สมุทรสาคร,Central,Rainy/Monsoon,Q3
75,2025,8,110.900608605,6,สมุทรสงคราม,Central,Rainy/Monsoon,Q3
76,2025,8,90.1351848192,6,เพชรบุรี,South,Rainy/Monsoon,Q3
77,2025,8,108.991222743,6,ประจวบคีรีขันธ์,South,Rainy/Monsoon,Q3
80,2025,8,205.686525741,6,นครศรีธรรมราช,South,Rainy/Monsoon,Q3
81,2025,8,195.412976638,6,กระบี่,South,Rainy/Monsoon,Q3
82,2025,8,303.428168734,6,พังงา,South,Rainy/Monsoon,Q3
83,2025,8,309.492557025,6,ภูเก็ต,South,Rainy/Monsoon,Q3
84,2025,8,136.612083464,6,สุราษฎร์ธานี,South,Rainy/Monsoon,Q3
85,2025,8,277.628438935,6,ระนอง,South,Rainy/Monsoon,Q3
86,2025,8,175.43259149900004,6,ชุมพร,South,Rainy/Monsoon,Q3
90,2025,8,172.11697294299998,6,สงขลา,South,Rainy/Monsoon,Q3
91,2025,8,220.664344302,6,สตูล,South,Rainy/Monsoon,Q3
92,2025,8,213.126637924,6,ตรัง,South,Rainy/Monsoon,Q3
93,2025,8,138.661567187,6,พัทลุง,South,Rainy/Monsoon,Q3
94,2025,8,161.407687968,6,ปัตตานี,South,Rainy/Monsoon,Q3
95,2025,8,174.097022243,6,ยะลา,South,Rainy/Monsoon,Q3
96,2025,8,269.194260368,6,นราธิวาส,South,Rainy/Monsoon,Q3
10,2025,9,221.847693027,6,กรุงเทพมหานคร,Central,Rainy/Monsoon,Q3
11,2025,9,241.58853893899996,6,สมุทรปราการ,Central,Rainy/Monsoon,Q3
12,2025,9,213.670732079,6,นนทบุรี,Central,Rainy/Monsoon,Q3
13,2025,9,213.59255510900002,6,ปทุมธานี,Central,Rainy/Monsoon,Q3
14,2025,9,198.563464749,6,พระนครศรีอยุธยา,Central,Rainy/Monsoon,Q3
15,2025,9,188.70827935,6,อ่างทอง,Central,Rainy/Monsoon,Q3
16,2025,9,249.616682705,6,ลพบุรี,Central,Rainy/Monsoon,Q3
17,2025,9,195.303054678,6,สิงห์บุรี,Central,Rainy/Monsoon,Q3
18,2025,9,180.765363513,6,ชัยนาท,Central,Rainy/Monsoon,Q3
19,2025,9,245.315562033,6,สระบุรี,Central,Rainy/Monsoon,Q3
20,2025,9,233.412200149,6,ชลบุรี,East,Rainy/Monsoon,Q3
21,2025,9,228.469180577,6,ระยอง,East,Rainy/Monsoon,Q3
22,2025,9,444.02152237599995,6,จันทบุรี,East,Rainy/Monsoon,Q3
23,2025,9,440.43895914800004,6,ตราด,East,Rainy/Monsoon,Q3
24,2025,9,224.534910822,6,ฉะเชิงเทรา,East,Rainy/Monsoon,Q3
25,2025,9,262.616835007,6,ปราจีนบุรี,East,Rainy/Monsoon,Q3
26,2025,9,276.572070071,6,นครนายก,East,Rainy/Monsoon,Q3
27,2025,9,230.154271872,6,สระแก้ว,East,Rainy/Monsoon,Q3
30,2025,9,215.001802429,6,นครราชสีมา,Northeast,Rainy/Monsoon,Q3
31,2025,9,244.986264287,6,บุรีรัมย์,Northeast,Rainy/Monsoon,Q3
32,2025,9,236.594124068,6,สุรินทร์,Northeast,Rainy/Monsoon,Q3
33,2025,9,201.236965791,6,ศรีสะเกษ,Northeast,Rainy/Monsoon,Q3
34,2025,9,179.639948562,6,อุบลราชธานี,Northeast,Rainy/Monsoon,Q3
35,2025,9,240.086087982,6,ยโสธร,Northeast,Rainy/Monsoon,Q3
36,2025,9,162.064702274,6,ชัยภูมิ,Northeast,Rainy/Monsoon,Q3
37,2025,9,216.285667132,6,อำนาจเจริญ,Northeast,Rainy/Monsoon,Q3
38,2025,9,366.68334218,6,บึงกาฬ,Northeast,Rainy/Monsoon,Q3
39,2025,9,255.31696760600002,6,หนองบัวลำภู,Northeast,Rainy/Monsoon,Q3
40,2025,9,172.195232318,6,ขอนแก่น,Northeast,Rainy/Monsoon,Q3
41,2025,9,350.336781916,6,อุดรธานี,Northeast,Rainy/Monsoon,Q3
42,2025,9,208.054934427,6,เลย,Northeast,Rainy/Monsoon,Q3
43,2025,9,397.741734382,6,หนองคาย,Northeast,Rainy/Monsoon,Q3
44,2025,9,267.961114264,6,มหาสารคาม,Northeast,Rainy/Monsoon,Q3
45,2025,9,262.879053599,6,ร้อยเอ็ด,Northeast,Rainy/Monsoon,Q3
46,2025,9,260.424612389,6,กาฬสินธุ์,Northeast,Rainy/Monsoon,Q3
47,2025,9,331.325608728,6,สกลนคร,Northeast,Rainy/Monsoon,Q3
48,2025,9,325.721397336,6,นครพนม,Northeast,Rainy/Monsoon,Q3
49,2025,9,277.868723601,6,มุกดาหาร,Northeast,Rainy/Monsoon,Q3
50,2025,9,189.273033707,6,เชียงใหม่,North,Rainy/Monsoon,Q3
51,2025,9,204.762262306,6,ลำพูน,North,Rainy/Monsoon,Q3
52,2025,9,240.81274616,6,ลำปาง,North,Rainy/Monsoon,Q3
53,2025,9,236.98030013899998,6,อุตรดิตถ์,North,Rainy/Monsoon,Q3
54,2025,9,237.779687396,6,แพร่,North,Rainy/Monsoon,Q3
55,2025,9,299.981815263,6,น่าน,North,Rainy/Monsoon,Q3
56,2025,9,281.111968667,6,พะเยา,North,Rainy/Monsoon,Q3
57,2025,9,199.31386344,6,เชียงราย,North,Rainy/Monsoon,Q3
58,2025,9,204.045057179,6,แม่ฮ่องสอน,North,Rainy/Monsoon,Q3
60,2025,9,184.927298912,6,นครสวรรค์,Central,Rainy/Monsoon,Q3
61,2025,9,170.216009648,6,อุทัยธานี,Central,Rainy/Monsoon,Q3
62,2025,9,192.444019629,6,กำแพงเพชร,North,Rainy/Monsoon,Q3
63,2025,9,159.29810535,6,ตาก,North,Rainy/Monsoon,Q3
64,2025,9,224.060575254,6,สุโขทัย,North,Rainy/Monsoon,Q3
65,2025,9,234.182197577,6,พิษณุโลก,North,Rainy/Monsoon,Q3
66,2025,9,228.044824654,6,พิจิตร,North,Rainy/Monsoon,Q3
67,2025,9,180.06844039,6,เพชรบูรณ์,North,Rainy/Monsoon,Q3
70,2025,9,158.546685015,6,ราชบุรี,Central,Rainy/Monsoon,Q3
71,2025,9,165.433063174,6,กาญจนบุรี,Central,Rainy/Monsoon,Q3
72,2025,9,161.608074189,6,สุพรรณบุรี,Central,Rainy/Monsoon,Q3
73,2025,9,191.785405286,6,นครปฐม,Central,Rainy/Monsoon,Q3
74,2025,9,211.025615328,6,สมุทรสาคร,Central,Rainy/Monsoon,Q3
75,2025,9,173.57156500300002,6,สมุทรสงคราม,Central,Rainy/Monsoon,Q3
76,2025,9,153.649112456,6,เพชรบุรี,South,Rainy/Monsoon,Q3
77,2025,9,139.560155575,6,ประจวบคีรีขันธ์,South,Rainy/Monsoon,Q3
80,2025,9,202.725464625,6,นครศรีธรรมราช,South,Rainy/Monsoon,Q3
81,2025,9,282.730019542,6,กระบี่,South,Rainy/Monsoon,Q3
82,2025,9,396.64634047,6,พังงา,South,Rainy/Monsoon,Q3
83,2025,9,371.7617868280001,6,ภูเก็ต,South,Rainy/Monsoon,Q3
84,2025,9,210.473335795,6,สุราษฎร์ธานี,South,Rainy/Monsoon,Q3
85,2025,9,325.951836334,6,ระนอง,South,Rainy/Monsoon,Q3
86,2025,9,225.590679091,6,ชุมพร,South,Rainy/Monsoon,Q3
90,2025,9,181.656229347,6,สงขลา,South,Rainy/Monsoon,Q3
91,2025,9,328.818795557,6,สตูล,South,Rainy/Monsoon,Q3
92,2025,9,370.967928254,6,ตรัง,South,Rainy/Monsoon,Q3
93,2025,9,191.850145267,6,พัทลุง,South,Rainy/Monsoon,Q3
94,2025,9,143.412659934,6,ปัตตานี,South,Rainy/Monsoon,Q3
95,2025,9,136.44476556,6,ยะลา,South,Rainy/Monsoon,Q3
96,2025,9,112.205496763,6,นราธิวาส,South,Rainy/Monsoon,Q3
10,2025,10,348.533437777,6,กรุงเทพมหานคร,Central,Rainy/Monsoon,Q4
11,2025,10,381.58972071,6,สมุทรปราการ,Central,Rainy/Monsoon,Q4
12,2025,10,325.536285057,6,นนทบุรี,Central,Rainy/Monsoon,Q4
13,2025,10,249.828375374,6,ปทุมธานี,Central,Rainy/Monsoon,Q4
14,2025,10,220.479774883,6,พระนครศรีอยุธยา,Central,Rainy/Monsoon,Q4
15,2025,10,220.963777994,6,อ่างทอง,Central,Rainy/Monsoon,Q4
16,2025,10,208.040793077,6,ลพบุรี,Central,Rainy/Monsoon,Q4
17,2025,10,218.59746391,6,สิงห์บุรี,Central,Rainy/Monsoon,Q4
18,2025,10,236.191372782,6,ชัยนาท,Central,Rainy/Monsoon,Q4
19,2025,10,181.93914866600002,6,สระบุรี,Central,Rainy/Monsoon,Q4
20,2025,10,325.980484769,6,ชลบุรี,East,Rainy/Monsoon,Q4
21,2025,10,313.157872733,6,ระยอง,East,Rainy/Monsoon,Q4
22,2025,10,305.97853026,6,จันทบุรี,East,Rainy/Monsoon,Q4
23,2025,10,317.306288666,6,ตราด,East,Rainy/Monsoon,Q4
24,2025,10,258.787653625,6,ฉะเชิงเทรา,East,Rainy/Monsoon,Q4
25,2025,10,173.99362238900002,6,ปราจีนบุรี,East,Rainy/Monsoon,Q4
26,2025,10,182.383800192,6,นครนายก,East,Rainy/Monsoon,Q4
27,2025,10,207.75603695000004,6,สระแก้ว,East,Rainy/Monsoon,Q4
30,2025,10,166.248050389,6,นครราชสีมา,Northeast,Rainy/Monsoon,Q4
31,2025,10,138.132706678,6,บุรีรัมย์,Northeast,Rainy/Monsoon,Q4
32,2025,10,149.302293544,6,สุรินทร์,Northeast,Rainy/Monsoon,Q4
33,2025,10,138.733542024,6,ศรีสะเกษ,Northeast,Rainy/Monsoon,Q4
34,2025,10,174.662696529,6,อุบลราชธานี,Northeast,Rainy/Monsoon,Q4
35,2025,10,93.8117303065,6,ยโสธร,Northeast,Rainy/Monsoon,Q4
36,2025,10,155.127732036,6,ชัยภูมิ,Northeast,Rainy/Monsoon,Q4
37,2025,10,122.061642419,6,อำนาจเจริญ,Northeast,Rainy/Monsoon,Q4
38,2025,10,89.39937813709999,6,บึงกาฬ,Northeast,Rainy/Monsoon,Q4
39,2025,10,134.346145338,6,หนองบัวลำภู,Northeast,Rainy/Monsoon,Q4
40,2025,10,120.118842811,6,ขอนแก่น,Northeast,Rainy/Monsoon,Q4
41,2025,10,111.911387458,6,อุดรธานี,Northeast,Rainy/Monsoon,Q4
42,2025,10,150.220343387,6,เลย,Northeast,Rainy/Monsoon,Q4
43,2025,10,122.328546212,6,หนองคาย,Northeast,Rainy/Monsoon,Q4
44,2025,10,85.2152467577,6,มหาสารคาม,Northeast,Rainy/Monsoon,Q4
45,2025,10,87.99146054520001,6,ร้อยเอ็ด,Northeast,Rainy/Monsoon,Q4
46,2025,10,88.59174113249999,6,กาฬสินธุ์,Northeast,Rainy/Monsoon,Q4
47,2025,10,79.026902471,6,สกลนคร,Northeast,Rainy/Monsoon,Q4
48,2025,10,70.0038194761,6,นครพนม,Northeast,Rainy/Monsoon,Q4
49,2025,10,50.4175599324,6,มุกดาหาร,Northeast,Rainy/Monsoon,Q4
50,2025,10,129.76464071,6,เชียงใหม่,North,Rainy/Monsoon,Q4
51,2025,10,160.90370428,6,ลำพูน,North,Rainy/Monsoon,Q4
52,2025,10,178.6390984,6,ลำปาง,North,Rainy/Monsoon,Q4
53,2025,10,151.435199912,6,อุตรดิตถ์,North,Rainy/Monsoon,Q4
54,2025,10,138.516604049,6,แพร่,North,Rainy/Monsoon,Q4
55,2025,10,95.1462300939,6,น่าน,North,Rainy/Monsoon,Q4
56,2025,10,161.38661153,6,พะเยา,North,Rainy/Monsoon,Q4
57,2025,10,127.42784066999998,6,เชียงราย,North,Rainy/Monsoon,Q4
58,2025,10,127.338690484,6,แม่ฮ่องสอน,North,Rainy/Monsoon,Q4
60,2025,10,226.430594368,6,นครสวรรค์,Central,Rainy/Monsoon,Q4
61,2025,10,256.552958459,6,อุทัยธานี,Central,Rainy/Monsoon,Q4
62,2025,10,301.820638219,6,กำแพงเพชร,North,Rainy/Monsoon,Q4
63,2025,10,262.340032727,6,ตาก,North,Rainy/Monsoon,Q4
64,2025,10,305.899758002,6,สุโขทัย,North,Rainy/Monsoon,Q4
65,2025,10,247.33271838,6,พิษณุโลก,North,Rainy/Monsoon,Q4
66,2025,10,214.811323238,6,พิจิตร,North,Rainy/Monsoon,Q4
67,2025,10,152.519560565,6,เพชรบูรณ์,North,Rainy/Monsoon,Q4
70,2025,10,337.383873486,6,ราชบุรี,Central,Rainy/Monsoon,Q4
71,2025,10,345.86396335399996,6,กาญจนบุรี,Central,Rainy/Monsoon,Q4
72,2025,10,319.15340207,6,สุพรรณบุรี,Central,Rainy/Monsoon,Q4
73,2025,10,393.176036803,6,นครปฐม,Central,Rainy/Monsoon,Q4
74,2025,10,358.751411237,6,สมุทรสาคร,Central,Rainy/Monsoon,Q4
75,2025,10,323.39820247,6,สมุทรสงคราม,Central,Rainy/Monsoon,Q4
76,2025,10,405.050541226,6,เพชรบุรี,South,Rainy/Monsoon,Q4
77,2025,10,422.200416456,6,ประจวบคีรีขันธ์,South,Rainy/Monsoon,Q4
80,2025,10,235.25393639,6,นครศรีธรรมราช,South,Rainy/Monsoon,Q4
81,2025,10,348.9523131590001,6,กระบี่,South,Rainy/Monsoon,Q4
82,2025,10,537.340474243,6,พังงา,South,Rainy/Monsoon,Q4
83,2025,10,433.75515871399995,6,ภูเก็ต,South,Rainy/Monsoon,Q4
84,2025,10,290.086654016,6,สุราษฎร์ธานี,South,Rainy/Monsoon,Q4
85,2025,10,401.12558449399995,6,ระนอง,South,Rainy/Monsoon,Q4
86,2025,10,308.179292237,6,ชุมพร,South,Rainy/Monsoon,Q4
90,2025,10,246.041891612,6,สงขลา,South,Rainy/Monsoon,Q4
91,2025,10,322.436253798,6,สตูล,South,Rainy/Monsoon,Q4
92,2025,10,372.14446705,6,ตรัง,South,Rainy/Monsoon,Q4
93,2025,10,277.340258866,6,พัทลุง,South,Rainy/Monsoon,Q4
94,2025,10,230.779036518,6,ปัตตานี,South,Rainy/Monsoon,Q4
95,2025,10,233.37820399400002,6,ยะลา,South,Rainy/Monsoon,Q4
96,2025,10,212.122284519,6,นราธิวาส,South,Rainy/Monsoon,Q4
10,2025,11,81.3878150952,6,กรุงเทพมหานคร,Central,Cool/Dry,Q4
11,2025,11,84.2444218462,6,สมุทรปราการ,Central,Cool/Dry,Q4
12,2025,11,75.8118761216,6,นนทบุรี,Central,Cool/Dry,Q4
13,2025,11,72.2552366347,6,ปทุมธานี,Central,Cool/Dry,Q4
14,2025,11,57.2417229514,6,พระนครศรีอยุธยา,Central,Cool/Dry,Q4
15,2025,11,57.60940153639999,6,อ่างทอง,Central,Cool/Dry,Q4
16,2025,11,24.4881530982,6,ลพบุรี,Central,Cool/Dry,Q4
17,2025,11,47.5750144552,6,สิงห์บุรี,Central,Cool/Dry,Q4
18,2025,11,56.671762514499996,6,ชัยนาท,Central,Cool/Dry,Q4
19,2025,11,30.089761585900003,6,สระบุรี,Central,Cool/Dry,Q4
20,2025,11,80.8739051463,6,ชลบุรี,East,Cool/Dry,Q4
21,2025,11,95.90259583380002,6,ระยอง,East,Cool/Dry,Q4
22,2025,11,119.172444736,6,จันทบุรี,East,Cool/Dry,Q4
23,2025,11,131.39599241,6,ตราด,East,Cool/Dry,Q4
24,2025,11,89.3644400494,6,ฉะเชิงเทรา,East,Cool/Dry,Q4
25,2025,11,63.8719910015,6,ปราจีนบุรี,East,Cool/Dry,Q4
26,2025,11,53.828766757900006,6,นครนายก,East,Cool/Dry,Q4
27,2025,11,84.600156155,6,สระแก้ว,East,Cool/Dry,Q4
30,2025,11,48.72491605529999,6,นครราชสีมา,Northeast,Cool/Dry,Q4
31,2025,11,60.973999527500006,6,บุรีรัมย์,Northeast,Cool/Dry,Q4
32,2025,11,41.2828743622,6,สุรินทร์,Northeast,Cool/Dry,Q4
33,2025,11,21.530522708800003,6,ศรีสะเกษ,Northeast,Cool/Dry,Q4
34,2025,11,14.369596557499998,6,อุบลราชธานี,Northeast,Cool/Dry,Q4
35,2025,11,24.9858825232,6,ยโสธร,Northeast,Cool/Dry,Q4
36,2025,11,19.1872216523,6,ชัยภูมิ,Northeast,Cool/Dry,Q4
37,2025,11,15.211207395,6,อำนาจเจริญ,Northeast,Cool/Dry,Q4
38,2025,11,11.527203077000001,6,บึงกาฬ,Northeast,Cool/Dry,Q4
39,2025,11,23.452739301699996,6,หนองบัวลำภู,Northeast,Cool/Dry,Q4
40,2025,11,15.218633838099999,6,ขอนแก่น,Northeast,Cool/Dry,Q4
41,2025,11,14.09005542,6,อุดรธานี,Northeast,Cool/Dry,Q4
42,2025,11,37.2484535977,6,เลย,Northeast,Cool/Dry,Q4
43,2025,11,15.4565347412,6,หนองคาย,Northeast,Cool/Dry,Q4
44,2025,11,29.5297670061,6,มหาสารคาม,Northeast,Cool/Dry,Q4
45,2025,11,35.7861732605,6,ร้อยเอ็ด,Northeast,Cool/Dry,Q4
46,2025,11,29.6547697469,6,กาฬสินธุ์,Northeast,Cool/Dry,Q4
47,2025,11,13.0934197537,6,สกลนคร,Northeast,Cool/Dry,Q4
48,2025,11,12.1861069024,6,นครพนม,Northeast,Cool/Dry,Q4
49,2025,11,14.0720040486,6,มุกดาหาร,Northeast,Cool/Dry,Q4
50,2025,11,37.0648867306,6,เชียงใหม่,North,Cool/Dry,Q4
51,2025,11,44.7470062928,6,ลำพูน,North,Cool/Dry,Q4
52,2025,11,39.7524890077,6,ลำปาง,North,Cool/Dry,Q4
53,2025,11,41.7896434337,6,อุตรดิตถ์,North,Cool/Dry,Q4
54,2025,11,31.2488710288,6,แพร่,North,Cool/Dry,Q4
55,2025,11,38.129762625,6,น่าน,North,Cool/Dry,Q4
56,2025,11,35.3476551123,6,พะเยา,North,Cool/Dry,Q4
57,2025,11,55.1601208475,6,เชียงราย,North,Cool/Dry,Q4
58,2025,11,33.748225337,6,แม่ฮ่องสอน,North,Cool/Dry,Q4
60,2025,11,45.4816117464,6,นครสวรรค์,Central,Cool/Dry,Q4
61,2025,11,60.6612854583,6,อุทัยธานี,Central,Cool/Dry,Q4
62,2025,11,68.6087845455,6,กำแพงเพชร,North,Cool/Dry,Q4
63,2025,11,62.191979153,6,ตาก,North,Cool/Dry,Q4
64,2025,11,87.0351058672,6,สุโขทัย,North,Cool/Dry,Q4
65,2025,11,51.3769531144,6,พิษณุโลก,North,Cool/Dry,Q4
66,2025,11,58.5745945311,6,พิจิตร,North,Cool/Dry,Q4
67,2025,11,18.9397702229,6,เพชรบูรณ์,North,Cool/Dry,Q4
70,2025,11,64.8629062631,6,ราชบุรี,Central,Cool/Dry,Q4
71,2025,11,85.2627091986,6,กาญจนบุรี,Central,Cool/Dry,Q4
72,2025,11,91.1326803203,6,สุพรรณบุรี,Central,Cool/Dry,Q4
73,2025,11,74.2030129601,6,นครปฐม,Central,Cool/Dry,Q4
74,2025,11,71.5430843939,6,สมุทรสาคร,Central,Cool/Dry,Q4
75,2025,11,56.6653623387,6,สมุทรสงคราม,Central,Cool/Dry,Q4
76,2025,11,41.696356541,6,เพชรบุรี,South,Cool/Dry,Q4
77,2025,11,64.4630813561,6,ประจวบคีรีขันธ์,South,Cool/Dry,Q4
80,2025,11,258.758508644,6,นครศรีธรรมราช,South,Cool/Dry,Q4
81,2025,11,216.678992099,6,กระบี่,South,Cool/Dry,Q4
82,2025,11,423.647396289,6,พังงา,South,Cool/Dry,Q4
83,2025,11,265.621108629,6,ภูเก็ต,South,Cool/Dry,Q4
84,2025,11,204.34296675100003,6,สุราษฎร์ธานี,South,Cool/Dry,Q4
85,2025,11,241.558024221,6,ระนอง,South,Cool/Dry,Q4
86,2025,11,191.22953520299998,6,ชุมพร,South,Cool/Dry,Q4
90,2025,11,388.77633191900003,6,สงขลา,South,Cool/Dry,Q4
91,2025,11,257.157676224,6,สตูล,South,Cool/Dry,Q4
92,2025,11,209.70455329899997,6,ตรัง,South,Cool/Dry,Q4
93,2025,11,318.594935451,6,พัทลุง,South,Cool/Dry,Q4
94,2025,11,491.332933159,6,ปัตตานี,South,Cool/Dry,Q4
95,2025,11,497.996265835,6,ยะลา,South,Cool/Dry,Q4
96,2025,11,636.438078301,6,นราธิวาส,South,Cool/Dry,Q4
10,2025,12,0.8547364391490001,6,กรุงเทพมหานคร,Central,Cool/Dry,Q4
11,2025,12,0.371880558538,6,สมุทรปราการ,Central,Cool/Dry,Q4
12,2025,12,1.54253283451,6,นนทบุรี,Central,Cool/Dry,Q4
13,2025,12,1.10173501394,6,ปทุมธานี,Central,Cool/Dry,Q4
14,2025,12,1.08646478804,6,พระนครศรีอยุธยา,Central,Cool/Dry,Q4
15,2025,12,1.4577805476100003,6,อ่างทอง,Central,Cool/Dry,Q4
16,2025,12,0.263080594714,6,ลพบุรี,Central,Cool/Dry,Q4
17,2025,12,1.56861671329,6,สิงห์บุรี,Central,Cool/Dry,Q4
18,2025,12,2.71761519614,6,ชัยนาท,Central,Cool/Dry,Q4
19,2025,12,0.338314031845,6,สระบุรี,Central,Cool/Dry,Q4
20,2025,12,0.211672882115,6,ชลบุรี,East,Cool/Dry,Q4
21,2025,12,0.316473287958,6,ระยอง,East,Cool/Dry,Q4
22,2025,12,0.433610798341,6,จันทบุรี,East,Cool/Dry,Q4
23,2025,12,2.00910706672,6,ตราด,East,Cool/Dry,Q4
24,2025,12,0.488059353641,6,ฉะเชิงเทรา,East,Cool/Dry,Q4
25,2025,12,0.258261490863,6,ปราจีนบุรี,East,Cool/Dry,Q4
26,2025,12,0.455775668919,6,นครนายก,East,Cool/Dry,Q4
27,2025,12,1.17823684167,6,สระแก้ว,East,Cool/Dry,Q4
30,2025,12,0.869133884085,6,นครราชสีมา,Northeast,Cool/Dry,Q4
31,2025,12,3.1868417293599998,6,บุรีรัมย์,Northeast,Cool/Dry,Q4
32,2025,12,3.77679799633,6,สุรินทร์,Northeast,Cool/Dry,Q4
33,2025,12,1.28737839178,6,ศรีสะเกษ,Northeast,Cool/Dry,Q4
34,2025,12,0.71755705758,6,อุบลราชธานี,Northeast,Cool/Dry,Q4
35,2025,12,0.138258101835,6,ยโสธร,Northeast,Cool/Dry,Q4
36,2025,12,0.287291764062,6,ชัยภูมิ,Northeast,Cool/Dry,Q4
37,2025,12,0.321124002732,6,อำนาจเจริญ,Northeast,Cool/Dry,Q4
38,2025,12,0.589696433216,6,บึงกาฬ,Northeast,Cool/Dry,Q4
39,2025,12,0.860347800314,6,หนองบัวลำภู,Northeast,Cool/Dry,Q4
40,2025,12,0.35332036393900007,6,ขอนแก่น,Northeast,Cool/Dry,Q4
41,2025,12,1.03205349604,6,อุดรธานี,Northeast,Cool/Dry,Q4
42,2025,12,1.00581528453,6,เลย,Northeast,Cool/Dry,Q4
43,2025,12,1.4476898150399997,6,หนองคาย,Northeast,Cool/Dry,Q4
44,2025,12,0.7263461128429999,6,มหาสารคาม,Northeast,Cool/Dry,Q4
45,2025,12,0.284575143316,6,ร้อยเอ็ด,Northeast,Cool/Dry,Q4
46,2025,12,0.167209381786,6,กาฬสินธุ์,Northeast,Cool/Dry,Q4
47,2025,12,0.245641975074,6,สกลนคร,Northeast,Cool/Dry,Q4
48,2025,12,0.0277377945514,6,นครพนม,Northeast,Cool/Dry,Q4
49,2025,12,0.00891423621652,6,มุกดาหาร,Northeast,Cool/Dry,Q4
50,2025,12,8.13371074987,6,เชียงใหม่,North,Cool/Dry,Q4
51,2025,12,6.43095349418,6,ลำพูน,North,Cool/Dry,Q4
52,2025,12,9.71233653911,6,ลำปาง,North,Cool/Dry,Q4
53,2025,12,4.17218541198,6,อุตรดิตถ์,North,Cool/Dry,Q4
54,2025,12,7.158246023420001,6,แพร่,North,Cool/Dry,Q4
55,2025,12,11.053148178600003,6,น่าน,North,Cool/Dry,Q4
56,2025,12,20.5498552161,6,พะเยา,North,Cool/Dry,Q4
57,2025,12,25.0260680798,6,เชียงราย,North,Cool/Dry,Q4
58,2025,12,4.89604404697,6,แม่ฮ่องสอน,North,Cool/Dry,Q4
60,2025,12,0.988505160781,6,นครสวรรค์,Central,Cool/Dry,Q4
61,2025,12,2.18492412296,6,อุทัยธานี,Central,Cool/Dry,Q4
62,2025,12,4.11070903384,6,กำแพงเพชร,North,Cool/Dry,Q4
63,2025,12,6.986173301650001,6,ตาก,North,Cool/Dry,Q4
64,2025,12,4.40364102292,6,สุโขทัย,North,Cool/Dry,Q4
65,2025,12,1.24867527456,6,พิษณุโลก,North,Cool/Dry,Q4
66,2025,12,0.378057534229,6,พิจิตร,North,Cool/Dry,Q4
67,2025,12,0.378126375877,6,เพชรบูรณ์,North,Cool/Dry,Q4
70,2025,12,3.2474630697899998,6,ราชบุรี,Central,Cool/Dry,Q4
71,2025,12,3.4006716239199997,6,กาญจนบุรี,Central,Cool/Dry,Q4
72,2025,12,4.24654974619,6,สุพรรณบุรี,Central,Cool/Dry,Q4
73,2025,12,3.85378424094,6,นครปฐม,Central,Cool/Dry,Q4
74,2025,12,1.00319502054,6,สมุทรสาคร,Central,Cool/Dry,Q4
75,2025,12,1.6586956400800001,6,สมุทรสงคราม,Central,Cool/Dry,Q4
76,2025,12,5.22087193612,6,เพชรบุรี,South,Cool/Dry,Q4
77,2025,12,63.8939646973,6,ประจวบคีรีขันธ์,South,Cool/Dry,Q4
80,2025,12,238.947954053,6,นครศรีธรรมราช,South,Cool/Dry,Q4
81,2025,12,50.2461961299,6,กระบี่,South,Cool/Dry,Q4
82,2025,12,49.9701401454,6,พังงา,South,Cool/Dry,Q4
83,2025,12,22.8106787453,6,ภูเก็ต,South,Cool/Dry,Q4
84,2025,12,124.163567313,6,สุราษฎร์ธานี,South,Cool/Dry,Q4
85,2025,12,163.441561188,6,ระนอง,South,Cool/Dry,Q4
86,2025,12,260.640786323,6,ชุมพร,South,Cool/Dry,Q4
90,2025,12,514.072279951,6,สงขลา,South,Cool/Dry,Q4
91,2025,12,252.540858224,6,สตูล,South,Cool/Dry,Q4
92,2025,12,152.118487496,6,ตรัง,South,Cool/Dry,Q4
93,2025,12,360.884018865,6,พัทลุง,South,Cool/Dry,Q4
94,2025,12,769.926593408,6,ปัตตานี,South,Cool/Dry,Q4
95,2025,12,778.263484987,6,ยะลา,South,Cool/Dry,Q4
96,2025,12,985.815564651,6,นราธิวาส,South,Cool/Dry,Q4
10,2026,1,3.6240005082849165,6,กรุงเทพมหานคร,Central,Cool/Dry,Q1
11,2026,1,3.3086022837433333,6,สมุทรปราการ,Central,Cool/Dry,Q1
12,2026,1,3.206160106958992,6,นนทบุรี,Central,Cool/Dry,Q1
13,2026,1,2.928842004805833,6,ปทุมธานี,Central,Cool/Dry,Q1
14,2026,1,2.0660892026041666,6,พระนครศรีอยุธยา,Central,Cool/Dry,Q1
15,2026,1,1.31071072314,6,อ่างทอง,Central,Cool/Dry,Q1
16,2026,1,7.433894495966666,6,ลพบุรี,Central,Cool/Dry,Q1
17,2026,1,1.5082252628491668,6,สิงห์บุรี,Central,Cool/Dry,Q1
18,2026,1,1.0381203494258333,6,ชัยนาท,Central,Cool/Dry,Q1
19,2026,1,17.564966495333334,6,สระบุรี,Central,Cool/Dry,Q1
20,2026,1,11.062371251383333,6,ชลบุรี,East,Cool/Dry,Q1
21,2026,1,26.73497322731667,6,ระยอง,East,Cool/Dry,Q1
22,2026,1,55.30538277445,6,จันทบุรี,East,Cool/Dry,Q1
23,2026,1,70.96590629921667,6,ตราด,East,Cool/Dry,Q1
24,2026,1,12.155090034524997,6,ฉะเชิงเทรา,East,Cool/Dry,Q1
25,2026,1,16.9213046734,6,ปราจีนบุรี,East,Cool/Dry,Q1
26,2026,1,12.132467448575,6,นครนายก,East,Cool/Dry,Q1
27,2026,1,33.0208836408,6,สระแก้ว,East,Cool/Dry,Q1
30,2026,1,20.191292842466666,6,นครราชสีมา,Northeast,Cool/Dry,Q1
31,2026,1,23.59894644465,6,บุรีรัมย์,Northeast,Cool/Dry,Q1
32,2026,1,31.96996681916666,6,สุรินทร์,Northeast,Cool/Dry,Q1
33,2026,1,10.765727185025,6,ศรีสะเกษ,Northeast,Cool/Dry,Q1
34,2026,1,4.209711186958334,6,อุบลราชธานี,Northeast,Cool/Dry,Q1
35,2026,1,7.322507718798334,6,ยโสธร,Northeast,Cool/Dry,Q1
36,2026,1,6.221372191757499,6,ชัยภูมิ,Northeast,Cool/Dry,Q1
37,2026,1,3.6030626075175003,6,อำนาจเจริญ,Northeast,Cool/Dry,Q1
38,2026,1,5.035502505483334,6,บึงกาฬ,Northeast,Cool/Dry,Q1
39,2026,1,3.4383989675881668,6,หนองบัวลำภู,Northeast,Cool/Dry,Q1
40,2026,1,8.226433231089167,6,ขอนแก่น,Northeast,Cool/Dry,Q1
41,2026,1,3.2072957504508337,6,อุดรธานี,Northeast,Cool/Dry,Q1
42,2026,1,2.2547198207235,6,เลย,Northeast,Cool/Dry,Q1
43,2026,1,1.6954659957058336,6,หนองคาย,Northeast,Cool/Dry,Q1
44,2026,1,13.246821647916667,6,มหาสารคาม,Northeast,Cool/Dry,Q1
45,2026,1,13.166890688716668,6,ร้อยเอ็ด,Northeast,Cool/Dry,Q1
46,2026,1,11.022314105900833,6,กาฬสินธุ์,Northeast,Cool/Dry,Q1
47,2026,1,5.7481812749533345,6,สกลนคร,Northeast,Cool/Dry,Q1
48,2026,1,8.387205737083333,6,นครพนม,Northeast,Cool/Dry,Q1
49,2026,1,4.355479351510834,6,มุกดาหาร,Northeast,Cool/Dry,Q1
50,2026,1,1.475516420021,6,เชียงใหม่,North,Cool/Dry,Q1
51,2026,1,0.9789463607124417,6,ลำพูน,North,Cool/Dry,Q1
52,2026,1,1.4166767988768336,6,ลำปาง,North,Cool/Dry,Q1
53,2026,1,1.0368744121095832,6,อุตรดิตถ์,North,Cool/Dry,Q1
54,2026,1,1.584322916235025,6,แพร่,North,Cool/Dry,Q1
55,2026,1,2.1359457678650835,6,น่าน,North,Cool/Dry,Q1
56,2026,1,2.06870596709325,6,พะเยา,North,Cool/Dry,Q1
57,2026,1,5.41776496343175,6,เชียงราย,North,Cool/Dry,Q1
58,2026,1,1.2051786522875,6,แม่ฮ่องสอน,North,Cool/Dry,Q1
60,2026,1,3.818085019715834,6,นครสวรรค์,Central,Cool/Dry,Q1
61,2026,1,2.1540537405825,6,อุทัยธานี,Central,Cool/Dry,Q1
62,2026,1,1.8549565234041665,6,กำแพงเพชร,North,Cool/Dry,Q1
63,2026,1,0.6968074492383334,6,ตาก,North,Cool/Dry,Q1
64,2026,1,0.7074744089674999,6,สุโขทัย,North,Cool/Dry,Q1
65,2026,1,1.6326971324635,6,พิษณุโลก,North,Cool/Dry,Q1
66,2026,1,4.4990392691219165,6,พิจิตร,North,Cool/Dry,Q1
67,2026,1,6.369400508590833,6,เพชรบูรณ์,North,Cool/Dry,Q1
70,2026,1,6.627754309925,6,ราชบุรี,Central,Cool/Dry,Q1
71,2026,1,3.4049328171483335,6,กาญจนบุรี,Central,Cool/Dry,Q1
72,2026,1,1.2002555336583332,6,สุพรรณบุรี,Central,Cool/Dry,Q1
73,2026,1,2.32079467061725,6,นครปฐม,Central,Cool/Dry,Q1
74,2026,1,4.017005536940833,6,สมุทรสาคร,Central,Cool/Dry,Q1
75,2026,1,4.908806769733333,6,สมุทรสงคราม,Central,Cool/Dry,Q1
76,2026,1,30.0427306465,6,เพชรบุรี,South,Cool/Dry,Q1
77,2026,1,44.05623654948334,6,ประจวบคีรีขันธ์,South,Cool/Dry,Q1
80,2026,1,189.66572213083336,6,นครศรีธรรมราช,South,Cool/Dry,Q1
81,2026,1,81.04928966825001,6,กระบี่,South,Cool/Dry,Q1
82,2026,1,68.58721295525,6,พังงา,South,Cool/Dry,Q1
83,2026,1,64.922077714,6,ภูเก็ต,South,Cool/Dry,Q1
84,2026,1,92.05712520991665,6,สุราษฎร์ธานี,South,Cool/Dry,Q1
85,2026,1,69.43260872683334,6,ระนอง,South,Cool/Dry,Q1
86,2026,1,91.99305164808334,6,ชุมพร,South,Cool/Dry,Q1
90,2026,1,126.93978787583335,6,สงขลา,South,Cool/Dry,Q1
91,2026,1,91.18365655816666,6,สตูล,South,Cool/Dry,Q1
92,2026,1,91.91736938941666,6,ตรัง,South,Cool/Dry,Q1
93,2026,1,166.21657243483332,6,พัทลุง,South,Cool/Dry,Q1
94,2026,1,114.4596384485,6,ปัตตานี,South,Cool/Dry,Q1
95,2026,1,131.19113472841664,6,ยะลา,South,Cool/Dry,Q1
96,2026,1,155.52925630899998,6,นราธิวาส,South,Cool/Dry,Q1
10,2026,2,26.6407410135,6,กรุงเทพมหานคร,Central,Cool/Dry,Q1
11,2026,2,24.440830170566667,6,สมุทรปราการ,Central,Cool/Dry,Q1
12,2026,2,26.957435903700002,6,นนทบุรี,Central,Cool/Dry,Q1
13,2026,2,36.23348578216667,6,ปทุมธานี,Central,Cool/Dry,Q1
14,2026,2,29.510740232699998,6,พระนครศรีอยุธยา,Central,Cool/Dry,Q1
15,2026,2,15.8846134648,6,อ่างทอง,Central,Cool/Dry,Q1
16,2026,2,9.975371765226667,6,ลพบุรี,Central,Cool/Dry,Q1
17,2026,2,9.02392411368,6,สิงห์บุรี,Central,Cool/Dry,Q1
18,2026,2,5.467206653636667,6,ชัยนาท,Central,Cool/Dry,Q1
19,2026,2,22.614141685566665,6,สระบุรี,Central,Cool/Dry,Q1
20,2026,2,42.80381371533333,6,ชลบุรี,East,Cool/Dry,Q1
21,2026,2,50.84329727280001,6,ระยอง,East,Cool/Dry,Q1
22,2026,2,55.65681602413334,6,จันทบุรี,East,Cool/Dry,Q1
23,2026,2,92.97334033393334,6,ตราด,East,Cool/Dry,Q1
24,2026,2,50.60607231626667,6,ฉะเชิงเทรา,East,Cool/Dry,Q1
25,2026,2,49.08308645579999,6,ปราจีนบุรี,East,Cool/Dry,Q1
26,2026,2,34.167970641033335,6,นครนายก,East,Cool/Dry,Q1
27,2026,2,23.845465501366665,6,สระแก้ว,East,Cool/Dry,Q1
30,2026,2,21.94889789662,6,นครราชสีมา,Northeast,Cool/Dry,Q1
31,2026,2,26.864323112666664,6,บุรีรัมย์,Northeast,Cool/Dry,Q1
32,2026,2,33.611026698016666,6,สุรินทร์,Northeast,Cool/Dry,Q1
33,2026,2,17.53143241466,6,ศรีสะเกษ,Northeast,Cool/Dry,Q1
34,2026,2,7.607507105769333,6,อุบลราชธานี,Northeast,Cool/Dry,Q1
35,2026,2,17.18760126981,6,ยโสธร,Northeast,Cool/Dry,Q1
36,2026,2,18.34534542996,6,ชัยภูมิ,Northeast,Cool/Dry,Q1
37,2026,2,8.950192167933332,6,อำนาจเจริญ,Northeast,Cool/Dry,Q1
38,2026,2,25.492001171733335,6,บึงกาฬ,Northeast,Cool/Dry,Q1
39,2026,2,14.973915874420001,6,หนองบัวลำภู,Northeast,Cool/Dry,Q1
40,2026,2,16.781215728856665,6,ขอนแก่น,Northeast,Cool/Dry,Q1
41,2026,2,16.567439262166666,6,อุดรธานี,Northeast,Cool/Dry,Q1
42,2026,2,17.51337821647,6,เลย,Northeast,Cool/Dry,Q1
43,2026,2,27.5503238666,6,หนองคาย,Northeast,Cool/Dry,Q1
44,2026,2,21.376154767666666,6,มหาสารคาม,Northeast,Cool/Dry,Q1
45,2026,2,25.7996310868,6,ร้อยเอ็ด,Northeast,Cool/Dry,Q1
46,2026,2,18.632307826033333,6,กาฬสินธุ์,Northeast,Cool/Dry,Q1
47,2026,2,28.361121395596665,6,สกลนคร,Northeast,Cool/Dry,Q1
48,2026,2,22.256761349506665,6,นครพนม,Northeast,Cool/Dry,Q1
49,2026,2,14.703233231809998,6,มุกดาหาร,Northeast,Cool/Dry,Q1
50,2026,2,23.655939759506666,6,เชียงใหม่,North,Cool/Dry,Q1
51,2026,2,22.663443926886668,6,ลำพูน,North,Cool/Dry,Q1
52,2026,2,29.02681133658,6,ลำปาง,North,Cool/Dry,Q1
53,2026,2,33.02529887326667,6,อุตรดิตถ์,North,Cool/Dry,Q1
54,2026,2,26.078100303426666,6,แพร่,North,Cool/Dry,Q1
55,2026,2,23.947772113149,6,น่าน,North,Cool/Dry,Q1
56,2026,2,41.854328682434335,6,พะเยา,North,Cool/Dry,Q1
57,2026,2,44.58413736589333,6,เชียงราย,North,Cool/Dry,Q1
58,2026,2,16.369498004028333,6,แม่ฮ่องสอน,North,Cool/Dry,Q1
60,2026,2,8.249874810883332,6,นครสวรรค์,Central,Cool/Dry,Q1
61,2026,2,17.8986079929,6,อุทัยธานี,Central,Cool/Dry,Q1
62,2026,2,26.090132277833334,6,กำแพงเพชร,North,Cool/Dry,Q1
63,2026,2,26.521028087266668,6,ตาก,North,Cool/Dry,Q1
64,2026,2,44.867487338163336,6,สุโขทัย,North,Cool/Dry,Q1
65,2026,2,22.77390552225,6,พิษณุโลก,North,Cool/Dry,Q1
66,2026,2,7.378105021133334,6,พิจิตร,North,Cool/Dry,Q1
67,2026,2,19.344335722833332,6,เพชรบูรณ์,North,Cool/Dry,Q1
70,2026,2,22.057786247373333,6,ราชบุรี,Central,Cool/Dry,Q1
71,2026,2,41.0502474328,6,กาญจนบุรี,Central,Cool/Dry,Q1
72,2026,2,18.422467080733334,6,สุพรรณบุรี,Central,Cool/Dry,Q1
73,2026,2,22.2546990965,6,นครปฐม,Central,Cool/Dry,Q1
74,2026,2,26.148082068799997,6,สมุทรสาคร,Central,Cool/Dry,Q1
75,2026,2,16.8998647215,6,สมุทรสงคราม,Central,Cool/Dry,Q1
76,2026,2,25.567426350873333,6,เพชรบุรี,South,Cool/Dry,Q1
77,2026,2,55.31825203403334,6,ประจวบคีรีขันธ์,South,Cool/Dry,Q1
80,2026,2,83.91240203743332,6,นครศรีธรรมราช,South,Cool/Dry,Q1
81,2026,2,69.82886163490001,6,กระบี่,South,Cool/Dry,Q1
82,2026,2,67.77998908463333,6,พังงา,South,Cool/Dry,Q1
83,2026,2,80.23459283473333,6,ภูเก็ต,South,Cool/Dry,Q1
84,2026,2,49.9012343442,6,สุราษฎร์ธานี,South,Cool/Dry,Q1
85,2026,2,81.75339116373333,6,ระนอง,South,Cool/Dry,Q1
86,2026,2,88.39916649290001,6,ชุมพร,South,Cool/Dry,Q1
90,2026,2,44.48991576946667,6,สงขลา,South,Cool/Dry,Q1
91,2026,2,67.28838673426667,6,สตูล,South,Cool/Dry,Q1
92,2026,2,62.439804944799995,6,ตรัง,South,Cool/Dry,Q1
93,2026,2,81.2553944179,6,พัทลุง,South,Cool/Dry,Q1
94,2026,2,35.81659209599667,6,ปัตตานี,South,Cool/Dry,Q1
95,2026,2,45.23361663882333,6,ยะลา,South,Cool/Dry,Q1
96,2026,2,65.57401293808,6,นราธิวาส,South,Cool/Dry,Q1
10,2026,3,35.275324677949996,6,กรุงเทพมหานคร,Central,Hot,Q1
11,2026,3,36.00566072115,6,สมุทรปราการ,Central,Hot,Q1
12,2026,3,30.684193255100002,6,นนทบุรี,Central,Hot,Q1
13,2026,3,24.18438484315,6,ปทุมธานี,Central,Hot,Q1
14,2026,3,19.8306478827,6,พระนครศรีอยุธยา,Central,Hot,Q1
15,2026,3,13.809925179400002,6,อ่างทอง,Central,Hot,Q1
16,2026,3,22.590138610249998,6,ลพบุรี,Central,Hot,Q1
17,2026,3,13.91829251285,6,สิงห์บุรี,Central,Hot,Q1
18,2026,3,9.611840866055,6,ชัยนาท,Central,Hot,Q1
19,2026,3,26.2146934563,6,สระบุรี,Central,Hot,Q1
20,2026,3,45.2688492288,6,ชลบุรี,East,Hot,Q1
21,2026,3,34.52536053485,6,ระยอง,East,Hot,Q1
22,2026,3,53.6062157979,6,จันทบุรี,East,Hot,Q1
23,2026,3,71.89733392525,6,ตราด,East,Hot,Q1
24,2026,3,50.67553444515,6,ฉะเชิงเทรา,East,Hot,Q1
25,2026,3,30.61722553985,6,ปราจีนบุรี,East,Hot,Q1
26,2026,3,28.7092606133,6,นครนายก,East,Hot,Q1
27,2026,3,32.16102016775,6,สระแก้ว,East,Hot,Q1
30,2026,3,27.5257965214,6,นครราชสีมา,Northeast,Hot,Q1
31,2026,3,15.56588818515,6,บุรีรัมย์,Northeast,Hot,Q1
32,2026,3,18.7544421899,6,สุรินทร์,Northeast,Hot,Q1
33,2026,3,10.180080622915,6,ศรีสะเกษ,Northeast,Hot,Q1
34,2026,3,10.105650883085,6,อุบลราชธานี,Northeast,Hot,Q1
35,2026,3,14.058586514635001,6,ยโสธร,Northeast,Hot,Q1
36,2026,3,21.35090538375,6,ชัยภูมิ,Northeast,Hot,Q1
37,2026,3,11.39380710725,6,อำนาจเจริญ,Northeast,Hot,Q1
38,2026,3,41.9307986909,6,บึงกาฬ,Northeast,Hot,Q1
39,2026,3,25.807436042299997,6,หนองบัวลำภู,Northeast,Hot,Q1
40,2026,3,21.15419020125,6,ขอนแก่น,Northeast,Hot,Q1
41,2026,3,31.31033461125,6,อุดรธานี,Northeast,Hot,Q1
42,2026,3,24.205876437249998,6,เลย,Northeast,Hot,Q1
43,2026,3,55.2348866351,6,หนองคาย,Northeast,Hot,Q1
44,2026,3,14.33323131039,6,มหาสารคาม,Northeast,Hot,Q1
45,2026,3,17.097643635445,6,ร้อยเอ็ด,Northeast,Hot,Q1
46,2026,3,19.46314842907,6,กาฬสินธุ์,Northeast,Hot,Q1
47,2026,3,40.9085370411,6,สกลนคร,Northeast,Hot,Q1
48,2026,3,30.504570689484996,6,นครพนม,Northeast,Hot,Q1
49,2026,3,22.503430550069996,6,มุกดาหาร,Northeast,Hot,Q1
50,2026,3,38.39220257235,6,เชียงใหม่,North,Hot,Q1
51,2026,3,24.2607614894,6,ลำพูน,North,Hot,Q1
52,2026,3,27.313769989399997,6,ลำปาง,North,Hot,Q1
53,2026,3,20.975664832625,6,อุตรดิตถ์,North,Hot,Q1
54,2026,3,27.99553647075,6,แพร่,North,Hot,Q1
55,2026,3,33.44467518855,6,น่าน,North,Hot,Q1
56,2026,3,35.8025611013,6,พะเยา,North,Hot,Q1
57,2026,3,54.474018528100004,6,เชียงราย,North,Hot,Q1
58,2026,3,44.287473281245006,6,แม่ฮ่องสอน,North,Hot,Q1
60,2026,3,19.302184425750003,6,นครสวรรค์,Central,Hot,Q1
61,2026,3,22.00957328875,6,อุทัยธานี,Central,Hot,Q1
62,2026,3,17.686182873855,6,กำแพงเพชร,North,Hot,Q1
63,2026,3,21.2910536584,6,ตาก,North,Hot,Q1
64,2026,3,9.312131130925001,6,สุโขทัย,North,Hot,Q1
65,2026,3,12.99586886217,6,พิษณุโลก,North,Hot,Q1
66,2026,3,14.52507397862,6,พิจิตร,North,Hot,Q1
67,2026,3,20.76152513165,6,เพชรบูรณ์,North,Hot,Q1
70,2026,3,23.725902586100002,6,ราชบุรี,Central,Hot,Q1
71,2026,3,34.208496378300005,6,กาญจนบุรี,Central,Hot,Q1
72,2026,3,8.35803882531,6,สุพรรณบุรี,Central,Hot,Q1
73,2026,3,17.91559530755,6,นครปฐม,Central,Hot,Q1
74,2026,3,28.10382434245,6,สมุทรสาคร,Central,Hot,Q1
75,2026,3,20.6682898466,6,สมุทรสงคราม,Central,Hot,Q1
76,2026,3,25.7490190729,6,เพชรบุรี,South,Hot,Q1
77,2026,3,70.03762847905,6,ประจวบคีรีขันธ์,South,Hot,Q1
80,2026,3,188.78812293500002,6,นครศรีธรรมราช,South,Hot,Q1
81,2026,3,159.10501967550002,6,กระบี่,South,Hot,Q1
82,2026,3,196.73927822250002,6,พังงา,South,Hot,Q1
83,2026,3,155.833857558,6,ภูเก็ต,South,Hot,Q1
84,2026,3,133.5736560995,6,สุราษฎร์ธานี,South,Hot,Q1
85,2026,3,114.90472847035001,6,ระนอง,South,Hot,Q1
86,2026,3,132.9354305628,6,ชุมพร,South,Hot,Q1
90,2026,3,156.7234857085,6,สงขลา,South,Hot,Q1
91,2026,3,204.41985475650003,6,สตูล,South,Hot,Q1
92,2026,3,195.42796370550002,6,ตรัง,South,Hot,Q1
93,2026,3,214.88433656849998,6,พัทลุง,South,Hot,Q1
94,2026,3,159.814313247,6,ปัตตานี,South,Hot,Q1
95,2026,3,185.440596346,6,ยะลา,South,Hot,Q1
96,2026,3,226.0618422725,6,นราธิวาส,South,Hot,Q1
10,2026,4,117.85978109873334,6,กรุงเทพมหานคร,Central,Hot,Q2
11,2026,4,109.1294959722,6,สมุทรปราการ,Central,Hot,Q2
12,2026,4,118.43318314166667,6,นนทบุรี,Central,Hot,Q2
13,2026,4,124.5339695272,6,ปทุมธานี,Central,Hot,Q2
14,2026,4,100.21182161726666,6,พระนครศรีอยุธยา,Central,Hot,Q2
15,2026,4,85.11927264906666,6,อ่างทอง,Central,Hot,Q2
16,2026,4,94.8603322936,6,ลพบุรี,Central,Hot,Q2
17,2026,4,80.79687796820001,6,สิงห์บุรี,Central,Hot,Q2
18,2026,4,76.99848770133333,6,ชัยนาท,Central,Hot,Q2
19,2026,4,119.07930176820001,6,สระบุรี,Central,Hot,Q2
20,2026,4,77.644006395,6,ชลบุรี,East,Hot,Q2
21,2026,4,101.59765868506666,6,ระยอง,East,Hot,Q2
22,2026,4,134.73685476286667,6,จันทบุรี,East,Hot,Q2
23,2026,4,165.521235703,6,ตราด,East,Hot,Q2
24,2026,4,102.6802967396,6,ฉะเชิงเทรา,East,Hot,Q2
25,2026,4,130.73499563973334,6,ปราจีนบุรี,East,Hot,Q2
26,2026,4,136.1407308506,6,นครนายก,East,Hot,Q2
27,2026,4,122.04053154680001,6,สระแก้ว,East,Hot,Q2
30,2026,4,125.91120063446665,6,นครราชสีมา,Northeast,Hot,Q2
31,2026,4,113.622673862,6,บุรีรัมย์,Northeast,Hot,Q2
32,2026,4,116.38084076606667,6,สุรินทร์,Northeast,Hot,Q2
33,2026,4,117.55014915426666,6,ศรีสะเกษ,Northeast,Hot,Q2
34,2026,4,129.67160120793332,6,อุบลราชธานี,Northeast,Hot,Q2
35,2026,4,127.0769164546,6,ยโสธร,Northeast,Hot,Q2
36,2026,4,111.81879124946666,6,ชัยภูมิ,Northeast,Hot,Q2
37,2026,4,131.86189872346668,6,อำนาจเจริญ,Northeast,Hot,Q2
38,2026,4,198.30624031233333,6,บึงกาฬ,Northeast,Hot,Q2
39,2026,4,130.09886081033332,6,หนองบัวลำภู,Northeast,Hot,Q2
40,2026,4,145.14958240233332,6,ขอนแก่น,Northeast,Hot,Q2
41,2026,4,122.8635549916,6,อุดรธานี,Northeast,Hot,Q2
42,2026,4,134.84437397500002,6,เลย,Northeast,Hot,Q2
43,2026,4,125.408783724,6,หนองคาย,Northeast,Hot,Q2
44,2026,4,146.07613429533333,6,มหาสารคาม,Northeast,Hot,Q2
45,2026,4,124.59639352639999,6,ร้อยเอ็ด,Northeast,Hot,Q2
46,2026,4,162.662338129,6,กาฬสินธุ์,Northeast,Hot,Q2
47,2026,4,246.38140455333334,6,สกลนคร,Northeast,Hot,Q2
48,2026,4,230.756740314,6,นครพนม,Northeast,Hot,Q2
49,2026,4,179.08498888933332,6,มุกดาหาร,Northeast,Hot,Q2
50,2026,4,84.57809257806666,6,เชียงใหม่,North,Hot,Q2
51,2026,4,56.96257487813333,6,ลำพูน,North,Hot,Q2
52,2026,4,67.76952919406666,6,ลำปาง,North,Hot,Q2
53,2026,4,84.4918318228,6,อุตรดิตถ์,North,Hot,Q2
54,2026,4,77.17883014256667,6,แพร่,North,Hot,Q2
55,2026,4,151.442735227,6,น่าน,North,Hot,Q2
56,2026,4,123.07042430453335,6,พะเยา,North,Hot,Q2
57,2026,4,123.93552051733332,6,เชียงราย,North,Hot,Q2
58,2026,4,102.09531786033334,6,แม่ฮ่องสอน,North,Hot,Q2
60,2026,4,88.6127811562,6,นครสวรรค์,Central,Hot,Q2
61,2026,4,90.83519013306666,6,อุทัยธานี,Central,Hot,Q2
62,2026,4,75.48843715766667,6,กำแพงเพชร,North,Hot,Q2
63,2026,4,100.14956594406665,6,ตาก,North,Hot,Q2
64,2026,4,51.22125720026667,6,สุโขทัย,North,Hot,Q2
65,2026,4,67.7161553124,6,พิษณุโลก,North,Hot,Q2
66,2026,4,56.56431048636667,6,พิจิตร,North,Hot,Q2
67,2026,4,87.5471680184,6,เพชรบูรณ์,North,Hot,Q2
70,2026,4,63.495634782066666,6,ราชบุรี,Central,Hot,Q2
71,2026,4,87.24493833813334,6,กาญจนบุรี,Central,Hot,Q2
72,2026,4,77.76838371913334,6,สุพรรณบุรี,Central,Hot,Q2
73,2026,4,95.13372082299999,6,นครปฐม,Central,Hot,Q2
74,2026,4,96.60776863266666,6,สมุทรสาคร,Central,Hot,Q2
75,2026,4,55.09830919913333,6,สมุทรสงคราม,Central,Hot,Q2
76,2026,4,43.03027768364,6,เพชรบุรี,South,Hot,Q2
77,2026,4,62.36702238993333,6,ประจวบคีรีขันธ์,South,Hot,Q2
80,2026,4,159.28797632533335,6,นครศรีธรรมราช,South,Hot,Q2
81,2026,4,196.06177149766665,6,กระบี่,South,Hot,Q2
82,2026,4,268.2738860316667,6,พังงา,South,Hot,Q2
83,2026,4,245.14790358033335,6,ภูเก็ต,South,Hot,Q2
84,2026,4,186.68346539433333,6,สุราษฎร์ธานี,South,Hot,Q2
85,2026,4,221.25480029000002,6,ระนอง,South,Hot,Q2
86,2026,4,129.55308336033332,6,ชุมพร,South,Hot,Q2
90,2026,4,201.24114430299997,6,สงขลา,South,Hot,Q2
91,2026,4,249.318486434,6,สตูล,South,Hot,Q2
92,2026,4,205.27236763633334,6,ตรัง,South,Hot,Q2
93,2026,4,169.61965666133332,6,พัทลุง,South,Hot,Q2
94,2026,4,241.772531459,6,ปัตตานี,South,Hot,Q2
95,2026,4,251.69787403633333,6,ยะลา,South,Hot,Q2
96,2026,4,200.66842704266665,6,นราธิวาส,South,Hot,Q2
10,2026,5,128.07407811416667,6,กรุงเทพมหานคร,Central,Hot,Q2
11,2026,5,119.84910635199999,6,สมุทรปราการ,Central,Hot,Q2
12,2026,5,126.00665410816667,6,นนทบุรี,Central,Hot,Q2
13,2026,5,129.765088097,6,ปทุมธานี,Central,Hot,Q2
14,2026,5,152.89064248983334,6,พระนครศรีอยุธยา,Central,Hot,Q2
15,2026,5,156.97767046066667,6,อ่างทอง,Central,Hot,Q2
16,2026,5,170.71397255616668,6,ลพบุรี,Central,Hot,Q2
17,2026,5,176.331981212,6,สิงห์บุรี,Central,Hot,Q2
18,2026,5,197.11730874166668,6,ชัยนาท,Central,Hot,Q2
19,2026,5,170.53591957933335,6,สระบุรี,Central,Hot,Q2
20,2026,5,153.4302593935,6,ชลบุรี,East,Hot,Q2
21,2026,5,203.685959085,6,ระยอง,East,Hot,Q2
22,2026,5,362.63763343716664,6,จันทบุรี,East,Hot,Q2
23,2026,5,439.79867071766665,6,ตราด,East,Hot,Q2
24,2026,5,158.74505828433334,6,ฉะเชิงเทรา,East,Hot,Q2
25,2026,5,175.62175954866666,6,ปราจีนบุรี,East,Hot,Q2
26,2026,5,177.30049580750003,6,นครนายก,East,Hot,Q2
27,2026,5,164.28934816366666,6,สระแก้ว,East,Hot,Q2
30,2026,5,179.26761116933335,6,นครราชสีมา,Northeast,Hot,Q2
31,2026,5,205.183028756,6,บุรีรัมย์,Northeast,Hot,Q2
32,2026,5,226.78374420883333,6,สุรินทร์,Northeast,Hot,Q2
33,2026,5,306.76544312899995,6,ศรีสะเกษ,Northeast,Hot,Q2
34,2026,5,289.9904014411667,6,อุบลราชธานี,Northeast,Hot,Q2
35,2026,5,265.93301556883335,6,ยโสธร,Northeast,Hot,Q2
36,2026,5,199.6222763425,6,ชัยภูมิ,Northeast,Hot,Q2
37,2026,5,273.69082977600004,6,อำนาจเจริญ,Northeast,Hot,Q2
38,2026,5,265.43454809016663,6,บึงกาฬ,Northeast,Hot,Q2
39,2026,5,251.0975208925,6,หนองบัวลำภู,Northeast,Hot,Q2
40,2026,5,256.0995230958334,6,ขอนแก่น,Northeast,Hot,Q2
41,2026,5,250.52582087466666,6,อุดรธานี,Northeast,Hot,Q2
42,2026,5,249.23227255733332,6,เลย,Northeast,Hot,Q2
43,2026,5,277.018244927,6,หนองคาย,Northeast,Hot,Q2
44,2026,5,292.4079930898333,6,มหาสารคาม,Northeast,Hot,Q2
45,2026,5,249.7441953435,6,ร้อยเอ็ด,Northeast,Hot,Q2
46,2026,5,254.034019911,6,กาฬสินธุ์,Northeast,Hot,Q2
47,2026,5,265.2688335556667,6,สกลนคร,Northeast,Hot,Q2
48,2026,5,257.1419900171667,6,นครพนม,Northeast,Hot,Q2
49,2026,5,239.92028724616662,6,มุกดาหาร,Northeast,Hot,Q2
50,2026,5,247.47217913766667,6,เชียงใหม่,North,Hot,Q2
51,2026,5,253.520004301,6,ลำพูน,North,Hot,Q2
52,2026,5,274.5505262105,6,ลำปาง,North,Hot,Q2
53,2026,5,361.7642063101666,6,อุตรดิตถ์,North,Hot,Q2
54,2026,5,338.2137182091667,6,แพร่,North,Hot,Q2
55,2026,5,260.6473677201667,6,น่าน,North,Hot,Q2
56,2026,5,253.40511947466666,6,พะเยา,North,Hot,Q2
57,2026,5,360.2566830391666,6,เชียงราย,North,Hot,Q2
58,2026,5,259.7768470043333,6,แม่ฮ่องสอน,North,Hot,Q2
60,2026,5,178.38984721199998,6,นครสวรรค์,Central,Hot,Q2
61,2026,5,186.18902580366668,6,อุทัยธานี,Central,Hot,Q2
62,2026,5,202.3428257603333,6,กำแพงเพชร,North,Hot,Q2
63,2026,5,248.74017651999998,6,ตาก,North,Hot,Q2
64,2026,5,291.19631016066666,6,สุโขทัย,North,Hot,Q2
65,2026,5,216.89173809866668,6,พิษณุโลก,North,Hot,Q2
66,2026,5,159.12440315516665,6,พิจิตร,North,Hot,Q2
67,2026,5,159.47342806216668,6,เพชรบูรณ์,North,Hot,Q2
70,2026,5,141.0040966425,6,ราชบุรี,Central,Hot,Q2
71,2026,5,134.494504643,6,กาญจนบุรี,Central,Hot,Q2
72,2026,5,137.3862192165,6,สุพรรณบุรี,Central,Hot,Q2
73,2026,5,93.18588316075,6,นครปฐม,Central,Hot,Q2
74,2026,5,131.04456668783334,6,สมุทรสาคร,Central,Hot,Q2
75,2026,5,159.3717053071,6,สมุทรสงคราม,Central,Hot,Q2
76,2026,5,143.3044560452,6,เพชรบุรี,South,Hot,Q2
77,2026,5,129.29027601366667,6,ประจวบคีรีขันธ์,South,Hot,Q2
80,2026,5,143.26548335333334,6,นครศรีธรรมราช,South,Hot,Q2
81,2026,5,270.476202664,6,กระบี่,South,Hot,Q2
82,2026,5,454.1156675405,6,พังงา,South,Hot,Q2
83,2026,5,314.93754117333333,6,ภูเก็ต,South,Hot,Q2
84,2026,5,216.49407436816668,6,สุราษฎร์ธานี,South,Hot,Q2
85,2026,5,473.55432864383334,6,ระนอง,South,Hot,Q2
86,2026,5,279.38589867266666,6,ชุมพร,South,Hot,Q2
90,2026,5,77.83411418749999,6,สงขลา,South,Hot,Q2
91,2026,5,124.93732234933334,6,สตูล,South,Hot,Q2
92,2026,5,211.77529171133335,6,ตรัง,South,Hot,Q2
93,2026,5,90.80879565691667,6,พัทลุง,South,Hot,Q2
94,2026,5,87.10149264208333,6,ปัตตานี,South,Hot,Q2
95,2026,5,67.807192696,6,ยะลา,South,Hot,Q2
96,2026,5,93.66654290778332,6,นราธิวาส,South,Hot,Q2
10,2026,6,115.833040446,5,กรุงเทพมหานคร,Central,Rainy/Monsoon,Q2
11,2026,6,101.341524795,5,สมุทรปราการ,Central,Rainy/Monsoon,Q2
12,2026,6,113.47480283,5,นนทบุรี,Central,Rainy/Monsoon,Q2
13,2026,6,100.658107267,5,ปทุมธานี,Central,Rainy/Monsoon,Q2
14,2026,6,98.0255774485,5,พระนครศรีอยุธยา,Central,Rainy/Monsoon,Q2
15,2026,6,84.1341894725,5,อ่างทอง,Central,Rainy/Monsoon,Q2
16,2026,6,101.429267452,5,ลพบุรี,Central,Rainy/Monsoon,Q2
17,2026,6,95.2338760662,5,สิงห์บุรี,Central,Rainy/Monsoon,Q2
18,2026,6,90.0235391177,5,ชัยนาท,Central,Rainy/Monsoon,Q2
19,2026,6,115.59556202000002,5,สระบุรี,Central,Rainy/Monsoon,Q2
20,2026,6,110.53990674100001,5,ชลบุรี,East,Rainy/Monsoon,Q2
21,2026,6,117.55991469800001,5,ระยอง,East,Rainy/Monsoon,Q2
22,2026,6,213.09093169500002,5,จันทบุรี,East,Rainy/Monsoon,Q2
23,2026,6,358.99167171,5,ตราด,East,Rainy/Monsoon,Q2
24,2026,6,144.69174119,5,ฉะเชิงเทรา,East,Rainy/Monsoon,Q2
25,2026,6,197.141959939,5,ปราจีนบุรี,East,Rainy/Monsoon,Q2
26,2026,6,181.307611666,5,นครนายก,East,Rainy/Monsoon,Q2
27,2026,6,118.55712457199999,5,สระแก้ว,East,Rainy/Monsoon,Q2
30,2026,6,94.2862905024,5,นครราชสีมา,Northeast,Rainy/Monsoon,Q2
31,2026,6,108.22014855299999,5,บุรีรัมย์,Northeast,Rainy/Monsoon,Q2
32,2026,6,141.448303575,5,สุรินทร์,Northeast,Rainy/Monsoon,Q2
33,2026,6,102.96895723999998,5,ศรีสะเกษ,Northeast,Rainy/Monsoon,Q2
34,2026,6,108.741344859,5,อุบลราชธานี,Northeast,Rainy/Monsoon,Q2
35,2026,6,97.7818924167,5,ยโสธร,Northeast,Rainy/Monsoon,Q2
36,2026,6,121.03069548900001,5,ชัยภูมิ,Northeast,Rainy/Monsoon,Q2
37,2026,6,119.77180920200001,5,อำนาจเจริญ,Northeast,Rainy/Monsoon,Q2
38,2026,6,251.30395214599997,5,บึงกาฬ,Northeast,Rainy/Monsoon,Q2
39,2026,6,127.700020163,5,หนองบัวลำภู,Northeast,Rainy/Monsoon,Q2
40,2026,6,95.4576923231,5,ขอนแก่น,Northeast,Rainy/Monsoon,Q2
41,2026,6,149.497717405,5,อุดรธานี,Northeast,Rainy/Monsoon,Q2
42,2026,6,122.93137695499999,5,เลย,Northeast,Rainy/Monsoon,Q2
43,2026,6,187.667168078,5,หนองคาย,Northeast,Rainy/Monsoon,Q2
44,2026,6,69.8091844851,5,มหาสารคาม,Northeast,Rainy/Monsoon,Q2
45,2026,6,74.4876624991,5,ร้อยเอ็ด,Northeast,Rainy/Monsoon,Q2
46,2026,6,112.13210237799998,5,กาฬสินธุ์,Northeast,Rainy/Monsoon,Q2
47,2026,6,235.850317313,5,สกลนคร,Northeast,Rainy/Monsoon,Q2
48,2026,6,307.385500712,5,นครพนม,Northeast,Rainy/Monsoon,Q2
49,2026,6,201.049327166,5,มุกดาหาร,Northeast,Rainy/Monsoon,Q2
50,2026,6,117.100749719,5,เชียงใหม่,North,Rainy/Monsoon,Q2
51,2026,6,86.2514263141,5,ลำพูน,North,Rainy/Monsoon,Q2
52,2026,6,87.1458843718,5,ลำปาง,North,Rainy/Monsoon,Q2
53,2026,6,129.883191272,5,อุตรดิตถ์,North,Rainy/Monsoon,Q2
54,2026,6,108.109465366,5,แพร่,North,Rainy/Monsoon,Q2
55,2026,6,77.2739784949,5,น่าน,North,Rainy/Monsoon,Q2
56,2026,6,57.772997387,5,พะเยา,North,Rainy/Monsoon,Q2
57,2026,6,89.6174609637,5,เชียงราย,North,Rainy/Monsoon,Q2
58,2026,6,219.25073282399998,5,แม่ฮ่องสอน,North,Rainy/Monsoon,Q2
60,2026,6,110.38772917000001,5,นครสวรรค์,Central,Rainy/Monsoon,Q2
61,2026,6,144.899810775,5,อุทัยธานี,Central,Rainy/Monsoon,Q2
62,2026,6,164.950141536,5,กำแพงเพชร,North,Rainy/Monsoon,Q2
63,2026,6,187.442735943,5,ตาก,North,Rainy/Monsoon,Q2
64,2026,6,183.200753598,5,สุโขทัย,North,Rainy/Monsoon,Q2
65,2026,6,119.67356898099999,5,พิษณุโลก,North,Rainy/Monsoon,Q2
66,2026,6,105.884095871,5,พิจิตร,North,Rainy/Monsoon,Q2
67,2026,6,82.430330299,5,เพชรบูรณ์,North,Rainy/Monsoon,Q2
70,2026,6,33.0667705787,5,ราชบุรี,Central,Rainy/Monsoon,Q2
71,2026,6,208.30184407400003,5,กาญจนบุรี,Central,Rainy/Monsoon,Q2
72,2026,6,74.3770085858,5,สุพรรณบุรี,Central,Rainy/Monsoon,Q2
73,2026,6,67.5699329749,5,นครปฐม,Central,Rainy/Monsoon,Q2
74,2026,6,81.5421299493,5,สมุทรสาคร,Central,Rainy/Monsoon,Q2
75,2026,6,29.1939420396,5,สมุทรสงคราม,Central,Rainy/Monsoon,Q2
76,2026,6,30.4059556291,5,เพชรบุรี,South,Rainy/Monsoon,Q2
77,2026,6,73.2780533041,5,ประจวบคีรีขันธ์,South,Rainy/Monsoon,Q2
80,2026,6,129.137467401,5,นครศรีธรรมราช,South,Rainy/Monsoon,Q2
81,2026,6,271.992919748,5,กระบี่,South,Rainy/Monsoon,Q2
82,2026,6,342.812866347,5,พังงา,South,Rainy/Monsoon,Q2
83,2026,6,221.55909546000004,5,ภูเก็ต,South,Rainy/Monsoon,Q2
84,2026,6,250.23810154899996,5,สุราษฎร์ธานี,South,Rainy/Monsoon,Q2
85,2026,6,551.333061552,5,ระนอง,South,Rainy/Monsoon,Q2
86,2026,6,364.419735173,5,ชุมพร,South,Rainy/Monsoon,Q2
90,2026,6,72.5290399452,5,สงขลา,South,Rainy/Monsoon,Q2
91,2026,6,98.0722212924,5,สตูล,South,Rainy/Monsoon,Q2
92,2026,6,231.07784735599998,5,ตรัง,South,Rainy/Monsoon,Q2
93,2026,6,98.7554913296,5,พัทลุง,South,Rainy/Monsoon,Q2
94,2026,6,67.9424424892,5,ปัตตานี,South,Rainy/Monsoon,Q2
95,2026,6,63.7510090235,5,ยะลา,South,Rainy/Monsoon,Q2
96,2026,6,99.8535890069,5,นราธิวาส,South,Rainy/Monsoon,Q2
10,2026,7,215.626607955,4,กรุงเทพมหานคร,Central,Rainy/Monsoon,Q3
11,2026,7,190.282986012,4,สมุทรปราการ,Central,Rainy/Monsoon,Q3
12,2026,7,226.717936074,4,นนทบุรี,Central,Rainy/Monsoon,Q3
13,2026,7,245.480142046,4,ปทุมธานี,Central,Rainy/Monsoon,Q3
14,2026,7,219.72068076,4,พระนครศรีอยุธยา,Central,Rainy/Monsoon,Q3
15,2026,7,168.356583612,4,อ่างทอง,Central,Rainy/Monsoon,Q3
16,2026,7,107.526834924,4,ลพบุรี,Central,Rainy/Monsoon,Q3
17,2026,7,135.146051797,4,สิงห์บุรี,Central,Rainy/Monsoon,Q3
18,2026,7,114.63685509,4,ชัยนาท,Central,Rainy/Monsoon,Q3
19,2026,7,179.968443411,4,สระบุรี,Central,Rainy/Monsoon,Q3
20,2026,7,176.696433092,4,ชลบุรี,East,Rainy/Monsoon,Q3
21,2026,7,244.073628258,4,ระยอง,East,Rainy/Monsoon,Q3
22,2026,7,459.795585258,4,จันทบุรี,East,Rainy/Monsoon,Q3
23,2026,7,596.731146336,4,ตราด,East,Rainy/Monsoon,Q3
24,2026,7,272.649786765,4,ฉะเชิงเทรา,East,Rainy/Monsoon,Q3
25,2026,7,346.874370004,4,ปราจีนบุรี,East,Rainy/Monsoon,Q3
26,2026,7,270.84082589,4,นครนายก,East,Rainy/Monsoon,Q3
27,2026,7,278.558238541,4,สระแก้ว,East,Rainy/Monsoon,Q3
30,2026,7,112.84777487,4,นครราชสีมา,Northeast,Rainy/Monsoon,Q3
31,2026,7,126.982033051,4,บุรีรัมย์,Northeast,Rainy/Monsoon,Q3
32,2026,7,118.044145677,4,สุรินทร์,Northeast,Rainy/Monsoon,Q3
33,2026,7,181.970713583,4,ศรีสะเกษ,Northeast,Rainy/Monsoon,Q3
34,2026,7,191.010450218,4,อุบลราชธานี,Northeast,Rainy/Monsoon,Q3
35,2026,7,148.27648732,4,ยโสธร,Northeast,Rainy/Monsoon,Q3
36,2026,7,97.1078909929,4,ชัยภูมิ,Northeast,Rainy/Monsoon,Q3
37,2026,7,189.019615555,4,อำนาจเจริญ,Northeast,Rainy/Monsoon,Q3
38,2026,7,283.397772045,4,บึงกาฬ,Northeast,Rainy/Monsoon,Q3
39,2026,7,124.94479742,4,หนองบัวลำภู,Northeast,Rainy/Monsoon,Q3
40,2026,7,98.0378345949,4,ขอนแก่น,Northeast,Rainy/Monsoon,Q3
41,2026,7,152.159573729,4,อุดรธานี,Northeast,Rainy/Monsoon,Q3
42,2026,7,125.571455512,4,เลย,Northeast,Rainy/Monsoon,Q3
43,2026,7,204.317056508,4,หนองคาย,Northeast,Rainy/Monsoon,Q3
44,2026,7,96.6863990578,4,มหาสารคาม,Northeast,Rainy/Monsoon,Q3
45,2026,7,100.28796643,4,ร้อยเอ็ด,Northeast,Rainy/Monsoon,Q3
46,2026,7,117.212213666,4,กาฬสินธุ์,Northeast,Rainy/Monsoon,Q3
47,2026,7,238.518545719,4,สกลนคร,Northeast,Rainy/Monsoon,Q3
48,2026,7,372.449431866,4,นครพนม,Northeast,Rainy/Monsoon,Q3
49,2026,7,224.519321368,4,มุกดาหาร,Northeast,Rainy/Monsoon,Q3
50,2026,7,179.608367744,4,เชียงใหม่,North,Rainy/Monsoon,Q3
51,2026,7,95.3555042024,4,ลำพูน,North,Rainy/Monsoon,Q3
52,2026,7,128.133118482,4,ลำปาง,North,Rainy/Monsoon,Q3
53,2026,7,159.883124404,4,อุตรดิตถ์,North,Rainy/Monsoon,Q3
54,2026,7,176.410449822,4,แพร่,North,Rainy/Monsoon,Q3
55,2026,7,184.027711949,4,น่าน,North,Rainy/Monsoon,Q3
56,2026,7,172.042820532,4,พะเยา,North,Rainy/Monsoon,Q3
57,2026,7,292.188371482,4,เชียงราย,North,Rainy/Monsoon,Q3
58,2026,7,228.565820125,4,แม่ฮ่องสอน,North,Rainy/Monsoon,Q3
60,2026,7,136.304245767,4,นครสวรรค์,Central,Rainy/Monsoon,Q3
61,2026,7,191.786931063,4,อุทัยธานี,Central,Rainy/Monsoon,Q3
62,2026,7,192.407933819,4,กำแพงเพชร,North,Rainy/Monsoon,Q3
63,2026,7,239.242529284,4,ตาก,North,Rainy/Monsoon,Q3
64,2026,7,145.110986671,4,สุโขทัย,North,Rainy/Monsoon,Q3
65,2026,7,186.830353967,4,พิษณุโลก,North,Rainy/Monsoon,Q3
66,2026,7,168.562235626,4,พิจิตร,North,Rainy/Monsoon,Q3
67,2026,7,143.09081087,4,เพชรบูรณ์,North,Rainy/Monsoon,Q3
70,2026,7,131.106271911,4,ราชบุรี,Central,Rainy/Monsoon,Q3
71,2026,7,283.038128262,4,กาญจนบุรี,Central,Rainy/Monsoon,Q3
72,2026,7,151.012406806,4,สุพรรณบุรี,Central,Rainy/Monsoon,Q3
73,2026,7,154.845343763,4,นครปฐม,Central,Rainy/Monsoon,Q3
74,2026,7,155.406749467,4,สมุทรสาคร,Central,Rainy/Monsoon,Q3
75,2026,7,125.567130224,4,สมุทรสงคราม,Central,Rainy/Monsoon,Q3
76,2026,7,119.685788289,4,เพชรบุรี,South,Rainy/Monsoon,Q3
77,2026,7,134.357340582,4,ประจวบคีรีขันธ์,South,Rainy/Monsoon,Q3
80,2026,7,114.634958063,4,นครศรีธรรมราช,South,Rainy/Monsoon,Q3
81,2026,7,193.304903458,4,กระบี่,South,Rainy/Monsoon,Q3
82,2026,7,373.533766958,4,พังงา,South,Rainy/Monsoon,Q3
83,2026,7,380.41002189,4,ภูเก็ต,South,Rainy/Monsoon,Q3
84,2026,7,146.178569958,4,สุราษฎร์ธานี,South,Rainy/Monsoon,Q3
85,2026,7,371.939509865,4,ระนอง,South,Rainy/Monsoon,Q3
86,2026,7,190.207487161,4,ชุมพร,South,Rainy/Monsoon,Q3
90,2026,7,59.8319990398,4,สงขลา,South,Rainy/Monsoon,Q3
91,2026,7,207.415484673,4,สตูล,South,Rainy/Monsoon,Q3
92,2026,7,251.254728451,4,ตรัง,South,Rainy/Monsoon,Q3
93,2026,7,83.7952005841,4,พัทลุง,South,Rainy/Monsoon,Q3
94,2026,7,65.9904350295,4,ปัตตานี,South,Rainy/Monsoon,Q3
95,2026,7,69.579509186,4,ยะลา,South,Rainy/Monsoon,Q3
96,2026,7,113.256544732,4,นราธิวาส,South,Rainy/Monsoon,Q3
10,2026,8,174.37435452600002,3,กรุงเทพมหานคร,Central,Rainy/Monsoon,Q3
11,2026,8,157.736022639,3,สมุทรปราการ,Central,Rainy/Monsoon,Q3
12,2026,8,169.231988846,3,นนทบุรี,Central,Rainy/Monsoon,Q3
13,2026,8,171.841845443,3,ปทุมธานี,Central,Rainy/Monsoon,Q3
14,2026,8,166.856896851,3,พระนครศรีอยุธยา,Central,Rainy/Monsoon,Q3
15,2026,8,146.197917719,3,อ่างทอง,Central,Rainy/Monsoon,Q3
16,2026,8,206.456386977,3,ลพบุรี,Central,Rainy/Monsoon,Q3
17,2026,8,129.420475611,3,สิงห์บุรี,Central,Rainy/Monsoon,Q3
18,2026,8,99.6397196464,3,ชัยนาท,Central,Rainy/Monsoon,Q3
19,2026,8,179.691423686,3,สระบุรี,Central,Rainy/Monsoon,Q3
20,2026,8,84.6318939623,3,ชลบุรี,East,Rainy/Monsoon,Q3
21,2026,8,90.8922189671,3,ระยอง,East,Rainy/Monsoon,Q3
22,2026,8,218.61877393299997,3,จันทบุรี,East,Rainy/Monsoon,Q3
23,2026,8,326.101282424,3,ตราด,East,Rainy/Monsoon,Q3
24,2026,8,178.733157987,3,ฉะเชิงเทรา,East,Rainy/Monsoon,Q3
25,2026,8,266.264336822,3,ปราจีนบุรี,East,Rainy/Monsoon,Q3
26,2026,8,237.263236625,3,นครนายก,East,Rainy/Monsoon,Q3
27,2026,8,184.147633239,3,สระแก้ว,East,Rainy/Monsoon,Q3
30,2026,8,169.083592145,3,นครราชสีมา,Northeast,Rainy/Monsoon,Q3
31,2026,8,252.250001217,3,บุรีรัมย์,Northeast,Rainy/Monsoon,Q3
32,2026,8,288.109105157,3,สุรินทร์,Northeast,Rainy/Monsoon,Q3
33,2026,8,329.998212893,3,ศรีสะเกษ,Northeast,Rainy/Monsoon,Q3
34,2026,8,318.804417068,3,อุบลราชธานี,Northeast,Rainy/Monsoon,Q3
35,2026,8,292.032936895,3,ยโสธร,Northeast,Rainy/Monsoon,Q3
36,2026,8,188.521311586,3,ชัยภูมิ,Northeast,Rainy/Monsoon,Q3
37,2026,8,292.416620759,3,อำนาจเจริญ,Northeast,Rainy/Monsoon,Q3
38,2026,8,288.226766787,3,บึงกาฬ,Northeast,Rainy/Monsoon,Q3
39,2026,8,172.227266654,3,หนองบัวลำภู,Northeast,Rainy/Monsoon,Q3
40,2026,8,223.556873025,3,ขอนแก่น,Northeast,Rainy/Monsoon,Q3
41,2026,8,198.45651113199997,3,อุดรธานี,Northeast,Rainy/Monsoon,Q3
42,2026,8,156.330386041,3,เลย,Northeast,Rainy/Monsoon,Q3
43,2026,8,192.443508465,3,หนองคาย,Northeast,Rainy/Monsoon,Q3
44,2026,8,299.479425991,3,มหาสารคาม,Northeast,Rainy/Monsoon,Q3
45,2026,8,295.085653152,3,ร้อยเอ็ด,Northeast,Rainy/Monsoon,Q3
46,2026,8,292.216844984,3,กาฬสินธุ์,Northeast,Rainy/Monsoon,Q3
47,2026,8,306.27312857,3,สกลนคร,Northeast,Rainy/Monsoon,Q3
48,2026,8,348.706815951,3,นครพนม,Northeast,Rainy/Monsoon,Q3
49,2026,8,255.625942965,3,มุกดาหาร,Northeast,Rainy/Monsoon,Q3
50,2026,8,221.94103426,3,เชียงใหม่,North,Rainy/Monsoon,Q3
51,2026,8,133.708829639,3,ลำพูน,North,Rainy/Monsoon,Q3
52,2026,8,126.360787588,3,ลำปาง,North,Rainy/Monsoon,Q3
53,2026,8,192.373278829,3,อุตรดิตถ์,North,Rainy/Monsoon,Q3
54,2026,8,149.999981949,3,แพร่,North,Rainy/Monsoon,Q3
55,2026,8,201.112705234,3,น่าน,North,Rainy/Monsoon,Q3
56,2026,8,192.374042894,3,พะเยา,North,Rainy/Monsoon,Q3
57,2026,8,294.572019396,3,เชียงราย,North,Rainy/Monsoon,Q3
58,2026,8,223.80041947200002,3,แม่ฮ่องสอน,North,Rainy/Monsoon,Q3
60,2026,8,148.501522132,3,นครสวรรค์,Central,Rainy/Monsoon,Q3
61,2026,8,161.050376707,3,อุทัยธานี,Central,Rainy/Monsoon,Q3
62,2026,8,185.639548952,3,กำแพงเพชร,North,Rainy/Monsoon,Q3
63,2026,8,245.51348322599998,3,ตาก,North,Rainy/Monsoon,Q3
64,2026,8,107.10426226,3,สุโขทัย,North,Rainy/Monsoon,Q3
65,2026,8,173.261780079,3,พิษณุโลก,North,Rainy/Monsoon,Q3
66,2026,8,189.197583547,3,พิจิตร,North,Rainy/Monsoon,Q3
67,2026,8,206.945359438,3,เพชรบูรณ์,North,Rainy/Monsoon,Q3
70,2026,8,101.38875577699999,3,ราชบุรี,Central,Rainy/Monsoon,Q3
71,2026,8,174.968766103,3,กาญจนบุรี,Central,Rainy/Monsoon,Q3
72,2026,8,111.61455112100002,3,สุพรรณบุรี,Central,Rainy/Monsoon,Q3
73,2026,8,105.258093924,3,นครปฐม,Central,Rainy/Monsoon,Q3
74,2026,8,139.617524217,3,สมุทรสาคร,Central,Rainy/Monsoon,Q3
75,2026,8,122.341883983,3,สมุทรสงคราม,Central,Rainy/Monsoon,Q3
76,2026,8,81.9472498836,3,เพชรบุรี,South,Rainy/Monsoon,Q3
77,2026,8,66.8349155915,3,ประจวบคีรีขันธ์,South,Rainy/Monsoon,Q3
80,2026,8,138.827024886,3,นครศรีธรรมราช,South,Rainy/Monsoon,Q3
81,2026,8,313.202171832,3,กระบี่,South,Rainy/Monsoon,Q3
82,2026,8,410.59421411700004,3,พังงา,South,Rainy/Monsoon,Q3
83,2026,8,415.156537846,3,ภูเก็ต,South,Rainy/Monsoon,Q3
84,2026,8,206.43419667,3,สุราษฎร์ธานี,South,Rainy/Monsoon,Q3
85,2026,8,489.894717319,3,ระนอง,South,Rainy/Monsoon,Q3
86,2026,8,260.588765152,3,ชุมพร,South,Rainy/Monsoon,Q3
90,2026,8,89.148198333,3,สงขลา,South,Rainy/Monsoon,Q3
91,2026,8,139.20781712,3,สตูล,South,Rainy/Monsoon,Q3
92,2026,8,207.63367025700003,3,ตรัง,South,Rainy/Monsoon,Q3
93,2026,8,85.2884043617,3,พัทลุง,South,Rainy/Monsoon,Q3
94,2026,8,127.843840988,3,ปัตตานี,South,Rainy/Monsoon,Q3
95,2026,8,163.671170964,3,ยะลา,South,Rainy/Monsoon,Q3
96,2026,8,161.530682368,3,นราธิวาส,South,Rainy/Monsoon,Q3
10,2026,9,457.780924658,2,กรุงเทพมหานคร,Central,Rainy/Monsoon,Q3
11,2026,9,412.650698709,2,สมุทรปราการ,Central,Rainy/Monsoon,Q3
12,2026,9,480.761294481,2,นนทบุรี,Central,Rainy/Monsoon,Q3
13,2026,9,469.011372395,2,ปทุมธานี,Central,Rainy/Monsoon,Q3
14,2026,9,408.561924679,2,พระนครศรีอยุธยา,Central,Rainy/Monsoon,Q3
15,2026,9,366.756982399,2,อ่างทอง,Central,Rainy/Monsoon,Q3
16,2026,9,283.163774446,2,ลพบุรี,Central,Rainy/Monsoon,Q3
17,2026,9,345.989769048,2,สิงห์บุรี,Central,Rainy/Monsoon,Q3
18,2026,9,360.874337007,2,ชัยนาท,Central,Rainy/Monsoon,Q3
19,2026,9,292.179744611,2,สระบุรี,Central,Rainy/Monsoon,Q3
20,2026,9,397.980106636,2,ชลบุรี,East,Rainy/Monsoon,Q3
21,2026,9,431.351448702,2,ระยอง,East,Rainy/Monsoon,Q3
22,2026,9,522.812735107,2,จันทบุรี,East,Rainy/Monsoon,Q3
23,2026,9,737.884701361,2,ตราด,East,Rainy/Monsoon,Q3
24,2026,9,448.893776943,2,ฉะเชิงเทรา,East,Rainy/Monsoon,Q3
25,2026,9,427.988737822,2,ปราจีนบุรี,East,Rainy/Monsoon,Q3
26,2026,9,391.459246814,2,นครนายก,East,Rainy/Monsoon,Q3
27,2026,9,475.667936803,2,สระแก้ว,East,Rainy/Monsoon,Q3
30,2026,9,224.495450934,2,นครราชสีมา,Northeast,Rainy/Monsoon,Q3
31,2026,9,239.771883323,2,บุรีรัมย์,Northeast,Rainy/Monsoon,Q3
32,2026,9,172.58569324,2,สุรินทร์,Northeast,Rainy/Monsoon,Q3
33,2026,9,222.936221307,2,ศรีสะเกษ,Northeast,Rainy/Monsoon,Q3
34,2026,9,302.304961461,2,อุบลราชธานี,Northeast,Rainy/Monsoon,Q3
35,2026,9,205.985086812,2,ยโสธร,Northeast,Rainy/Monsoon,Q3
36,2026,9,243.357559178,2,ชัยภูมิ,Northeast,Rainy/Monsoon,Q3
37,2026,9,238.034387208,2,อำนาจเจริญ,Northeast,Rainy/Monsoon,Q3
38,2026,9,148.436734362,2,บึงกาฬ,Northeast,Rainy/Monsoon,Q3
39,2026,9,181.328493921,2,หนองบัวลำภู,Northeast,Rainy/Monsoon,Q3
40,2026,9,170.94520787,2,ขอนแก่น,Northeast,Rainy/Monsoon,Q3
41,2026,9,149.788755315,2,อุดรธานี,Northeast,Rainy/Monsoon,Q3
42,2026,9,231.804125307,2,เลย,Northeast,Rainy/Monsoon,Q3
43,2026,9,154.260273294,2,หนองคาย,Northeast,Rainy/Monsoon,Q3
44,2026,9,178.281417052,2,มหาสารคาม,Northeast,Rainy/Monsoon,Q3
45,2026,9,200.026717637,2,ร้อยเอ็ด,Northeast,Rainy/Monsoon,Q3
46,2026,9,193.091831839,2,กาฬสินธุ์,Northeast,Rainy/Monsoon,Q3
47,2026,9,175.910048127,2,สกลนคร,Northeast,Rainy/Monsoon,Q3
48,2026,9,135.323004963,2,นครพนม,Northeast,Rainy/Monsoon,Q3
49,2026,9,129.219948048,2,มุกดาหาร,Northeast,Rainy/Monsoon,Q3
50,2026,9,244.260893568,2,เชียงใหม่,North,Rainy/Monsoon,Q3
51,2026,9,255.777147315,2,ลำพูน,North,Rainy/Monsoon,Q3
52,2026,9,262.63377042,2,ลำปาง,North,Rainy/Monsoon,Q3
53,2026,9,259.059352205,2,อุตรดิตถ์,North,Rainy/Monsoon,Q3
54,2026,9,251.534438257,2,แพร่,North,Rainy/Monsoon,Q3
55,2026,9,157.027795472,2,น่าน,North,Rainy/Monsoon,Q3
56,2026,9,219.757457855,2,พะเยา,North,Rainy/Monsoon,Q3
57,2026,9,213.756844542,2,เชียงราย,North,Rainy/Monsoon,Q3
58,2026,9,176.333199318,2,แม่ฮ่องสอน,North,Rainy/Monsoon,Q3
60,2026,9,331.70326191,2,นครสวรรค์,Central,Rainy/Monsoon,Q3
61,2026,9,376.928819991,2,อุทัยธานี,Central,Rainy/Monsoon,Q3
62,2026,9,343.371404401,2,กำแพงเพชร,North,Rainy/Monsoon,Q3
63,2026,9,304.195115994,2,ตาก,North,Rainy/Monsoon,Q3
64,2026,9,291.133425625,2,สุโขทัย,North,Rainy/Monsoon,Q3
65,2026,9,301.952224117,2,พิษณุโลก,North,Rainy/Monsoon,Q3
66,2026,9,303.435013888,2,พิจิตร,North,Rainy/Monsoon,Q3
67,2026,9,244.496929694,2,เพชรบูรณ์,North,Rainy/Monsoon,Q3
70,2026,9,315.362119187,2,ราชบุรี,Central,Rainy/Monsoon,Q3
71,2026,9,440.522376158,2,กาญจนบุรี,Central,Rainy/Monsoon,Q3
72,2026,9,404.525098113,2,สุพรรณบุรี,Central,Rainy/Monsoon,Q3
73,2026,9,456.509580592,2,นครปฐม,Central,Rainy/Monsoon,Q3
74,2026,9,436.955588229,2,สมุทรสาคร,Central,Rainy/Monsoon,Q3
75,2026,9,288.322696454,2,สมุทรสงคราม,Central,Rainy/Monsoon,Q3
76,2026,9,172.50081155,2,เพชรบุรี,South,Rainy/Monsoon,Q3
77,2026,9,135.864238466,2,ประจวบคีรีขันธ์,South,Rainy/Monsoon,Q3
80,2026,9,158.072075473,2,นครศรีธรรมราช,South,Rainy/Monsoon,Q3
81,2026,9,333.66248402,2,กระบี่,South,Rainy/Monsoon,Q3
82,2026,9,669.673006571,2,พังงา,South,Rainy/Monsoon,Q3
83,2026,9,457.583393632,2,ภูเก็ต,South,Rainy/Monsoon,Q3
84,2026,9,271.461259842,2,สุราษฎร์ธานี,South,Rainy/Monsoon,Q3
85,2026,9,671.227563706,2,ระนอง,South,Rainy/Monsoon,Q3
86,2026,9,361.862360942,2,ชุมพร,South,Rainy/Monsoon,Q3
90,2026,9,156.479603601,2,สงขลา,South,Rainy/Monsoon,Q3
91,2026,9,273.004497927,2,สตูล,South,Rainy/Monsoon,Q3
92,2026,9,310.52780308,2,ตรัง,South,Rainy/Monsoon,Q3
93,2026,9,170.329112198,2,พัทลุง,South,Rainy/Monsoon,Q3
94,2026,9,172.27901187,2,ปัตตานี,South,Rainy/Monsoon,Q3
95,2026,9,186.395881609,2,ยะลา,South,Rainy/Monsoon,Q3
96,2026,9,206.234260413,2,นราธิวาส,South,Rainy/Monsoon,Q3
10,2026,10,160.649327703,1,กรุงเทพมหานคร,Central,Rainy/Monsoon,Q4
11,2026,10,160.832172971,1,สมุทรปราการ,Central,Rainy/Monsoon,Q4
12,2026,10,157.391238243,1,นนทบุรี,Central,Rainy/Monsoon,Q4
13,2026,10,141.84489752,1,ปทุมธานี,Central,Rainy/Monsoon,Q4
14,2026,10,141.696835707,1,พระนครศรีอยุธยา,Central,Rainy/Monsoon,Q4
15,2026,10,141.757805755,1,อ่างทอง,Central,Rainy/Monsoon,Q4
16,2026,10,112.451290652,1,ลพบุรี,Central,Rainy/Monsoon,Q4
17,2026,10,132.49844379,1,สิงห์บุรี,Central,Rainy/Monsoon,Q4
18,2026,10,143.263292167,1,ชัยนาท,Central,Rainy/Monsoon,Q4
19,2026,10,107.977077702,1,สระบุรี,Central,Rainy/Monsoon,Q4
20,2026,10,202.402328186,1,ชลบุรี,East,Rainy/Monsoon,Q4
21,2026,10,222.615181827,1,ระยอง,East,Rainy/Monsoon,Q4
22,2026,10,199.21495889,1,จันทบุรี,East,Rainy/Monsoon,Q4
23,2026,10,228.46278043,1,ตราด,East,Rainy/Monsoon,Q4
24,2026,10,163.821910636,1,ฉะเชิงเทรา,East,Rainy/Monsoon,Q4
25,2026,10,80.5575589386,1,ปราจีนบุรี,East,Rainy/Monsoon,Q4
26,2026,10,99.7884207921,1,นครนายก,East,Rainy/Monsoon,Q4
27,2026,10,72.5519105115,1,สระแก้ว,East,Rainy/Monsoon,Q4
30,2026,10,84.4133155319,1,นครราชสีมา,Northeast,Rainy/Monsoon,Q4
31,2026,10,64.98670628,1,บุรีรัมย์,Northeast,Rainy/Monsoon,Q4
32,2026,10,34.6971946967,1,สุรินทร์,Northeast,Rainy/Monsoon,Q4
33,2026,10,30.2035259451,1,ศรีสะเกษ,Northeast,Rainy/Monsoon,Q4
34,2026,10,30.7651202632,1,อุบลราชธานี,Northeast,Rainy/Monsoon,Q4
35,2026,10,51.3375463392,1,ยโสธร,Northeast,Rainy/Monsoon,Q4
36,2026,10,56.9058212757,1,ชัยภูมิ,Northeast,Rainy/Monsoon,Q4
37,2026,10,40.6022444131,1,อำนาจเจริญ,Northeast,Rainy/Monsoon,Q4
38,2026,10,36.6396816882,1,บึงกาฬ,Northeast,Rainy/Monsoon,Q4
39,2026,10,28.0283443498,1,หนองบัวลำภู,Northeast,Rainy/Monsoon,Q4
40,2026,10,46.105302347,1,ขอนแก่น,Northeast,Rainy/Monsoon,Q4
41,2026,10,33.8576960852,1,อุดรธานี,Northeast,Rainy/Monsoon,Q4
42,2026,10,23.3683447412,1,เลย,Northeast,Rainy/Monsoon,Q4
43,2026,10,60.5405361248,1,หนองคาย,Northeast,Rainy/Monsoon,Q4
44,2026,10,68.1589070114,1,มหาสารคาม,Northeast,Rainy/Monsoon,Q4
45,2026,10,65.1667478072,1,ร้อยเอ็ด,Northeast,Rainy/Monsoon,Q4
46,2026,10,47.8762129683,1,กาฬสินธุ์,Northeast,Rainy/Monsoon,Q4
47,2026,10,22.8259259233,1,สกลนคร,Northeast,Rainy/Monsoon,Q4
48,2026,10,29.1274684258,1,นครพนม,Northeast,Rainy/Monsoon,Q4
49,2026,10,36.6720300196,1,มุกดาหาร,Northeast,Rainy/Monsoon,Q4
50,2026,10,105.391314018,1,เชียงใหม่,North,Rainy/Monsoon,Q4
51,2026,10,90.1793835191,1,ลำพูน,North,Rainy/Monsoon,Q4
52,2026,10,83.3732672276,1,ลำปาง,North,Rainy/Monsoon,Q4
53,2026,10,58.1221497586,1,อุตรดิตถ์,North,Rainy/Monsoon,Q4
54,2026,10,69.5144779772,1,แพร่,North,Rainy/Monsoon,Q4
55,2026,10,36.8724197684,1,น่าน,North,Rainy/Monsoon,Q4
56,2026,10,55.9695543197,1,พะเยา,North,Rainy/Monsoon,Q4
57,2026,10,135.057980655,1,เชียงราย,North,Rainy/Monsoon,Q4
58,2026,10,116.890392903,1,แม่ฮ่องสอน,North,Rainy/Monsoon,Q4
60,2026,10,140.793063014,1,นครสวรรค์,Central,Rainy/Monsoon,Q4
61,2026,10,134.599714265,1,อุทัยธานี,Central,Rainy/Monsoon,Q4
62,2026,10,95.0908436204,1,กำแพงเพชร,North,Rainy/Monsoon,Q4
63,2026,10,124.588922122,1,ตาก,North,Rainy/Monsoon,Q4
64,2026,10,75.4608136243,1,สุโขทัย,North,Rainy/Monsoon,Q4
65,2026,10,36.7971780213,1,พิษณุโลก,North,Rainy/Monsoon,Q4
66,2026,10,46.2147534185,1,พิจิตร,North,Rainy/Monsoon,Q4
67,2026,10,44.7620794697,1,เพชรบูรณ์,North,Rainy/Monsoon,Q4
70,2026,10,138.327153809,1,ราชบุรี,Central,Rainy/Monsoon,Q4
71,2026,10,125.909825443,1,กาญจนบุรี,Central,Rainy/Monsoon,Q4
72,2026,10,162.512795092,1,สุพรรณบุรี,Central,Rainy/Monsoon,Q4
73,2026,10,148.13074336,1,นครปฐม,Central,Rainy/Monsoon,Q4
74,2026,10,160.317371986,1,สมุทรสาคร,Central,Rainy/Monsoon,Q4
75,2026,10,142.328550654,1,สมุทรสงคราม,Central,Rainy/Monsoon,Q4
76,2026,10,136.012672308,1,เพชรบุรี,South,Rainy/Monsoon,Q4
77,2026,10,175.609227321,1,ประจวบคีรีขันธ์,South,Rainy/Monsoon,Q4
80,2026,10,209.480253869,1,นครศรีธรรมราช,South,Rainy/Monsoon,Q4
81,2026,10,138.446691445,1,กระบี่,South,Rainy/Monsoon,Q4
82,2026,10,202.690790333,1,พังงา,South,Rainy/Monsoon,Q4
83,2026,10,125.269343881,1,ภูเก็ต,South,Rainy/Monsoon,Q4
84,2026,10,141.610704692,1,สุราษฎร์ธานี,South,Rainy/Monsoon,Q4
85,2026,10,212.992153162,1,ระนอง,South,Rainy/Monsoon,Q4
86,2026,10,212.642051695,1,ชุมพร,South,Rainy/Monsoon,Q4
90,2026,10,164.454474957,1,สงขลา,South,Rainy/Monsoon,Q4
91,2026,10,180.370581026,1,สตูล,South,Rainy/Monsoon,Q4
92,2026,10,169.972220591,1,ตรัง,South,Rainy/Monsoon,Q4
93,2026,10,245.185955729,1,พัทลุง,South,Rainy/Monsoon,Q4
94,2026,10,159.192915016,1,ปัตตานี,South,Rainy/Monsoon,Q4
95,2026,10,175.73586806,1,ยะลา,South,Rainy/Monsoon,Q4
96,2026,10,134.379664248,1,นราธิวาส,South,Rainy/Monsoon,Q4
