year,province,district,events,affected_people,affected_households,housing_units,agriculture_rai,deaths
2020,กระบี่,คลองท่อม,1,0,612,0,0.0,0
2020,กระบี่,ปลายพระยา,1,100,30,0,140.0,0
2020,กระบี่,ลำทับ,1,0,0,0,0.0,0
2020,กระบี่,อ่าวลึก,1,1725,415,20,0.0,0
2020,กระบี่,เกาะลันตา,1,160,40,2,0.0,0
2020,กระบี่,เขาพนม,1,2155,230,0,0.0,0
2020,กระบี่,เมืองกระบี่,2,1515,503,3,0.0,0
2020,กรุงเทพมหานคร,คลองสามวา,1,24,24,0,287.0,0
2020,กรุงเทพมหานคร,ตลิ่งชัน,1,60,60,0,180.0,0
2020,กรุงเทพมหานคร,ทวีวัฒนา,1,3,3,0,8.0,0
2020,กรุงเทพมหานคร,บางบอน,1,1,1,0,2.0,0
2020,กรุงเทพมหานคร,มีนบุรี,1,15,15,0,26.0,0
2020,กรุงเทพมหานคร,สายไหม,1,8,8,0,1.0,0
2020,กรุงเทพมหานคร,หนองแขม,1,4,4,0,60.0,0
2020,กาญจนบุรี,ด่านมะขามเตี้ย,5,709,287,9,2790.0,0
2020,กาญจนบุรี,ท่ามะกา,7,1345,512,15,2632.0,0
2020,กาญจนบุรี,ท่าม่วง,19,1234,459,171,1786.0,0
2020,กาญจนบุรี,บ่อพลอย,5,6633,2103,0,12101.0,0
2020,กาญจนบุรี,พนมทวน,1,0,0,0,0.0,0
2020,กาญจนบุรี,ศรีสวัสดิ์,2,3100,670,0,200.0,0
2020,กาญจนบุรี,สังขละบุรี,1,6,6,0,0.0,1
2020,กาญจนบุรี,ห้วยกระเจา,1,0,692,692,650.0,0
2020,กาญจนบุรี,เมืองกาญจนบุรี,8,159,105,4,230.0,0
2020,กาญจนบุรี,เลาขวัญ,9,35721,17057,20,25509.0,0
2020,กาญจนบุรี,ไทรโยค,5,804,282,0,88.0,0
2020,กาฬสินธุ์,กมลาไสย,2,664,160,0,1290.0,0
2020,กาฬสินธุ์,ดอนจาน,1,5000,1300,0,0.0,0
2020,กาฬสินธุ์,นาคู,2,810,270,0,1962.0,0
2020,กาฬสินธุ์,เขาวง,2,590,180,0,250.0,0
2020,กำแพงเพชร,ขาณุวรลักษบุรี,1,535,228,0,2864.0,0
2020,กำแพงเพชร,คลองขลุง,2,134,32,0,70.0,0
2020,กำแพงเพชร,คลองลาน,3,80,15,0,28.0,0
2020,กำแพงเพชร,เมืองกำแพงเพชร,9,7078,2866,541,14885.0,0
2020,กำแพงเพชร,โกสัมพีนคร,3,531,164,0,164.0,0
2020,ขอนแก่น,ชนบท,1,118,40,1,225.0,0
2020,ขอนแก่น,ชุมแพ,1,902,0,0,2993.0,0
2020,ขอนแก่น,บ้านแฮด,1,1133,3997,0,0.0,0
2020,ขอนแก่น,บ้านไผ่,2,952,263,263,0.0,0
2020,ขอนแก่น,ภูผาม่าน,1,180,67,67,1780.0,0
2020,ขอนแก่น,มัญจาคีรี,1,291,98,0,670.0,0
2020,ขอนแก่น,แวงน้อย,1,1151,292,0,2656.0,0
2020,ขอนแก่น,แวงใหญ่,1,0,551,0,5519.0,0
2020,ขอนแก่น,โคกโพธิ์ไชย,1,426,0,0,3486.0,0
2020,ขอนแก่น,โนนศิลา,1,22597,6998,2,0.0,0
2020,จันทบุรี,ขลุง,2,245,87,0,90.0,0
2020,จันทบุรี,ท่าใหม่,4,5,12,1,0.0,0
2020,จันทบุรี,นายายอาม,2,46,10,0,0.0,0
2020,จันทบุรี,มะขาม,1,3000,800,1131,0.0,0
2020,จันทบุรี,สอยดาว,1,380,411,224,200.0,0
2020,จันทบุรี,เขาคิชฌกูฏ,2,0,12,0,70.0,0
2020,จันทบุรี,เมืองจันทบุรี,2,116,30,4,0.0,0
2020,จันทบุรี,แหลมสิงห์,1,4,1,1,0.0,0
2020,จันทบุรี,โป่งน้ำร้อน,3,3238,859,75,851.0,1
2020,ฉะเชิงเทรา,บางคล้า,1,275,61,0,0.0,0
2020,ฉะเชิงเทรา,บ้านโพธิ์,4,348,148,121,191.0,0
2020,ฉะเชิงเทรา,พนมสารคาม,12,1583,951,120,3860.0,0
2020,ฉะเชิงเทรา,ราชสาส์น,2,51,51,0,980.0,0
2020,ฉะเชิงเทรา,สนามชัยเขต,1,10,6,0,14.0,0
2020,ฉะเชิงเทรา,เมืองฉะเชิงเทรา,5,0,609,0,0.0,0
2020,ฉะเชิงเทรา,แปลงยาว,1,400,210,0,0.0,0
2020,ชลบุรี,บางละมุง,2,0,0,2,0.0,0
2020,ชลบุรี,บ้านบึง,2,160,60,0,210.0,0
2020,ชลบุรี,พนัสนิคม,27,4636,1811,942,2518.0,0
2020,ชลบุรี,ศรีราชา,4,140,86,66,0.0,0
2020,ชลบุรี,เกาะจันทร์,3,0,22,21,6.0,0
2020,ชลบุรี,เมืองชลบุรี,1,18,5,5,0.0,0
2020,ชัยนาท,วัดสิงห์,3,3300,1282,847,2770.0,0
2020,ชัยนาท,สรรคบุรี,1,52,52,0,1033.0,0
2020,ชัยนาท,หนองมะโมง,2,3,29,1,453.0,0
2020,ชัยนาท,หันคา,3,7322,1900,51,41633.0,0
2020,ชัยนาท,เนินขาม,4,13891,5019,1167,13864.0,0
2020,ชัยนาท,เมืองชัยนาท,1,11,11,11,0.0,0
2020,ชัยภูมิ,คอนสาร,3,650,568,357,7184.0,0
2020,ชัยภูมิ,จัตุรัส,3,0,0,9,107519.0,0
2020,ชัยภูมิ,ซับใหญ่,1,0,3877,0,35749.0,0
2020,ชัยภูมิ,บำเหน็จณรงค์,1,0,0,0,0.0,0
2020,ชัยภูมิ,บ้านเขว้า,1,0,6654,5,74305.0,0
2020,ชัยภูมิ,ภูเขียว,3,760,830,0,3928.0,0
2020,ชัยภูมิ,หนองบัวระเหว,2,3904,3904,0,37331.0,0
2020,ชัยภูมิ,หนองบัวแดง,1,0,27,0,68.0,0
2020,ชัยภูมิ,เทพสถิต,1,0,431,4,1647.0,0
2020,ชัยภูมิ,เนินสง่า,1,0,59,0,358.0,0
2020,ชัยภูมิ,เมืองชัยภูมิ,4,51226,14091,0,42204.0,0
2020,ชุมพร,ทุ่งตะโก,3,1021,331,0,0.0,0
2020,ชุมพร,ท่าแซะ,3,4387,1610,5,200.0,0
2020,ชุมพร,ปะทิว,3,1280,429,0,215.0,0
2020,ชุมพร,พะโต๊ะ,5,1202,522,6,45.0,0
2020,ชุมพร,ละแม,1,997,290,2,0.0,0
2020,ชุมพร,สวี,6,4266,1342,160,0.0,0
2020,ชุมพร,หลังสวน,5,5963,1960,59,100.0,0
2020,ชุมพร,เมืองชุมพร,5,3113,807,0,0.0,0
2020,ตรัง,กันตัง,8,797,255,233,0.0,0
2020,ตรัง,นาโยง,3,1308,558,0,0.0,0
2020,ตรัง,ปะเหลียน,3,1704,596,14,0.0,0
2020,ตรัง,ย่านตาขาว,3,1103,333,0,0.0,0
2020,ตรัง,รัษฎา,4,6817,2149,0,0.0,0
2020,ตรัง,วังวิเศษ,2,1704,463,0,0.0,0
2020,ตรัง,สิเกา,1,0,50,0,0.0,0
2020,ตรัง,หาดสำราญ,1,0,0,0,0.0,0
2020,ตรัง,ห้วยยอด,13,8730,2404,100,2181.0,0
2020,ตรัง,เมืองตรัง,25,5531,1741,549,2797.0,2
2020,ตราด,บ่อไร่,2,0,0,0,0.0,0
2020,ตราด,เกาะช้าง,1,0,0,0,0.0,0
2020,ตราด,เขาสมิง,2,0,0,0,0.0,0
2020,ตราด,เมืองตราด,1,0,0,0,0.0,0
2020,ตราด,แหลมงอบ,3,70,106,0,0.0,0
2020,ตาก,ท่าสองยาง,1,0,0,0,60.0,0
2020,ตาก,พบพระ,2,370,683,0,1243.0,0
2020,ตาก,สามเงา,1,0,0,0,70.0,0
2020,ตาก,อุ้มผาง,1,325,122,0,1000.0,0
2020,ตาก,เมืองตาก,2,24003,8131,0,325.0,0
2020,ตาก,แม่ระมาด,1,32764,6699,0,400.0,0
2020,ตาก,แม่สอด,3,156,90,0,0.0,0
2020,นครปฐม,กำแพงแสน,11,38133,19608,20635,1940.0,0
2020,นครปฐม,ดอนตูม,7,2418,771,86,180.0,0
2020,นครปฐม,นครชัยศรี,14,63976,22672,19416,13016.0,0
2020,นครปฐม,บางเลน,14,14378,4797,886,3011.0,0
2020,นครปฐม,พุทธมณฑล,1,0,0,0,0.0,0
2020,นครปฐม,สามพราน,3,11065,6108,115,120.0,0
2020,นครปฐม,เมืองนครปฐม,7,18148,10338,340,7416.0,0
2020,นครพนม,บ้านแพง,1,132,33,20,0.0,0
2020,นครราชสีมา,ขามทะเลสอ,5,1350,350,18,6266.0,0
2020,นครราชสีมา,ขามสะแกแสง,1,4724,1412,0,0.0,0
2020,นครราชสีมา,คง,1,229,0,1,3439.0,0
2020,นครราชสีมา,ครบุรี,3,5499,5499,0,75810.0,0
2020,นครราชสีมา,จักราช,3,2659,905,247,6898.0,0
2020,นครราชสีมา,ชุมพวง,5,14473,4166,8,26739.0,0
2020,นครราชสีมา,ด่านขุนทด,8,119178,42438,38,64359.0,0
2020,นครราชสีมา,บัวใหญ่,1,3024,880,0,0.0,0
2020,นครราชสีมา,ประทาย,1,0,874,0,7028.0,0
2020,นครราชสีมา,ปักธงชัย,6,15375,15354,0,76932.0,0
2020,นครราชสีมา,ปากช่อง,11,74274,29988,6298,60184.0,0
2020,นครราชสีมา,พระทองคำ,1,5785,127,0,18198.0,0
2020,นครราชสีมา,พิมาย,5,3677,2826,5002,28514.0,0
2020,นครราชสีมา,ลำทะเมนชัย,2,1116,216,0,1088.0,0
2020,นครราชสีมา,วังน้ำเขียว,8,18250,6868,91,48021.0,1
2020,นครราชสีมา,สีคิ้ว,9,3100,1410,366,67858.0,0
2020,นครราชสีมา,สูงเนิน,6,16477,6720,0,31280.0,0
2020,นครราชสีมา,หนองบุญมาก,1,2247,1000,0,16284.0,0
2020,นครราชสีมา,ห้วยแถลง,5,2800,5235,0,15129.0,0
2020,นครราชสีมา,เฉลิมพระเกียรติ,3,3034,1756,0,17795.0,0
2020,นครราชสีมา,เทพารักษ์,2,4618,12043,26,11557.0,0
2020,นครราชสีมา,เมืองนครราชสีมา,11,85889,44251,604,18212.0,0
2020,นครราชสีมา,เมืองยาง,3,1906,0,0,16817.0,0
2020,นครราชสีมา,เสิงสาง,7,1142,1015,48,9661.0,0
2020,นครราชสีมา,แก้งสนามนาง,5,117,29,10,568.0,0
2020,นครราชสีมา,โชคชัย,9,4089,159,713,35018.0,0
2020,นครราชสีมา,โนนสูง,20,3460,2562,443,31560.0,0
2020,นครราชสีมา,โนนแดง,1,775,0,0,7403.0,0
2020,นครราชสีมา,โนนไทย,4,0,1976,432,0.0,0
2020,นครศรีธรรมราช,ขนอม,1,1250,265,3,0.0,0
2020,นครศรีธรรมราช,จุฬาภรณ์,1,15715,5327,0,0.0,0
2020,นครศรีธรรมราช,ฉวาง,2,52577,15599,0,0.0,0
2020,นครศรีธรรมราช,ชะอวด,2,7700,2842,0,0.0,0
2020,นครศรีธรรมราช,ช้างกลาง,5,3082,7833,24,510.0,0
2020,นครศรีธรรมราช,ถ้ำพรรณรา,3,4924,2462,0,6316.0,0
2020,นครศรีธรรมราช,ทุ่งสง,2,0,0,0,0.0,0
2020,นครศรีธรรมราช,ทุ่งใหญ่,3,0,0,0,0.0,0
2020,นครศรีธรรมราช,ท่าศาลา,2,109680,34284,0,0.0,0
2020,นครศรีธรรมราช,นบพิตำ,1,28786,9994,0,2580.0,1
2020,นครศรีธรรมราช,นาบอน,4,26752,9400,0,23770.0,1
2020,นครศรีธรรมราช,บางขัน,2,4504,1360,0,0.0,0
2020,นครศรีธรรมราช,ปากพนัง,2,60010,18849,0,0.0,0
2020,นครศรีธรรมราช,พรหมคีรี,1,37507,12666,0,0.0,0
2020,นครศรีธรรมราช,พระพรหม,1,27978,9326,0,0.0,0
2020,นครศรีธรรมราช,พิปูน,2,29137,11776,0,0.0,0
2020,นครศรีธรรมราช,ร่อนพิบูลย์,3,83600,27727,0,0.0,0
2020,นครศรีธรรมราช,ลานสกา,1,39839,14606,1,1290.0,0
2020,นครศรีธรรมราช,สิชล,1,0,0,0,0.0,0
2020,นครศรีธรรมราช,หัวไทร,2,41237,17572,0,72773.0,0
2020,นครศรีธรรมราช,เฉลิมพระเกียรติ,1,23460,6808,0,0.0,1
2020,นครศรีธรรมราช,เชียรใหญ่,1,15419,8459,0,0.0,0
2020,นครศรีธรรมราช,เมืองนครศรีธรรมราช,2,237513,93003,0,0.0,0
2020,นครสวรรค์,ชุมตาบง,1,46,10,10,1100.0,0
2020,นครสวรรค์,ชุมแสง,1,381,381,0,0.0,0
2020,นครสวรรค์,บรรพตพิสัย,2,1166,462,20,5840.0,0
2020,นครสวรรค์,พยุหะคีรี,1,40,13,13,123.0,0
2020,นครสวรรค์,ลาดยาว,2,408,136,84,1240.0,0
2020,นครสวรรค์,เมืองนครสวรรค์,1,1900,730,25,13920.0,0
2020,นครสวรรค์,แม่เปิน,2,150,50,0,0.0,0
2020,นครสวรรค์,ไพศาลี,1,0,0,0,0.0,1
2020,นราธิวาส,จะแนะ,2,14617,3156,0,81.0,0
2020,นราธิวาส,ตากใบ,1,9396,2068,0,0.0,0
2020,นราธิวาส,บาเจาะ,3,4419,1459,2,0.0,0
2020,นราธิวาส,ยี่งอ,2,14860,11623,0,0.0,0
2020,นราธิวาส,ระแงะ,4,23878,6531,0,0.0,0
2020,นราธิวาส,รือเสาะ,5,9464,2885,0,4085.0,0
2020,นราธิวาส,ศรีสาคร,1,8050,1610,0,0.0,0
2020,นราธิวาส,สุคิริน,4,2281,1027,2,0.0,0
2020,นราธิวาส,สุไหงปาดี,3,7554,2682,0,0.0,0
2020,นราธิวาส,สุไหงโก-ลก,4,9740,2435,0,0.0,0
2020,นราธิวาส,เจาะไอร้อง,2,22103,14494,0,0.0,0
2020,นราธิวาส,เมืองนราธิวาส,3,9887,2189,0,0.0,0
2020,นราธิวาส,แว้ง,4,7653,2081,0,0.0,0
2020,น่าน,ทุ่งช้าง,3,865,468,0,29.0,0
2020,น่าน,ท่าวังผา,9,2081,1118,0,6385.0,0
2020,น่าน,นาน้อย,15,5231,1288,2,859.0,0
2020,น่าน,นาหมื่น,2,140,167,1,72.0,0
2020,น่าน,บ่อเกลือ,5,2427,512,0,5.0,0
2020,น่าน,บ้านหลวง,3,1530,270,10,2120.0,0
2020,น่าน,ปัว,9,8212,3119,3,3088.0,0
2020,น่าน,ภูเพียง,7,1721,741,8,910.0,0
2020,น่าน,สองแคว,4,834,278,9,577.0,0
2020,น่าน,สันติสุข,8,1697,687,0,805.0,2
2020,น่าน,เฉลิมพระเกียรติ,3,558,144,0,160.0,0
2020,น่าน,เชียงกลาง,5,4945,1842,16,1548.0,0
2020,น่าน,เมืองน่าน,8,23466,5709,129,1612.0,0
2020,น่าน,เวียงสา,9,15898,7415,2702,20593.0,0
2020,น่าน,แม่จริม,9,3865,1611,144,1896.0,0
2020,บุรีรัมย์,กระสัง,1,2088,430,0,1630.0,0
2020,บุรีรัมย์,คูเมือง,3,96,45,24,332.0,0
2020,บุรีรัมย์,นางรอง,2,1363,457,7,2357.0,0
2020,บุรีรัมย์,บ้านกรวด,3,507,174,23,1200.0,0
2020,บุรีรัมย์,บ้านด่าน,1,20,12,12,0.0,0
2020,บุรีรัมย์,บ้านใหม่ไชยพจน์,1,2000,345,9,0.0,0
2020,บุรีรัมย์,ประโคนชัย,1,22,11,11,0.0,0
2020,บุรีรัมย์,ปะคำ,2,533,179,4,1718.0,0
2020,บุรีรัมย์,พลับพลาชัย,1,68,0,0,561.0,0
2020,บุรีรัมย์,พุทไธสง,1,2328,776,0,7695.0,0
2020,บุรีรัมย์,ละหานทราย,1,60,20,0,109.0,0
2020,บุรีรัมย์,ลำปลายมาศ,1,3120,1040,0,11314.0,0
2020,บุรีรัมย์,สตึก,1,730,0,0,5345.0,0
2020,บุรีรัมย์,หนองกี่,1,300,20,0,1576.0,0
2020,บุรีรัมย์,ห้วยราช,1,65,23,0,149.0,0
2020,บุรีรัมย์,เฉลิมพระเกียรติ,1,0,0,0,0.0,0
2020,บุรีรัมย์,เมืองบุรีรัมย์,1,6,3,3,0.0,0
2020,บุรีรัมย์,แคนดง,2,35,22,22,0.0,0
2020,บุรีรัมย์,โนนดินแดง,1,56870,3494,11,1411.0,0
2020,ปทุมธานี,คลองหลวง,1,0,30,0,0.0,0
2020,ปทุมธานี,สามโคก,1,0,25,25,0.0,0
2020,ประจวบคีรีขันธ์,กุยบุรี,1,86,28,0,83.0,0
2020,ประจวบคีรีขันธ์,บางสะพาน,1,45,11,0,0.0,0
2020,ประจวบคีรีขันธ์,ปราณบุรี,7,38,38,0,108.0,0
2020,ประจวบคีรีขันธ์,สามร้อยยอด,1,663,221,0,4345.0,0
2020,ประจวบคีรีขันธ์,หัวหิน,7,6563,2843,0,1226.0,0
2020,ประจวบคีรีขันธ์,เมืองประจวบคีรีขันธ์,2,150,38,7,170.0,0
2020,ปราจีนบุรี,กบินทร์บุรี,1,0,3483,0,6000.0,1
2020,ปราจีนบุรี,นาดี,1,0,481,481,0.0,3
2020,ปราจีนบุรี,บ้านสร้าง,1,0,95,0,0.0,0
2020,ปราจีนบุรี,ประจันตคาม,6,0,580,0,0.0,0
2020,ปราจีนบุรี,ศรีมหาโพธิ,1,0,569,0,0.0,0
2020,ปราจีนบุรี,เมืองปราจีนบุรี,4,71,87,0,0.0,0
2020,ปัตตานี,กะพ้อ,1,0,0,0,0.0,0
2020,ปัตตานี,ทุ่งยางแดง,3,792,156,12,0.0,0
2020,ปัตตานี,ปะนาเระ,2,1151,526,8,0.0,0
2020,ปัตตานี,มายอ,3,1611,345,0,734.0,0
2020,ปัตตานี,ยะรัง,2,820,294,0,0.0,0
2020,ปัตตานี,ยะหริ่ง,2,0,420,0,0.0,0
2020,ปัตตานี,สายบุรี,4,6472,1886,0,0.0,0
2020,ปัตตานี,หนองจิก,2,0,0,0,0.0,0
2020,ปัตตานี,เมืองปัตตานี,2,5500,1317,0,270.0,1
2020,ปัตตานี,โคกโพธิ์,1,570,190,0,35.0,0
2020,ปัตตานี,ไม้แก่น,3,1400,390,0,150.0,0
2020,พะเยา,ดอกคำใต้,4,124,46,300,0.0,0
2020,พะเยา,ปง,6,498,203,0,268.0,0
2020,พะเยา,เชียงคำ,6,0,8,0,31.0,0
2020,พะเยา,เชียงม่วน,4,3117,1299,145,0.0,0
2020,พะเยา,เมืองพะเยา,3,163,83,0,330.0,0
2020,พังงา,กะปง,1,0,0,0,0.0,0
2020,พังงา,ตะกั่วทุ่ง,1,217,66,0,0.0,0
2020,พังงา,ตะกั่วป่า,2,0,0,0,0.0,0
2020,พังงา,ท้ายเหมือง,2,678,226,0,0.0,0
2020,พังงา,เมืองพังงา,2,60,11,11,0.0,0
2020,พัทลุง,กงหรา,2,7560,2786,0,13889.0,0
2020,พัทลุง,ควนขนุน,2,21972,7308,0,37578.0,1
2020,พัทลุง,ตะโหมด,1,12460,3115,5,11000.0,1
2020,พัทลุง,บางแก้ว,2,12000,3000,0,16624.0,0
2020,พัทลุง,ปากพะยูน,1,38513,15800,0,10278.0,0
2020,พัทลุง,ป่าบอน,1,11682,3512,0,42924.0,1
2020,พัทลุง,ป่าพะยอม,1,6014,2699,0,4367.0,0
2020,พัทลุง,ศรีนครินทร์,2,7449,3012,420,2516.0,0
2020,พัทลุง,ศรีบรรพต,3,16200,5400,0,830.0,0
2020,พัทลุง,เขาชัยสน,1,33450,12315,0,21443.0,1
2020,พัทลุง,เมืองพัทลุง,4,95002,36956,0,163238.0,0
2020,พิจิตร,โพทะเล,2,250,35,0,674.0,0
2020,พิษณุโลก,ชาติตระการ,1,0,1051,89,645.0,0
2020,พิษณุโลก,นครไทย,5,661,521,0,2680.0,1
2020,พิษณุโลก,พรหมพิราม,1,0,0,22,0.0,0
2020,พิษณุโลก,วังทอง,1,0,297,0,2400.0,0
2020,พิษณุโลก,เนินมะปราง,1,0,0,0,0.0,0
2020,ภูเก็ต,กะทู้,1,0,0,0,0.0,0
2020,ภูเก็ต,เมืองภูเก็ต,2,0,0,0,0.0,0
2020,มุกดาหาร,ดงหลวง,1,0,0,0,0.0,0
2020,ยะลา,กรงปินัง,1,85,25,0,0.0,0
2020,ยะลา,ธารโต,2,332,64,3,0.0,0
2020,ยะลา,บันนังสตา,8,1395,298,2,0.0,0
2020,ยะลา,ยะหา,3,810,149,1,0.0,0
2020,ยะลา,รามัน,6,19419,5636,0,1270.0,1
2020,ยะลา,เบตง,10,2,193,50,0.0,1
2020,ยะลา,เมืองยะลา,7,6556,1710,0,0.0,0
2020,ระนอง,กระบุรี,1,45,20,0,0.0,0
2020,ระนอง,กะเปอร์,1,286,83,0,4.0,0
2020,ระนอง,สุขสำราญ,1,0,0,0,0.0,0
2020,ระนอง,เมืองระนอง,1,0,92,0,0.0,0
2020,ระยอง,บ้านค่าย,2,3420,690,0,900.0,0
2020,ระยอง,บ้านฉาง,1,2500,300,14,0.0,0
2020,ระยอง,ปลวกแดง,1,600,300,300,0.0,0
2020,ระยอง,เมืองระยอง,3,46840,23092,0,50.0,0
2020,ราชบุรี,จอมบึง,3,100,60,0,200.0,0
2020,ราชบุรี,บางแพ,1,0,0,0,0.0,0
2020,ราชบุรี,บ้านคา,1,0,0,0,1210.0,0
2020,ราชบุรี,บ้านโป่ง,4,7155,2385,0,1604.0,0
2020,ราชบุรี,ปากท่อ,3,107,30,0,157.0,0
2020,ราชบุรี,สวนผึ้ง,3,1400,300,0,954.0,0
2020,ราชบุรี,เมืองราชบุรี,3,446,149,4,587.0,0
2020,ราชบุรี,โพธาราม,4,1152,384,0,749.0,0
2020,ลพบุรี,ชัยบาดาล,2,0,0,0,0.0,0
2020,ลพบุรี,พัฒนานิคม,1,117,39,0,335.0,0
2020,ลพบุรี,ลำสนธิ,1,650,385,210,558.0,0
2020,ลพบุรี,สระโบสถ์,4,0,0,1,0.0,0
2020,ลพบุรี,เมืองลพบุรี,1,0,51,0,1150.0,0
2020,ลพบุรี,โคกสำโรง,2,180,60,7,0.0,0
2020,ลพบุรี,โคกเจริญ,1,0,0,0,0.0,0
2020,ลำปาง,งาว,2,672,259,0,63.0,0
2020,ลำปาง,วังเหนือ,8,6623,3060,1489,1642.0,0
2020,ลำปาง,สบปราบ,4,100,28,0,1.0,0
2020,ลำปาง,ห้างฉัตร,4,0,20,0,0.0,0
2020,ลำปาง,เกาะคา,3,1619,324,1,482.0,0
2020,ลำปาง,เถิน,6,310,99,0,0.0,0
2020,ลำปาง,เมืองปาน,5,2237,749,146,791.0,0
2020,ลำปาง,เมืองลำปาง,5,0,0,0,0.0,2
2020,ลำปาง,เสริมงาม,11,1938,627,0,3.0,0
2020,ลำปาง,แจ้ห่ม,6,8303,3625,0,888.0,0
2020,ลำปาง,แม่ทะ,6,372,121,0,2.0,0
2020,ลำปาง,แม่เมาะ,1,0,0,0,0.0,0
2020,ลำพูน,ป่าซาง,1,2249,749,0,2059.0,0
2020,ลำพูน,ลี้,1,1,1,1,0.0,0
2020,ลำพูน,เมืองลำพูน,1,0,545,0,0.0,0
2020,ลำพูน,แม่ทา,8,1387,1152,1,183.0,0
2020,ศรีสะเกษ,กันทรลักษ์,1,24,0,0,124.0,0
2020,ศรีสะเกษ,กันทรารมย์,1,18,18,0,0.0,0
2020,ศรีสะเกษ,ขุขันธ์,2,9,2,1,0.0,1
2020,ศรีสะเกษ,ขุนหาญ,4,12463,7728,86,0.0,0
2020,ศรีสะเกษ,ภูสิงห์,1,353,615,62,0.0,0
2020,ศรีสะเกษ,ราษีไศล,2,623,5128,0,4615.0,0
2020,ศรีสะเกษ,ห้วยทับทัน,1,0,96,0,511.0,0
2020,ศรีสะเกษ,อุทุมพรพิสัย,1,0,0,0,0.0,0
2020,ศรีสะเกษ,เบญจลักษ์,1,9,0,0,99.0,0
2020,ศรีสะเกษ,เมืองศรีสะเกษ,2,0,177,0,0.0,0
2020,ศรีสะเกษ,โนนคูณ,1,0,0,0,0.0,0
2020,สงขลา,กระแสสินธุ์,4,0,0,0,0.0,0
2020,สงขลา,ควนเนียง,3,0,0,0,0.0,0
2020,สงขลา,จะนะ,3,198,42,0,0.0,0
2020,สงขลา,นาทวี,2,501,171,170,2874.0,0
2020,สงขลา,นาหม่อม,1,0,0,0,0.0,0
2020,สงขลา,บางกล่ำ,4,0,0,0,0.0,0
2020,สงขลา,ระโนด,6,0,0,0,0.0,0
2020,สงขลา,รัตภูมิ,1,0,0,0,0.0,0
2020,สงขลา,สทิงพระ,4,0,0,0,0.0,0
2020,สงขลา,สะบ้าย้อย,1,336,96,0,0.0,0
2020,สงขลา,สะเดา,4,0,0,0,0.0,0
2020,สงขลา,สิงหนคร,7,0,0,0,0.0,0
2020,สงขลา,หาดใหญ่,5,0,0,0,0.0,0
2020,สงขลา,เทพา,1,168,56,56,0.0,0
2020,สงขลา,เมืองสงขลา,4,0,0,0,0.0,0
2020,สตูล,ควนโดน,1,8546,2698,2698,0.0,0
2020,สตูล,ทุ่งหว้า,1,135,27,27,64.0,0
2020,สตูล,ท่าแพ,1,194,51,51,0.0,0
2020,สตูล,มะนัง,2,162,45,45,0.0,0
2020,สตูล,ละงู,2,3800,1013,1013,0.0,0
2020,สตูล,เมืองสตูล,7,5458,1302,1302,900.0,0
2020,สมุทรสงคราม,บางคนที,1,0,0,0,0.0,0
2020,สมุทรสงคราม,อัมพวา,1,0,0,0,0.0,0
2020,สมุทรสงคราม,เมืองสมุทรสงคราม,2,0,0,0,0.0,0
2020,สมุทรสาคร,กระทุ่มแบน,2,3000,800,50,0.0,0
2020,สระบุรี,มวกเหล็ก,3,67,19,11,25.0,0
2020,สระบุรี,วังม่วง,1,5,5,3,8.0,0
2020,สระบุรี,วิหารแดง,3,43,17,17,0.0,0
2020,สระบุรี,หนองแค,2,100,56,0,0.0,0
2020,สระบุรี,แก่งคอย,6,110,33,10,488.0,0
2020,สระแก้ว,คลองหาด,2,741,657,8,4573.0,0
2020,สระแก้ว,ตาพระยา,2,109590,31856,0,0.0,0
2020,สระแก้ว,วังน้ำเย็น,2,164,143,103,0.0,0
2020,สระแก้ว,วังสมบูรณ์,2,0,57,0,0.0,0
2020,สระแก้ว,วัฒนานคร,3,0,927,0,0.0,0
2020,สระแก้ว,อรัญประเทศ,4,40543,13498,11952,0.0,1
2020,สระแก้ว,เขาฉกรรจ์,1,0,98,98,0.0,0
2020,สระแก้ว,เมืองสระแก้ว,3,0,115,0,0.0,0
2020,สระแก้ว,โคกสูง,2,846,0,0,0.0,0
2020,สิงห์บุรี,ค่ายบางระจัน,1,0,0,0,0.0,0
2020,สิงห์บุรี,บางระจัน,1,0,0,0,0.0,0
2020,สิงห์บุรี,พรหมบุรี,1,0,0,0,0.0,0
2020,สิงห์บุรี,อินทร์บุรี,1,0,0,0,0.0,0
2020,สิงห์บุรี,เมืองสิงห์บุรี,1,0,0,0,0.0,0
2020,สุพรรณบุรี,ดอนเจดีย์,1,0,0,18,0.0,0
2020,สุพรรณบุรี,บางปลาม้า,7,0,0,5772,813.0,0
2020,สุพรรณบุรี,สองพี่น้อง,6,5685,1508,14476,6117.0,0
2020,สุพรรณบุรี,สามชุก,4,110,95,0,200.0,0
2020,สุพรรณบุรี,หนองหญ้าไซ,5,60,13,9279,3895.0,0
2020,สุพรรณบุรี,อู่ทอง,3,4895,15141,634,21783.0,0
2020,สุพรรณบุรี,เดิมบางนางบวช,3,120,40,805,0.0,0
2020,สุพรรณบุรี,เมืองสุพรรณบุรี,3,0,0,4462,3209.0,0
2020,สุราษฎร์ธานี,กาญจนดิษฐ์,2,19774,4402,6,0.0,0
2020,สุราษฎร์ธานี,คีรีรัฐนิคม,5,290,330,1,300.0,0
2020,สุราษฎร์ธานี,ชัยบุรี,3,801,267,0,0.0,0
2020,สุราษฎร์ธานี,ดอนสัก,3,2430,807,4,0.0,0
2020,สุราษฎร์ธานี,ท่าฉาง,7,19030,5395,13,0.0,0
2020,สุราษฎร์ธานี,ท่าชนะ,3,4624,1127,22,0.0,0
2020,สุราษฎร์ธานี,บ้านตาขุน,2,0,8,0,0.0,1
2020,สุราษฎร์ธานี,บ้านนาสาร,6,2017,605,274,0.0,0
2020,สุราษฎร์ธานี,บ้านนาเดิม,3,2740,730,0,0.0,0
2020,สุราษฎร์ธานี,พนม,3,7000,410,29,400.0,0
2020,สุราษฎร์ธานี,พระแสง,8,4901,1569,0,0.0,0
2020,สุราษฎร์ธานี,พุนพิน,6,17420,5415,0,66870.0,0
2020,สุราษฎร์ธานี,วิภาวดี,3,9675,5230,0,0.0,0
2020,สุราษฎร์ธานี,เคียนซา,7,2489,746,607,0.0,0
2020,สุราษฎร์ธานี,เมืองสุราษฎร์ธานี,2,11125,2850,300,20000.0,0
2020,สุราษฎร์ธานี,เวียงสระ,6,4451,842,360,10910.0,0
2020,สุราษฎร์ธานี,ไชยา,2,11487,4898,0,0.0,0
2020,สุรินทร์,จอมพระ,1,0,0,0,0.0,0
2020,สุรินทร์,ชุมพลบุรี,3,0,1849,0,12180.0,0
2020,สุรินทร์,ท่าตูม,8,0,422,0,3128.0,0
2020,สุรินทร์,ปราสาท,5,2178,829,0,13749.0,0
2020,สุรินทร์,พนมดงรัก,5,7,834,0,4951.0,0
2020,สุรินทร์,ลำดวน,1,2112,52,3,226.0,0
2020,สุรินทร์,ศรีณรงค์,1,0,507,0,4348.0,0
2020,สุรินทร์,ศีขรภูมิ,2,190,1325,0,6624.0,0
2020,สุรินทร์,สังขะ,14,1437,3494,304,16511.0,0
2020,สุรินทร์,สำโรงทาบ,2,0,118,0,3580.0,0
2020,สุรินทร์,เมืองสุรินทร์,2,0,550,0,0.0,0
2020,สุโขทัย,กงไกรลาศ,5,271,93,0,1347.0,0
2020,สุโขทัย,คีรีมาศ,2,100,0,0,1400.0,0
2020,สุโขทัย,ศรีนคร,1,60,15,0,110.0,0
2020,สุโขทัย,ศรีสัชนาลัย,4,0,823,0,1608.0,0
2020,สุโขทัย,ศรีสำโรง,5,2265,1187,0,33004.0,0
2020,สุโขทัย,สวรรคโลก,7,21905,6874,9,14609.0,1
2020,สุโขทัย,เมืองสุโขทัย,4,5158,2289,86,14085.0,0
2020,หนองบัวลำภู,นากลาง,2,118,2058,0,10844.0,1
2020,หนองบัวลำภู,นาวัง,2,2718,906,0,3927.0,0
2020,หนองบัวลำภู,สุวรรณคูหา,3,952,2951,0,15472.0,0
2020,หนองบัวลำภู,เมืองหนองบัวลำภู,2,0,318,0,2696.0,0
2020,อุดรธานี,นายูง,2,3200,1487,0,1310.0,0
2020,อุดรธานี,น้ำโสม,2,420,140,0,4000.0,0
2020,อุดรธานี,บ้านผือ,1,10,10,0,5.0,1
2020,อุดรธานี,หนองแสง,1,80,24,0,151.0,0
2020,อุดรธานี,เพ็ญ,1,22,7,3,10.0,0
2020,อุตรดิตถ์,ตรอน,1,11,3,0,0.0,0
2020,อุตรดิตถ์,ทองแสนขัน,1,30,30,0,110.0,0
2020,อุตรดิตถ์,ท่าปลา,8,8280,2269,1137,1578.0,1
2020,อุตรดิตถ์,น้ำปาด,2,1608,765,220,3301.0,0
2020,อุตรดิตถ์,บ้านโคก,5,666,443,18,1140.0,0
2020,อุตรดิตถ์,พิชัย,1,298,298,0,3365.0,0
2020,อุตรดิตถ์,ฟากท่า,4,1093,426,123,1169.0,1
2020,อุตรดิตถ์,ลับแล,2,96,48,20,48.0,0
2020,อุตรดิตถ์,เมืองอุตรดิตถ์,10,3143,737,365,1589.0,0
2020,อุทัยธานี,บ้านไร่,3,904,696,0,4059.0,0
2020,อุทัยธานี,ลานสัก,1,1885,1020,0,14932.0,0
2020,อุทัยธานี,สว่างอารมณ์,4,1900,1110,180,30332.0,0
2020,อุทัยธานี,ห้วยคต,3,1012,312,0,6226.0,0
2020,อุทัยธานี,เมืองอุทัยธานี,1,350,174,55,2160.0,0
2020,อุบลราชธานี,ตระการพืชผล,1,0,0,0,0.0,0
2020,อุบลราชธานี,นาเยีย,1,600,450,0,890.0,0
2020,อุบลราชธานี,พิบูลมังสาหาร,1,0,0,0,0.0,0
2020,อุบลราชธานี,วารินชำราบ,1,0,87,62,9715.0,0
2020,อุบลราชธานี,สว่างวีระวงศ์,1,96,96,0,656.0,0
2020,อุบลราชธานี,สิรินธร,1,0,0,0,0.0,0
2020,อุบลราชธานี,เดชอุดม,4,0,0,0,0.0,0
2020,อุบลราชธานี,เมืองอุบลราชธานี,2,40,11,11,0.0,0
2020,อุบลราชธานี,โขงเจียม,2,0,0,0,0.0,0
2020,เชียงราย,ดอยหลวง,1,0,0,0,0.0,0
2020,เชียงราย,พาน,2,0,52,40,20.0,0
2020,เชียงราย,เชียงของ,1,350,150,0,0.0,0
2020,เชียงราย,เมืองเชียงราย,2,485,330,16,160.0,0
2020,เชียงราย,เวียงป่าเป้า,1,0,0,0,0.0,0
2020,เชียงราย,แม่ลาว,1,0,0,0,0.0,0
2020,เชียงราย,แม่สาย,1,10,0,0,61.0,0
2020,เชียงใหม่,กัลยาณิวัฒนา,5,18825,7184,0,170.0,0
2020,เชียงใหม่,จอมทอง,5,31915,10424,0,23.0,0
2020,เชียงใหม่,ดอยสะเก็ด,5,4133,1434,832,1841.0,0
2020,เชียงใหม่,ดอยหล่อ,1,4476,1990,0,0.0,0
2020,เชียงใหม่,ดอยเต่า,3,30267,11658,0,0.0,0
2020,เชียงใหม่,ฝาง,10,21632,7235,46,1327.0,0
2020,เชียงใหม่,พร้าว,7,2879,1070,20,883.0,0
2020,เชียงใหม่,สะเมิง,8,19970,7099,0,60.0,0
2020,เชียงใหม่,สันทราย,7,13527,7334,170,2288.0,0
2020,เชียงใหม่,สันป่าตอง,5,1704,690,178,600.0,0
2020,เชียงใหม่,หางดง,3,2569,926,915,153.0,0
2020,เชียงใหม่,อมก๋อย,14,67965,23170,0,972.0,0
2020,เชียงใหม่,ฮอด,2,3300,975,0,0.0,0
2020,เชียงใหม่,เชียงดาว,8,31294,11094,2,137.0,0
2020,เชียงใหม่,เมืองเชียงใหม่,2,8750,5270,40,0.0,0
2020,เชียงใหม่,เวียงแหง,2,36,12,0,28.0,0
2020,เชียงใหม่,แม่ริม,6,8455,2422,2,0.0,0
2020,เชียงใหม่,แม่วาง,2,12887,3370,0,2.0,0
2020,เชียงใหม่,แม่ออน,2,4564,1714,12,2100.0,0
2020,เชียงใหม่,แม่อาย,8,26176,9218,0,506.0,0
2020,เชียงใหม่,แม่แจ่ม,13,58943,17590,18,280.0,0
2020,เชียงใหม่,แม่แตง,5,5144,1904,20,25.0,0
2020,เชียงใหม่,ไชยปราการ,2,40240,12960,0,0.0,0
2020,เพชรบุรี,ท่ายาง,5,370,116,0,8925.0,0
2020,เพชรบุรี,บ้านแหลม,1,0,0,0,0.0,0
2020,เพชรบุรี,หนองหญ้าปล้อง,1,0,0,0,0.0,0
2020,เพชรบุรี,เมืองเพชรบุรี,3,404,249,0,1560.0,0
2020,เพชรบุรี,แก่งกระจาน,4,1019,306,0,448.0,0
2020,เพชรบูรณ์,ชนแดน,1,0,0,0,0.0,0
2020,เพชรบูรณ์,น้ำหนาว,1,450,150,1,1023.0,0
2020,เพชรบูรณ์,บึงสามพัน,1,564,188,1,25.0,0
2020,เพชรบูรณ์,วิเชียรบุรี,2,0,0,0,2200.0,0
2020,เพชรบูรณ์,ศรีเทพ,1,678,124,93,15384.0,0
2020,เพชรบูรณ์,หนองไผ่,1,150,50,50,20.0,0
2020,เพชรบูรณ์,หล่มสัก,2,0,0,0,0.0,0
2020,เพชรบูรณ์,เขาค้อ,1,0,0,0,0.0,0
2020,เลย,ด่านซ้าย,3,178,126,25,0.0,0
2020,เลย,ท่าลี่,2,0,0,0,0.0,0
2020,เลย,นาแห้ว,1,30,10,10,0.0,0
2020,เลย,ปากชม,3,300,100,0,65.0,0
2020,เลย,ภูกระดึง,1,0,0,0,0.0,0
2020,เลย,ภูหลวง,1,20,5,0,110.0,0
2020,เลย,เชียงคาน,3,300,100,0,300.0,0
2020,เลย,เมืองเลย,2,1650,550,0,900.0,0
2020,แพร่,ร้องกวาง,8,2104,939,401,480.0,0
2020,แพร่,ลอง,9,7448,3195,912,5816.0,0
2020,แพร่,วังชิ้น,5,35,1149,805,3108.0,0
2020,แพร่,สอง,5,1435,131,0,6712.0,0
2020,แพร่,สูงเม่น,13,8194,3975,2606,979.0,0
2020,แพร่,หนองม่วงไข่,4,4250,2334,264,510.0,0
2020,แพร่,เด่นชัย,7,5794,2118,1181,3287.0,0
2020,แพร่,เมืองแพร่,9,6301,2626,826,2068.0,0
2020,แม่ฮ่องสอน,ขุนยวม,4,4868,3010,36,289.0,0
2020,แม่ฮ่องสอน,ปางมะผ้า,3,6644,1662,2,595.0,0
2020,แม่ฮ่องสอน,ปาย,3,52086,20807,0,0.0,0
2020,แม่ฮ่องสอน,สบเมย,6,56322,24650,9,2053.0,0
2020,แม่ฮ่องสอน,เมืองแม่ฮ่องสอน,7,72385,26103,38,1733.0,0
2020,แม่ฮ่องสอน,แม่ลาน้อย,6,112868,36292,3,1166.0,0
2020,แม่ฮ่องสอน,แม่สะเรียง,3,19117,6616,47,638.0,0
2021,กระบี่,คลองท่อม,3,0,1470,1,0.0,0
2021,กระบี่,ปลายพระยา,1,1642,410,0,0.0,0
2021,กระบี่,ลำทับ,6,478,436,19,4.0,0
2021,กระบี่,อ่าวลึก,3,666,160,153,0.0,0
2021,กระบี่,เขาพนม,2,841,235,30,0.0,0
2021,กระบี่,เมืองกระบี่,4,248,250,57,213.0,0
2021,กรุงเทพมหานคร,คลองเตย,1,0,0,0,0.0,0
2021,กรุงเทพมหานคร,ดุสิต,1,0,0,0,0.0,0
2021,กรุงเทพมหานคร,ธนบุรี,1,0,0,0,0.0,0
2021,กรุงเทพมหานคร,บางคอแหลม,1,0,0,0,0.0,0
2021,กรุงเทพมหานคร,บางซื่อ,3,0,0,0,0.0,0
2021,กรุงเทพมหานคร,บางพลัด,1,0,0,0,0.0,0
2021,กรุงเทพมหานคร,พระนคร,1,0,0,0,0.0,0
2021,กรุงเทพมหานคร,ยานนาวา,2,0,0,0,0.0,0
2021,กรุงเทพมหานคร,สัมพันธวงศ์,4,0,0,0,0.0,0
2021,กาญจนบุรี,ด่านมะขามเตี้ย,3,40,0,0,150.0,0
2021,กาญจนบุรี,ทองผาภูมิ,4,240,80,0,0.0,0
2021,กาญจนบุรี,ท่ามะกา,7,550,195,40,1138.0,0
2021,กาญจนบุรี,ท่าม่วง,7,534,187,52,1333.0,0
2021,กาญจนบุรี,บ่อพลอย,10,9819,3410,67,10232.0,0
2021,กาญจนบุรี,พนมทวน,6,330,207,0,2319.0,0
2021,กาญจนบุรี,ศรีสวัสดิ์,2,2558,651,0,210.0,0
2021,กาญจนบุรี,หนองปรือ,5,11783,2534,0,1612.0,0
2021,กาญจนบุรี,ห้วยกระเจา,3,1869,690,408,6680.0,1
2021,กาญจนบุรี,เมืองกาญจนบุรี,5,1175,532,7,1142.0,0
2021,กาญจนบุรี,เลาขวัญ,8,10331,7031,3366,70229.0,0
2021,กาญจนบุรี,ไทรโยค,3,188,72,1,251.0,0
2021,กาฬสินธุ์,กมลาไสย,8,1540,1502,2,13299.0,0
2021,กาฬสินธุ์,กุฉินารายณ์,1,0,0,0,0.0,0
2021,กาฬสินธุ์,คำม่วง,1,2000,700,0,0.0,0
2021,กาฬสินธุ์,ฆ้องชัย,2,7503,2154,21,3189.0,0
2021,กาฬสินธุ์,ดอนจาน,2,3972,1193,0,0.0,0
2021,กาฬสินธุ์,ท่าคันโท,1,2500,1000,0,0.0,0
2021,กาฬสินธุ์,นาคู,3,142,142,0,726.0,0
2021,กาฬสินธุ์,ร่องคำ,3,1210,1210,0,8563.0,0
2021,กาฬสินธุ์,สมเด็จ,2,0,0,0,0.0,0
2021,กาฬสินธุ์,สามชัย,1,603,241,0,0.0,0
2021,กาฬสินธุ์,หนองกุงศรี,2,2775,1011,0,0.0,0
2021,กาฬสินธุ์,เขาวง,1,0,0,0,20.0,0
2021,กาฬสินธุ์,เมืองกาฬสินธุ์,2,200,50,0,0.0,0
2021,กำแพงเพชร,ขาณุวรลักษบุรี,11,2731,1120,7,16114.0,0
2021,กำแพงเพชร,คลองขลุง,5,4320,1876,1712,23200.0,0
2021,กำแพงเพชร,คลองลาน,5,5349,2273,1,5294.0,0
2021,กำแพงเพชร,ทรายทองวัฒนา,1,35,10,0,600.0,0
2021,กำแพงเพชร,บึงสามัคคี,1,19,19,0,139.0,0
2021,กำแพงเพชร,ปางศิลาทอง,2,1317,600,53,36250.0,0
2021,กำแพงเพชร,พรานกระต่าย,5,10784,5088,598,36732.0,0
2021,กำแพงเพชร,ลานกระบือ,5,389,158,18,1650.0,0
2021,กำแพงเพชร,เมืองกำแพงเพชร,15,10265,2878,86,19784.0,0
2021,กำแพงเพชร,โกสัมพีนคร,10,3199,1099,9,4395.0,0
2021,กำแพงเพชร,ไทรงาม,2,85,40,0,457.0,0
2021,ขอนแก่น,ชนบท,1,7326,2295,2244,38949.0,2
2021,ขอนแก่น,ชุมแพ,2,1067,676,359,30283.0,0
2021,ขอนแก่น,น้ำพอง,1,0,4904,0,46009.0,0
2021,ขอนแก่น,บ้านแฮด,1,6119,1951,926,26003.0,1
2021,ขอนแก่น,บ้านไผ่,2,3200,2295,386,16512.0,0
2021,ขอนแก่น,พระยืน,1,1205,396,0,0.0,1
2021,ขอนแก่น,ภูผาม่าน,1,803,273,273,6190.0,1
2021,ขอนแก่น,ภูเวียง,1,2438,1375,0,8290.0,0
2021,ขอนแก่น,มัญจาคีรี,1,0,0,0,21474.0,1
2021,ขอนแก่น,สีชมพู,1,135,45,0,154.0,0
2021,ขอนแก่น,หนองนาคำ,1,0,560,0,3509.0,0
2021,ขอนแก่น,หนองสองห้อง,1,0,0,0,0.0,0
2021,ขอนแก่น,หนองเรือ,1,21749,3953,46,22807.0,0
2021,ขอนแก่น,อุบลรัตน์,1,0,118,0,43.0,0
2021,ขอนแก่น,เขาสวนกวาง,1,44,11,0,23.0,0
2021,ขอนแก่น,เมืองขอนแก่น,1,16500,7473,1473,30732.0,6
2021,ขอนแก่น,เวียงเก่า,1,0,0,0,0.0,0
2021,ขอนแก่น,แวงน้อย,2,736,368,0,6408.0,0
2021,ขอนแก่น,แวงใหญ่,1,0,0,209,12000.0,1
2021,ขอนแก่น,โคกโพธิ์ไชย,1,7120,5528,1814,76953.0,1
2021,ขอนแก่น,โนนศิลา,1,21025,6268,3,0.0,0
2021,จันทบุรี,ขลุง,4,1317,474,21,2740.0,0
2021,จันทบุรี,ท่าใหม่,12,969,416,92,860.0,0
2021,จันทบุรี,นายายอาม,6,1362,686,199,1116.0,0
2021,จันทบุรี,มะขาม,6,356,119,8,40.0,0
2021,จันทบุรี,สอยดาว,1,0,19,19,0.0,0
2021,จันทบุรี,เขาคิชฌกูฏ,9,2380,580,29,1463.0,0
2021,จันทบุรี,เมืองจันทบุรี,9,40543,9128,389,650.0,1
2021,จันทบุรี,แก่งหางแมว,6,91,44,18,207.0,0
2021,จันทบุรี,แหลมสิงห์,5,1128,432,83,0.0,0
2021,จันทบุรี,โป่งน้ำร้อน,4,240,65,0,40.0,0
2021,ฉะเชิงเทรา,บางน้ำเปรี้ยว,6,850,234,195,0.0,0
2021,ฉะเชิงเทรา,บางปะกง,1,1200,406,406,0.0,0
2021,ฉะเชิงเทรา,บ้านโพธิ์,2,1680,630,0,0.0,0
2021,ฉะเชิงเทรา,พนมสารคาม,8,664,271,2,201.0,0
2021,ฉะเชิงเทรา,สนามชัยเขต,1,0,35,0,0.0,0
2021,ฉะเชิงเทรา,เมืองฉะเชิงเทรา,6,10155,4981,3821,0.0,0
2021,ชลบุรี,บางละมุง,9,823,4,88,14.0,0
2021,ชลบุรี,บ่อทอง,1,0,0,0,0.0,0
2021,ชลบุรี,พนัสนิคม,4,36,28,3,800.0,0
2021,ชลบุรี,พานทอง,4,2766,830,2,30.0,0
2021,ชลบุรี,ศรีราชา,5,130,58,31,0.0,0
2021,ชลบุรี,เกาะสีชัง,1,925,474,0,0.0,0
2021,ชลบุรี,เมืองชลบุรี,6,0,61,2,0.0,0
2021,ชัยนาท,มโนรมย์,4,1658,551,225,6368.0,0
2021,ชัยนาท,วัดสิงห์,3,2663,994,71,24911.0,0
2021,ชัยนาท,สรรคบุรี,4,1326,1326,1326,8992.0,0
2021,ชัยนาท,สรรพยา,7,5259,2020,1331,13381.0,2
2021,ชัยนาท,หนองมะโมง,3,461,284,26,3767.0,0
2021,ชัยนาท,หันคา,8,5426,1961,1337,31302.0,0
2021,ชัยนาท,เนินขาม,1,5795,2075,2075,5001.0,0
2021,ชัยนาท,เมืองชัยนาท,5,877,877,287,6542.0,0
2021,ชัยภูมิ,คอนสวรรค์,2,6452,2542,2542,24332.0,0
2021,ชัยภูมิ,คอนสาร,4,11734,5020,5020,11205.0,0
2021,ชัยภูมิ,จัตุรัส,9,34462,12683,9648,74175.0,1
2021,ชัยภูมิ,ซับใหญ่,2,41,35,1,65688.0,0
2021,ชัยภูมิ,บำเหน็จณรงค์,4,9716,2850,2849,78527.0,0
2021,ชัยภูมิ,บ้านเขว้า,3,15722,8355,8355,144900.0,0
2021,ชัยภูมิ,บ้านแท่น,3,4976,4265,1765,5600.0,0
2021,ชัยภูมิ,ภักดีชุมพล,1,0,0,0,0.0,0
2021,ชัยภูมิ,ภูเขียว,3,3944,2036,2036,40303.0,0
2021,ชัยภูมิ,หนองบัวระเหว,9,8700,4094,1831,81219.0,0
2021,ชัยภูมิ,หนองบัวแดง,2,0,0,0,0.0,0
2021,ชัยภูมิ,เกษตรสมบูรณ์,3,8985,5287,5287,37027.0,0
2021,ชัยภูมิ,เทพสถิต,3,11122,11137,803,18718.0,0
2021,ชัยภูมิ,เนินสง่า,5,226,177,105,9364.0,0
2021,ชัยภูมิ,เมืองชัยภูมิ,8,93388,41041,1,133180.0,0
2021,ชัยภูมิ,แก้งคร้อ,1,850,126,0,3390.0,0
2021,ชุมพร,ทุ่งตะโก,3,3031,1210,0,0.0,0
2021,ชุมพร,ท่าแซะ,6,6310,2509,0,0.0,0
2021,ชุมพร,ปะทิว,4,781,290,1,0.0,0
2021,ชุมพร,พะโต๊ะ,7,2413,827,2,0.0,0
2021,ชุมพร,ละแม,3,4555,1506,3,50.0,0
2021,ชุมพร,สวี,3,14150,4923,770,300.0,4
2021,ชุมพร,หลังสวน,14,35217,13446,25,36.0,1
2021,ชุมพร,เมืองชุมพร,9,16855,5256,28,160.0,0
2021,ตรัง,กันตัง,3,0,21,11,0.0,0
2021,ตรัง,นาโยง,7,821,260,0,10.0,0
2021,ตรัง,ปะเหลียน,3,300,240,10,10.0,0
2021,ตรัง,ย่านตาขาว,1,1440,286,0,7.0,1
2021,ตรัง,รัษฎา,3,320,117,17,250.0,0
2021,ตรัง,วังวิเศษ,1,0,45,0,0.0,0
2021,ตรัง,สิเกา,2,0,26,15,0.0,0
2021,ตรัง,ห้วยยอด,8,141,91,23,150.0,0
2021,ตรัง,เมืองตรัง,12,1749,617,95,151.0,0
2021,ตราด,คลองใหญ่,1,0,0,0,0.0,0
2021,ตราด,บ่อไร่,2,10,4,0,0.0,0
2021,ตราด,เกาะช้าง,2,0,0,0,0.0,0
2021,ตราด,เขาสมิง,5,769,823,32,1611.0,0
2021,ตราด,เมืองตราด,7,18063,9167,80,1800.0,0
2021,ตาก,ท่าสองยาง,3,1500,102,195,0.0,0
2021,ตาก,บ้านตาก,3,3920,2155,0,226.0,0
2021,ตาก,พบพระ,8,10873,3940,33,1195.0,0
2021,ตาก,วังเจ้า,4,8502,2991,100,300.0,0
2021,ตาก,สามเงา,11,4003,1274,318,7054.0,0
2021,ตาก,อุ้มผาง,6,30106,11883,266,3500.0,0
2021,ตาก,เมืองตาก,10,132963,40876,34,16054.0,0
2021,ตาก,แม่ระมาด,10,7086,2192,142,3298.0,0
2021,ตาก,แม่สอด,13,13560,3320,546,1100.0,0
2021,นครนายก,บ้านนา,1,0,0,4,0.0,0
2021,นครนายก,ปากพลี,3,0,0,251,110.0,0
2021,นครนายก,องครักษ์,1,0,0,0,0.0,0
2021,นครนายก,เมืองนครนายก,1,150,50,50,0.0,0
2021,นครปฐม,กำแพงแสน,11,5112,1289,438,4146.0,1
2021,นครปฐม,ดอนตูม,2,1430,520,54,300.0,0
2021,นครปฐม,นครชัยศรี,14,26228,11788,10743,4530.0,0
2021,นครปฐม,บางเลน,19,24763,7450,2367,3669.0,0
2021,นครปฐม,พุทธมณฑล,3,3120,1478,15,7.0,0
2021,นครปฐม,สามพราน,10,6304,1685,166,120.0,0
2021,นครปฐม,เมืองนครปฐม,15,5462,3131,229,525.0,0
2021,นครพนม,เมืองนครพนม,1,0,0,0,0.0,0
2021,นครราชสีมา,ขามทะเลสอ,4,2047,771,84,14769.0,0
2021,นครราชสีมา,ขามสะแกแสง,2,2778,1162,0,0.0,0
2021,นครราชสีมา,คง,3,1529,935,644,8342.0,0
2021,นครราชสีมา,ครบุรี,2,10,4,0,4.0,0
2021,นครราชสีมา,จักราช,3,1974,663,125,0.0,1
2021,นครราชสีมา,ชุมพวง,4,7772,2483,92,18600.0,2
2021,นครราชสีมา,ด่านขุนทด,13,20236,10373,1122,170529.0,2
2021,นครราชสีมา,บัวใหญ่,11,1077,771,0,2832.0,1
2021,นครราชสีมา,บ้านเหลื่อม,2,0,1716,0,12150.0,0
2021,นครราชสีมา,ประทาย,2,0,642,10,7368.0,0
2021,นครราชสีมา,ปักธงชัย,5,361,274,15,302.0,0
2021,นครราชสีมา,ปากช่อง,5,1792,887,1,0.0,0
2021,นครราชสีมา,พระทองคำ,3,7360,4752,685,1819.0,0
2021,นครราชสีมา,พิมาย,3,300,37056,2080,135058.0,0
2021,นครราชสีมา,ลำทะเมนชัย,6,6083,2599,1,10765.0,0
2021,นครราชสีมา,วังน้ำเขียว,9,2727,963,1,850.0,1
2021,นครราชสีมา,สีคิ้ว,6,1115,1065,0,13413.0,0
2021,นครราชสีมา,สีดา,1,880,294,0,4650.0,0
2021,นครราชสีมา,สูงเนิน,6,7629,5681,12,20162.0,1
2021,นครราชสีมา,หนองบุญมาก,1,1704,1704,0,43487.0,0
2021,นครราชสีมา,ห้วยแถลง,1,0,306,0,3391.0,0
2021,นครราชสีมา,เฉลิมพระเกียรติ,12,895,776,98,3051.0,0
2021,นครราชสีมา,เทพารักษ์,4,1355,317,97,33500.0,0
2021,นครราชสีมา,เมืองนครราชสีมา,32,25641,8436,722,12974.0,0
2021,นครราชสีมา,เมืองยาง,1,1408,0,0,11650.0,0
2021,นครราชสีมา,เสิงสาง,6,553,196,3,1398.0,0
2021,นครราชสีมา,แก้งสนามนาง,1,0,1000,11,0.0,0
2021,นครราชสีมา,โชคชัย,7,1530,68,57,9997.0,0
2021,นครราชสีมา,โนนสูง,10,0,810,6,0.0,3
2021,นครราชสีมา,โนนแดง,3,2,4148,0,53316.0,0
2021,นครราชสีมา,โนนไทย,2,1230,5523,410,0.0,0
2021,นครศรีธรรมราช,ขนอม,5,193,75,0,0.0,0
2021,นครศรีธรรมราช,จุฬาภรณ์,1,0,0,0,0.0,0
2021,นครศรีธรรมราช,ฉวาง,3,0,0,0,0.0,0
2021,นครศรีธรรมราช,ชะอวด,2,0,0,0,0.0,0
2021,นครศรีธรรมราช,ช้างกลาง,4,23,13,11,0.0,0
2021,นครศรีธรรมราช,ถ้ำพรรณรา,2,1487,308,0,3470.0,0
2021,นครศรีธรรมราช,ทุ่งสง,3,656,165,52,0.0,0
2021,นครศรีธรรมราช,ทุ่งใหญ่,5,36,26,0,0.0,0
2021,นครศรีธรรมราช,ท่าศาลา,3,15317,4167,10,0.0,0
2021,นครศรีธรรมราช,นบพิตำ,7,1858,532,102,0.0,0
2021,นครศรีธรรมราช,นาบอน,4,102,39,7,0.0,0
2021,นครศรีธรรมราช,บางขัน,7,1690,512,100,0.0,0
2021,นครศรีธรรมราช,ปากพนัง,5,12820,4317,0,15760.0,0
2021,นครศรีธรรมราช,พรหมคีรี,2,1200,400,0,0.0,0
2021,นครศรีธรรมราช,พระพรหม,3,33699,11233,0,0.0,0
2021,นครศรีธรรมราช,พิปูน,4,6,2,2,0.0,0
2021,นครศรีธรรมราช,ร่อนพิบูลย์,5,400,110,2,0.0,0
2021,นครศรีธรรมราช,ลานสกา,3,0,0,0,0.0,1
2021,นครศรีธรรมราช,สิชล,6,1745,663,58,3.0,0
2021,นครศรีธรรมราช,หัวไทร,3,0,0,0,0.0,0
2021,นครศรีธรรมราช,เฉลิมพระเกียรติ,2,31213,10870,0,0.0,0
2021,นครศรีธรรมราช,เชียรใหญ่,2,0,0,0,0.0,0
2021,นครศรีธรรมราช,เมืองนครศรีธรรมราช,7,2800,230,18,0.0,0
2021,นครสวรรค์,ชุมตาบง,2,287,287,289,6616.0,0
2021,นครสวรรค์,ชุมแสง,1,3286,2357,2357,20587.0,0
2021,นครสวรรค์,ตากฟ้า,3,315,995,136,9673.0,0
2021,นครสวรรค์,ตาคลี,3,6547,3250,2998,17091.0,0
2021,นครสวรรค์,ท่าตะโก,1,35342,18726,6151,302255.0,0
2021,นครสวรรค์,บรรพตพิสัย,2,5627,4562,563,30063.0,0
2021,นครสวรรค์,พยุหะคีรี,1,4363,1487,376,8076.0,3
2021,นครสวรรค์,ลาดยาว,2,9745,3137,1902,13736.0,0
2021,นครสวรรค์,หนองบัว,1,4580,4580,4580,95344.0,0
2021,นครสวรรค์,เก้าเลี้ยว,1,477,161,10,11259.0,0
2021,นครสวรรค์,เมืองนครสวรรค์,1,14821,5928,5825,29397.0,0
2021,นครสวรรค์,แม่วงก์,1,1266,1266,0,15.0,0
2021,นครสวรรค์,แม่เปิน,2,1127,375,1,5356.0,0
2021,นครสวรรค์,โกรกพระ,1,7827,960,583,5853.0,0
2021,นครสวรรค์,ไพศาลี,1,40827,13609,0,320948.0,1
2021,นนทบุรี,บางกรวย,2,0,4098,0,0.0,0
2021,นนทบุรี,บางบัวทอง,2,0,0,0,0.0,0
2021,นนทบุรี,บางใหญ่,1,0,3352,0,0.0,0
2021,นนทบุรี,ปากเกร็ด,1,0,6289,0,0.0,0
2021,นนทบุรี,เมืองนนทบุรี,3,5,1,1,0.0,0
2021,นนทบุรี,ไทรน้อย,1,0,272,0,0.0,0
2021,นราธิวาส,ตากใบ,2,3643,1197,0,0.0,0
2021,นราธิวาส,บาเจาะ,2,1304,432,252,48.0,0
2021,นราธิวาส,ยี่งอ,1,2256,564,426,23.0,0
2021,นราธิวาส,ระแงะ,3,7955,1794,1447,130.0,0
2021,นราธิวาส,รือเสาะ,2,6217,1783,198,192.0,0
2021,นราธิวาส,ศรีสาคร,2,1633,389,7,0.0,0
2021,นราธิวาส,สุคิริน,2,3530,1465,35,0.0,0
2021,นราธิวาส,สุไหงปาดี,1,7342,2488,0,0.0,0
2021,นราธิวาส,สุไหงโก-ลก,3,4256,1059,0,0.0,0
2021,นราธิวาส,เจาะไอร้อง,1,1323,724,523,17.0,0
2021,นราธิวาส,เมืองนราธิวาส,2,3620,1049,291,49.0,0
2021,นราธิวาส,แว้ง,3,14052,3543,214,19.0,0
2021,น่าน,ทุ่งช้าง,1,74,22,1,100.0,0
2021,น่าน,ท่าวังผา,7,1806,908,2,3375.0,0
2021,น่าน,นาน้อย,1,10,10,0,30.0,0
2021,น่าน,บ่อเกลือ,5,173,81,1,22.0,0
2021,น่าน,บ้านหลวง,1,120,60,0,0.0,0
2021,น่าน,ปัว,7,3284,1244,0,1727.0,0
2021,น่าน,ภูเพียง,3,456,138,0,53.0,0
2021,น่าน,สองแคว,4,1628,506,3,130.0,0
2021,น่าน,สันติสุข,1,1050,285,0,0.0,0
2021,น่าน,เชียงกลาง,2,1967,847,0,733.0,0
2021,น่าน,เมืองน่าน,1,2,7,0,0.0,0
2021,น่าน,เวียงสา,3,795,345,0,0.0,0
2021,น่าน,แม่จริม,3,145,62,0,17.0,0
2021,บึงกาฬ,บุ่งคล้า,1,140,100,0,0.0,0
2021,บุรีรัมย์,กระสัง,1,1428,1428,18,7317.0,0
2021,บุรีรัมย์,คูเมือง,1,2424,808,0,8755.0,0
2021,บุรีรัมย์,ชำนิ,2,1379,38,0,7113.0,0
2021,บุรีรัมย์,นางรอง,6,13040,3260,49,12176.0,0
2021,บุรีรัมย์,บ้านใหม่ไชยพจน์,1,561,0,0,6425.0,0
2021,บุรีรัมย์,ประโคนชัย,1,2690,2690,0,22872.0,0
2021,บุรีรัมย์,ปะคำ,2,146,0,0,1094.0,0
2021,บุรีรัมย์,พลับพลาชัย,2,757,757,0,5758.0,0
2021,บุรีรัมย์,พุทไธสง,1,0,1051,32,14772.0,0
2021,บุรีรัมย์,ลำปลายมาศ,2,0,36,1,240.0,0
2021,บุรีรัมย์,สตึก,1,2248,0,23,23997.0,0
2021,บุรีรัมย์,หนองกี่,3,213,0,0,3177.0,0
2021,บุรีรัมย์,หนองหงส์,1,0,818,0,5613.0,0
2021,บุรีรัมย์,ห้วยราช,2,17,6,0,53.0,0
2021,บุรีรัมย์,เฉลิมพระเกียรติ,1,15,15,0,0.0,0
2021,บุรีรัมย์,เมืองบุรีรัมย์,4,314,410,0,0.0,0
2021,บุรีรัมย์,แคนดง,1,0,1413,44,12453.0,0
2021,บุรีรัมย์,โนนดินแดง,1,0,248,0,977.0,0
2021,บุรีรัมย์,โนนสุวรรณ,1,0,0,0,0.0,0
2021,ปทุมธานี,คลองหลวง,1,0,0,0,0.0,0
2021,ปทุมธานี,ธัญบุรี,1,0,20,0,0.0,0
2021,ปทุมธานี,ลาดหลุมแก้ว,10,2140,509,0,0.0,0
2021,ปทุมธานี,สามโคก,5,18,32,0,95.0,0
2021,ปทุมธานี,หนองเสือ,2,700,400,0,0.0,0
2021,ปทุมธานี,เมืองปทุมธานี,5,37,37,0,0.0,0
2021,ประจวบคีรีขันธ์,กุยบุรี,1,680,242,5,14.0,0
2021,ประจวบคีรีขันธ์,ทับสะแก,8,464,158,191,1.0,0
2021,ประจวบคีรีขันธ์,บางสะพาน,6,1157,523,130,0.0,0
2021,ประจวบคีรีขันธ์,บางสะพานน้อย,3,7665,2998,385,1570.0,0
2021,ประจวบคีรีขันธ์,ปราณบุรี,7,17,17,0,0.0,0
2021,ประจวบคีรีขันธ์,สามร้อยยอด,5,3150,1070,0,2650.0,0
2021,ประจวบคีรีขันธ์,หัวหิน,5,751,504,0,1.0,0
2021,ประจวบคีรีขันธ์,เมืองประจวบคีรีขันธ์,2,2525,510,11,45.0,0
2021,ปราจีนบุรี,กบินทร์บุรี,13,2239,1306,1939,5162.0,0
2021,ปราจีนบุรี,นาดี,5,218,73,209,0.0,0
2021,ปราจีนบุรี,บ้านสร้าง,2,0,2244,0,0.0,0
2021,ปราจีนบุรี,ประจันตคาม,8,61,705,572,0.0,0
2021,ปราจีนบุรี,ศรีมหาโพธิ,3,0,59,406,5.0,0
2021,ปราจีนบุรี,ศรีมโหสถ,2,0,59,0,4.0,0
2021,ปราจีนบุรี,เมืองปราจีนบุรี,2,236,120,120,0.0,0
2021,ปัตตานี,กะพ้อ,2,149,81,0,0.0,0
2021,ปัตตานี,มายอ,1,36,7,0,35.0,0
2021,ปัตตานี,ยะรัง,1,3225,1075,0,0.0,0
2021,ปัตตานี,สายบุรี,1,56,13,0,0.0,0
2021,ปัตตานี,หนองจิก,5,15058,3917,0,0.0,0
2021,ปัตตานี,เมืองปัตตานี,2,3499,796,0,0.0,0
2021,ปัตตานี,แม่ลาน,3,20542,6913,1358,2824.0,0
2021,ปัตตานี,ไม้แก่น,1,2200,588,0,0.0,0
2021,พระนครศรีอยุธยา,ท่าเรือ,2,0,695,695,0.0,0
2021,พระนครศรีอยุธยา,นครหลวง,1,1008,336,336,0.0,0
2021,พระนครศรีอยุธยา,บางซ้าย,1,0,1503,1503,0.0,0
2021,พระนครศรีอยุธยา,บางบาล,2,0,0,0,0.0,0
2021,พระนครศรีอยุธยา,บางปะหัน,4,2607,869,869,0.0,0
2021,พระนครศรีอยุธยา,บางปะอิน,1,0,6513,6513,0.0,0
2021,พระนครศรีอยุธยา,บางไทร,2,6723,2241,2241,0.0,0
2021,พระนครศรีอยุธยา,บ้านแพรก,2,0,0,0,0.0,0
2021,พระนครศรีอยุธยา,ผักไห่,3,0,0,0,0.0,0
2021,พระนครศรีอยุธยา,พระนครศรีอยุธยา,3,5055,1685,1685,0.0,0
2021,พระนครศรีอยุธยา,ภาชี,2,0,92,92,0.0,0
2021,พระนครศรีอยุธยา,มหาราช,3,0,1137,1137,0.0,0
2021,พระนครศรีอยุธยา,ลาดบัวหลวง,2,0,0,0,0.0,0
2021,พระนครศรีอยุธยา,วังน้อย,1,0,0,0,0.0,0
2021,พระนครศรีอยุธยา,เสนา,4,0,321,321,0.0,0
2021,พะเยา,จุน,1,0,5,0,0.0,0
2021,พะเยา,ดอกคำใต้,6,2092,725,0,745.0,0
2021,พะเยา,ปง,8,2124,821,0,698.0,0
2021,พะเยา,ภูกามยาว,11,0,988,33,0.0,0
2021,พะเยา,ภูซาง,2,180,110,0,65.0,0
2021,พะเยา,เชียงคำ,4,233,182,0,1672.0,0
2021,พะเยา,เชียงม่วน,4,2280,590,30,1970.0,0
2021,พะเยา,เมืองพะเยา,3,222,80,0,0.0,0
2021,พะเยา,แม่ใจ,2,480,170,1,0.0,0
2021,พังงา,ตะกั่วทุ่ง,1,43,15,15,0.0,0
2021,พังงา,ตะกั่วป่า,3,871,340,207,0.0,0
2021,พังงา,ทับปุด,1,12,4,4,0.0,0
2021,พังงา,ท้ายเหมือง,2,2566,749,3,0.0,0
2021,พัทลุง,กงหรา,1,8000,2700,0,0.0,0
2021,พัทลุง,ควนขนุน,7,24712,8429,210,438.0,0
2021,พัทลุง,ปากพะยูน,1,890,350,0,2660.0,0
2021,พัทลุง,ป่าบอน,1,104,26,26,0.0,0
2021,พัทลุง,ศรีนครินทร์,2,8704,2849,5,3849.0,0
2021,พัทลุง,ศรีบรรพต,2,600,280,5,0.0,0
2021,พัทลุง,เขาชัยสน,1,1357,589,0,10311.0,0
2021,พัทลุง,เมืองพัทลุง,2,3843,1358,0,0.0,0
2021,พิจิตร,ดงเจริญ,7,520,1508,217,14134.0,0
2021,พิจิตร,ตะพานหิน,1,1649,0,0,2842.0,0
2021,พิจิตร,ทับคล้อ,1,150,0,87,1505.0,0
2021,พิจิตร,บึงนาราง,2,0,0,0,5407.0,0
2021,พิจิตร,วชิรบารมี,3,0,248,0,4660.0,0
2021,พิจิตร,วังทรายพูน,5,344,89,95,13011.0,0
2021,พิจิตร,สากเหล็ก,6,15,364,55,7703.0,0
2021,พิจิตร,สามง่าม,2,217,446,124,10914.0,0
2021,พิจิตร,เมืองพิจิตร,10,5933,25,1788,2653.0,0
2021,พิจิตร,โพทะเล,9,128,115,392,6506.0,0
2021,พิจิตร,โพธิ์ประทับช้าง,1,774,0,0,12443.0,0
2021,พิษณุโลก,ชาติตระการ,11,0,758,0,2189.0,0
2021,พิษณุโลก,นครไทย,7,2518,2375,5,10393.0,0
2021,พิษณุโลก,บางกระทุ่ม,9,6400,2198,0,9728.0,0
2021,พิษณุโลก,บางระกำ,11,0,2421,0,30272.0,0
2021,พิษณุโลก,พรหมพิราม,6,0,0,0,0.0,0
2021,พิษณุโลก,วังทอง,15,0,2425,39,25417.0,0
2021,พิษณุโลก,วัดโบสถ์,1,224,224,0,1507.0,0
2021,พิษณุโลก,เนินมะปราง,3,0,37,0,0.0,0
2021,พิษณุโลก,เมืองพิษณุโลก,5,300,891,0,14342.0,0
2021,ภูเก็ต,ถลาง,3,133,70,60,0.0,0
2021,ภูเก็ต,เมืองภูเก็ต,4,1220,416,386,0.0,0
2021,มหาสารคาม,กันทรวิชัย,1,0,228,27,14378.0,0
2021,มหาสารคาม,เมืองมหาสารคาม,2,0,192,129,2208.0,0
2021,มหาสารคาม,โกสุมพิสัย,2,0,1396,0,16505.0,1
2021,มุกดาหาร,ดงหลวง,1,0,0,0,0.0,0
2021,มุกดาหาร,เมืองมุกดาหาร,1,0,0,0,0.0,0
2021,ยะลา,กรงปินัง,2,3650,730,0,0.0,0
2021,ยะลา,กาบัง,2,112,125,2,0.0,0
2021,ยะลา,ธารโต,2,801,404,61,0.0,0
2021,ยะลา,บันนังสตา,3,168,37,2,0.0,0
2021,ยะลา,ยะหา,3,2570,749,1,0.0,0
2021,ยะลา,รามัน,3,17060,4716,10,0.0,1
2021,ยะลา,เบตง,6,372,263,163,0.0,0
2021,ยะลา,เมืองยะลา,3,15708,3927,0,0.0,0
2021,ยโสธร,กุดชุม,1,4,1,0,0.0,0
2021,ยโสธร,คำเขื่อนแก้ว,4,0,2681,0,35856.0,0
2021,ยโสธร,ค้อวัง,3,1589,1589,0,11701.0,0
2021,ยโสธร,ทรายมูล,1,0,0,0,0.0,0
2021,ยโสธร,ป่าติ้ว,2,6,6,6,9675.0,0
2021,ยโสธร,มหาชนะชัย,1,2055,685,0,7001.0,0
2021,ยโสธร,เมืองยโสธร,3,3448,3448,0,15180.0,0
2021,ระนอง,กระบุรี,10,770,920,108,0.0,0
2021,ระนอง,กะเปอร์,1,0,74,5,0.0,0
2021,ระนอง,ละอุ่น,5,85,110,12,10.0,0
2021,ระนอง,สุขสำราญ,3,0,0,0,0.0,0
2021,ระนอง,เมืองระนอง,10,28,224,155,0.0,0
2021,ระยอง,นิคมพัฒนา,3,60,24,2,0.0,0
2021,ระยอง,บ้านค่าย,15,798,246,65,128.0,0
2021,ระยอง,บ้านฉาง,1,0,50,0,0.0,0
2021,ระยอง,ปลวกแดง,4,150,60,0,0.0,0
2021,ระยอง,วังจันทร์,1,0,0,0,0.0,0
2021,ระยอง,เมืองระยอง,16,1106,218,120,191.0,0
2021,ระยอง,แกลง,10,2155,883,2,468.0,0
2021,ราชบุรี,จอมบึง,1,36,12,12,0.0,0
2021,ราชบุรี,บางแพ,2,57,19,11,100.0,0
2021,ราชบุรี,บ้านโป่ง,4,0,2396,1662,7655.0,0
2021,ราชบุรี,ปากท่อ,2,10,32,2,4.0,1
2021,ราชบุรี,เมืองราชบุรี,1,0,3,3,3.0,0
2021,ราชบุรี,โพธาราม,2,11,2,0,77.0,0
2021,ร้อยเอ็ด,จังหาร,3,0,0,0,0.0,0
2021,ร้อยเอ็ด,ทุ่งเขาหลวง,3,0,0,0,0.0,0
2021,ร้อยเอ็ด,ธวัชบุรี,2,0,0,0,0.0,0
2021,ร้อยเอ็ด,พนมไพร,3,0,0,0,0.0,0
2021,ร้อยเอ็ด,สุวรรณภูมิ,1,0,0,0,0.0,0
2021,ร้อยเอ็ด,อาจสามารถ,4,0,0,0,0.0,0
2021,ร้อยเอ็ด,เชียงขวัญ,2,0,0,0,0.0,0
2021,ร้อยเอ็ด,เสลภูมิ,4,0,0,0,0.0,0
2021,ร้อยเอ็ด,โพธิ์ชัย,3,0,0,0,0.0,0
2021,ร้อยเอ็ด,โพนทราย,2,0,0,0,0.0,0
2021,ลพบุรี,ชัยบาดาล,1,0,4564,164,4312.0,1
2021,ลพบุรี,ท่าวุ้ง,1,1044,348,348,3489.0,0
2021,ลพบุรี,ท่าหลวง,1,189,63,63,0.0,0
2021,ลพบุรี,บ้านหมี่,2,0,4599,2080,2880.0,3
2021,ลพบุรี,พัฒนานิคม,1,0,372,304,3168.0,0
2021,ลพบุรี,ลำสนธิ,2,22431,7477,7477,0.0,5
2021,ลพบุรี,สระโบสถ์,1,2984,2984,2984,0.0,0
2021,ลพบุรี,หนองม่วง,2,687,229,229,36824.0,0
2021,ลพบุรี,เมืองลพบุรี,7,2760,8484,5550,0.0,0
2021,ลพบุรี,โคกสำโรง,3,35,19949,19949,1200.0,1
2021,ลพบุรี,โคกเจริญ,1,22812,7604,7604,0.0,1
2021,ลำปาง,งาว,7,235,87,18,208.0,0
2021,ลำปาง,วังเหนือ,5,231,121,1,44.0,0
2021,ลำปาง,สบปราบ,7,818,276,252,447.0,0
2021,ลำปาง,ห้างฉัตร,7,295,104,28,0.0,0
2021,ลำปาง,เกาะคา,8,1450,1007,13,74.0,0
2021,ลำปาง,เถิน,14,1413,538,123,57.0,0
2021,ลำปาง,เมืองปาน,5,2286,752,0,0.0,0
2021,ลำปาง,เมืองลำปาง,3,195,101,12,221.0,0
2021,ลำปาง,เสริมงาม,12,385,163,60,0.0,0
2021,ลำปาง,แจ้ห่ม,7,459,148,10,0.0,0
2021,ลำปาง,แม่ทะ,7,1764,427,201,0.0,0
2021,ลำปาง,แม่พริก,6,509,125,0,943.0,0
2021,ลำพูน,ทุ่งหัวช้าง,2,213,213,30,0.0,0
2021,ลำพูน,บ้านโฮ่ง,2,31,31,31,0.0,0
2021,ลำพูน,ป่าซาง,2,17776,7665,7665,54176.0,0
2021,ลำพูน,ลี้,6,103,213,213,0.0,0
2021,ลำพูน,เมืองลำพูน,1,3,3,3,0.0,0
2021,ลำพูน,เวียงหนองล่อง,1,1,1,1,6.0,0
2021,ลำพูน,แม่ทา,3,48,35,35,0.0,0
2021,ศรีสะเกษ,กันทรลักษ์,13,0,400,9,2533.0,0
2021,ศรีสะเกษ,กันทรารมย์,4,0,573,0,1908.0,0
2021,ศรีสะเกษ,ขุขันธ์,14,6679,17,2,44534.0,0
2021,ศรีสะเกษ,ขุนหาญ,8,9517,3779,49,0.0,0
2021,ศรีสะเกษ,น้ำเกลี้ยง,2,0,0,0,450.0,0
2021,ศรีสะเกษ,บึงบูรพ์,1,0,0,0,0.0,0
2021,ศรีสะเกษ,ปรางค์กู่,5,3327,4212,0,24528.0,0
2021,ศรีสะเกษ,พยุห์,4,0,797,4,5818.0,0
2021,ศรีสะเกษ,ภูสิงห์,13,3012,2869,262,14239.0,0
2021,ศรีสะเกษ,ยางชุมน้อย,5,857,0,4,2954.0,0
2021,ศรีสะเกษ,ราษีไศล,7,100,1100,0,495.0,0
2021,ศรีสะเกษ,วังหิน,6,59,120,5,1187.0,0
2021,ศรีสะเกษ,ศรีรัตนะ,4,3446,0,42,3597.0,0
2021,ศรีสะเกษ,ศิลาลาด,3,61,0,0,341.0,0
2021,ศรีสะเกษ,ห้วยทับทัน,7,319,297,6,13491.0,0
2021,ศรีสะเกษ,อุทุมพรพิสัย,8,372,842,0,5470.0,0
2021,ศรีสะเกษ,เบญจลักษ์,2,49,0,0,305.0,0
2021,ศรีสะเกษ,เมืองจันทร์,2,5,302,1,0.0,0
2021,ศรีสะเกษ,เมืองศรีสะเกษ,30,0,1707,69,5362.0,0
2021,ศรีสะเกษ,โนนคูณ,1,389,386,0,2606.0,0
2021,ศรีสะเกษ,โพธิ์ศรีสุวรรณ,1,0,591,0,0.0,0
2021,ศรีสะเกษ,ไพรบึง,3,47425,11945,31,0.0,0
2021,สงขลา,ควนเนียง,1,0,0,0,0.0,0
2021,สงขลา,นาทวี,2,15736,4892,0,0.0,0
2021,สงขลา,ระโนด,5,0,0,0,0.0,0
2021,สงขลา,สะบ้าย้อย,3,1479,478,508,0.0,0
2021,สงขลา,สะเดา,1,20,11,0,0.0,0
2021,สงขลา,เทพา,1,78,26,0,0.0,1
2021,สงขลา,เมืองสงขลา,1,0,0,0,0.0,0
2021,สตูล,ควนโดน,1,2872,924,924,0.0,0
2021,สตูล,ท่าแพ,1,284,65,65,0.0,0
2021,สตูล,ละงู,2,550,162,157,0.0,0
2021,สตูล,เมืองสตูล,1,2460,820,0,0.0,0
2021,สมุทรปราการ,บางบ่อ,2,13635,14957,300,50.0,0
2021,สมุทรปราการ,บางพลี,1,19416,9412,0,1.0,0
2021,สมุทรปราการ,บางเสาธง,2,31060,26212,1212,0.0,0
2021,สมุทรปราการ,พระสมุทรเจดีย์,2,980,5,0,0.0,0
2021,สมุทรปราการ,เมืองสมุทรปราการ,1,8580,3065,2860,0.0,0
2021,สมุทรสาคร,กระทุ่มแบน,3,0,125,145,0.0,0
2021,สมุทรสาคร,บ้านแพ้ว,2,0,125,135,0.0,0
2021,สมุทรสาคร,เมืองสมุทรสาคร,2,0,80,80,0.0,0
2021,สระบุรี,ดอนพุด,2,409,1144,187,731.0,0
2021,สระบุรี,บ้านหมอ,4,250,202,202,145.0,0
2021,สระบุรี,พระพุทธบาท,3,996,235,235,447.0,0
2021,สระบุรี,มวกเหล็ก,4,39,61,3,490.0,0
2021,สระบุรี,วังม่วง,5,440,215,117,202.0,0
2021,สระบุรี,วิหารแดง,2,36,18,18,0.0,0
2021,สระบุรี,หนองแค,2,3238,285,204,100.0,0
2021,สระบุรี,หนองแซง,2,811,204,0,0.0,0
2021,สระบุรี,หนองโดน,1,4000,700,700,2050.0,0
2021,สระบุรี,เฉลิมพระเกียรติ,2,45,15,13,31.0,0
2021,สระบุรี,เมืองสระบุรี,4,2473,1534,716,3.0,0
2021,สระบุรี,เสาไห้,2,0,583,583,200.0,0
2021,สระบุรี,แก่งคอย,7,267,140,131,623.0,0
2021,สระแก้ว,คลองหาด,8,2792,2454,7,369.0,0
2021,สระแก้ว,ตาพระยา,6,0,2151,10,62561.0,0
2021,สระแก้ว,วัฒนานคร,6,0,223,0,266.0,0
2021,สระแก้ว,อรัญประเทศ,5,7100,2550,10,500.0,0
2021,สระแก้ว,เขาฉกรรจ์,3,0,23,14,0.0,0
2021,สระแก้ว,เมืองสระแก้ว,9,0,255,199,170.0,0
2021,สระแก้ว,โคกสูง,11,1178,782,233,0.0,0
2021,สิงห์บุรี,ค่ายบางระจัน,2,218,52,53,0.0,0
2021,สิงห์บุรี,ท่าช้าง,1,848,292,292,0.0,0
2021,สิงห์บุรี,พรหมบุรี,2,1102,280,270,0.0,0
2021,สิงห์บุรี,อินทร์บุรี,3,336,854,1597,0.0,3
2021,สิงห์บุรี,เมืองสิงห์บุรี,1,660,220,220,0.0,0
2021,สุพรรณบุรี,ดอนเจดีย์,4,0,712,0,7120.0,0
2021,สุพรรณบุรี,ด่านช้าง,6,70,236,236,0.0,0
2021,สุพรรณบุรี,บางปลาม้า,3,0,0,0,0.0,0
2021,สุพรรณบุรี,ศรีประจันต์,1,0,0,0,0.0,0
2021,สุพรรณบุรี,สองพี่น้อง,3,10503,2753,500,14085.0,0
2021,สุพรรณบุรี,สามชุก,1,7212,2008,0,34816.0,0
2021,สุพรรณบุรี,หนองหญ้าไซ,6,0,0,56,550.0,0
2021,สุพรรณบุรี,อู่ทอง,3,2775,2775,1038,16778.0,0
2021,สุพรรณบุรี,เดิมบางนางบวช,5,0,0,0,0.0,0
2021,สุพรรณบุรี,เมืองสุพรรณบุรี,3,9007,6323,5063,4803.0,0
2021,สุราษฎร์ธานี,กาญจนดิษฐ์,7,5021,1431,1,20.0,0
2021,สุราษฎร์ธานี,คีรีรัฐนิคม,6,3114,871,5,0.0,0
2021,สุราษฎร์ธานี,ชัยบุรี,7,538,148,0,0.0,0
2021,สุราษฎร์ธานี,ดอนสัก,4,1135,445,3,0.0,0
2021,สุราษฎร์ธานี,ท่าฉาง,3,2520,617,10,0.0,0
2021,สุราษฎร์ธานี,ท่าชนะ,3,3360,1154,0,0.0,0
2021,สุราษฎร์ธานี,บ้านตาขุน,2,480,130,1,50.0,0
2021,สุราษฎร์ธานี,บ้านนาสาร,3,5374,1494,46,1210.0,0
2021,สุราษฎร์ธานี,บ้านนาเดิม,2,1500,450,1,250.0,0
2021,สุราษฎร์ธานี,พนม,5,950,261,2,0.0,0
2021,สุราษฎร์ธานี,พระแสง,3,4300,1428,0,0.0,0
2021,สุราษฎร์ธานี,พุนพิน,5,7240,2160,30,7100.0,0
2021,สุราษฎร์ธานี,วิภาวดี,4,1200,620,0,0.0,0
2021,สุราษฎร์ธานี,เกาะพะงัน,3,815,220,0,0.0,0
2021,สุราษฎร์ธานี,เกาะสมุย,1,1001,229,0,0.0,0
2021,สุราษฎร์ธานี,เคียนซา,2,1230,315,0,850.0,0
2021,สุราษฎร์ธานี,เมืองสุราษฎร์ธานี,3,7188,3668,0,2850.0,0
2021,สุราษฎร์ธานี,เวียงสระ,5,447,80,5,0.0,0
2021,สุราษฎร์ธานี,ไชยา,4,12236,3419,30,90.0,0
2021,สุรินทร์,กาบเชิง,2,782,782,0,2967.0,0
2021,สุรินทร์,จอมพระ,4,141,141,0,6024.0,0
2021,สุรินทร์,ชุมพลบุรี,7,2126,2126,0,16236.0,0
2021,สุรินทร์,ท่าตูม,9,4139,4139,0,25949.0,0
2021,สุรินทร์,บัวเชด,1,4350,1425,545,4200.0,0
2021,สุรินทร์,ปราสาท,2,1536,890,0,3456.0,0
2021,สุรินทร์,พนมดงรัก,2,7876,162,0,461.0,0
2021,สุรินทร์,รัตนบุรี,6,2707,2707,2,18081.0,0
2021,สุรินทร์,ศรีณรงค์,3,798,798,0,4950.0,0
2021,สุรินทร์,ศีขรภูมิ,5,254,254,0,1593.0,0
2021,สุรินทร์,สังขะ,6,11814,8514,1,3877.0,0
2021,สุรินทร์,สำโรงทาบ,4,13827,3500,0,5659.0,0
2021,สุรินทร์,เมืองสุรินทร์,3,1061,1061,19,5508.0,0
2021,สุโขทัย,กงไกรลาศ,31,11348,4343,3,35353.0,0
2021,สุโขทัย,คีรีมาศ,8,20387,6968,1631,35589.0,0
2021,สุโขทัย,ทุ่งเสลี่ยม,8,6666,2398,185,4934.0,0
2021,สุโขทัย,บ้านด่านลานหอย,3,14866,10881,14,61947.0,0
2021,สุโขทัย,ศรีนคร,3,0,1335,0,8898.0,0
2021,สุโขทัย,ศรีสัชนาลัย,3,0,1291,0,12539.0,0
2021,สุโขทัย,ศรีสำโรง,5,4560,1114,1114,73158.0,0
2021,สุโขทัย,สวรรคโลก,13,15993,5402,101,231421.0,0
2021,สุโขทัย,เมืองสุโขทัย,7,15296,6159,1283,32352.0,0
2021,หนองคาย,ศรีเชียงใหม่,1,0,0,0,0.0,0
2021,หนองคาย,โพธิ์ตาก,1,0,0,0,0.0,0
2021,หนองบัวลำภู,ศรีบุญเรือง,4,245,529,40,6035.0,0
2021,หนองบัวลำภู,โนนสัง,2,1830,907,130,5119.0,0
2021,อำนาจเจริญ,พนา,2,0,100,0,260.0,0
2021,อำนาจเจริญ,ลืออำนาจ,2,3692,1564,0,21600.0,0
2021,อำนาจเจริญ,หัวตะพาน,1,0,0,0,0.0,0
2021,อำนาจเจริญ,เมืองอำนาจเจริญ,2,0,70,0,1810.0,0
2021,อุตรดิตถ์,ตรอน,1,14,14,0,0.0,0
2021,อุตรดิตถ์,ทองแสนขัน,3,0,180,0,615.0,0
2021,อุตรดิตถ์,น้ำปาด,1,0,0,0,0.0,0
2021,อุตรดิตถ์,พิชัย,2,178,98,0,1731.0,0
2021,อุตรดิตถ์,เมืองอุตรดิตถ์,2,15,22,0,0.0,0
2021,อุทัยธานี,ทัพทัน,7,4678,1982,836,19102.0,0
2021,อุทัยธานี,บ้านไร่,5,1352,1023,111,4930.0,0
2021,อุทัยธานี,ลานสัก,4,3675,2833,724,295.0,0
2021,อุทัยธานี,สว่างอารมณ์,2,2503,2503,45,30309.0,0
2021,อุทัยธานี,หนองขาหย่าง,1,568,568,221,8514.0,0
2021,อุทัยธานี,หนองฉาง,4,4682,1656,20,13046.0,0
2021,อุทัยธานี,ห้วยคต,1,160,40,0,102.0,0
2021,อุทัยธานี,เมืองอุทัยธานี,3,2393,1019,986,13767.0,0
2021,อุบลราชธานี,กุดข้าวปุ้น,3,368,0,0,1800.0,0
2021,อุบลราชธานี,ดอนมดแดง,2,25,6,0,5087.0,0
2021,อุบลราชธานี,ตระการพืชผล,3,1299,0,0,2440.0,0
2021,อุบลราชธานี,ตาลสุม,2,419,38,0,3014.0,0
2021,อุบลราชธานี,ทุ่งศรีอุดม,2,702,0,0,2148.0,0
2021,อุบลราชธานี,น้ำยืน,1,0,0,0,0.0,0
2021,อุบลราชธานี,ม่วงสามสิบ,2,1914,0,0,13542.0,0
2021,อุบลราชธานี,วารินชำราบ,6,746,40,0,3409.0,1
2021,อุบลราชธานี,สว่างวีระวงศ์,2,0,59,0,230.0,0
2021,อุบลราชธานี,สำโรง,2,498,150,0,0.0,0
2021,อุบลราชธานี,สิรินธร,1,0,0,37,1.0,0
2021,อุบลราชธานี,เขมราฐ,1,0,0,0,0.0,0
2021,อุบลราชธานี,เขื่องใน,4,2127,2127,0,16568.0,0
2021,อุบลราชธานี,เมืองอุบลราชธานี,4,2478,2467,98,13106.0,0
2021,อุบลราชธานี,เหล่าเสือโก้ก,2,257,257,0,2768.0,0
2021,อ่างทอง,ป่าโมก,10,4019,1314,1155,1061.0,0
2021,อ่างทอง,วิเศษชัยชาญ,4,8606,3179,0,17017.0,0
2021,อ่างทอง,สามโก้,1,0,934,63,5738.0,0
2021,อ่างทอง,เมืองอ่างทอง,22,2067,551,526,1906.0,0
2021,อ่างทอง,แสวงหา,1,569,569,0,7957.0,0
2021,อ่างทอง,โพธิ์ทอง,2,2956,0,0,14656.0,0
2021,อ่างทอง,ไชโย,9,5259,1729,1427,7459.0,0
2021,เชียงราย,ขุนตาล,4,14428,5641,2,269.0,0
2021,เชียงราย,ดอยหลวง,5,1652,730,0,3396.0,0
2021,เชียงราย,ป่าแดด,3,300,135,0,110.0,0
2021,เชียงราย,พญาเม็งราย,3,456,227,27,182.0,0
2021,เชียงราย,พาน,4,229,152,11,90.0,0
2021,เชียงราย,เชียงของ,13,4014,1416,162,770.0,0
2021,เชียงราย,เชียงแสน,12,1192,437,3,2685.0,0
2021,เชียงราย,เทิง,3,28,28,0,2234.0,0
2021,เชียงราย,เมืองเชียงราย,26,2661,782,10,1556.0,0
2021,เชียงราย,เวียงชัย,4,42,14,14,20.0,0
2021,เชียงราย,เวียงเชียงรุ้ง,4,1366,476,14,4666.0,0
2021,เชียงราย,เวียงแก่น,3,1124,387,272,1860.0,0
2021,เชียงราย,แม่จัน,4,852,361,1,228.0,0
2021,เชียงราย,แม่ฟ้าหลวง,3,198,108,3,239.0,0
2021,เชียงราย,แม่ลาว,4,45,15,15,4.0,0
2021,เชียงราย,แม่สรวย,5,128,58,7,61.0,0
2021,เชียงราย,แม่สาย,6,3001,830,201,410.0,0
2021,เชียงใหม่,กัลยาณิวัฒนา,5,7694,3086,0,5.0,0
2021,เชียงใหม่,จอมทอง,8,34347,10656,0,22.0,0
2021,เชียงใหม่,ดอยสะเก็ด,1,2,2,0,0.0,0
2021,เชียงใหม่,ดอยหล่อ,1,50,20,0,0.0,0
2021,เชียงใหม่,ดอยเต่า,4,13323,6208,300,366.0,0
2021,เชียงใหม่,ฝาง,28,9683,3685,758,1561.0,0
2021,เชียงใหม่,พร้าว,3,1545,560,0,0.0,0
2021,เชียงใหม่,สะเมิง,2,2400,800,0,0.0,0
2021,เชียงใหม่,สันทราย,1,0,0,0,0.0,0
2021,เชียงใหม่,สันป่าตอง,5,572,227,89,5.0,0
2021,เชียงใหม่,หางดง,1,426,145,1,0.0,0
2021,เชียงใหม่,อมก๋อย,13,39658,14033,23,101.0,0
2021,เชียงใหม่,ฮอด,12,6159,1633,23,796.0,0
2021,เชียงใหม่,เชียงดาว,6,189,42,5,298.0,0
2021,เชียงใหม่,แม่ริม,5,1598,363,13,34.0,0
2021,เชียงใหม่,แม่วาง,4,14880,4322,0,170.0,0
2021,เชียงใหม่,แม่ออน,1,0,0,0,0.0,1
2021,เชียงใหม่,แม่อาย,18,18861,6841,85,872.0,0
2021,เชียงใหม่,แม่แจ่ม,8,42127,12249,0,40.0,0
2021,เชียงใหม่,แม่แตง,4,1323,527,12,0.0,0
2021,เชียงใหม่,ไชยปราการ,7,1389,49,7,5.0,1
2021,เพชรบุรี,ท่ายาง,12,475,205,54,169.0,0
2021,เพชรบุรี,บ้านลาด,6,6756,6036,2524,50.0,0
2021,เพชรบุรี,บ้านแหลม,3,260,130,0,400.0,0
2021,เพชรบุรี,หนองหญ้าปล้อง,7,341,124,8,292.0,0
2021,เพชรบุรี,เขาย้อย,1,31,31,0,112.0,0
2021,เพชรบุรี,เมืองเพชรบุรี,6,2840,915,2,223.0,0
2021,เพชรบุรี,แก่งกระจาน,11,1588,640,13,580.0,0
2021,เพชรบูรณ์,ชนแดน,2,1500,500,0,0.0,0
2021,เพชรบูรณ์,น้ำหนาว,2,568,127,3,0.0,0
2021,เพชรบูรณ์,บึงสามพัน,1,680,338,2,2480.0,0
2021,เพชรบูรณ์,วังโป่ง,3,28,11,10,0.0,1
2021,เพชรบูรณ์,วิเชียรบุรี,1,8,2,2,0.0,2
2021,เพชรบูรณ์,ศรีเทพ,3,0,0,5,30.0,0
2021,เพชรบูรณ์,หนองไผ่,7,561,376,13,9480.0,0
2021,เพชรบูรณ์,หล่มสัก,9,33213,14758,2000,1428.0,1
2021,เพชรบูรณ์,หล่มเก่า,3,0,0,406,0.0,0
2021,เพชรบูรณ์,เมืองเพชรบูรณ์,3,29,13,3,30.0,0
2021,เลย,ด่านซ้าย,11,285,95,115,0.0,0
2021,เลย,ท่าลี่,3,194,52,62,0.0,0
2021,เลย,นาแห้ว,3,36,12,21,101.0,0
2021,เลย,ปากชม,1,30,9,9,0.0,0
2021,เลย,ภูกระดึง,4,130,70,50,0.0,0
2021,เลย,ภูเรือ,1,38,11,11,0.0,0
2021,เลย,วังสะพุง,4,122,37,37,20.0,0
2021,เลย,เมืองเลย,9,1580,364,394,50.0,0
2021,แพร่,ลอง,4,44,40,21,31.0,0
2021,แพร่,วังชิ้น,3,0,14,12,174.0,0
2021,แพร่,สอง,1,258,0,0,1503.0,0
2021,แพร่,หนองม่วงไข่,1,15,0,0,30.0,0
2021,แพร่,เด่นชัย,2,1000,536,0,114.0,0
2021,แพร่,เมืองแพร่,2,471,231,0,0.0,0
2021,แม่ฮ่องสอน,ขุนยวม,1,20,12,10,0.0,0
2021,แม่ฮ่องสอน,ปางมะผ้า,3,1558,397,6,30.0,0
2021,แม่ฮ่องสอน,ปาย,4,10555,3984,55,100.0,0
2021,แม่ฮ่องสอน,สบเมย,10,11052,4406,2,27.0,0
2021,แม่ฮ่องสอน,เมืองแม่ฮ่องสอน,9,22253,8918,10,20.0,0
2021,แม่ฮ่องสอน,แม่ลาน้อย,13,30685,9277,6,100.0,0
2021,แม่ฮ่องสอน,แม่สะเรียง,5,49315,15411,5,196.0,0
2022,กระบี่,คลองท่อม,3,0,98,0,0.0,0
2022,กระบี่,อ่าวลึก,1,56,56,56,0.0,0
2022,กระบี่,เกาะลันตา,3,2588,697,24,0.0,0
2022,กระบี่,เขาพนม,4,247,53,0,75.0,0
2022,กระบี่,เมืองกระบี่,8,1932,633,160,0.0,0
2022,กาญจนบุรี,ด่านมะขามเตี้ย,2,30,14,0,0.0,0
2022,กาญจนบุรี,ทองผาภูมิ,1,0,0,0,0.0,0
2022,กาญจนบุรี,ท่ามะกา,3,60,59,39,60.0,0
2022,กาญจนบุรี,ท่าม่วง,1,516,201,132,220.0,0
2022,กาญจนบุรี,บ่อพลอย,1,0,0,0,0.0,0
2022,กาญจนบุรี,พนมทวน,3,250,79,0,0.0,0
2022,กาญจนบุรี,ศรีสวัสดิ์,1,320,20,0,0.0,0
2022,กาญจนบุรี,สังขละบุรี,1,0,0,6,0.0,0
2022,กาญจนบุรี,ห้วยกระเจา,2,390,130,0,485.0,0
2022,กาญจนบุรี,เมืองกาญจนบุรี,4,345,156,0,450.0,0
2022,กาญจนบุรี,เลาขวัญ,3,4350,1475,0,0.0,0
2022,กาญจนบุรี,ไทรโยค,1,0,0,0,0.0,0
2022,กาฬสินธุ์,กมลาไสย,8,1205,1205,0,7971.0,0
2022,กาฬสินธุ์,กุฉินารายณ์,5,12855,4521,8,2013.0,0
2022,กาฬสินธุ์,คำม่วง,1,0,0,0,0.0,0
2022,กาฬสินธุ์,ฆ้องชัย,11,806,1344,1,9192.0,0
2022,กาฬสินธุ์,ดอนจาน,1,90,30,0,0.0,0
2022,กาฬสินธุ์,ท่าคันโท,4,41,17,4,43.0,0
2022,กาฬสินธุ์,นาคู,2,227,227,0,846.0,0
2022,กาฬสินธุ์,นามน,8,879,545,2,14.0,0
2022,กาฬสินธุ์,ยางตลาด,2,355,355,0,1627.0,0
2022,กาฬสินธุ์,ร่องคำ,5,0,0,0,5930.0,0
2022,กาฬสินธุ์,สมเด็จ,2,105,27,0,75.0,0
2022,กาฬสินธุ์,สหัสขันธ์,1,61,15,15,0.0,0
2022,กาฬสินธุ์,สามชัย,2,720,240,0,260.0,0
2022,กาฬสินธุ์,หนองกุงศรี,4,11732,3256,1176,0.0,0
2022,กาฬสินธุ์,ห้วยผึ้ง,2,195,65,10,311.0,0
2022,กาฬสินธุ์,เมืองกาฬสินธุ์,6,1329,510,2,5435.0,0
2022,กำแพงเพชร,ขาณุวรลักษบุรี,8,854,614,53,8143.0,0
2022,กำแพงเพชร,คลองขลุง,9,4160,1645,321,9694.0,0
2022,กำแพงเพชร,คลองลาน,15,4626,1903,0,4401.0,0
2022,กำแพงเพชร,บึงสามัคคี,2,83,49,0,637.0,0
2022,กำแพงเพชร,ปางศิลาทอง,5,1271,871,683,11500.0,0
2022,กำแพงเพชร,พรานกระต่าย,5,3553,3503,0,45805.0,0
2022,กำแพงเพชร,ลานกระบือ,2,600,297,5,1256.0,0
2022,กำแพงเพชร,เมืองกำแพงเพชร,17,5310,1863,113,21605.0,0
2022,กำแพงเพชร,โกสัมพีนคร,8,538,217,0,1910.0,0
2022,กำแพงเพชร,ไทรงาม,2,225,85,0,300.0,0
2022,ขอนแก่น,ชนบท,3,0,0,0,3177.0,2
2022,ขอนแก่น,ชุมแพ,8,2711,0,0,5547.0,0
2022,ขอนแก่น,ซำสูง,1,160,40,0,400.0,0
2022,ขอนแก่น,น้ำพอง,3,15108,5276,0,47381.0,1
2022,ขอนแก่น,บ้านฝาง,1,0,911,0,4516.0,0
2022,ขอนแก่น,บ้านแฮด,1,2381,2381,9,14182.0,0
2022,ขอนแก่น,บ้านไผ่,3,2678,616,0,138706.0,0
2022,ขอนแก่น,พระยืน,1,7512,450,0,20578.0,0
2022,ขอนแก่น,พล,2,799,799,20,4554.0,0
2022,ขอนแก่น,ภูผาม่าน,1,746,0,0,1244.0,0
2022,ขอนแก่น,ภูเวียง,1,0,2203,0,14649.0,0
2022,ขอนแก่น,มัญจาคีรี,5,2451,1865,0,8525.0,1
2022,ขอนแก่น,สีชมพู,1,0,0,0,1069.0,0
2022,ขอนแก่น,หนองนาคำ,1,0,865,0,2630.0,0
2022,ขอนแก่น,หนองสองห้อง,1,0,0,0,7782.0,1
2022,ขอนแก่น,หนองเรือ,1,0,715,0,31315.0,0
2022,ขอนแก่น,อุบลรัตน์,1,1088,803,0,10844.0,0
2022,ขอนแก่น,เปือยน้อย,1,306,96,0,16.0,0
2022,ขอนแก่น,เมืองขอนแก่น,9,166,437,6,2215.0,1
2022,ขอนแก่น,แวงน้อย,3,2005,679,62,8514.0,1
2022,ขอนแก่น,แวงใหญ่,3,0,0,0,68336.0,0
2022,ขอนแก่น,โคกโพธิ์ไชย,3,0,0,0,23591.0,1
2022,ขอนแก่น,โนนศิลา,1,0,0,0,0.0,0
2022,จันทบุรี,ขลุง,4,657,219,80,1664.0,0
2022,จันทบุรี,ท่าใหม่,11,649,233,14,41.0,0
2022,จันทบุรี,นายายอาม,6,122,83,21,95.0,0
2022,จันทบุรี,มะขาม,12,463,188,30,2.0,0
2022,จันทบุรี,สอยดาว,2,1,1,0,0.0,1
2022,จันทบุรี,เขาคิชฌกูฏ,5,1099,326,40,0.0,0
2022,จันทบุรี,เมืองจันทบุรี,8,100,43,2,12.0,0
2022,จันทบุรี,แก่งหางแมว,3,22,34,17,5.0,0
2022,จันทบุรี,แหลมสิงห์,1,0,0,0,0.0,0
2022,จันทบุรี,โป่งน้ำร้อน,2,4,1,0,0.0,0
2022,ฉะเชิงเทรา,คลองเขื่อน,4,559,164,0,40.0,0
2022,ฉะเชิงเทรา,ท่าตะเกียบ,1,23,10,0,58.0,0
2022,ฉะเชิงเทรา,บางคล้า,2,1072,269,0,104.0,0
2022,ฉะเชิงเทรา,บางน้ำเปรี้ยว,14,6751,2203,0,44.0,0
2022,ฉะเชิงเทรา,บ้านโพธิ์,6,1305,450,0,0.0,0
2022,ฉะเชิงเทรา,พนมสารคาม,16,3264,1186,3,2633.0,0
2022,ฉะเชิงเทรา,ราชสาส์น,4,737,276,0,1505.0,0
2022,ฉะเชิงเทรา,สนามชัยเขต,1,80,30,0,0.0,0
2022,ฉะเชิงเทรา,เมืองฉะเชิงเทรา,10,8760,9822,300,107.0,0
2022,ชลบุรี,บางละมุง,12,0,150,150,0.0,0
2022,ชลบุรี,บ้านบึง,4,0,92,50,20.0,0
2022,ชลบุรี,พนัสนิคม,2,40,102,0,0.0,0
2022,ชลบุรี,พานทอง,1,0,0,0,0.0,0
2022,ชลบุรี,ศรีราชา,9,0,65,70,0.0,2
2022,ชลบุรี,สัตหีบ,5,0,50,0,0.0,0
2022,ชลบุรี,เมืองชลบุรี,3,700,220,0,0.0,0
2022,ชัยนาท,มโนรมย์,9,627,309,302,506.0,0
2022,ชัยนาท,วัดสิงห์,7,346,121,115,630.0,1
2022,ชัยนาท,สรรคบุรี,4,210,203,2,1606.0,0
2022,ชัยนาท,สรรพยา,13,16959,6389,6249,1421.0,1
2022,ชัยนาท,หนองมะโมง,3,530,264,56,1083.0,0
2022,ชัยนาท,หันคา,18,3046,1633,314,26224.0,0
2022,ชัยนาท,เนินขาม,3,1089,1089,368,6731.0,0
2022,ชัยนาท,เมืองชัยนาท,9,1199,407,407,0.0,0
2022,ชัยภูมิ,คอนสวรรค์,13,22162,9257,0,48729.0,0
2022,ชัยภูมิ,คอนสาร,5,4392,3312,0,12157.0,0
2022,ชัยภูมิ,จัตุรัส,6,0,712,0,21930.0,1
2022,ชัยภูมิ,ซับใหญ่,1,3878,969,0,33378.0,0
2022,ชัยภูมิ,บำเหน็จณรงค์,3,4009,1204,7,43345.0,0
2022,ชัยภูมิ,บ้านเขว้า,6,0,10141,1765,131264.0,0
2022,ชัยภูมิ,บ้านแท่น,4,1055,550,0,5842.0,0
2022,ชัยภูมิ,ภักดีชุมพล,2,3443,1467,0,12912.0,0
2022,ชัยภูมิ,ภูเขียว,9,6612,2035,41,114685.0,0
2022,ชัยภูมิ,หนองบัวระเหว,3,8960,5231,322,125387.0,0
2022,ชัยภูมิ,หนองบัวแดง,6,7589,7589,110,14127.0,0
2022,ชัยภูมิ,เกษตรสมบูรณ์,7,9041,9303,10,11114.4,0
2022,ชัยภูมิ,เทพสถิต,1,10908,10908,0,60215.0,0
2022,ชัยภูมิ,เนินสง่า,3,0,8,0,6340.0,0
2022,ชัยภูมิ,เมืองชัยภูมิ,8,141079,59066,35,51020.0,0
2022,ชัยภูมิ,แก้งคร้อ,8,570,1136,9,6124.0,0
2022,ชุมพร,ท่าแซะ,9,25825,9721,22,1900.0,0
2022,ชุมพร,ปะทิว,7,10581,3461,56,0.0,0
2022,ชุมพร,พะโต๊ะ,2,837,405,0,500.0,0
2022,ชุมพร,ละแม,1,7,2,0,0.0,0
2022,ชุมพร,สวี,3,7130,2227,31,31.0,0
2022,ชุมพร,หลังสวน,12,1628,726,16,0.0,0
2022,ชุมพร,เมืองชุมพร,5,5113,2308,5,325.0,0
2022,ตรัง,กันตัง,1,33,7,0,0.0,0
2022,ตรัง,นาโยง,7,747,191,6,0.0,0
2022,ตรัง,ปะเหลียน,13,7743,3946,102,160.0,0
2022,ตรัง,ย่านตาขาว,20,2151,852,53,47.0,0
2022,ตรัง,วังวิเศษ,5,1156,283,114,2140.0,0
2022,ตรัง,สิเกา,2,35,15,10,0.0,0
2022,ตรัง,ห้วยยอด,10,1198,374,0,62.0,0
2022,ตรัง,เมืองตรัง,10,1887,748,718,1066.0,0
2022,ตราด,คลองใหญ่,1,0,0,0,0.0,0
2022,ตราด,บ่อไร่,1,0,0,0,0.0,0
2022,ตราด,เกาะกูด,1,170,55,0,0.0,0
2022,ตราด,เกาะช้าง,2,0,0,2,0.0,0
2022,ตราด,เขาสมิง,2,0,0,20,0.0,0
2022,ตราด,เมืองตราด,3,5288,1651,0,120.0,0
2022,ตราด,แหลมงอบ,3,78,36,0,0.0,0
2022,ตาก,ท่าสองยาง,4,394,157,24,113.0,0
2022,ตาก,บ้านตาก,3,1204,396,379,66.0,0
2022,ตาก,พบพระ,6,8801,2672,24,1113.0,0
2022,ตาก,วังเจ้า,8,1952,602,15,460.0,0
2022,ตาก,สามเงา,16,2919,1038,397,3862.0,0
2022,ตาก,อุ้มผาง,5,23285,9350,0,545.0,0
2022,ตาก,เมืองตาก,12,5298,3706,520,11056.0,0
2022,ตาก,แม่ระมาด,4,4688,1829,4,0.0,0
2022,ตาก,แม่สอด,12,24750,10384,68,2167.0,1
2022,นครนายก,บ้านนา,9,1800,790,0,0.0,0
2022,นครนายก,องครักษ์,11,0,0,0,0.0,0
2022,นครนายก,เมืองนครนายก,6,0,48,13,0.0,0
2022,นครปฐม,กำแพงแสน,22,20024,1934,507,4304.0,0
2022,นครปฐม,ดอนตูม,8,2318,650,63,438.0,0
2022,นครปฐม,นครชัยศรี,31,6273,3037,1735,332.0,0
2022,นครปฐม,บางเลน,31,10734,3346,1920,1208.0,0
2022,นครปฐม,พุทธมณฑล,6,3431,1695,144,0.0,0
2022,นครปฐม,สามพราน,22,6280,3127,1693,424.0,0
2022,นครปฐม,เมืองนครปฐม,36,9735,5283,398,1748.0,0
2022,นครพนม,ธาตุพนม,1,30,10,10,0.0,0
2022,นครพนม,ศรีสงคราม,1,8,1,1,0.0,0
2022,นครพนม,เมืองนครพนม,1,0,0,0,0.0,0
2022,นครราชสีมา,ขามทะเลสอ,5,6287,1889,0,3558.0,0
2022,นครราชสีมา,ขามสะแกแสง,3,5258,2629,69,177631.0,0
2022,นครราชสีมา,คง,3,420,310,310,17760.0,0
2022,นครราชสีมา,ครบุรี,3,2600,1664,0,20077.0,0
2022,นครราชสีมา,จักราช,4,8337,2779,131,14852.0,0
2022,นครราชสีมา,ชุมพวง,3,20592,15779,1715,32419.0,0
2022,นครราชสีมา,ด่านขุนทด,5,6969,2901,10,4366.0,0
2022,นครราชสีมา,บัวลาย,1,0,0,0,0.0,0
2022,นครราชสีมา,บัวใหญ่,6,0,61,0,535.0,0
2022,นครราชสีมา,บ้านเหลื่อม,2,0,1075,0,6296.0,0
2022,นครราชสีมา,ประทาย,5,0,14,14,0.0,0
2022,นครราชสีมา,ปักธงชัย,7,3644,3136,141,18928.0,0
2022,นครราชสีมา,ปากช่อง,9,1310,813,0,0.0,0
2022,นครราชสีมา,พระทองคำ,2,7360,4752,0,50747.0,0
2022,นครราชสีมา,พิมาย,11,0,4518,0,32744.0,0
2022,นครราชสีมา,ลำทะเมนชัย,3,7,7,0,31.0,0
2022,นครราชสีมา,วังน้ำเขียว,5,3600,950,0,6152.0,0
2022,นครราชสีมา,สีคิ้ว,4,20,10,0,0.0,0
2022,นครราชสีมา,สีดา,2,0,168,10,2145.0,0
2022,นครราชสีมา,สูงเนิน,8,12866,6292,0,38157.0,0
2022,นครราชสีมา,หนองบุญมาก,7,3596,200,0,54730.0,0
2022,นครราชสีมา,ห้วยแถลง,5,1287,1012,0,16106.0,0
2022,นครราชสีมา,เฉลิมพระเกียรติ,26,3170,1200,37,5019.0,0
2022,นครราชสีมา,เทพารักษ์,3,3018,280,20,16886.0,0
2022,นครราชสีมา,เมืองนครราชสีมา,32,6815,2532,254,5751.0,0
2022,นครราชสีมา,เมืองยาง,2,1107,0,210,21982.0,0
2022,นครราชสีมา,เสิงสาง,4,1031,346,0,3517.0,0
2022,นครราชสีมา,แก้งสนามนาง,3,2108,983,11,11274.0,0
2022,นครราชสีมา,โชคชัย,3,844,540,68,11152.0,0
2022,นครราชสีมา,โนนสูง,9,2710,1980,1878,20945.0,0
2022,นครราชสีมา,โนนแดง,2,1718,0,0,19010.0,0
2022,นครราชสีมา,โนนไทย,2,950,300,18,0.0,1
2022,นครศรีธรรมราช,ขนอม,3,2818,811,0,0.0,0
2022,นครศรีธรรมราช,จุฬาภรณ์,8,10374,6650,240,20685.0,1
2022,นครศรีธรรมราช,ฉวาง,1,50,30,30,0.0,0
2022,นครศรีธรรมราช,ชะอวด,11,4317,1426,250,1841.0,0
2022,นครศรีธรรมราช,ทุ่งสง,2,817,253,35,0.0,0
2022,นครศรีธรรมราช,ทุ่งใหญ่,1,70,20,0,0.0,0
2022,นครศรีธรรมราช,ท่าศาลา,10,79340,21422,7,60.0,0
2022,นครศรีธรรมราช,นบพิตำ,13,82181,7559,1,1968.0,0
2022,นครศรีธรรมราช,นาบอน,2,3534,1250,0,3350.0,0
2022,นครศรีธรรมราช,บางขัน,2,64,13,0,0.0,0
2022,นครศรีธรรมราช,ปากพนัง,4,26850,8640,200,0.0,0
2022,นครศรีธรรมราช,พรหมคีรี,2,1400,450,0,0.0,0
2022,นครศรีธรรมราช,พระพรหม,4,43134,14378,0,0.0,0
2022,นครศรีธรรมราช,พิปูน,2,1368,444,0,0.0,0
2022,นครศรีธรรมราช,ร่อนพิบูลย์,4,2527,1039,0,400.0,0
2022,นครศรีธรรมราช,ลานสกา,1,0,0,0,0.0,0
2022,นครศรีธรรมราช,สิชล,7,61585,21489,45,639.0,0
2022,นครศรีธรรมราช,หัวไทร,1,21335,7010,0,20.0,0
2022,นครศรีธรรมราช,เฉลิมพระเกียรติ,3,17816,8373,0,19069.0,0
2022,นครศรีธรรมราช,เชียรใหญ่,4,2250,750,0,2849.0,0
2022,นครศรีธรรมราช,เมืองนครศรีธรรมราช,4,14709,7180,40,2007.0,0
2022,นครสวรรค์,ชุมตาบง,1,535,154,0,899.0,0
2022,นครสวรรค์,ชุมแสง,30,29015,13799,12344,22536.0,0
2022,นครสวรรค์,ตากฟ้า,9,5627,1875,0,20114.0,0
2022,นครสวรรค์,ตาคลี,13,7414,6887,1708,13472.0,0
2022,นครสวรรค์,ท่าตะโก,35,26565,8979,2189,166433.0,0
2022,นครสวรรค์,บรรพตพิสัย,18,4075,1382,666,6734.0,0
2022,นครสวรรค์,พยุหะคีรี,22,5127,1971,1126,6384.0,0
2022,นครสวรรค์,ลาดยาว,4,1905,1119,345,14170.0,0
2022,นครสวรรค์,หนองบัว,12,6033,14033,160,109288.0,0
2022,นครสวรรค์,เก้าเลี้ยว,3,1991,654,915,3960.0,0
2022,นครสวรรค์,เมืองนครสวรรค์,58,34284,11639,7685,22299.0,1
2022,นครสวรรค์,แม่วงก์,4,5122,2286,0,20843.0,0
2022,นครสวรรค์,แม่เปิน,2,515,245,0,61.0,0
2022,นครสวรรค์,โกรกพระ,14,8860,2982,431,4905.0,0
2022,นครสวรรค์,ไพศาลี,2,12675,4225,0,50826.0,0
2022,นนทบุรี,บางกรวย,2,0,30297,0,0.0,0
2022,นนทบุรี,บางบัวทอง,3,0,59161,0,0.0,0
2022,นนทบุรี,บางใหญ่,1,0,6728,0,0.0,0
2022,นนทบุรี,ปากเกร็ด,3,0,7317,0,0.0,0
2022,นนทบุรี,เมืองนนทบุรี,5,0,10161,0,0.0,0
2022,นนทบุรี,ไทรน้อย,2,0,462,0,0.0,0
2022,นราธิวาส,จะแนะ,3,28286,6200,1427,93.0,0
2022,นราธิวาส,ตากใบ,7,26992,5864,1029,3019.0,0
2022,นราธิวาส,บาเจาะ,5,11852,3565,509,3037.0,0
2022,นราธิวาส,ยี่งอ,4,22537,5510,670,175.0,0
2022,นราธิวาส,ระแงะ,9,68295,16411,2557,130.0,0
2022,นราธิวาส,รือเสาะ,10,32846,12945,1652,4302.0,0
2022,นราธิวาส,ศรีสาคร,4,12616,2743,490,242.0,0
2022,นราธิวาส,สุคิริน,2,3617,1702,614,205.0,8
2022,นราธิวาส,สุไหงปาดี,6,36450,11128,1976,762.0,0
2022,นราธิวาส,สุไหงโก-ลก,9,23269,5107,2308,68.0,0
2022,นราธิวาส,เจาะไอร้อง,4,8507,3089,1336,12.0,0
2022,นราธิวาส,เมืองนราธิวาส,6,58896,15763,4560,11.0,0
2022,นราธิวาส,แว้ง,5,21409,7401,1779,3750.0,0
2022,น่าน,ทุ่งช้าง,1,220,81,10,210.0,0
2022,น่าน,ท่าวังผา,5,15613,5259,1600,2473.0,0
2022,น่าน,นาน้อย,15,3577,1178,38,412.0,0
2022,น่าน,นาหมื่น,4,389,341,10,65.0,0
2022,น่าน,บ่อเกลือ,2,1361,294,1,24.0,0
2022,น่าน,บ้านหลวง,4,1839,394,8,544.0,0
2022,น่าน,ปัว,6,1925,677,77,364.0,0
2022,น่าน,ภูเพียง,3,1010,357,233,979.0,0
2022,น่าน,สองแคว,6,223,239,0,96.0,0
2022,น่าน,สันติสุข,4,1332,599,0,12.0,0
2022,น่าน,เฉลิมพระเกียรติ,1,210,85,6,118.0,0
2022,น่าน,เชียงกลาง,6,6365,2265,78,1844.0,0
2022,น่าน,เมืองน่าน,8,9104,3051,84,372.0,0
2022,น่าน,เวียงสา,8,7429,3058,42,8605.0,0
2022,น่าน,แม่จริม,6,1009,283,0,117.0,0
2022,บุรีรัมย์,กระสัง,2,2913,1313,27,43200.5,0
2022,บุรีรัมย์,คูเมือง,3,3336,1575,0,15683.0,0
2022,บุรีรัมย์,ชำนิ,1,0,1707,0,14657.0,0
2022,บุรีรัมย์,นางรอง,4,96199,20047,180,32447.0,0
2022,บุรีรัมย์,นาโพธิ์,4,0,130,3,879.0,0
2022,บุรีรัมย์,บ้านกรวด,2,668,351,37,1253.0,0
2022,บุรีรัมย์,บ้านด่าน,2,0,1280,14,1000.0,0
2022,บุรีรัมย์,บ้านใหม่ไชยพจน์,3,1060,42,0,2079.3,0
2022,บุรีรัมย์,ประโคนชัย,2,2576,1000,15,17458.0,0
2022,บุรีรัมย์,ปะคำ,3,493,172,11,1984.0,0
2022,บุรีรัมย์,พลับพลาชัย,3,534,655,80,6404.0,0
2022,บุรีรัมย์,พุทไธสง,4,0,1794,13,15713.0,0
2022,บุรีรัมย์,ละหานทราย,1,177,57,0,598.0,0
2022,บุรีรัมย์,ลำปลายมาศ,2,0,3730,10,29087.15,0
2022,บุรีรัมย์,สตึก,3,0,348,5,3689.0,0
2022,บุรีรัมย์,หนองกี่,3,9015,4206,0,23036.0,0
2022,บุรีรัมย์,หนองหงส์,2,525,500,0,8941.0,0
2022,บุรีรัมย์,ห้วยราช,2,46,20,0,87.0,0
2022,บุรีรัมย์,เฉลิมพระเกียรติ,2,581,150,30,0.0,0
2022,บุรีรัมย์,เมืองบุรีรัมย์,3,10,331,3,9419.0,0
2022,บุรีรัมย์,แคนดง,3,0,1972,0,19354.0,0
2022,บุรีรัมย์,โนนดินแดง,1,0,1653,1,1123.0,0
2022,บุรีรัมย์,โนนสุวรรณ,4,351,217,65,5127.15,0
2022,ปทุมธานี,คลองหลวง,3,0,0,0,0.0,0
2022,ปทุมธานี,ธัญบุรี,3,83573,55165,152,0.0,0
2022,ปทุมธานี,ลาดหลุมแก้ว,1,0,0,0,0.0,0
2022,ปทุมธานี,ลำลูกกา,2,0,0,0,0.0,0
2022,ปทุมธานี,สามโคก,4,0,0,0,0.0,0
2022,ปทุมธานี,หนองเสือ,2,0,0,0,0.0,0
2022,ปทุมธานี,เมืองปทุมธานี,12,1080,5599,963,0.0,0
2022,ประจวบคีรีขันธ์,กุยบุรี,2,76,33,2,85.0,0
2022,ประจวบคีรีขันธ์,ทับสะแก,5,4020,1270,52,590.0,1
2022,ประจวบคีรีขันธ์,บางสะพาน,12,12656,5198,13,2.0,0
2022,ประจวบคีรีขันธ์,บางสะพานน้อย,2,220,69,0,0.0,0
2022,ประจวบคีรีขันธ์,ปราณบุรี,1,524,181,0,0.0,0
2022,ประจวบคีรีขันธ์,สามร้อยยอด,3,1382,561,400,1421.0,0
2022,ประจวบคีรีขันธ์,หัวหิน,5,850,308,300,380.0,0
2022,ประจวบคีรีขันธ์,เมืองประจวบคีรีขันธ์,5,859,222,47,83.0,0
2022,ปราจีนบุรี,กบินทร์บุรี,15,65,2042,83,4151.0,0
2022,ปราจีนบุรี,นาดี,1,0,0,0,0.0,0
2022,ปราจีนบุรี,บ้านสร้าง,4,0,5192,0,0.0,0
2022,ปราจีนบุรี,ประจันตคาม,8,10,971,481,0.0,0
2022,ปราจีนบุรี,ศรีมหาโพธิ,16,0,963,10,0.0,0
2022,ปราจีนบุรี,ศรีมโหสถ,3,140,53,0,24.0,0
2022,ปราจีนบุรี,เมืองปราจีนบุรี,4,40,1877,40,0.0,0
2022,ปัตตานี,กะพ้อ,1,74,0,19,0.0,0
2022,ปัตตานี,ทุ่งยางแดง,1,460,71,182,0.0,0
2022,ปัตตานี,ปะนาเระ,2,6312,3156,0,2283.0,0
2022,ปัตตานี,มายอ,2,3632,1016,0,122.5,0
2022,ปัตตานี,ยะรัง,3,765,193,20,10.0,1
2022,ปัตตานี,ยะหริ่ง,4,3197,1316,489,680.0,0
2022,ปัตตานี,สายบุรี,5,12571,3569,0,0.0,0
2022,ปัตตานี,หนองจิก,4,1003,289,157,178.0,0
2022,ปัตตานี,เมืองปัตตานี,18,52069,11020,3286,786.0,0
2022,ปัตตานี,แม่ลาน,7,5708,1278,930,711.5,0
2022,ปัตตานี,โคกโพธิ์,3,3287,978,426,770.0,0
2022,ปัตตานี,ไม้แก่น,1,2229,743,0,629.0,0
2022,พระนครศรีอยุธยา,ท่าเรือ,6,0,0,32,0.0,0
2022,พระนครศรีอยุธยา,นครหลวง,4,0,408,442,5016.0,0
2022,พระนครศรีอยุธยา,บางซ้าย,1,0,0,0,0.0,0
2022,พระนครศรีอยุธยา,บางบาล,15,0,0,987,804.0,0
2022,พระนครศรีอยุธยา,บางปะหัน,8,0,477,1007,0.0,0
2022,พระนครศรีอยุธยา,บางปะอิน,8,0,0,1452,0.0,0
2022,พระนครศรีอยุธยา,บางไทร,6,0,0,1326,1946.0,0
2022,พระนครศรีอยุธยา,บ้านแพรก,1,0,0,0,0.0,0
2022,พระนครศรีอยุธยา,ผักไห่,12,0,19,1286,20.0,0
2022,พระนครศรีอยุธยา,พระนครศรีอยุธยา,7,0,2587,3393,0.0,0
2022,พระนครศรีอยุธยา,ภาชี,3,0,0,0,0.0,0
2022,พระนครศรีอยุธยา,มหาราช,1,0,0,0,0.0,0
2022,พระนครศรีอยุธยา,ลาดบัวหลวง,1,0,0,0,0.0,0
2022,พระนครศรีอยุธยา,วังน้อย,2,0,0,0,0.0,0
2022,พระนครศรีอยุธยา,อุทัย,4,0,0,0,0.0,0
2022,พระนครศรีอยุธยา,เสนา,14,1624,0,3343,208.0,2
2022,พะเยา,จุน,7,65,82,62,500.0,0
2022,พะเยา,ดอกคำใต้,11,2189,806,295,4237.0,0
2022,พะเยา,ปง,5,571,145,1,0.0,1
2022,พะเยา,ภูกามยาว,7,81,63,3,1003.0,0
2022,พะเยา,ภูซาง,4,5100,2555,100,2563.0,0
2022,พะเยา,เชียงคำ,8,20,737,0,8696.0,0
2022,พะเยา,เชียงม่วน,7,646,344,55,10776.0,0
2022,พะเยา,เมืองพะเยา,20,268,253,66,4281.0,0
2022,พะเยา,แม่ใจ,8,340,221,41,8043.0,0
2022,พังงา,กะปง,1,0,0,0,0.0,0
2022,พังงา,ตะกั่วทุ่ง,4,1629,635,143,0.0,0
2022,พังงา,ตะกั่วป่า,7,1121,385,315,0.0,0
2022,พังงา,ทับปุด,1,20,6,6,0.0,0
2022,พังงา,ท้ายเหมือง,4,935,232,117,0.0,0
2022,พังงา,เกาะยาว,2,10,3,1,0.0,0
2022,พังงา,เมืองพังงา,7,3496,630,9,0.0,1
2022,พัทลุง,กงหรา,3,31270,7974,35174,40039.0,0
2022,พัทลุง,ควนขนุน,11,3518,1608,31,6621.0,1
2022,พัทลุง,ตะโหมด,2,11200,2680,0,0.0,0
2022,พัทลุง,บางแก้ว,2,4650,2076,1,0.0,0
2022,พัทลุง,ปากพะยูน,5,66036,22915,130,41256.0,1
2022,พัทลุง,ป่าบอน,2,15070,5030,0,35.0,0
2022,พัทลุง,ป่าพะยอม,1,593,235,0,0.0,0
2022,พัทลุง,ศรีนครินทร์,5,500,160,0,0.0,0
2022,พัทลุง,ศรีบรรพต,1,0,0,0,0.0,0
2022,พัทลุง,เขาชัยสน,2,20898,12459,4,6260.0,0
2022,พัทลุง,เมืองพัทลุง,10,49828,12890,5,11852.0,0
2022,พิจิตร,ดงเจริญ,13,913,833,38,2845.0,0
2022,พิจิตร,ตะพานหิน,10,466,432,1133,17255.0,0
2022,พิจิตร,ทับคล้อ,8,0,533,36,2507.0,0
2022,พิจิตร,บางมูลนาก,8,1689,246,185,6381.0,0
2022,พิจิตร,บึงนาราง,7,92,136,615,5743.0,0
2022,พิจิตร,วชิรบารมี,7,0,296,30,3661.0,0
2022,พิจิตร,วังทรายพูน,8,433,390,151,5848.0,0
2022,พิจิตร,สากเหล็ก,3,0,140,0,2955.0,0
2022,พิจิตร,สามง่าม,10,118,517,605,2933.0,0
2022,พิจิตร,เมืองพิจิตร,14,2576,1097,126,7077.0,0
2022,พิจิตร,โพทะเล,9,1385,800,431,7018.0,0
2022,พิจิตร,โพธิ์ประทับช้าง,9,0,278,1347,2002.0,0
2022,พิษณุโลก,ชาติตระการ,11,51,1091,5,5093.0,2
2022,พิษณุโลก,นครไทย,10,3335,4078,499,16580.0,0
2022,พิษณุโลก,บางกระทุ่ม,5,769,783,0,8319.0,0
2022,พิษณุโลก,บางระกำ,4,0,2552,2181,6358.0,0
2022,พิษณุโลก,พรหมพิราม,3,0,1403,333,18563.0,0
2022,พิษณุโลก,วังทอง,9,0,2696,1119,21833.0,0
2022,พิษณุโลก,วัดโบสถ์,3,1091,1113,0,9704.0,0
2022,พิษณุโลก,เนินมะปราง,5,35,844,105,11324.0,0
2022,พิษณุโลก,เมืองพิษณุโลก,8,285,250,73,7421.0,1
2022,ภูเก็ต,กะทู้,8,0,0,10,0.0,0
2022,ภูเก็ต,ถลาง,9,843,174,32,0.0,0
2022,ภูเก็ต,เมืองภูเก็ต,11,0,10,14,0.0,0
2022,มหาสารคาม,กันทรวิชัย,3,15865,4913,4999,129864.0,3
2022,มหาสารคาม,กุดรัง,2,0,52,0,271.0,0
2022,มหาสารคาม,นาดูน,1,0,4,0,13.0,0
2022,มหาสารคาม,พยัคฆภูมิพิสัย,2,880,2289,0,18542.0,0
2022,มหาสารคาม,ยางสีสุราช,2,0,672,0,2463.0,0
2022,มหาสารคาม,วาปีปทุม,2,891,891,0,5189.0,0
2022,มหาสารคาม,เชียงยืน,4,3987,1730,16,13935.0,1
2022,มหาสารคาม,เมืองมหาสารคาม,7,16244,5792,3476,40840.0,4
2022,มหาสารคาม,โกสุมพิสัย,3,17376,5204,4282,251463.0,3
2022,มุกดาหาร,คำชะอี,1,0,1,1,0.0,0
2022,มุกดาหาร,ดอนตาล,4,0,0,4,0.0,0
2022,มุกดาหาร,นิคมคำสร้อย,4,0,30,0,45.0,0
2022,มุกดาหาร,หว้านใหญ่,1,0,0,0,0.0,0
2022,มุกดาหาร,เมืองมุกดาหาร,5,330,130,34,0.0,0
2022,ยะลา,กรงปินัง,2,843,1004,0,0.0,0
2022,ยะลา,กาบัง,3,320,93,0,0.0,1
2022,ยะลา,ธารโต,6,1668,582,0,0.0,0
2022,ยะลา,บันนังสตา,5,4231,937,56,0.0,0
2022,ยะลา,ยะหา,7,8247,1706,16,0.0,1
2022,ยะลา,รามัน,4,11588,2826,3,1620.0,0
2022,ยะลา,เบตง,17,553,169,72,0.0,0
2022,ยะลา,เมืองยะลา,14,39633,11067,37,450.0,3
2022,ยโสธร,คำเขื่อนแก้ว,1,0,1540,0,17069.0,0
2022,ยโสธร,ค้อวัง,1,0,0,11,0.0,0
2022,ยโสธร,ป่าติ้ว,1,0,1048,0,7298.0,0
2022,ยโสธร,มหาชนะชัย,2,0,2409,0,21132.0,0
2022,ยโสธร,เมืองยโสธร,3,3099,3099,0,34562.0,0
2022,ยโสธร,เลิงนกทา,2,0,0,0,0.0,0
2022,ระนอง,กระบุรี,4,3060,910,58,0.0,1
2022,ระนอง,กะเปอร์,3,184,50,15,2.0,0
2022,ระนอง,ละอุ่น,2,28,11,0,0.0,0
2022,ระนอง,สุขสำราญ,2,450,214,14,0.0,0
2022,ระยอง,นิคมพัฒนา,3,185,55,20,0.0,0
2022,ระยอง,บ้านค่าย,14,1200,351,88,20.0,0
2022,ระยอง,บ้านฉาง,2,0,0,0,0.0,0
2022,ระยอง,ปลวกแดง,2,0,0,0,0.0,0
2022,ระยอง,วังจันทร์,3,1048,846,132,1115.0,0
2022,ระยอง,เขาชะเมา,2,0,19,4,0.0,0
2022,ระยอง,เมืองระยอง,35,14249,19750,1892,90.0,0
2022,ระยอง,แกลง,9,26750,5780,270,1100.0,0
2022,ราชบุรี,จอมบึง,1,0,127,127,0.0,0
2022,ราชบุรี,บางแพ,5,1838,967,195,0.0,0
2022,ราชบุรี,บ้านโป่ง,6,90,1750,1697,317.0,0
2022,ราชบุรี,ปากท่อ,4,200,150,1,401.0,0
2022,ราชบุรี,วัดเพลง,1,0,8,8,0.0,0
2022,ราชบุรี,โพธาราม,1,0,108,108,118.0,0
2022,ร้อยเอ็ด,จังหาร,5,1083,461,0,8680.0,1
2022,ร้อยเอ็ด,ทุ่งเขาหลวง,5,1705,835,0,4796.0,0
2022,ร้อยเอ็ด,ธวัชบุรี,2,1548,516,0,7626.0,0
2022,ร้อยเอ็ด,ปทุมรัตต์,2,958,239,0,1894.0,0
2022,ร้อยเอ็ด,พนมไพร,2,460,141,0,2666.0,0
2022,ร้อยเอ็ด,สุวรรณภูมิ,2,415,126,0,4493.0,0
2022,ร้อยเอ็ด,อาจสามารถ,1,1830,610,0,0.0,0
2022,ร้อยเอ็ด,เกษตรวิสัย,5,9180,3609,0,29302.0,0
2022,ร้อยเอ็ด,เชียงขวัญ,2,451,189,0,4130.0,0
2022,ร้อยเอ็ด,เมืองร้อยเอ็ด,1,0,6,6,0.0,0
2022,ร้อยเอ็ด,เสลภูมิ,2,4526,1137,0,35990.0,0
2022,ร้อยเอ็ด,โพธิ์ชัย,2,1860,620,0,5660.0,0
2022,ร้อยเอ็ด,โพนทราย,2,823,271,0,2353.0,0
2022,ร้อยเอ็ด,โพนทอง,3,225,475,0,241.0,0
2022,ลพบุรี,ชัยบาดาล,4,66,4843,0,17521.0,0
2022,ลพบุรี,ท่าหลวง,1,3682,1473,0,2604.0,0
2022,ลพบุรี,บ้านหมี่,3,141,6415,80,3485.0,0
2022,ลพบุรี,พัฒนานิคม,1,0,352,0,2940.0,0
2022,ลพบุรี,ลำสนธิ,1,23181,8218,0,2279.0,0
2022,ลพบุรี,สระโบสถ์,2,0,1040,0,1638.0,0
2022,ลพบุรี,หนองม่วง,1,0,1688,0,15049.0,0
2022,ลพบุรี,เมืองลพบุรี,4,200,6435,0,905.0,0
2022,ลพบุรี,โคกสำโรง,6,100,30,10,1006.0,0
2022,ลพบุรี,โคกเจริญ,2,0,120,0,17200.0,0
2022,ลำปาง,งาว,6,1272,529,31,533.0,0
2022,ลำปาง,วังเหนือ,13,2003,807,73,180.0,0
2022,ลำปาง,สบปราบ,7,1584,511,10,402.0,0
2022,ลำปาง,ห้างฉัตร,13,5601,2200,1098,42.0,0
2022,ลำปาง,เกาะคา,19,3995,1787,1084,4609.0,0
2022,ลำปาง,เถิน,12,6433,2628,1021,537.0,0
2022,ลำปาง,เมืองปาน,9,27253,24683,24,457.0,0
2022,ลำปาง,เมืองลำปาง,11,7678,2969,1454,508.0,0
2022,ลำปาง,เสริมงาม,6,581,197,7,23.0,0
2022,ลำปาง,แจ้ห่ม,12,10936,4215,342,2936.0,0
2022,ลำปาง,แม่ทะ,8,835,298,11,6.0,0
2022,ลำปาง,แม่พริก,8,3159,1194,216,7198.0,0
2022,ลำปาง,แม่เมาะ,2,84,30,1,0.0,0
2022,ลำพูน,ทุ่งหัวช้าง,8,0,251,53,13.0,0
2022,ลำพูน,บ้านธิ,3,0,7,12,0.0,0
2022,ลำพูน,บ้านโฮ่ง,9,0,86,87,0.0,0
2022,ลำพูน,ป่าซาง,4,0,19,19,0.0,0
2022,ลำพูน,ลี้,7,95,209,209,30.0,0
2022,ลำพูน,เมืองลำพูน,9,55,72,56,0.0,0
2022,ลำพูน,เวียงหนองล่อง,2,0,7,7,0.0,0
2022,ลำพูน,แม่ทา,5,0,20,17,1.0,0
2022,ศรีสะเกษ,กันทรลักษ์,13,24,465,9,9750.0,0
2022,ศรีสะเกษ,กันทรารมย์,1,6021,2040,0,10628.0,0
2022,ศรีสะเกษ,ขุขันธ์,1,0,0,0,0.0,0
2022,ศรีสะเกษ,ขุนหาญ,3,347,184,0,500.0,0
2022,ศรีสะเกษ,น้ำเกลี้ยง,1,9,3,1,0.0,0
2022,ศรีสะเกษ,ปรางค์กู่,1,13266,4422,0,45997.0,0
2022,ศรีสะเกษ,ภูสิงห์,3,496,113,40,528.0,0
2022,ศรีสะเกษ,ยางชุมน้อย,2,2906,227,10,960.0,0
2022,ศรีสะเกษ,ราษีไศล,2,9477,2631,0,19260.0,0
2022,ศรีสะเกษ,วังหิน,1,45,15,15,550.0,0
2022,ศรีสะเกษ,ห้วยทับทัน,3,418,398,44,3337.0,0
2022,ศรีสะเกษ,อุทุมพรพิสัย,1,1557,519,0,3000.0,0
2022,ศรีสะเกษ,เบญจลักษ์,1,0,0,0,0.0,0
2022,ศรีสะเกษ,เมืองจันทร์,1,30,10,0,60.0,0
2022,ศรีสะเกษ,เมืองศรีสะเกษ,4,1387,126,114,0.0,0
2022,ศรีสะเกษ,โนนคูณ,3,132,94,0,503.0,0
2022,ศรีสะเกษ,โพธิ์ศรีสุวรรณ,1,184,54,54,0.0,0
2022,สกลนคร,พังโคน,1,0,0,0,0.0,0
2022,สงขลา,คลองหอยโข่ง,3,750,290,0,0.0,0
2022,สงขลา,ควนเนียง,2,0,0,40,800.0,0
2022,สงขลา,จะนะ,4,6803,2132,804,150.0,0
2022,สงขลา,นาทวี,7,9619,3322,0,0.0,1
2022,สงขลา,นาหม่อม,3,648,244,35,0.0,1
2022,สงขลา,บางกล่ำ,4,1050,315,12,1510.0,0
2022,สงขลา,ระโนด,4,9182,3897,80,350.0,0
2022,สงขลา,รัตภูมิ,4,0,1225,60,126.0,0
2022,สงขลา,สะบ้าย้อย,7,7664,2234,141,238.0,1
2022,สงขลา,สะเดา,7,1135,360,250,10.0,0
2022,สงขลา,สิงหนคร,1,0,0,0,0.0,0
2022,สงขลา,หาดใหญ่,4,43474,15339,70,0.0,0
2022,สงขลา,เทพา,7,9521,2240,38,1641.0,1
2022,สงขลา,เมืองสงขลา,1,0,0,20,0.0,0
2022,สตูล,ควนกาหลง,3,180,60,60,0.0,0
2022,สตูล,ควนโดน,1,4592,1148,0,0.0,0
2022,สตูล,ทุ่งหว้า,2,1489,483,402,0.0,0
2022,สตูล,ท่าแพ,5,520,130,41,0.0,0
2022,สตูล,มะนัง,4,933,371,175,0.0,0
2022,สตูล,ละงู,4,4403,1343,294,0.0,0
2022,สตูล,เมืองสตูล,3,105,35,0,0.0,0
2022,สมุทรปราการ,บางบ่อ,1,0,10168,0,0.0,0
2022,สมุทรปราการ,บางพลี,2,9670,2560,0,0.0,0
2022,สมุทรปราการ,บางเสาธง,1,0,37844,9000,0.0,0
2022,สมุทรปราการ,เมืองสมุทรปราการ,2,0,500,0,0.0,0
2022,สมุทรสงคราม,บางคนที,2,0,22,22,0.0,0
2022,สมุทรสงคราม,อัมพวา,1,0,0,0,0.0,0
2022,สมุทรสาคร,กระทุ่มแบน,4,289,350,0,0.0,0
2022,สมุทรสาคร,บ้านแพ้ว,4,0,1460,0,0.0,0
2022,สมุทรสาคร,เมืองสมุทรสาคร,1,0,30,0,0.0,0
2022,สระบุรี,ดอนพุด,1,1307,483,0,69.0,0
2022,สระบุรี,บ้านหมอ,13,1495,1102,203,660.0,0
2022,สระบุรี,พระพุทธบาท,10,4682,1888,145,2204.0,0
2022,สระบุรี,มวกเหล็ก,1,20,5,1,0.0,0
2022,สระบุรี,วังม่วง,7,148,92,12,832.0,0
2022,สระบุรี,วิหารแดง,2,387,77,77,0.0,0
2022,สระบุรี,หนองแค,8,169,620,383,216.0,0
2022,สระบุรี,หนองแซง,3,47,192,0,2516.0,0
2022,สระบุรี,หนองโดน,2,13,11,0,111.0,0
2022,สระบุรี,เฉลิมพระเกียรติ,1,266,164,20,1135.0,0
2022,สระบุรี,เมืองสระบุรี,14,1066,396,326,1087.0,0
2022,สระบุรี,เสาไห้,8,1397,833,479,70.0,0
2022,สระบุรี,แก่งคอย,12,1455,478,72,193.0,0
2022,สระแก้ว,คลองหาด,7,409,1023,0,815.0,0
2022,สระแก้ว,ตาพระยา,3,0,5553,10,69029.0,0
2022,สระแก้ว,วังน้ำเย็น,7,969,469,470,10.0,0
2022,สระแก้ว,วังสมบูรณ์,4,2127,843,12,0.0,0
2022,สระแก้ว,วัฒนานคร,4,25,30,18,33.0,0
2022,สระแก้ว,อรัญประเทศ,3,992,851,85,0.0,0
2022,สระแก้ว,เขาฉกรรจ์,2,0,154,0,0.0,0
2022,สระแก้ว,เมืองสระแก้ว,5,17,163,90,1307.0,0
2022,สระแก้ว,โคกสูง,6,1842,956,0,9562.0,0
2022,สิงห์บุรี,ค่ายบางระจัน,2,1105,354,354,0.0,0
2022,สิงห์บุรี,ท่าช้าง,1,5594,2122,282,0.0,2
2022,สิงห์บุรี,บางระจัน,3,1935,666,89,0.0,0
2022,สิงห์บุรี,พรหมบุรี,4,5850,1873,1218,4220.0,1
2022,สิงห์บุรี,อินทร์บุรี,5,11699,4050,1118,0.0,2
2022,สิงห์บุรี,เมืองสิงห์บุรี,6,15728,5623,1116,0.0,1
2022,สุพรรณบุรี,ดอนเจดีย์,1,42,14,0,254.0,0
2022,สุพรรณบุรี,ด่านช้าง,7,200,0,20,0.0,0
2022,สุพรรณบุรี,บางปลาม้า,3,35692,12150,0,0.0,0
2022,สุพรรณบุรี,สองพี่น้อง,5,21453,7632,6342,15.0,0
2022,สุพรรณบุรี,สามชุก,4,2964,984,0,11458.0,0
2022,สุพรรณบุรี,หนองหญ้าไซ,2,0,0,3,1950.0,0
2022,สุพรรณบุรี,อู่ทอง,4,891,297,3,1200.0,0
2022,สุพรรณบุรี,เดิมบางนางบวช,7,2375,796,0,7230.0,0
2022,สุพรรณบุรี,เมืองสุพรรณบุรี,7,3727,1281,863,13.0,0
2022,สุราษฎร์ธานี,กาญจนดิษฐ์,7,31295,12802,8,510.0,0
2022,สุราษฎร์ธานี,คีรีรัฐนิคม,7,3600,1100,4,0.0,0
2022,สุราษฎร์ธานี,ชัยบุรี,3,712,195,5,0.0,0
2022,สุราษฎร์ธานี,ดอนสัก,4,3295,1265,30,25.0,0
2022,สุราษฎร์ธานี,ท่าฉาง,5,3014,932,2,0.0,1
2022,สุราษฎร์ธานี,ท่าชนะ,12,32798,10623,47,0.0,0
2022,สุราษฎร์ธานี,บ้านตาขุน,2,22,9,0,0.0,0
2022,สุราษฎร์ธานี,บ้านนาสาร,2,527,104,74,0.0,0
2022,สุราษฎร์ธานี,บ้านนาเดิม,1,20,5,0,0.0,0
2022,สุราษฎร์ธานี,พนม,7,3974,1096,0,0.0,0
2022,สุราษฎร์ธานี,พระแสง,3,1100,300,0,0.0,0
2022,สุราษฎร์ธานี,พุนพิน,2,2060,650,0,0.0,0
2022,สุราษฎร์ธานี,วิภาวดี,6,3798,1367,48,0.0,0
2022,สุราษฎร์ธานี,เกาะพะงัน,1,52,13,0,0.0,0
2022,สุราษฎร์ธานี,เมืองสุราษฎร์ธานี,6,1094,199,0,0.0,0
2022,สุราษฎร์ธานี,ไชยา,5,18373,6311,10,37.0,0
2022,สุรินทร์,กาบเชิง,1,0,0,0,0.0,0
2022,สุรินทร์,จอมพระ,3,0,0,0,3885.0,0
2022,สุรินทร์,ชุมพลบุรี,4,0,0,0,18631.0,2
2022,สุรินทร์,ท่าตูม,2,0,0,0,22423.0,0
2022,สุรินทร์,บัวเชด,1,0,0,0,6757.0,0
2022,สุรินทร์,ปราสาท,5,0,0,0,8267.0,0
2022,สุรินทร์,พนมดงรัก,3,0,0,1,2995.0,0
2022,สุรินทร์,รัตนบุรี,3,0,0,23,44101.0,0
2022,สุรินทร์,ลำดวน,3,0,0,0,778.0,0
2022,สุรินทร์,ศรีณรงค์,2,0,0,3,7027.0,0
2022,สุรินทร์,ศีขรภูมิ,2,0,0,0,15245.0,0
2022,สุรินทร์,สนม,1,0,0,2,0.0,0
2022,สุรินทร์,สังขะ,4,0,0,13,5487.0,0
2022,สุรินทร์,สำโรงทาบ,3,0,0,0,27777.0,0
2022,สุรินทร์,เมืองสุรินทร์,4,0,0,10,9241.0,0
2022,สุรินทร์,โนนนารายณ์,1,0,0,0,3824.0,0
2022,สุโขทัย,กงไกรลาศ,36,7305,2772,72,858.0,0
2022,สุโขทัย,คีรีมาศ,4,5400,1818,76,9258.0,0
2022,สุโขทัย,ทุ่งเสลี่ยม,4,1515,558,311,1183.0,0
2022,สุโขทัย,บ้านด่านลานหอย,5,4714,3882,0,4695.0,0
2022,สุโขทัย,ศรีนคร,7,477,330,15,4542.0,0
2022,สุโขทัย,ศรีสัชนาลัย,13,4122,1568,0,664.0,1
2022,สุโขทัย,ศรีสำโรง,10,4722,3401,0,26360.0,0
2022,สุโขทัย,สวรรคโลก,21,4752,2128,66,19757.0,0
2022,สุโขทัย,เมืองสุโขทัย,16,4647,2277,625,15479.0,0
2022,หนองคาย,ท่าบ่อ,2,0,0,0,0.0,0
2022,หนองคาย,ศรีเชียงใหม่,2,0,0,0,0.0,0
2022,หนองคาย,สระใคร,1,0,0,40,0.0,0
2022,หนองคาย,สังคม,3,0,0,0,0.0,0
2022,หนองคาย,เมืองหนองคาย,2,0,0,0,0.0,0
2022,หนองคาย,โพธิ์ตาก,3,0,0,0,0.0,0
2022,หนองบัวลำภู,นากลาง,5,0,0,14,0.0,0
2022,หนองบัวลำภู,นาวัง,4,413,553,5,2627.0,0
2022,หนองบัวลำภู,ศรีบุญเรือง,19,576,778,315,9000.0,0
2022,หนองบัวลำภู,สุวรรณคูหา,3,0,126,60,0.0,0
2022,หนองบัวลำภู,เมืองหนองบัวลำภู,13,1204,907,808,4702.0,0
2022,หนองบัวลำภู,โนนสัง,3,7730,2576,715,14988.0,0
2022,อำนาจเจริญ,ชานุมาน,2,0,0,0,0.0,0
2022,อำนาจเจริญ,ปทุมราชวงศา,1,0,0,0,0.0,0
2022,อำนาจเจริญ,พนา,1,0,0,0,0.0,0
2022,อำนาจเจริญ,ลืออำนาจ,1,0,0,0,0.0,0
2022,อำนาจเจริญ,หัวตะพาน,2,0,1483,2,11651.0,0
2022,อำนาจเจริญ,เมืองอำนาจเจริญ,5,16727,16727,6,13002.0,0
2022,อำนาจเจริญ,เสนางคนิคม,1,748,748,0,1179.0,0
2022,อุดรธานี,กุดจับ,2,383,122,0,3160.0,0
2022,อุดรธานี,กุมภวาปี,1,0,0,0,0.0,0
2022,อุดรธานี,นายูง,2,1740,126,43,0.0,0
2022,อุดรธานี,น้ำโสม,1,100,25,0,0.0,0
2022,อุดรธานี,บ้านผือ,2,2173,1258,0,12458.0,0
2022,อุดรธานี,พิบูลย์รักษ์,1,0,0,0,0.0,0
2022,อุดรธานี,ศรีธาตุ,1,0,0,0,0.0,0
2022,อุดรธานี,เมืองอุดรธานี,5,0,0,0,0.0,0
2022,อุตรดิตถ์,ตรอน,4,2963,735,117,4369.0,0
2022,อุตรดิตถ์,ทองแสนขัน,2,568,1830,3,13903.0,0
2022,อุตรดิตถ์,ท่าปลา,3,14853,3218,1075,777.0,0
2022,อุตรดิตถ์,น้ำปาด,5,1881,885,70,1437.0,0
2022,อุตรดิตถ์,บ้านโคก,2,0,280,0,500.0,0
2022,อุตรดิตถ์,พิชัย,5,4445,1531,12,16639.0,0
2022,อุตรดิตถ์,ฟากท่า,4,561,211,14,702.0,0
2022,อุตรดิตถ์,ลับแล,1,2,2,2,0.0,0
2022,อุตรดิตถ์,เมืองอุตรดิตถ์,5,773,327,100,4312.0,0
2022,อุทัยธานี,ทัพทัน,2,736,30,0,270.0,0
2022,อุทัยธานี,บ้านไร่,2,2744,803,665,1143.0,0
2022,อุทัยธานี,ลานสัก,5,140,3394,0,530.0,0
2022,อุทัยธานี,สว่างอารมณ์,2,480,112,15,70233.0,0
2022,อุทัยธานี,หนองขาหย่าง,1,5315,1862,0,0.0,0
2022,อุทัยธานี,หนองฉาง,1,2736,908,0,0.0,0
2022,อุทัยธานี,ห้วยคต,4,969,350,5,1985.0,0
2022,อุทัยธานี,เมืองอุทัยธานี,4,0,5228,0,359.0,0
2022,อุบลราชธานี,ดอนมดแดง,4,23896,5999,386,26163.0,0
2022,อุบลราชธานี,ตระการพืชผล,1,6456,1639,11,0.0,0
2022,อุบลราชธานี,ตาลสุม,1,0,0,0,0.0,0
2022,อุบลราชธานี,ทุ่งศรีอุดม,1,0,0,0,0.0,0
2022,อุบลราชธานี,นาจะหลวย,2,0,0,0,0.0,0
2022,อุบลราชธานี,นาเยีย,1,0,0,0,0.0,0
2022,อุบลราชธานี,น้ำขุ่น,2,1211,1211,1211,5920.0,0
2022,อุบลราชธานี,น้ำยืน,1,0,0,0,0.0,0
2022,อุบลราชธานี,บุณฑริก,1,0,0,0,0.0,0
2022,อุบลราชธานี,พิบูลมังสาหาร,3,2460,640,46,13712.0,0
2022,อุบลราชธานี,ม่วงสามสิบ,2,3009,12036,204,92504.0,0
2022,อุบลราชธานี,วารินชำราบ,13,43193,12152,2490,37799.0,0
2022,อุบลราชธานี,สว่างวีระวงศ์,3,160,448,0,1427.0,0
2022,อุบลราชธานี,สำโรง,1,0,0,0,0.0,0
2022,อุบลราชธานี,เขื่องใน,1,14136,3559,7,167369.0,0
2022,อุบลราชธานี,เดชอุดม,1,0,0,0,0.0,0
2022,อุบลราชธานี,เมืองอุบลราชธานี,11,5480,2757,0,12425.0,0
2022,อุบลราชธานี,เหล่าเสือโก้ก,1,0,0,0,0.0,0
2022,อ่างทอง,ป่าโมก,20,363,124,121,0.0,0
2022,อ่างทอง,วิเศษชัยชาญ,16,672,254,202,29.0,0
2022,อ่างทอง,สามโก้,1,0,0,0,0.0,0
2022,อ่างทอง,เมืองอ่างทอง,22,4,1,0,1.0,0
2022,อ่างทอง,แสวงหา,2,0,0,0,0.0,0
2022,อ่างทอง,โพธิ์ทอง,4,0,0,0,0.0,0
2022,อ่างทอง,ไชโย,7,75,24,24,0.0,0
2022,เชียงราย,ขุนตาล,8,3160,900,10,2347.0,0
2022,เชียงราย,ดอยหลวง,8,843,391,32,2882.0,0
2022,เชียงราย,ป่าแดด,6,4500,1398,0,3100.0,0
2022,เชียงราย,พญาเม็งราย,5,799,542,68,3321.0,0
2022,เชียงราย,พาน,35,14032,5717,973,30460.0,0
2022,เชียงราย,เชียงของ,13,5253,1655,10,4282.0,0
2022,เชียงราย,เชียงแสน,15,3251,1574,196,3809.0,0
2022,เชียงราย,เทิง,16,12677,3571,12,21117.0,0
2022,เชียงราย,เมืองเชียงราย,60,41053,16103,1281,19997.0,2
2022,เชียงราย,เวียงชัย,8,892,312,14,2415.0,0
2022,เชียงราย,เวียงป่าเป้า,15,2381,650,19,1114.0,0
2022,เชียงราย,เวียงเชียงรุ้ง,2,50,894,0,9391.0,0
2022,เชียงราย,เวียงแก่น,2,884,365,0,950.0,0
2022,เชียงราย,แม่จัน,8,8528,4162,111,5355.0,0
2022,เชียงราย,แม่ฟ้าหลวง,15,886,376,64,100.0,0
2022,เชียงราย,แม่ลาว,22,955,741,53,1714.0,0
2022,เชียงราย,แม่สรวย,20,69050,21579,47,2087.0,0
2022,เชียงราย,แม่สาย,6,752,6916,3101,5573.0,0
2022,เชียงใหม่,กัลยาณิวัฒนา,7,16173,4571,12,391.0,0
2022,เชียงใหม่,จอมทอง,18,70587,19483,827,3533.0,0
2022,เชียงใหม่,ดอยสะเก็ด,1,30700,7675,0,0.0,0
2022,เชียงใหม่,ดอยหล่อ,13,4671,1524,1460,656.0,0
2022,เชียงใหม่,ดอยเต่า,7,8380,2957,17,1167.0,0
2022,เชียงใหม่,ฝาง,17,23557,8108,643,7852.0,0
2022,เชียงใหม่,พร้าว,21,5139,1868,44,20.0,0
2022,เชียงใหม่,สะเมิง,17,31046,11281,43,1361.0,0
2022,เชียงใหม่,สันทราย,7,2908,1153,68,200.0,0
2022,เชียงใหม่,สันป่าตอง,9,13413,5932,34,2025.0,0
2022,เชียงใหม่,สารภี,12,17898,7436,4573,1013.0,0
2022,เชียงใหม่,หางดง,13,22798,8627,7910,3858.0,0
2022,เชียงใหม่,อมก๋อย,15,73518,22712,14,1556.0,0
2022,เชียงใหม่,ฮอด,19,35233,11816,5,3646.0,0
2022,เชียงใหม่,เชียงดาว,15,65712,16785,4801,4165.0,0
2022,เชียงใหม่,เมืองเชียงใหม่,19,10622,3163,2335,0.0,0
2022,เชียงใหม่,เวียงแหง,5,2904,1613,58,1991.0,0
2022,เชียงใหม่,แม่ริม,22,37662,17539,562,227.0,0
2022,เชียงใหม่,แม่วาง,12,38272,12409,176,1840.0,0
2022,เชียงใหม่,แม่ออน,6,1731,713,90,0.0,0
2022,เชียงใหม่,แม่อาย,26,16887,5791,2105,14275.0,0
2022,เชียงใหม่,แม่แจ่ม,16,140381,43672,54,3864.0,0
2022,เชียงใหม่,แม่แตง,13,16576,6573,360,1397.0,0
2022,เชียงใหม่,ไชยปราการ,9,6715,2045,65,680.0,0
2022,เพชรบุรี,ชะอำ,5,0,0,0,400.0,0
2022,เพชรบุรี,ท่ายาง,3,12,4,4,20.0,0
2022,เพชรบุรี,บ้านแหลม,1,120,80,0,0.0,0
2022,เพชรบุรี,เขาย้อย,1,259,73,0,50.0,0
2022,เพชรบุรี,เมืองเพชรบุรี,1,0,0,0,0.0,0
2022,เพชรบูรณ์,ชนแดน,4,0,6,6,5.0,0
2022,เพชรบูรณ์,บึงสามพัน,3,0,88,88,0.0,0
2022,เพชรบูรณ์,วังโป่ง,2,0,3,0,10.0,0
2022,เพชรบูรณ์,วิเชียรบุรี,2,0,30,30,30.0,0
2022,เพชรบูรณ์,ศรีเทพ,2,0,0,0,0.0,0
2022,เพชรบูรณ์,หนองไผ่,9,10,323,107,2776.0,0
2022,เพชรบูรณ์,หล่มสัก,10,17100,6115,6115,5504.0,1
2022,เพชรบูรณ์,หล่มเก่า,9,1106,728,519,914.0,0
2022,เพชรบูรณ์,เมืองเพชรบูรณ์,9,522,300,34,4732.0,2
2022,เลย,ด่านซ้าย,10,3726,458,218,760.0,0
2022,เลย,ท่าลี่,3,6,2,7,10.0,0
2022,เลย,นาด้วง,3,35,615,428,18.0,1
2022,เลย,นาแห้ว,4,319,304,5,579.0,0
2022,เลย,ปากชม,6,230,78,20,34.0,0
2022,เลย,ผาขาว,2,380,102,6,124.0,0
2022,เลย,ภูกระดึง,8,49867,5012,10,12.0,0
2022,เลย,ภูเรือ,3,497,325,35,356.0,0
2022,เลย,วังสะพุง,17,19823,10230,374,4784.0,0
2022,เลย,เชียงคาน,6,1958,594,520,266.0,0
2022,เลย,เมืองเลย,19,6172,4648,1455,543.0,2
2022,เลย,เอราวัณ,2,372,102,0,472.0,0
2022,แพร่,ร้องกวาง,5,52,121,2,135.0,1
2022,แพร่,ลอง,4,18,13,10,70.0,0
2022,แพร่,วังชิ้น,8,0,330,24,19.0,0
2022,แพร่,สอง,2,0,0,0,550.0,0
2022,แพร่,สูงเม่น,3,190,485,0,42.0,0
2022,แพร่,หนองม่วงไข่,1,811,0,0,361.0,0
2022,แพร่,เด่นชัย,2,0,165,0,0.0,0
2022,แพร่,เมืองแพร่,6,125,267,120,695.0,0
2022,แม่ฮ่องสอน,ขุนยวม,2,0,0,0,0.0,0
2022,แม่ฮ่องสอน,ปางมะผ้า,4,5,1,1,1.0,0
2022,แม่ฮ่องสอน,ปาย,4,4,2,0,12.0,0
2022,แม่ฮ่องสอน,สบเมย,3,27486,9013,7,915.0,0
2022,แม่ฮ่องสอน,เมืองแม่ฮ่องสอน,11,18700,6400,82,65.0,0
2022,แม่ฮ่องสอน,แม่ลาน้อย,7,6880,1995,7,937.0,1
2022,แม่ฮ่องสอน,แม่สะเรียง,4,0,0,0,0.0,0
2023,กระบี่,คลองท่อม,1,3,1,0,0.0,0
2023,กระบี่,ลำทับ,1,3,1,4,0.0,0
2023,กระบี่,เขาพนม,8,3,1,20,0.0,0
2023,กระบี่,เมืองกระบี่,2,0,0,0,0.0,0
2023,กระบี่,เหนือคลอง,2,3,1,0,0.0,0
2023,กรุงเทพมหานคร,คลองเตย,3,9,3,0,0.0,0
2023,กรุงเทพมหานคร,จตุจักร,2,6,2,0,0.0,0
2023,กรุงเทพมหานคร,ดินแดง,1,3,1,0,0.0,0
2023,กรุงเทพมหานคร,บางกะปิ,1,3,1,0,0.0,0
2023,กรุงเทพมหานคร,บางซื่อ,1,3,1,0,0.0,0
2023,กรุงเทพมหานคร,บางเขน,1,3,1,0,0.0,0
2023,กรุงเทพมหานคร,บึงกุ่ม,1,3,1,0,0.0,0
2023,กรุงเทพมหานคร,พญาไท,1,3,1,0,0.0,0
2023,กรุงเทพมหานคร,วังทองหลาง,1,3,1,0,0.0,0
2023,กรุงเทพมหานคร,วัฒนา,2,6,2,0,0.0,0
2023,กรุงเทพมหานคร,สวนหลวง,1,3,1,0,0.0,0
2023,กรุงเทพมหานคร,หลักสี่,1,3,1,0,0.0,0
2023,กรุงเทพมหานคร,ห้วยขวาง,1,3,1,0,0.0,0
2023,กาญจนบุรี,ทองผาภูมิ,40,1146,423,302,140.0,0
2023,กาญจนบุรี,ท่าม่วง,10,58,21,11,55.0,0
2023,กาญจนบุรี,บ่อพลอย,28,627,211,20,718.0,0
2023,กาญจนบุรี,พนมทวน,1,30,30,0,0.0,0
2023,กาญจนบุรี,หนองปรือ,38,4015,955,50,405.0,0
2023,กาญจนบุรี,เมืองกาญจนบุรี,28,117,45,7,332.0,0
2023,กาญจนบุรี,ไทรโยค,3,9,3,14,0.0,0
2023,กาฬสินธุ์,กมลาไสย,94,2120,894,2,9813.0,0
2023,กาฬสินธุ์,กุฉินารายณ์,211,25018,7218,23,15185.0,0
2023,กาฬสินธุ์,ฆ้องชัย,40,531,423,25,5167.0,0
2023,กาฬสินธุ์,ดอนจาน,60,6357,2184,0,4510.0,0
2023,กาฬสินธุ์,ท่าคันโท,87,2616,497,85,4797.0,0
2023,กาฬสินธุ์,นาคู,36,1770,1235,0,4121.0,0
2023,กาฬสินธุ์,นามน,35,409,237,10,1302.0,0
2023,กาฬสินธุ์,ยางตลาด,167,3683,3656,355,21118.0,0
2023,กาฬสินธุ์,ร่องคำ,43,1393,1034,0,6939.6,0
2023,กาฬสินธุ์,สมเด็จ,17,188,65,0,674.0,0
2023,กาฬสินธุ์,สหัสขันธ์,59,4198,1765,200,13830.0,0
2023,กาฬสินธุ์,สามชัย,114,50764,15969,14,499.0,0
2023,กาฬสินธุ์,หนองกุงศรี,47,2695,896,0,4427.0,0
2023,กาฬสินธุ์,ห้วยผึ้ง,58,1035,345,0,801.0,1
2023,กาฬสินธุ์,ห้วยเม็ก,20,1318,1296,5,1523.0,0
2023,กาฬสินธุ์,เขาวง,63,884,132,11,2010.0,0
2023,กาฬสินธุ์,เมืองกาฬสินธุ์,117,3207,1675,213,21336.3,0
2023,กำแพงเพชร,ขาณุวรลักษบุรี,94,30,10,0,6048.0,0
2023,กำแพงเพชร,คลองขลุง,29,21,7,0,4328.0,0
2023,กำแพงเพชร,คลองลาน,21,9,3,0,1293.0,0
2023,กำแพงเพชร,ทรายทองวัฒนา,1,3,1,0,58.0,0
2023,กำแพงเพชร,บึงสามัคคี,17,3,1,0,465.0,0
2023,กำแพงเพชร,ปางศิลาทอง,40,6,2,5,3200.0,0
2023,กำแพงเพชร,พรานกระต่าย,101,9,3,0,16530.0,0
2023,กำแพงเพชร,ลานกระบือ,66,3,1,0,3621.0,0
2023,กำแพงเพชร,เมืองกำแพงเพชร,144,21,7,280,14232.0,0
2023,กำแพงเพชร,โกสัมพีนคร,27,15,5,6,1865.0,0
2023,ขอนแก่น,ชนบท,51,9,3,7,1974.0,0
2023,ขอนแก่น,ชุมแพ,61,6,2,1,6622.0,0
2023,ขอนแก่น,ซำสูง,10,3,1,0,713.0,0
2023,ขอนแก่น,น้ำพอง,75,0,0,0,0.0,0
2023,ขอนแก่น,บ้านแฮด,39,1565,431,466,2125.0,0
2023,ขอนแก่น,บ้านไผ่,7,3,1,0,1100.0,0
2023,ขอนแก่น,พระยืน,8,6,2,0,790.0,0
2023,ขอนแก่น,ภูผาม่าน,82,128,33,0,0.0,0
2023,ขอนแก่น,ภูเวียง,32,672,224,34,1359.0,0
2023,ขอนแก่น,มัญจาคีรี,116,3,1,0,27761.0,0
2023,ขอนแก่น,สีชมพู,34,3,1,0,208.0,0
2023,ขอนแก่น,หนองนาคำ,29,3,1,20,2833.0,0
2023,ขอนแก่น,หนองเรือ,60,1389,463,10,11732.0,0
2023,ขอนแก่น,อุบลรัตน์,29,0,0,0,0.0,0
2023,ขอนแก่น,เขาสวนกวาง,31,12,4,4,796.0,0
2023,ขอนแก่น,เมืองขอนแก่น,73,3,1,1,0.0,0
2023,ขอนแก่น,เวียงเก่า,22,3,1,5,0.0,0
2023,ขอนแก่น,แวงน้อย,18,9,3,2,2135.0,0
2023,ขอนแก่น,แวงใหญ่,14,3,1,7,6295.0,0
2023,ขอนแก่น,โคกโพธิ์ไชย,22,3,1,0,1656.0,0
2023,จันทบุรี,ขลุง,77,2394,798,125,7000.0,0
2023,จันทบุรี,ท่าใหม่,13,201,67,0,249.0,0
2023,จันทบุรี,มะขาม,118,11661,3887,0,0.0,1
2023,จันทบุรี,สอยดาว,6,14,6,3,36.0,0
2023,จันทบุรี,เขาคิชฌกูฏ,25,642,214,0,3.0,2
2023,จันทบุรี,เมืองจันทบุรี,11,1398,466,6,50.0,0
2023,จันทบุรี,โป่งน้ำร้อน,25,1094,313,65,90.0,1
2023,ฉะเชิงเทรา,ท่าตะเกียบ,1,0,0,0,0.0,0
2023,ฉะเชิงเทรา,บางคล้า,8,0,0,0,0.0,0
2023,ฉะเชิงเทรา,บางน้ำเปรี้ยว,193,84,28,1095,0.0,0
2023,ฉะเชิงเทรา,พนมสารคาม,7,0,0,0,0.0,0
2023,ฉะเชิงเทรา,เมืองฉะเชิงเทรา,56,36,12,500,0.0,0
2023,ชลบุรี,บางละมุง,4,140,28,28,0.0,0
2023,ชลบุรี,บ้านบึง,1,0,12,0,0.0,0
2023,ชลบุรี,ศรีราชา,6,39,14,7,0.0,0
2023,ชลบุรี,เมืองชลบุรี,3,126,42,41,59.0,0
2023,ชัยภูมิ,คอนสวรรค์,33,0,0,0,0.0,0
2023,ชัยภูมิ,คอนสาร,21,0,0,0,0.0,0
2023,ชัยภูมิ,จัตุรัส,88,0,0,0,0.0,0
2023,ชัยภูมิ,บ้านเขว้า,87,3,1,0,0.0,0
2023,ชัยภูมิ,ภักดีชุมพล,50,111,37,37,0.0,0
2023,ชัยภูมิ,หนองบัวระเหว,57,0,0,0,0.0,0
2023,ชัยภูมิ,หนองบัวแดง,121,0,0,0,0.0,0
2023,ชัยภูมิ,เทพสถิต,112,42,14,7,0.0,0
2023,ชัยภูมิ,เนินสง่า,9,0,0,0,0.0,0
2023,ชัยภูมิ,เมืองชัยภูมิ,150,105,35,5,110.0,0
2023,ชัยภูมิ,แก้งคร้อ,1,3,1,0,0.0,0
2023,ชุมพร,ทุ่งตะโก,69,1478,663,0,60.0,0
2023,ชุมพร,ท่าแซะ,1,3,1,0,0.0,0
2023,ชุมพร,ปะทิว,30,1080,310,25,0.0,0
2023,ชุมพร,พะโต๊ะ,12,33,11,19,0.0,0
2023,ชุมพร,ละแม,53,198,51,38,85.0,0
2023,ชุมพร,สวี,163,7715,2117,104,0.0,1
2023,ชุมพร,หลังสวน,312,4379,1489,92,1390.0,1
2023,ชุมพร,เมืองชุมพร,96,4695,1612,185,505.0,0
2023,ตรัง,กันตัง,6,9,3,4,0.0,0
2023,ตรัง,ปะเหลียน,65,0,0,0,0.0,0
2023,ตรัง,ย่านตาขาว,35,0,0,0,0.0,0
2023,ตรัง,รัษฎา,27,675,225,0,0.0,0
2023,ตรัง,วังวิเศษ,69,0,0,0,0.0,0
2023,ตรัง,สิเกา,3,6,2,0,0.0,0
2023,ตรัง,ห้วยยอด,40,18,6,27,0.0,0
2023,ตรัง,เมืองตรัง,27,0,0,0,0.0,0
2023,ตราด,บ่อไร่,50,810,274,211,15.0,0
2023,ตราด,เขาสมิง,98,2260,876,677,0.0,0
2023,ตราด,เมืองตราด,10,7,4,1,12.0,0
2023,ตราด,แหลมงอบ,1,0,0,0,0.0,0
2023,ตาก,ท่าสองยาง,6,257,76,0,0.0,0
2023,ตาก,บ้านตาก,80,375,110,0,51.0,0
2023,ตาก,พบพระ,17,0,0,0,0.0,0
2023,ตาก,วังเจ้า,45,3,1,0,0.0,0
2023,ตาก,สามเงา,37,0,0,0,0.0,0
2023,ตาก,อุ้มผาง,22,0,0,0,0.0,0
2023,ตาก,เมืองตาก,79,12,4,0,50.0,0
2023,ตาก,แม่ระมาด,27,3313,1336,0,0.0,0
2023,ตาก,แม่สอด,48,48,12,0,0.0,0
2023,นครนายก,บ้านนา,43,0,0,0,0.0,0
2023,นครนายก,ปากพลี,20,0,0,0,0.0,0
2023,นครนายก,องครักษ์,118,0,0,0,0.0,0
2023,นครนายก,เมืองนครนายก,66,3,1,0,0.0,0
2023,นครปฐม,กำแพงแสน,10,90,40,19,105.3,0
2023,นครปฐม,นครชัยศรี,65,1979,957,366,71.0,0
2023,นครปฐม,บางเลน,13,992,315,0,0.0,0
2023,นครปฐม,สามพราน,53,4082,1382,175,5.0,0
2023,นครปฐม,เมืองนครปฐม,78,877,305,109,87.0,0
2023,นครพนม,ท่าอุเทน,4,75,25,0,200.0,0
2023,นครพนม,ธาตุพนม,72,6885,2295,0,9510.0,0
2023,นครพนม,นาทม,26,4614,1538,0,15070.0,0
2023,นครพนม,นาหว้า,54,2649,883,0,5384.0,0
2023,นครพนม,นาแก,69,3735,1245,0,5263.0,0
2023,นครพนม,บ้านแพง,32,558,186,0,1469.0,0
2023,นครพนม,ปลาปาก,49,2577,859,0,4460.0,0
2023,นครพนม,วังยาง,12,2013,671,0,1038.0,0
2023,นครพนม,ศรีสงคราม,120,0,0,0,0.0,0
2023,นครพนม,เมืองนครพนม,46,3165,1055,0,4315.0,0
2023,นครพนม,เรณูนคร,28,972,324,0,1103.0,0
2023,นครพนม,โพนสวรรค์,65,3483,1161,0,4552.0,0
2023,นครราชสีมา,ขามทะเลสอ,30,75,25,383,951.2,0
2023,นครราชสีมา,คง,34,3,1,257,1356.5,0
2023,นครราชสีมา,จักราช,32,39,13,300,614.5,0
2023,นครราชสีมา,ชุมพวง,14,39,13,137,3290.1,0
2023,นครราชสีมา,บ้านเหลื่อม,8,24,8,680,100.0,0
2023,นครราชสีมา,ประทาย,19,42,14,337,1112.0,0
2023,นครราชสีมา,ปักธงชัย,45,60,20,431,3497.6,0
2023,นครราชสีมา,พิมาย,55,57,19,525,4295.1,0
2023,นครราชสีมา,ลำทะเมนชัย,1,3,1,0,115.3,0
2023,นครราชสีมา,วังน้ำเขียว,18,36,12,1495,22.0,0
2023,นครราชสีมา,หนองบุญมาก,24,48,16,142,1533.8,0
2023,นครราชสีมา,ห้วยแถลง,10,30,10,102,312.1,0
2023,นครราชสีมา,เฉลิมพระเกียรติ,6,6,2,102,0.0,0
2023,นครราชสีมา,เทพารักษ์,3,9,3,80,0.0,0
2023,นครราชสีมา,เมืองนครราชสีมา,119,99,33,3579,408.7,0
2023,นครราชสีมา,เมืองยาง,22,60,20,364,2202.3,0
2023,นครราชสีมา,เสิงสาง,2,6,2,2,3.0,0
2023,นครราชสีมา,แก้งสนามนาง,21,63,21,990,12189.0,0
2023,นครราชสีมา,โชคชัย,8,6,2,33,0.0,0
2023,นครราชสีมา,โนนสูง,6,3,1,168,1060.0,0
2023,นครราชสีมา,โนนแดง,19,48,16,350,2004.6,0
2023,นครศรีธรรมราช,ขนอม,6,530,180,20,30.0,0
2023,นครศรีธรรมราช,จุฬาภรณ์,38,843,300,0,0.0,0
2023,นครศรีธรรมราช,ฉวาง,18,477,115,55,0.0,0
2023,นครศรีธรรมราช,ชะอวด,83,600,155,0,0.0,0
2023,นครศรีธรรมราช,ช้างกลาง,37,443,99,1,0.0,0
2023,นครศรีธรรมราช,ถ้ำพรรณรา,3,278,68,40,0.0,0
2023,นครศรีธรรมราช,ทุ่งสง,33,41,12,0,0.0,0
2023,นครศรีธรรมราช,ทุ่งใหญ่,6,83,75,9,0.0,0
2023,นครศรีธรรมราช,ท่าศาลา,116,1329,436,0,0.0,0
2023,นครศรีธรรมราช,นบพิตำ,38,435,165,0,90.0,0
2023,นครศรีธรรมราช,นาบอน,13,357,112,0,2115.0,0
2023,นครศรีธรรมราช,บางขัน,9,1560,416,0,0.0,0
2023,นครศรีธรรมราช,พรหมคีรี,20,880,310,0,0.0,0
2023,นครศรีธรรมราช,พระพรหม,14,201,60,0,345.0,0
2023,นครศรีธรรมราช,พิปูน,28,438,113,25,0.0,0
2023,นครศรีธรรมราช,ร่อนพิบูลย์,8,325,93,0,0.0,0
2023,นครศรีธรรมราช,สิชล,107,290,89,2,0.0,0
2023,นครศรีธรรมราช,หัวไทร,92,4439,1663,0,200.0,0
2023,นครศรีธรรมราช,เฉลิมพระเกียรติ,69,4592,1554,0,250.0,0
2023,นครศรีธรรมราช,เชียรใหญ่,97,0,0,0,0.0,0
2023,นครศรีธรรมราช,เมืองนครศรีธรรมราช,11,960,500,0,0.0,0
2023,นครสวรรค์,ชุมแสง,19,0,0,0,0.0,0
2023,นครสวรรค์,ท่าตะโก,14,288,96,0,2335.0,0
2023,นครสวรรค์,พยุหะคีรี,10,0,0,0,0.0,0
2023,นครสวรรค์,เมืองนครสวรรค์,23,81,27,47,14.0,0
2023,นราธิวาส,จะแนะ,59,18478,4150,1714,0.0,1
2023,นราธิวาส,ตากใบ,55,4276,1059,0,0.0,0
2023,นราธิวาส,บาเจาะ,62,8344,2857,240,0.0,0
2023,นราธิวาส,ยี่งอ,57,25720,6385,275,0.0,0
2023,นราธิวาส,ระแงะ,64,51545,11549,1152,0.0,4
2023,นราธิวาส,รือเสาะ,72,30980,8976,0,0.0,5
2023,นราธิวาส,ศรีสาคร,52,40656,10735,301,0.0,1
2023,นราธิวาส,สุคิริน,45,5441,1729,392,0.0,0
2023,นราธิวาส,สุไหงปาดี,61,15504,4816,252,0.0,0
2023,นราธิวาส,สุไหงโก-ลก,35,13963,3532,784,0.0,1
2023,นราธิวาส,เจาะไอร้อง,33,19450,5139,0,0.0,0
2023,นราธิวาส,เมืองนราธิวาส,110,48839,12422,425,0.0,3
2023,นราธิวาส,แว้ง,84,22816,5497,1446,0.0,0
2023,น่าน,ท่าวังผา,48,9,3,31,0.0,0
2023,น่าน,นาน้อย,29,3,1,7,0.0,0
2023,น่าน,นาหมื่น,9,9,3,2,0.0,0
2023,น่าน,บ่อเกลือ,44,9,3,1,0.0,0
2023,น่าน,บ้านหลวง,10,0,0,0,0.0,0
2023,น่าน,ปัว,17,0,0,0,0.0,0
2023,น่าน,ภูเพียง,13,0,0,0,0.0,0
2023,น่าน,สองแคว,8,0,0,0,0.0,0
2023,น่าน,เฉลิมพระเกียรติ,1,3,1,0,0.0,0
2023,น่าน,เชียงกลาง,28,0,0,0,0.0,0
2023,น่าน,เมืองน่าน,35,27,9,10,7.0,0
2023,น่าน,เวียงสา,86,3,1,24,0.0,0
2023,น่าน,แม่จริม,14,0,0,0,0.0,0
2023,บึงกาฬ,บึงโขงหลง,28,0,0,0,0.0,0
2023,บึงกาฬ,บุ่งคล้า,4,531,177,0,52.0,0
2023,บึงกาฬ,ปากคาด,7,339,113,0,918.0,0
2023,บึงกาฬ,พรเจริญ,44,0,0,0,0.0,0
2023,บึงกาฬ,ศรีวิไล,31,0,0,0,0.0,0
2023,บึงกาฬ,เซกา,136,0,0,0,0.0,0
2023,บึงกาฬ,เมืองบึงกาฬ,30,0,0,0,0.0,0
2023,บึงกาฬ,โซ่พิสัย,68,0,0,0,0.0,0
2023,บุรีรัมย์,กระสัง,6,18,6,0,0.0,0
2023,บุรีรัมย์,คูเมือง,15,45,15,0,1624.9,0
2023,บุรีรัมย์,ชำนิ,30,87,29,0,2681.3,0
2023,บุรีรัมย์,นางรอง,35,78,26,0,4861.0,0
2023,บุรีรัมย์,บ้านใหม่ไชยพจน์,7,21,7,0,531.3,0
2023,บุรีรัมย์,ประโคนชัย,50,147,49,0,5511.7,0
2023,บุรีรัมย์,พลับพลาชัย,21,63,21,0,469.0,0
2023,บุรีรัมย์,พุทไธสง,3,9,3,0,168.3,0
2023,บุรีรัมย์,ลำปลายมาศ,75,225,75,0,17102.399999999998,0
2023,บุรีรัมย์,สตึก,2,6,2,0,236.0,0
2023,บุรีรัมย์,หนองกี่,4,0,0,0,0.0,0
2023,ปทุมธานี,คลองหลวง,6,69,23,0,0.0,0
2023,ปทุมธานี,ธัญบุรี,1,3,1,0,33.0,0
2023,ปทุมธานี,ลำลูกกา,102,15,5,0,40.0,0
2023,ปทุมธานี,หนองเสือ,14,645,215,90,230.0,0
2023,ปทุมธานี,เมืองปทุมธานี,6,0,0,0,0.0,0
2023,ประจวบคีรีขันธ์,บางสะพานน้อย,18,1443,631,10,51.0,0
2023,ปราจีนบุรี,กบินทร์บุรี,32,1410,470,369,0.0,0
2023,ปราจีนบุรี,นาดี,10,97,47,47,370.0,0
2023,ปราจีนบุรี,บ้านสร้าง,87,13131,4377,890,160.0,0
2023,ปราจีนบุรี,ประจันตคาม,5,6,2,92,0.0,0
2023,ปราจีนบุรี,ศรีมหาโพธิ,68,18,6,456,0.0,0
2023,ปราจีนบุรี,เมืองปราจีนบุรี,26,6,2,201,0.0,0
2023,ปัตตานี,กะพ้อ,28,1055,415,2764,0.0,0
2023,ปัตตานี,ทุ่งยางแดง,24,439,110,230,0.0,0
2023,ปัตตานี,ปะนาเระ,57,150,50,764,1104.0,0
2023,ปัตตานี,มายอ,21,63,21,6472,0.0,1
2023,ปัตตานี,ยะหริ่ง,5,15,5,132,136.0,0
2023,ปัตตานี,สายบุรี,12,33,11,545,0.0,0
2023,ปัตตานี,หนองจิก,13,699,168,448,0.0,0
2023,ปัตตานี,เมืองปัตตานี,59,3367,885,2358,0.0,1
2023,ปัตตานี,โคกโพธิ์,94,543,169,253,55.0,0
2023,พระนครศรีอยุธยา,บางซ้าย,53,12,4,0,161.9,0
2023,พระนครศรีอยุธยา,บางบาล,79,0,0,0,0.0,0
2023,พระนครศรีอยุธยา,บางไทร,124,39,13,0,17.5,0
2023,พระนครศรีอยุธยา,ผักไห่,78,0,0,0,0.0,0
2023,พระนครศรีอยุธยา,พระนครศรีอยุธยา,43,0,0,0,0.0,0
2023,พระนครศรีอยุธยา,มหาราช,16,0,0,0,0.0,0
2023,พระนครศรีอยุธยา,เสนา,76,0,0,0,0.0,0
2023,พะเยา,จุน,1,0,0,0,0.0,0
2023,พะเยา,ดอกคำใต้,13,121,41,6,133.0,0
2023,พะเยา,ปง,12,0,0,0,0.0,0
2023,พะเยา,ภูกามยาว,17,3,1,0,0.0,0
2023,พะเยา,เชียงคำ,7,21,7,0,463.1,0
2023,พะเยา,เชียงม่วน,13,17,6,2,64.1,4
2023,พะเยา,เมืองพะเยา,50,236,216,56,35.0,0
2023,พะเยา,แม่ใจ,7,0,0,0,0.0,0
2023,พังงา,กะปง,17,27,9,18,0.0,0
2023,พังงา,คุระบุรี,3,0,0,0,0.0,0
2023,พังงา,ตะกั่วป่า,52,69,23,437,0.0,0
2023,พังงา,ท้ายเหมือง,7,15,5,100,0.0,0
2023,พังงา,เมืองพังงา,14,3,1,30,0.0,0
2023,พัทลุง,กงหรา,45,0,0,0,0.0,0
2023,พัทลุง,ควนขนุน,129,3,1,435,0.0,0
2023,พัทลุง,ตะโหมด,27,0,0,0,0.0,0
2023,พัทลุง,บางแก้ว,34,0,0,0,0.0,0
2023,พัทลุง,ปากพะยูน,47,9,3,440,250.0,0
2023,พัทลุง,ป่าบอน,50,0,0,0,0.0,0
2023,พัทลุง,ศรีนครินทร์,43,3,1,240,0.0,0
2023,พัทลุง,ศรีบรรพต,2,6,2,6,0.0,0
2023,พัทลุง,เขาชัยสน,58,0,0,0,0.0,0
2023,พัทลุง,เมืองพัทลุง,96,15,5,688,0.0,0
2023,พิจิตร,ดงเจริญ,10,0,0,0,0.0,0
2023,พิจิตร,ตะพานหิน,30,0,0,0,0.0,0
2023,พิจิตร,ทับคล้อ,21,0,0,0,0.0,0
2023,พิจิตร,บางมูลนาก,23,0,0,0,0.0,0
2023,พิจิตร,บึงนาราง,37,0,0,0,0.0,0
2023,พิจิตร,วชิรบารมี,22,0,0,0,0.0,0
2023,พิจิตร,วังทรายพูน,8,6,2,0,339.0,0
2023,พิจิตร,สากเหล็ก,5,3,1,0,120.0,0
2023,พิจิตร,สามง่าม,51,0,0,0,0.0,0
2023,พิจิตร,เมืองพิจิตร,35,0,0,0,0.0,0
2023,พิจิตร,โพทะเล,59,0,0,0,0.0,0
2023,พิจิตร,โพธิ์ประทับช้าง,49,0,0,0,0.0,0
2023,พิษณุโลก,ชาติตระการ,44,698,266,0,846.0,0
2023,พิษณุโลก,นครไทย,160,1274,408,57,2223.0,2
2023,พิษณุโลก,บางกระทุ่ม,41,3,1,0,75.3,0
2023,พิษณุโลก,บางระกำ,66,3708,1400,222,802.0,0
2023,พิษณุโลก,พรหมพิราม,31,240,80,14,973.8,0
2023,พิษณุโลก,วังทอง,72,1325,1138,586,1913.0,0
2023,พิษณุโลก,วัดโบสถ์,1,3,1,0,56.8,0
2023,พิษณุโลก,เนินมะปราง,20,225,75,40,1140.0,0
2023,พิษณุโลก,เมืองพิษณุโลก,11,65,55,100,855.8,0
2023,ภูเก็ต,เมืองภูเก็ต,1,150,50,4,0.0,0
2023,มหาสารคาม,กันทรวิชัย,111,66,22,0,4825.0,0
2023,มหาสารคาม,ชื่นชม,8,3,1,0,0.0,0
2023,มหาสารคาม,เชียงยืน,39,1071,533,0,6566.0,0
2023,มหาสารคาม,เมืองมหาสารคาม,72,69,23,196,27632.4,0
2023,มหาสารคาม,โกสุมพิสัย,157,9,3,0,34533.0,0
2023,มุกดาหาร,คำชะอี,2,6,2,0,110.0,0
2023,มุกดาหาร,ดงหลวง,60,383,40,0,421.8,0
2023,มุกดาหาร,ดอนตาล,29,266,208,0,667.3,0
2023,มุกดาหาร,นิคมคำสร้อย,56,441,40,0,1671.3,0
2023,มุกดาหาร,หนองสูง,20,9,3,0,0.3,1
2023,มุกดาหาร,หว้านใหญ่,21,3,1,0,0.0,0
2023,มุกดาหาร,เมืองมุกดาหาร,146,570,56,0,1490.8,0
2023,ยะลา,กรงปินัง,23,3,1,1208,0.0,0
2023,ยะลา,กาบัง,3,3,1,100,0.0,0
2023,ยะลา,ธารโต,49,18,6,158,0.0,0
2023,ยะลา,บันนังสตา,54,573,191,1055,391.0,1
2023,ยะลา,ยะหา,58,2712,904,582,0.0,0
2023,ยะลา,รามัน,122,45,15,8126,1015.0,0
2023,ยะลา,เบตง,35,145,49,156,2.5,1
2023,ยะลา,เมืองยะลา,133,12,4,10095,2.0,3
2023,ยโสธร,กุดชุม,68,3,1,0,2389.0,0
2023,ยโสธร,คำเขื่อนแก้ว,56,3,1,0,36609.0,0
2023,ยโสธร,ค้อวัง,24,3,1,0,10422.0,0
2023,ยโสธร,ทรายมูล,36,3,1,0,333.0,0
2023,ยโสธร,ป่าติ้ว,48,9,3,0,12630.0,0
2023,ยโสธร,มหาชนะชัย,73,3,1,0,31993.3,0
2023,ยโสธร,เมืองยโสธร,68,3,1,0,27388.0,0
2023,ยโสธร,เลิงนกทา,35,3,1,0,4768.0,0
2023,ยโสธร,ไทยเจริญ,30,3,1,0,3554.0,0
2023,ระนอง,กระบุรี,72,11281,3007,3007,0.0,0
2023,ระนอง,กะเปอร์,1,200,40,40,0.0,0
2023,ระนอง,ละอุ่น,10,287,80,80,0.0,0
2023,ระนอง,เมืองระนอง,36,3954,1088,1482,0.0,0
2023,ระยอง,นิคมพัฒนา,8,153,51,15,0.0,0
2023,ระยอง,บ้านค่าย,40,659,263,3,336.0,0
2023,ระยอง,บ้านฉาง,1,0,0,0,0.0,0
2023,ระยอง,ปลวกแดง,6,1203,1069,0,0.0,0
2023,ระยอง,วังจันทร์,5,131,35,0,40.0,0
2023,ระยอง,เขาชะเมา,4,6,2,1,0.0,0
2023,ระยอง,เมืองระยอง,49,377,167,62,0.0,0
2023,ระยอง,แกลง,2,60,20,0,0.0,0
2023,ราชบุรี,บางแพ,2,6,2,26,0.0,0
2023,ราชบุรี,บ้านโป่ง,3,0,0,0,0.0,0
2023,ราชบุรี,เมืองราชบุรี,1,3,1,5,0.0,0
2023,ร้อยเอ็ด,จังหาร,67,2626,806,0,5230.0,0
2023,ร้อยเอ็ด,ทุ่งเขาหลวง,24,226,66,0,4065.0,0
2023,ร้อยเอ็ด,ธวัชบุรี,9,403,129,0,834.0,0
2023,ร้อยเอ็ด,พนมไพร,13,304,101,0,1103.0,0
2023,ร้อยเอ็ด,สุวรรณภูมิ,9,3,1,0,1800.0,0
2023,ร้อยเอ็ด,หนองพอก,104,198,41,37,156.0,0
2023,ร้อยเอ็ด,อาจสามารถ,31,3853,1516,0,8972.8,0
2023,ร้อยเอ็ด,เชียงขวัญ,28,1281,339,0,2374.0,0
2023,ร้อยเอ็ด,เมยวดี,20,357,121,3,1747.0,0
2023,ร้อยเอ็ด,เมืองร้อยเอ็ด,1,58,20,0,0.0,0
2023,ร้อยเอ็ด,เสลภูมิ,131,4976,2081,23,28153.0,1
2023,ร้อยเอ็ด,โพธิ์ชัย,58,1688,665,0,165.0,0
2023,ร้อยเอ็ด,โพนทราย,3,1218,406,0,252.0,0
2023,ร้อยเอ็ด,โพนทอง,87,1461,527,1,10113.0,1
2023,ลพบุรี,หนองม่วง,43,12,4,0,2998.3,0
2023,ลพบุรี,เมืองลพบุรี,3,0,0,0,0.0,0
2023,ลพบุรี,โคกเจริญ,49,3,1,0,2079.5,0
2023,ลำปาง,งาว,16,1051,361,69,54.0,0
2023,ลำปาง,วังเหนือ,10,2313,790,0,5.0,0
2023,ลำปาง,สบปราบ,37,5538,1846,1846,2324.0,0
2023,ลำปาง,ห้างฉัตร,75,1035,345,85,0.0,0
2023,ลำปาง,เกาะคา,102,511,177,167,0.0,0
2023,ลำปาง,เถิน,114,1810,654,348,441.0,0
2023,ลำปาง,เมืองปาน,41,3093,1041,560,22.2,0
2023,ลำปาง,เมืองลำปาง,38,3549,1183,205,324.0,0
2023,ลำปาง,เสริมงาม,72,1987,663,48,23.0,0
2023,ลำปาง,แจ้ห่ม,35,4876,1622,1192,35.0,0
2023,ลำปาง,แม่ทะ,42,8523,2841,2841,1.0,0
2023,ลำปาง,แม่พริก,17,30,10,10,0.0,0
2023,ลำปาง,แม่เมาะ,7,69,23,0,11.0,0
2023,ลำพูน,ทุ่งหัวช้าง,35,0,0,0,0.0,0
2023,ลำพูน,บ้านโฮ่ง,4,0,0,0,0.0,0
2023,ลำพูน,ป่าซาง,40,0,0,0,0.0,0
2023,ลำพูน,ลี้,110,3,1,40,0.0,0
2023,ลำพูน,เมืองลำพูน,71,3,1,3,0.0,0
2023,ลำพูน,เวียงหนองล่อง,20,0,0,0,0.0,0
2023,ลำพูน,แม่ทา,35,0,0,0,0.0,0
2023,ศรีสะเกษ,กันทรารมย์,26,9,3,2,3781.0,0
2023,ศรีสะเกษ,ภูสิงห์,2,0,0,0,0.0,0
2023,ศรีสะเกษ,ยางชุมน้อย,3,0,0,0,0.0,0
2023,ศรีสะเกษ,ราษีไศล,7,12,4,0,339.0,0
2023,ศรีสะเกษ,ศรีรัตนะ,7,3,1,1,0.0,0
2023,ศรีสะเกษ,ศิลาลาด,6,9,3,0,517.0,0
2023,ศรีสะเกษ,เมืองศรีสะเกษ,1,0,0,0,0.0,0
2023,สกลนคร,กุดบาก,7,5859,1953,0,338.8,0
2023,สกลนคร,คำตากล้า,39,1797,599,0,6899.0,0
2023,สกลนคร,นิคมน้ำอูน,15,411,137,0,648.0,0
2023,สกลนคร,บ้านม่วง,57,4269,1423,0,13849.0,0
2023,สกลนคร,พรรณานิคม,33,1643,549,0,4257.0,0
2023,สกลนคร,พังโคน,20,1008,336,0,2356.0,0
2023,สกลนคร,ภูพาน,2,3,1,0,0.0,0
2023,สกลนคร,วานรนิวาส,89,3333,1111,0,8006.0,0
2023,สกลนคร,วาริชภูมิ,2,125,41,0,295.0,0
2023,สกลนคร,สว่างแดนดิน,83,6012,2004,125,13256.4,0
2023,สกลนคร,ส่องดาว,25,3600,1050,1,1000.0,0
2023,สกลนคร,อากาศอำนวย,50,1479,493,0,3990.0,0
2023,สกลนคร,เจริญศิลป์,31,1302,444,0,3392.0,0
2023,สกลนคร,เมืองสกลนคร,63,627,209,0,8514.0,0
2023,สกลนคร,โคกศรีสุพรรณ,21,1008,336,0,3378.0,0
2023,สกลนคร,โพนนาแก้ว,23,1200,400,0,3002.0,0
2023,สงขลา,กระแสสินธุ์,17,0,0,0,0.0,0
2023,สงขลา,คลองหอยโข่ง,30,2217,739,0,0.0,0
2023,สงขลา,ควนเนียง,14,753,251,0,0.0,1
2023,สงขลา,จะนะ,35,429,143,121,0.0,0
2023,สงขลา,นาทวี,1,0,0,0,0.0,0
2023,สงขลา,นาหม่อม,2,300,139,39,0.0,0
2023,สงขลา,บางกล่ำ,35,450,150,0,0.0,0
2023,สงขลา,ระโนด,69,684,228,0,0.0,0
2023,สงขลา,รัตภูมิ,63,0,0,0,0.0,0
2023,สงขลา,สทิงพระ,79,4200,1400,25,0.0,0
2023,สงขลา,สะบ้าย้อย,4,9,3,27,0.0,0
2023,สงขลา,สะเดา,26,1629,543,1,0.0,0
2023,สงขลา,สิงหนคร,75,1923,641,13,0.0,0
2023,สงขลา,หาดใหญ่,37,0,0,0,0.0,0
2023,สงขลา,เทพา,9,0,0,0,0.0,0
2023,สงขลา,เมืองสงขลา,23,0,0,0,0.0,0
2023,สตูล,ควนกาหลง,25,45,15,15,0.0,0
2023,สตูล,ควนโดน,36,0,0,0,0.0,0
2023,สตูล,ทุ่งหว้า,47,3,1,0,0.0,0
2023,สตูล,ท่าแพ,33,375,125,85,0.0,0
2023,สตูล,มะนัง,19,0,0,0,0.0,0
2023,สตูล,ละงู,68,0,0,0,0.0,0
2023,สตูล,เมืองสตูล,49,700,230,30,36.0,0
2023,สมุทรปราการ,บางบ่อ,53,6285,2095,0,0.0,0
2023,สมุทรปราการ,บางพลี,1,369,123,123,0.0,0
2023,สมุทรปราการ,เมืองสมุทรปราการ,3,9,3,0,0.0,0
2023,สมุทรสาคร,กระทุ่มแบน,28,84,28,328,0.0,0
2023,สมุทรสาคร,บ้านแพ้ว,1,40,16,7,100.0,0
2023,สมุทรสาคร,เมืองสมุทรสาคร,7,21,7,50,0.0,0
2023,สระบุรี,บ้านหมอ,8,15,5,56,0.0,0
2023,สระบุรี,พระพุทธบาท,75,18,6,44,6336.6,0
2023,สระบุรี,วังม่วง,4,6,2,20,20.0,0
2023,สระบุรี,วิหารแดง,39,9,3,290,69.0,0
2023,สระบุรี,หนองแค,5,3,1,0,500.0,0
2023,สระบุรี,หนองแซง,1,3,1,4,2.0,0
2023,สระบุรี,เฉลิมพระเกียรติ,41,9,3,51,1100.0,0
2023,สระบุรี,เสาไห้,23,12,4,4,437.0,0
2023,สระบุรี,แก่งคอย,22,48,16,4,2920.5,0
2023,สระแก้ว,คลองหาด,60,1793,611,5,2303.0,0
2023,สระแก้ว,อรัญประเทศ,11,228,76,0,716.0,0
2023,สระแก้ว,โคกสูง,12,2626,857,10,188.0,0
2023,สุพรรณบุรี,ด่านช้าง,6,9,3,2,0.0,0
2023,สุพรรณบุรี,บางปลาม้า,94,36,12,6296,0.0,0
2023,สุพรรณบุรี,สองพี่น้อง,69,36,12,8341,0.0,0
2023,สุพรรณบุรี,หนองหญ้าไซ,2,0,0,0,0.0,0
2023,สุราษฎร์ธานี,กาญจนดิษฐ์,77,6564,3194,0,30.0,0
2023,สุราษฎร์ธานี,ชัยบุรี,8,216,72,72,0.0,0
2023,สุราษฎร์ธานี,ดอนสัก,7,340,528,0,0.0,0
2023,สุราษฎร์ธานี,ท่าฉาง,8,281,80,0,0.0,0
2023,สุราษฎร์ธานี,บ้านนาสาร,1,0,0,0,0.0,0
2023,สุราษฎร์ธานี,บ้านนาเดิม,14,181,89,0,0.0,0
2023,สุราษฎร์ธานี,พนม,7,15,5,2,0.0,0
2023,สุราษฎร์ธานี,พุนพิน,8,522,174,4,6800.0,0
2023,สุราษฎร์ธานี,ไชยา,55,35,10,0,0.0,0
2023,สุรินทร์,ชุมพลบุรี,25,33,11,0,0.0,0
2023,สุรินทร์,ท่าตูม,3,9,3,0,150.0,0
2023,สุรินทร์,ปราสาท,14,3,1,0,0.0,0
2023,สุรินทร์,พนมดงรัก,13,36,12,15,0.0,0
2023,สุรินทร์,รัตนบุรี,1,3,1,0,0.0,0
2023,สุรินทร์,ศีขรภูมิ,9,27,9,0,0.0,0
2023,สุรินทร์,เมืองสุรินทร์,6,15,5,0,0.0,0
2023,สุโขทัย,กงไกรลาศ,132,6717,2560,13,15976.3,0
2023,สุโขทัย,คีรีมาศ,78,8604,2880,73,22541.0,0
2023,สุโขทัย,ทุ่งเสลี่ยม,37,617,110,0,2135.0,0
2023,สุโขทัย,บ้านด่านลานหอย,64,6481,2548,0,20848.0,0
2023,สุโขทัย,ศรีนคร,42,1254,515,51,4181.0,0
2023,สุโขทัย,ศรีสัชนาลัย,99,454,193,0,20665.7,0
2023,สุโขทัย,ศรีสำโรง,147,5029,2416,276,48489.0,0
2023,สุโขทัย,สวรรคโลก,245,10925,6990,202,45478.0,0
2023,สุโขทัย,เมืองสุโขทัย,88,10918,5855,2230,23966.0,1
2023,หนองคาย,ท่าบ่อ,26,0,0,0,0.0,0
2023,หนองคาย,ศรีเชียงใหม่,35,0,0,0,0.0,0
2023,หนองคาย,สังคม,7,0,0,0,0.0,0
2023,หนองคาย,เฝ้าไร่,76,0,0,0,0.0,0
2023,หนองคาย,เมืองหนองคาย,6,0,0,0,0.0,0
2023,หนองคาย,โพธิ์ตาก,7,0,0,0,0.0,0
2023,หนองคาย,โพนพิสัย,12,0,0,0,0.0,0
2023,หนองบัวลำภู,นากลาง,102,3,1,1,0.0,0
2023,หนองบัวลำภู,นาวัง,63,6,2,217,0.0,0
2023,หนองบัวลำภู,ศรีบุญเรือง,108,54,18,10,8138.2,0
2023,หนองบัวลำภู,สุวรรณคูหา,101,83,39,25,126.0,0
2023,หนองบัวลำภู,เมืองหนองบัวลำภู,131,40,21,140,2400.0,0
2023,หนองบัวลำภู,โนนสัง,72,96,47,125,19654.0,0
2023,อำนาจเจริญ,ชานุมาน,62,0,0,0,0.0,0
2023,อำนาจเจริญ,ปทุมราชวงศา,57,0,0,0,0.0,0
2023,อำนาจเจริญ,พนา,25,0,0,0,0.0,0
2023,อำนาจเจริญ,ลืออำนาจ,41,0,0,0,0.0,0
2023,อำนาจเจริญ,หัวตะพาน,40,0,0,0,0.0,0
2023,อำนาจเจริญ,เมืองอำนาจเจริญ,106,0,0,0,0.0,0
2023,อำนาจเจริญ,เสนางคนิคม,68,0,0,0,0.0,0
2023,อุดรธานี,กุดจับ,24,0,0,0,0.0,0
2023,อุดรธานี,กุมภวาปี,138,0,0,0,0.0,0
2023,อุดรธานี,กู่แก้ว,38,0,0,0,0.0,0
2023,อุดรธานี,ทุ่งฝน,6,0,0,0,0.0,0
2023,อุดรธานี,นายูง,38,0,0,0,0.0,0
2023,อุดรธานี,น้ำโสม,19,0,0,0,0.0,0
2023,อุดรธานี,บ้านดุง,33,0,0,0,0.0,0
2023,อุดรธานี,บ้านผือ,84,0,0,0,0.0,0
2023,อุดรธานี,ประจักษ์ศิลปาคม,20,0,0,0,0.0,0
2023,อุดรธานี,พิบูลย์รักษ์,28,0,0,0,0.0,0
2023,อุดรธานี,วังสามหมอ,6,0,0,0,0.0,0
2023,อุดรธานี,ศรีธาตุ,48,0,0,0,0.0,0
2023,อุดรธานี,หนองวัวซอ,55,0,0,0,0.0,0
2023,อุดรธานี,หนองหาน,49,0,0,0,0.0,0
2023,อุดรธานี,หนองแสง,21,0,0,0,0.0,0
2023,อุดรธานี,เพ็ญ,20,0,0,0,0.0,0
2023,อุดรธานี,เมืองอุดรธานี,101,0,140,0,0.0,0
2023,อุดรธานี,โนนสะอาด,52,0,0,0,0.0,0
2023,อุดรธานี,ไชยวาน,12,0,0,0,0.0,0
2023,อุตรดิตถ์,ตรอน,10,714,238,0,2940.0,0
2023,อุตรดิตถ์,ทองแสนขัน,38,1329,443,0,2696.0,0
2023,อุตรดิตถ์,ท่าปลา,5,135,45,0,29.0,0
2023,อุตรดิตถ์,น้ำปาด,41,1914,638,146,1472.0,0
2023,อุตรดิตถ์,บ้านโคก,35,2124,708,79,390.0,0
2023,อุตรดิตถ์,พิชัย,58,3276,1092,0,13583.0,0
2023,อุตรดิตถ์,ฟากท่า,44,5847,1949,1379,1771.4,0
2023,อุตรดิตถ์,ลับแล,25,3600,1200,0,2000.0,0
2023,อุตรดิตถ์,เมืองอุตรดิตถ์,32,1023,341,25,111.0,0
2023,อุทัยธานี,ลานสัก,14,0,0,0,0.0,0
2023,อุทัยธานี,สว่างอารมณ์,3,9,3,0,500.0,0
2023,อุทัยธานี,หนองฉาง,1,0,0,0,0.0,0
2023,อุทัยธานี,ห้วยคต,3,0,0,0,0.0,0
2023,อุบลราชธานี,ดอนมดแดง,39,0,0,0,0.0,0
2023,อุบลราชธานี,ตระการพืชผล,46,0,0,0,0.0,0
2023,อุบลราชธานี,ตาลสุม,35,0,0,0,0.0,0
2023,อุบลราชธานี,นาเยีย,12,0,0,0,0.0,0
2023,อุบลราชธานี,พิบูลมังสาหาร,9,0,0,0,0.0,0
2023,อุบลราชธานี,ม่วงสามสิบ,123,2931,977,86,8073.3,0
2023,อุบลราชธานี,วารินชำราบ,57,6,2,0,0.0,1
2023,อุบลราชธานี,สว่างวีระวงศ์,13,0,0,0,0.0,0
2023,อุบลราชธานี,สิรินธร,71,0,0,0,0.0,0
2023,อุบลราชธานี,เขื่องใน,131,0,0,0,0.0,0
2023,อุบลราชธานี,เดชอุดม,7,0,0,0,0.0,0
2023,อุบลราชธานี,เมืองอุบลราชธานี,108,24,8,33,0.0,0
2023,อุบลราชธานี,เหล่าเสือโก้ก,15,0,0,0,0.0,0
2023,อ่างทอง,ป่าโมก,9,9,3,33,100.0,0
2023,อ่างทอง,วิเศษชัยชาญ,52,12,4,0,2360.5,0
2023,อ่างทอง,สามโก้,24,6,2,0,123.3,0
2023,อ่างทอง,เมืองอ่างทอง,14,33,11,0,368.5,0
2023,อ่างทอง,โพธิ์ทอง,1,3,1,0,46.8,0
2023,เชียงราย,ดอยหลวง,2,18,6,0,48.0,0
2023,เชียงราย,พญาเม็งราย,20,33,11,210,0.0,0
2023,เชียงราย,พาน,147,4044,1348,84,1695.0,0
2023,เชียงราย,เชียงของ,1,3,1,0,12.0,0
2023,เชียงราย,เชียงแสน,21,681,227,10,762.0,0
2023,เชียงราย,เมืองเชียงราย,99,36141,12047,33,238.0,0
2023,เชียงราย,เวียงป่าเป้า,96,1191,397,199,20.0,0
2023,เชียงราย,เวียงเชียงรุ้ง,5,615,205,105,1200.0,0
2023,เชียงราย,เวียงแก่น,1,33,11,0,28.0,0
2023,เชียงราย,แม่จัน,89,7371,2457,192,56.0,0
2023,เชียงราย,แม่ฟ้าหลวง,29,162,54,18,120.0,0
2023,เชียงราย,แม่ลาว,25,105,35,0,86.0,0
2023,เชียงราย,แม่สรวย,37,192,64,3,94.0,0
2023,เชียงราย,แม่สาย,6,9,3,1,0.0,0
2023,เชียงใหม่,กัลยาณิวัฒนา,40,12722,4755,0,866.0,0
2023,เชียงใหม่,จอมทอง,160,32104,11061,39,135.0,0
2023,เชียงใหม่,ดอยหล่อ,20,756,311,0,520.0,0
2023,เชียงใหม่,ดอยเต่า,77,15488,12933,760,466.0,0
2023,เชียงใหม่,ฝาง,46,2596,898,7,905.0,0
2023,เชียงใหม่,พร้าว,27,3608,1372,0,165.0,0
2023,เชียงใหม่,สะเมิง,30,5731,1921,0,421.0,0
2023,เชียงใหม่,สันทราย,2,650,300,0,0.0,0
2023,เชียงใหม่,สันป่าตอง,57,3820,1782,0,97.0,0
2023,เชียงใหม่,สารภี,13,150,50,50,0.0,0
2023,เชียงใหม่,หางดง,16,427,105,77,1.0,0
2023,เชียงใหม่,อมก๋อย,114,62052,31333,1,214.0,0
2023,เชียงใหม่,ฮอด,112,17920,7793,5,756.0,0
2023,เชียงใหม่,เชียงดาว,45,8960,2828,2,867.0,0
2023,เชียงใหม่,เมืองเชียงใหม่,2,0,0,0,0.0,0
2023,เชียงใหม่,เวียงแหง,28,553,264,0,236.0,0
2023,เชียงใหม่,แม่ริม,21,7000,2162,0,0.0,0
2023,เชียงใหม่,แม่วาง,62,1265,394,0,248.0,0
2023,เชียงใหม่,แม่ออน,8,2770,892,0,17.0,0
2023,เชียงใหม่,แม่อาย,23,4080,1941,7,38.0,0
2023,เชียงใหม่,แม่แจ่ม,296,77442,37214,0,1516.0,0
2023,เชียงใหม่,แม่แตง,37,4851,1625,10,67.0,0
2023,เชียงใหม่,ไชยปราการ,12,2090,570,9,50.0,0
2023,เพชรบุรี,แก่งกระจาน,5,1100,270,0,25.0,0
2023,เพชรบูรณ์,ชนแดน,32,0,0,0,0.0,0
2023,เพชรบูรณ์,บึงสามพัน,9,27,9,18,0.0,0
2023,เพชรบูรณ์,วังโป่ง,2,30,10,0,102.0,0
2023,เพชรบูรณ์,วิเชียรบุรี,20,24,8,141,190.0,1
2023,เพชรบูรณ์,หนองไผ่,33,18,6,292,1195.0,0
2023,เพชรบูรณ์,หล่มสัก,167,261,87,970,7722.9,0
2023,เพชรบูรณ์,หล่มเก่า,28,36,12,124,394.1,0
2023,เพชรบูรณ์,เมืองเพชรบูรณ์,145,3,1,13,0.0,0
2023,เลย,ด่านซ้าย,19,564,279,0,1160.0,0
2023,เลย,ท่าลี่,5,453,151,230,0.0,0
2023,เลย,นาด้วง,41,205,50,50,100.0,0
2023,เลย,ปากชม,28,759,255,50,209.0,0
2023,เลย,ผาขาว,2,2690,676,676,2400.0,0
2023,เลย,ภูกระดึง,21,611,188,222,400.0,0
2023,เลย,ภูเรือ,12,374,98,94,56.0,0
2023,เลย,วังสะพุง,28,870,211,156,740.0,0
2023,เลย,เชียงคาน,18,186,72,28,390.0,0
2023,เลย,เมืองเลย,94,7238,2064,1765,82.0,0
2023,แพร่,ร้องกวาง,14,111,37,65,6.0,0
2023,แพร่,ลอง,95,2970,990,437,2770.0,0
2023,แพร่,วังชิ้น,100,1848,616,4,2.0,0
2023,แพร่,สอง,14,201,67,18,84.0,0
2023,แพร่,สูงเม่น,113,5031,1677,0,33.0,0
2023,แพร่,หนองม่วงไข่,2,15,5,0,10.0,0
2023,แพร่,เด่นชัย,43,2496,832,15,0.0,0
2023,แพร่,เมืองแพร่,33,1122,374,141,0.0,0
2023,แม่ฮ่องสอน,ขุนยวม,1,0,0,0,0.0,0
2023,แม่ฮ่องสอน,ปางมะผ้า,17,0,0,0,0.0,0
2023,แม่ฮ่องสอน,ปาย,30,15,5,5,10.0,0
2023,แม่ฮ่องสอน,สบเมย,10,3,1,0,0.0,0
2023,แม่ฮ่องสอน,เมืองแม่ฮ่องสอน,11,18,6,0,0.0,0
2023,แม่ฮ่องสอน,แม่ลาน้อย,37,3,1,0,0.0,0
2023,แม่ฮ่องสอน,แม่สะเรียง,3,9,3,4,0.0,0
2024,กระบี่,คลองท่อม,3,3,1,5,0.0,0
2024,กระบี่,ปลายพระยา,2,45,9,0,0.0,0
2024,กระบี่,อ่าวลึก,12,177,59,59,2.2,0
2024,กระบี่,เกาะลันตา,3,0,0,14,0.0,0
2024,กระบี่,เขาพนม,2,0,0,2,0.0,0
2024,กระบี่,เมืองกระบี่,15,0,0,51,100.0,0
2024,กระบี่,เหนือคลอง,5,0,0,38,0.0,0
2024,กรุงเทพมหานคร,บางนา,1,0,0,0,0.0,0
2024,กรุงเทพมหานคร,พระโขนง,1,0,0,0,0.0,0
2024,กรุงเทพมหานคร,สายไหม,1,0,0,0,0.0,0
2024,กาญจนบุรี,ด่านมะขามเตี้ย,21,223,65,0,185.0,0
2024,กาญจนบุรี,ทองผาภูมิ,19,57,27,1,0.0,0
2024,กาญจนบุรี,ท่ามะกา,91,815,616,240,2952.0,0
2024,กาญจนบุรี,ท่าม่วง,53,168,58,19,168.5,0
2024,กาญจนบุรี,พนมทวน,56,180,60,0,233.0,0
2024,กาญจนบุรี,สังขละบุรี,14,0,0,0,0.0,0
2024,กาญจนบุรี,หนองปรือ,31,0,0,0,0.0,0
2024,กาญจนบุรี,ห้วยกระเจา,17,450,91,0,0.0,0
2024,กาญจนบุรี,เมืองกาญจนบุรี,38,220,130,5,0.0,0
2024,กาญจนบุรี,เลาขวัญ,93,6619,2856,0,4430.0,0
2024,กาญจนบุรี,ไทรโยค,31,21,21,21,0.0,0
2024,กาฬสินธุ์,กมลาไสย,122,4599,3422,0,18896.1,0
2024,กาฬสินธุ์,กุฉินารายณ์,19,1098,503,0,545.0,0
2024,กาฬสินธุ์,ฆ้องชัย,31,2122,1141,1,8177.0,0
2024,กาฬสินธุ์,ดอนจาน,1,0,0,0,0.0,0
2024,กาฬสินธุ์,ท่าคันโท,70,1115,230,10,103.0,0
2024,กาฬสินธุ์,นามน,11,200,200,0,0.0,0
2024,กาฬสินธุ์,ยางตลาด,75,1591,1571,10,7029.3,0
2024,กาฬสินธุ์,ร่องคำ,31,879,697,0,7687.2,0
2024,กาฬสินธุ์,สมเด็จ,9,174,80,0,30.0,0
2024,กาฬสินธุ์,สหัสขันธ์,47,1468,913,28,11285.8,0
2024,กาฬสินธุ์,สามชัย,15,8408,7498,0,0.0,0
2024,กาฬสินธุ์,หนองกุงศรี,6,100,32,32,0.0,0
2024,กาฬสินธุ์,ห้วยเม็ก,21,500,500,0,158.0,0
2024,กาฬสินธุ์,เมืองกาฬสินธุ์,19,1000,601,0,5753.9,0
2024,กำแพงเพชร,ขาณุวรลักษบุรี,47,615,205,106,3687.0,0
2024,กำแพงเพชร,คลองขลุง,6,321,107,0,195.0,0
2024,กำแพงเพชร,คลองลาน,10,510,165,0,359.0,0
2024,กำแพงเพชร,บึงสามัคคี,3,20,15,0,90.0,0
2024,กำแพงเพชร,ปางศิลาทอง,16,1500,150,0,2000.0,0
2024,กำแพงเพชร,พรานกระต่าย,4,770,200,0,1500.0,0
2024,กำแพงเพชร,ลานกระบือ,10,0,0,0,695.0,0
2024,กำแพงเพชร,เมืองกำแพงเพชร,61,1941,644,13,1091.0,0
2024,กำแพงเพชร,โกสัมพีนคร,16,69,24,5,950.0,0
2024,ขอนแก่น,ชนบท,45,1482,494,0,2548.3,0
2024,ขอนแก่น,ชุมแพ,28,495,165,0,1433.0,0
2024,ขอนแก่น,ซำสูง,18,422,105,0,2177.8,0
2024,ขอนแก่น,น้ำพอง,64,5079,1693,0,10263.8,0
2024,ขอนแก่น,บ้านแฮด,26,6658,2315,295,1520.0,0
2024,ขอนแก่น,บ้านไผ่,70,10055,3257,280,19893.1,0
2024,ขอนแก่น,พล,4,453,151,0,140.0,0
2024,ขอนแก่น,ภูผาม่าน,56,711,237,209,3073.0,0
2024,ขอนแก่น,มัญจาคีรี,58,3156,1052,0,5353.3,0
2024,ขอนแก่น,สีชมพู,55,0,0,0,1298.0,0
2024,ขอนแก่น,หนองนาคำ,12,3,1,0,1380.0,0
2024,ขอนแก่น,หนองสองห้อง,6,228,76,5,762.0,0
2024,ขอนแก่น,อุบลรัตน์,1,6,2,2,0.0,0
2024,ขอนแก่น,เขาสวนกวาง,7,30,10,0,65.0,0
2024,ขอนแก่น,เมืองขอนแก่น,59,3981,1327,521,3744.0,0
2024,ขอนแก่น,แวงน้อย,43,969,323,51,2252.0,1
2024,ขอนแก่น,แวงใหญ่,25,438,146,0,2722.5,0
2024,ขอนแก่น,โคกโพธิ์ไชย,38,0,0,0,11795.0,0
2024,จันทบุรี,ขลุง,96,147,50,0,300.0,0
2024,จันทบุรี,ท่าใหม่,61,609,203,0,945.0,0
2024,จันทบุรี,นายายอาม,51,0,0,10,0.0,0
2024,จันทบุรี,มะขาม,93,595,451,0,0.0,1
2024,จันทบุรี,เขาคิชฌกูฏ,15,0,0,0,0.0,0
2024,จันทบุรี,เมืองจันทบุรี,67,74,18,0,2.0,0
2024,จันทบุรี,แก่งหางแมว,3,0,0,2,0.0,0
2024,จันทบุรี,แหลมสิงห์,25,72,33,0,0.0,0
2024,จันทบุรี,โป่งน้ำร้อน,16,30,30,0,0.0,1
2024,ฉะเชิงเทรา,บางน้ำเปรี้ยว,10,0,0,0,0.0,0
2024,ฉะเชิงเทรา,พนมสารคาม,2,0,0,0,0.0,0
2024,ชลบุรี,บางละมุง,26,95,31,24,0.0,0
2024,ชลบุรี,ศรีราชา,82,493,169,85,0.0,0
2024,ชลบุรี,หนองใหญ่,2,0,0,7,0.0,0
2024,ชลบุรี,เกาะจันทร์,1,12,4,0,21.0,0
2024,ชลบุรี,เมืองชลบุรี,3,0,0,0,0.0,0
2024,ชัยนาท,มโนรมย์,24,348,136,136,0.0,0
2024,ชัยนาท,วัดสิงห์,19,322,125,122,421.0,0
2024,ชัยนาท,สรรพยา,16,305,285,285,0.0,0
2024,ชัยนาท,หันคา,1,48,20,20,0.0,0
2024,ชัยนาท,เนินขาม,2,22,9,9,0.0,0
2024,ชัยนาท,เมืองชัยนาท,41,1338,499,499,0.0,0
2024,ชัยภูมิ,คอนสวรรค์,59,0,0,0,0.0,0
2024,ชัยภูมิ,คอนสาร,42,0,0,6,0.0,0
2024,ชัยภูมิ,จัตุรัส,42,0,0,0,0.0,0
2024,ชัยภูมิ,บ้านเขว้า,29,0,0,0,0.0,0
2024,ชัยภูมิ,บ้านแท่น,12,0,0,11,0.0,0
2024,ชัยภูมิ,เกษตรสมบูรณ์,59,0,0,0,0.0,0
2024,ชัยภูมิ,เทพสถิต,23,0,0,0,0.0,0
2024,ชัยภูมิ,เมืองชัยภูมิ,64,0,0,0,0.0,0
2024,ชัยภูมิ,แก้งคร้อ,4,0,0,0,0.0,0
2024,ชุมพร,ทุ่งตะโก,35,1200,585,0,0.0,0
2024,ชุมพร,ท่าแซะ,83,9132,3769,0,0.0,0
2024,ชุมพร,ปะทิว,65,9674,1903,123,1030.0,0
2024,ชุมพร,พะโต๊ะ,42,333,113,1,0.0,0
2024,ชุมพร,ละแม,47,2060,680,1,0.0,0
2024,ชุมพร,สวี,140,37305,8048,2,33505.0,0
2024,ชุมพร,หลังสวน,180,21278,7215,0,0.0,0
2024,ชุมพร,เมืองชุมพร,301,17245,6525,54,0.0,2
2024,ตรัง,กันตัง,14,35,7,0,0.0,0
2024,ตรัง,นาโยง,33,1294,535,10,199.5,0
2024,ตรัง,ปะเหลียน,17,328,104,1,0.0,1
2024,ตรัง,ย่านตาขาว,41,457,130,0,50.0,0
2024,ตรัง,รัษฎา,9,683,186,15,50.0,0
2024,ตรัง,วังวิเศษ,8,30,10,0,0.0,0
2024,ตรัง,สิเกา,5,0,0,0,0.0,0
2024,ตรัง,หาดสำราญ,2,93,31,31,0.0,0
2024,ตรัง,ห้วยยอด,3,0,0,0,0.0,0
2024,ตรัง,เมืองตรัง,74,1515,518,80,1275.0,0
2024,ตราด,คลองใหญ่,6,15,5,5,0.0,0
2024,ตราด,บ่อไร่,19,495,204,4,0.0,0
2024,ตราด,เขาสมิง,88,0,0,0,0.0,0
2024,ตราด,เมืองตราด,92,800,350,0,127.0,0
2024,ตาก,ท่าสองยาง,125,2654,889,886,410.0,0
2024,ตาก,บ้านตาก,62,116,59,291,88.0,0
2024,ตาก,พบพระ,45,8072,806,78,458.0,0
2024,ตาก,วังเจ้า,5,50,3,3,26.0,0
2024,ตาก,สามเงา,89,467,279,317,957.9,0
2024,ตาก,อุ้มผาง,54,14702,3837,904,156.0,0
2024,ตาก,เมืองตาก,8,794,239,6,131.0,0
2024,ตาก,แม่ระมาด,68,5523,1739,56,101.0,0
2024,ตาก,แม่สอด,199,4505,802,348,177.0,0
2024,นครนายก,บ้านนา,18,0,0,0,0.0,0
2024,นครนายก,ปากพลี,8,0,0,0,0.0,0
2024,นครนายก,องครักษ์,40,102,34,0,243.0,0
2024,นครนายก,เมืองนครนายก,51,31,11,0,0.0,0
2024,นครปฐม,กำแพงแสน,149,2107,1035,691,1735.0,0
2024,นครปฐม,ดอนตูม,21,229,105,73,86.0,0
2024,นครปฐม,นครชัยศรี,86,4017,1730,665,48.0,0
2024,นครปฐม,บางเลน,154,4484,1853,615,109.0,0
2024,นครปฐม,สามพราน,120,2903,1612,64,12.25,0
2024,นครปฐม,เมืองนครปฐม,61,1056,349,26,28.0,0
2024,นครพนม,ท่าอุเทน,48,761,292,0,2005.0,0
2024,นครพนม,ธาตุพนม,6,0,0,0,172.0,0
2024,นครพนม,นาทม,32,3054,1018,0,13535.0,0
2024,นครพนม,นาหว้า,10,0,0,0,3116.0,0
2024,นครพนม,นาแก,1,0,0,0,150.0,0
2024,นครพนม,บ้านแพง,11,0,0,0,155.0,0
2024,นครพนม,ศรีสงคราม,82,0,0,0,10040.0,0
2024,นครพนม,เมืองนครพนม,29,0,0,1,1290.0,0
2024,นครพนม,เรณูนคร,1,0,0,0,0.0,0
2024,นครพนม,โพนสวรรค์,24,0,0,20,583.0,0
2024,นครราชสีมา,จักราช,21,167,167,35,2424.0,0
2024,นครราชสีมา,ด่านขุนทด,1,0,0,120,0.0,0
2024,นครราชสีมา,ประทาย,2,0,0,0,0.0,0
2024,นครราชสีมา,ปักธงชัย,8,67,27,16,0.0,0
2024,นครราชสีมา,พระทองคำ,1,0,0,12,0.0,0
2024,นครราชสีมา,พิมาย,19,145,280,145,801.0,0
2024,นครราชสีมา,สีคิ้ว,2,30,15,8,0.0,0
2024,นครราชสีมา,เฉลิมพระเกียรติ,7,111,39,41,31.0,0
2024,นครราชสีมา,เทพารักษ์,1,0,0,0,0.0,0
2024,นครราชสีมา,เมืองนครราชสีมา,17,266,381,381,0.0,0
2024,นครราชสีมา,เมืองยาง,10,0,0,0,857.0,0
2024,นครราชสีมา,เสิงสาง,8,15,5,52,0.0,0
2024,นครราชสีมา,แก้งสนามนาง,10,149,10,10,1764.0,0
2024,นครราชสีมา,โชคชัย,82,2152,675,1856,0.0,0
2024,นครศรีธรรมราช,ขนอม,34,5408,911,0,0.0,0
2024,นครศรีธรรมราช,จุฬาภรณ์,20,3300,1330,0,0.0,0
2024,นครศรีธรรมราช,ฉวาง,15,2238,743,0,0.0,0
2024,นครศรีธรรมราช,ชะอวด,69,1325,393,0,0.0,1
2024,นครศรีธรรมราช,ช้างกลาง,31,2430,810,0,0.0,0
2024,นครศรีธรรมราช,ถ้ำพรรณรา,56,11070,2690,0,1750.0,0
2024,นครศรีธรรมราช,ทุ่งสง,74,2305,139,14,0.0,2
2024,นครศรีธรรมราช,ทุ่งใหญ่,35,1025,171,6,0.0,0
2024,นครศรีธรรมราช,นบพิตำ,29,23500,9680,0,0.0,0
2024,นครศรีธรรมราช,นาบอน,12,2820,707,7,0.0,0
2024,นครศรีธรรมราช,บางขัน,30,1400,450,0,0.0,0
2024,นครศรีธรรมราช,ปากพนัง,325,120332,34717,0,0.0,3
2024,นครศรีธรรมราช,พรหมคีรี,38,923,143,0,0.0,2
2024,นครศรีธรรมราช,พระพรหม,71,58381,20064,0,0.0,0
2024,นครศรีธรรมราช,พิปูน,42,12340,6600,0,0.0,0
2024,นครศรีธรรมราช,ร่อนพิบูลย์,47,12305,9006,0,0.0,0
2024,นครศรีธรรมราช,ลานสกา,44,12452,4701,0,0.0,1
2024,นครศรีธรรมราช,สิชล,114,16566,6469,0,0.0,0
2024,นครศรีธรรมราช,หัวไทร,19,0,0,0,0.0,0
2024,นครศรีธรรมราช,เฉลิมพระเกียรติ,63,685,255,0,0.0,0
2024,นครศรีธรรมราช,เชียรใหญ่,97,800,255,0,0.0,0
2024,นครศรีธรรมราช,เมืองนครศรีธรรมราช,276,72502,40759,0,0.0,3
2024,นครสวรรค์,ชุมแสง,170,3308,2194,2138,278.9,0
2024,นครสวรรค์,ตากฟ้า,29,898,366,222,3426.0,0
2024,นครสวรรค์,ท่าตะโก,28,3038,1041,569,6423.0,0
2024,นครสวรรค์,บรรพตพิสัย,69,1212,649,22,8431.0,0
2024,นครสวรรค์,พยุหะคีรี,25,237,95,90,70.3,0
2024,นครสวรรค์,ลาดยาว,42,724,332,332,8212.0,0
2024,นครสวรรค์,เก้าเลี้ยว,5,376,112,112,0.0,0
2024,นครสวรรค์,เมืองนครสวรรค์,109,2209,847,580,2883.2,0
2024,นครสวรรค์,แม่วงก์,38,2503,432,10,6128.0,0
2024,นครสวรรค์,โกรกพระ,27,620,219,105,141.2,0
2024,นนทบุรี,บางใหญ่,8,0,0,1,0.0,0
2024,นราธิวาส,จะแนะ,32,19339,4912,0,0.0,0
2024,นราธิวาส,ตากใบ,61,41372,9550,0,0.0,2
2024,นราธิวาส,บาเจาะ,47,27156,7626,0,0.0,0
2024,นราธิวาส,ยี่งอ,40,21268,5317,0,0.0,0
2024,นราธิวาส,ระแงะ,62,73655,19398,10,0.0,1
2024,นราธิวาส,รือเสาะ,72,21345,6491,0,0.0,0
2024,นราธิวาส,ศรีสาคร,49,12452,3581,0,0.0,0
2024,นราธิวาส,สุคิริน,82,6879,2207,203,0.0,0
2024,นราธิวาส,สุไหงปาดี,58,18005,5187,0,0.0,0
2024,นราธิวาส,สุไหงโก-ลก,45,23280,6223,0,0.0,1
2024,นราธิวาส,เจาะไอร้อง,33,11616,3325,0,0.0,0
2024,นราธิวาส,เมืองนราธิวาส,107,64724,18990,0,0.0,0
2024,นราธิวาส,แว้ง,130,24782,6699,744,0.0,0
2024,น่าน,ทุ่งช้าง,42,0,0,17,0.0,1
2024,น่าน,ท่าวังผา,124,0,0,86,69.0,2
2024,น่าน,นาน้อย,10,0,0,6,0.0,0
2024,น่าน,นาหมื่น,1,300,100,0,0.0,0
2024,น่าน,บ่อเกลือ,1,0,0,4,0.0,0
2024,น่าน,บ้านหลวง,24,0,0,10,14.0,0
2024,น่าน,ปัว,43,0,0,13,0.0,0
2024,น่าน,ภูเพียง,27,0,0,0,0.0,0
2024,น่าน,สองแคว,2,0,0,2,20.0,0
2024,น่าน,สันติสุข,10,0,0,0,0.0,0
2024,น่าน,เฉลิมพระเกียรติ,7,0,0,5,0.0,0
2024,น่าน,เชียงกลาง,6,0,0,0,30.0,0
2024,น่าน,เมืองน่าน,11,0,0,0,0.0,0
2024,น่าน,เวียงสา,34,0,0,22,0.0,0
2024,น่าน,แม่จริม,5,0,0,5,0.0,0
2024,บึงกาฬ,บึงโขงหลง,16,1,1,0,0.0,0
2024,บึงกาฬ,บุ่งคล้า,2,360,120,0,0.0,0
2024,บึงกาฬ,ปากคาด,70,636,212,0,0.0,0
2024,บึงกาฬ,พรเจริญ,63,0,0,0,0.0,0
2024,บึงกาฬ,ศรีวิไล,28,0,0,0,0.0,0
2024,บึงกาฬ,เซกา,155,0,0,0,0.0,0
2024,บึงกาฬ,เมืองบึงกาฬ,140,0,0,0,0.0,0
2024,บึงกาฬ,โซ่พิสัย,53,0,0,0,0.0,0
2024,บุรีรัมย์,คูเมือง,8,0,0,0,940.0,0
2024,บุรีรัมย์,บ้านใหม่ไชยพจน์,10,423,141,0,1169.0,0
2024,ปทุมธานี,เมืองปทุมธานี,41,127,46,7,0.0,0
2024,ปราจีนบุรี,กบินทร์บุรี,80,2992,989,0,52.0,0
2024,ปราจีนบุรี,นาดี,37,531,291,142,686.0,0
2024,ปราจีนบุรี,บ้านสร้าง,74,1330,510,0,3558.0,0
2024,ปราจีนบุรี,ประจันตคาม,65,2611,951,1,1490.0,0
2024,ปราจีนบุรี,ศรีมหาโพธิ,42,1947,649,0,0.0,0
2024,ปราจีนบุรี,เมืองปราจีนบุรี,27,2227,707,352,0.0,0
2024,ปัตตานี,กะพ้อ,27,0,0,0,0.0,0
2024,ปัตตานี,ทุ่งยางแดง,24,0,0,0,0.0,0
2024,ปัตตานี,ปะนาเระ,55,0,0,0,0.0,0
2024,ปัตตานี,มายอ,59,13176,2730,300,142.0,0
2024,ปัตตานี,ยะรัง,72,17803,17703,0,0.0,2
2024,ปัตตานี,ยะหริ่ง,81,0,0,0,0.0,0
2024,ปัตตานี,สายบุรี,95,0,0,0,0.0,1
2024,ปัตตานี,หนองจิก,76,0,0,0,0.0,3
2024,ปัตตานี,เมืองปัตตานี,93,8089,3801,0,0.0,1
2024,ปัตตานี,แม่ลาน,22,0,0,0,0.0,0
2024,ปัตตานี,โคกโพธิ์,83,8793,8661,0,0.0,0
2024,ปัตตานี,ไม้แก่น,17,0,0,0,0.0,2
2024,พระนครศรีอยุธยา,บางซ้าย,53,0,0,0,0.0,0
2024,พระนครศรีอยุธยา,บางบาล,69,3432,1144,0,0.0,0
2024,พระนครศรีอยุธยา,บางปะหัน,18,672,224,0,0.0,0
2024,พระนครศรีอยุธยา,บางปะอิน,42,2805,935,0,0.0,0
2024,พระนครศรีอยุธยา,บางไทร,128,7374,2458,0,0.0,0
2024,พระนครศรีอยุธยา,ผักไห่,77,5475,1825,0,0.0,0
2024,พระนครศรีอยุธยา,พระนครศรีอยุธยา,90,4098,1366,0,0.0,0
2024,พระนครศรีอยุธยา,มหาราช,8,0,0,0,0.0,0
2024,พระนครศรีอยุธยา,เสนา,136,7947,2649,0,0.0,0
2024,พะเยา,จุน,92,733,733,872,5021.1,0
2024,พะเยา,ดอกคำใต้,42,4311,4203,4149,25881.5,0
2024,พะเยา,ปง,61,802,647,1193,1434.5,0
2024,พะเยา,ภูกามยาว,42,36,236,36,15809.6,0
2024,พะเยา,ภูซาง,185,6643,4793,2043,2139.7,1
2024,พะเยา,เชียงคำ,168,2550,1392,623,17873.3,1
2024,พะเยา,เชียงม่วน,153,2736,2476,961,6853.8,0
2024,พะเยา,เมืองพะเยา,251,4023,3513,3034,6619.8,0
2024,พะเยา,แม่ใจ,101,1291,989,871,817.3,0
2024,พังงา,กะปง,1,0,0,0,0.0,0
2024,พังงา,ตะกั่วทุ่ง,9,123,41,41,0.0,0
2024,พังงา,ตะกั่วป่า,16,12,4,4,0.0,0
2024,พังงา,เมืองพังงา,7,72,24,31,0.0,0
2024,พัทลุง,กงหรา,110,29493,9744,0,0.0,0
2024,พัทลุง,ควนขนุน,209,59391,19886,0,1891.25,0
2024,พัทลุง,ตะโหมด,58,31295,11976,0,0.0,0
2024,พัทลุง,บางแก้ว,42,26020,9694,0,0.0,1
2024,พัทลุง,ปากพะยูน,65,34679,13231,0,30700.0,0
2024,พัทลุง,ป่าบอน,70,39070,15472,0,0.0,0
2024,พัทลุง,ป่าพะยอม,29,557,184,85,67.0,0
2024,พัทลุง,ศรีนครินทร์,86,14350,6202,2,365.0,1
2024,พัทลุง,ศรีบรรพต,24,2065,751,13,2.0,0
2024,พัทลุง,เขาชัยสน,87,34328,17296,65,0.0,0
2024,พัทลุง,เมืองพัทลุง,393,86080,35706,42,1035.0,1
2024,พิจิตร,ดงเจริญ,27,0,0,307,71.0,0
2024,พิจิตร,ตะพานหิน,3,0,0,82,0.0,0
2024,พิจิตร,ทับคล้อ,10,0,0,99,67.0,0
2024,พิจิตร,บางมูลนาก,46,0,0,529,770.0,0
2024,พิจิตร,บึงนาราง,34,0,0,470,1216.0,0
2024,พิจิตร,วชิรบารมี,7,0,0,21,0.0,0
2024,พิจิตร,วังทรายพูน,10,0,0,0,1315.0,0
2024,พิจิตร,สากเหล็ก,51,0,0,315,13160.2,0
2024,พิจิตร,สามง่าม,41,0,0,1133,756.0,0
2024,พิจิตร,เมืองพิจิตร,13,0,0,127,0.0,0
2024,พิจิตร,โพทะเล,37,0,0,361,0.0,0
2024,พิจิตร,โพธิ์ประทับช้าง,35,0,0,1600,91.0,0
2024,พิษณุโลก,ชาติตระการ,16,169,122,12,926.0,0
2024,พิษณุโลก,นครไทย,203,533,501,22,2421.0,0
2024,พิษณุโลก,บางกระทุ่ม,79,898,422,0,4743.0,0
2024,พิษณุโลก,บางระกำ,65,6071,2213,2133,932.0,1
2024,พิษณุโลก,พรหมพิราม,50,1891,633,174,4666.9,0
2024,พิษณุโลก,วังทอง,91,4158,1386,482,14608.7,0
2024,พิษณุโลก,วัดโบสถ์,8,581,255,0,1527.0,0
2024,พิษณุโลก,เนินมะปราง,44,302,266,2,3114.0,0
2024,พิษณุโลก,เมืองพิษณุโลก,37,1347,550,237,3981.8,0
2024,ภูเก็ต,กะทู้,13,0,0,0,0.0,0
2024,ภูเก็ต,ถลาง,57,180,60,40,0.0,0
2024,ภูเก็ต,เมืองภูเก็ต,31,1155,385,0,0.0,0
2024,มหาสารคาม,กันทรวิชัย,59,0,0,19,7480.8,0
2024,มหาสารคาม,กุดรัง,85,0,0,0,2500.0,0
2024,มหาสารคาม,นาเชือก,34,0,0,0,816.0,0
2024,มหาสารคาม,บรบือ,175,0,0,25,18202.0,0
2024,มหาสารคาม,วาปีปทุม,121,0,0,6,440.0,0
2024,มหาสารคาม,เชียงยืน,15,0,0,0,2112.0,0
2024,มหาสารคาม,เมืองมหาสารคาม,216,0,0,6,25126.100000000002,0
2024,มหาสารคาม,โกสุมพิสัย,194,0,0,0,38923.0,0
2024,มุกดาหาร,ดงหลวง,2,0,0,0,0.0,0
2024,มุกดาหาร,ดอนตาล,3,0,3,0,10.0,0
2024,มุกดาหาร,นิคมคำสร้อย,7,66,0,0,412.0,0
2024,มุกดาหาร,หนองสูง,5,0,0,0,0.0,0
2024,มุกดาหาร,เมืองมุกดาหาร,9,0,24,0,96.0,0
2024,ยะลา,กรงปินัง,23,2559,630,630,0.0,0
2024,ยะลา,กาบัง,20,3179,753,736,3.0,0
2024,ยะลา,ธารโต,42,859,397,1113,0.0,0
2024,ยะลา,บันนังสตา,54,6139,1441,1591,0.0,0
2024,ยะลา,ยะหา,54,4781,1246,1222,0.0,0
2024,ยะลา,รามัน,119,48096,12915,12915,1301.0,1
2024,ยะลา,เบตง,87,2369,886,874,8.0,1
2024,ยะลา,เมืองยะลา,141,146615,53645,53645,0.0,4
2024,ยโสธร,กุดชุม,1,0,0,2,0.0,0
2024,ยโสธร,คำเขื่อนแก้ว,23,0,0,0,20151.0,0
2024,ยโสธร,ค้อวัง,22,0,0,0,0.0,0
2024,ยโสธร,ป่าติ้ว,18,0,0,0,4100.0,0
2024,ยโสธร,มหาชนะชัย,53,0,0,0,0.0,0
2024,ยโสธร,เมืองยโสธร,30,0,0,0,12143.0,0
2024,ยโสธร,เลิงนกทา,11,0,0,0,1693.0,0
2024,ยโสธร,ไทยเจริญ,3,0,0,0,165.0,0
2024,ระนอง,กระบุรี,31,2181,1084,0,0.0,0
2024,ระนอง,กะเปอร์,11,177,62,0,0.0,0
2024,ระนอง,ละอุ่น,22,198,82,0,0.0,0
2024,ระยอง,นิคมพัฒนา,18,160,42,20,0.0,0
2024,ระยอง,บ้านค่าย,62,612,305,0,112.0,0
2024,ระยอง,ปลวกแดง,4,1300,140,0,0.0,0
2024,ระยอง,เขาชะเมา,2,6,4,0,0.0,0
2024,ระยอง,เมืองระยอง,65,66997,32118,1157,20.0,0
2024,ระยอง,แกลง,16,8,3,1,0.0,0
2024,ราชบุรี,บ้านโป่ง,20,0,0,8,0.0,0
2024,ราชบุรี,ปากท่อ,4,0,0,3,134.0,0
2024,ราชบุรี,เมืองราชบุรี,2,0,0,0,0.0,0
2024,ราชบุรี,โพธาราม,12,0,0,0,0.0,0
2024,ร้อยเอ็ด,จตุรพักตรพิมาน,28,0,0,0,694.0,0
2024,ร้อยเอ็ด,จังหาร,52,0,0,0,17112.5,0
2024,ร้อยเอ็ด,ทุ่งเขาหลวง,16,0,0,0,2896.0,0
2024,ร้อยเอ็ด,ธวัชบุรี,14,0,0,0,2900.0,0
2024,ร้อยเอ็ด,ปทุมรัตต์,12,0,0,0,4525.0,0
2024,ร้อยเอ็ด,พนมไพร,13,0,0,0,2006.3,0
2024,ร้อยเอ็ด,สุวรรณภูมิ,109,0,0,0,23500.0,0
2024,ร้อยเอ็ด,อาจสามารถ,44,0,0,0,9867.3,0
2024,ร้อยเอ็ด,เกษตรวิสัย,76,0,0,0,32242.0,0
2024,ร้อยเอ็ด,เชียงขวัญ,25,0,0,0,8336.0,0
2024,ร้อยเอ็ด,เมืองร้อยเอ็ด,1,0,0,0,120.0,0
2024,ร้อยเอ็ด,เสลภูมิ,51,0,0,0,14893.0,0
2024,ร้อยเอ็ด,โพธิ์ชัย,38,0,0,0,5920.0,0
2024,ร้อยเอ็ด,โพนทราย,14,0,0,0,2532.0,0
2024,ร้อยเอ็ด,โพนทอง,4,0,0,0,25.0,0
2024,ลำปาง,งาว,206,0,45,42,0.0,0
2024,ลำปาง,วังเหนือ,152,0,0,318,1.0,1
2024,ลำปาง,สบปราบ,13,795,313,318,0.0,0
2024,ลำปาง,ห้างฉัตร,17,0,0,0,0.0,2
2024,ลำปาง,เกาะคา,51,300,150,0,0.0,0
2024,ลำปาง,เถิน,34,1834,928,702,0.0,0
2024,ลำปาง,เมืองปาน,96,0,231,72,10.5,0
2024,ลำปาง,เมืองลำปาง,108,0,0,82,0.0,0
2024,ลำปาง,เสริมงาม,44,0,0,2,0.0,0
2024,ลำปาง,แจ้ห่ม,108,10,488,88,16.0,0
2024,ลำปาง,แม่ทะ,23,1,1,98,2.0,0
2024,ลำปาง,แม่พริก,25,745,604,336,0.0,0
2024,ลำปาง,แม่เมาะ,18,0,0,22,0.0,0
2024,ลำพูน,บ้านธิ,20,0,0,0,0.0,0
2024,ลำพูน,ป่าซาง,36,0,0,2,0.0,0
2024,ลำพูน,ลี้,21,0,0,0,0.0,0
2024,ลำพูน,เมืองลำพูน,78,0,0,0,0.0,0
2024,ลำพูน,เวียงหนองล่อง,20,0,0,0,0.0,0
2024,ลำพูน,แม่ทา,31,0,0,1933,50.0,0
2024,ศรีสะเกษ,เมืองศรีสะเกษ,2,39,39,0,310.0,0
2024,ศรีสะเกษ,โพธิ์ศรีสุวรรณ,1,12,4,0,0.0,0
2024,สกลนคร,กุดบาก,7,210,180,0,1162.0,0
2024,สกลนคร,กุสุมาลย์,7,73,73,0,370.0,0
2024,สกลนคร,คำตากล้า,33,512,512,0,4555.0,0
2024,สกลนคร,นิคมน้ำอูน,15,90,90,0,454.0,0
2024,สกลนคร,บ้านม่วง,41,1048,948,0,7928.0,0
2024,สกลนคร,พรรณานิคม,38,594,596,0,4290.0,0
2024,สกลนคร,พังโคน,28,196,196,0,1120.0,0
2024,สกลนคร,วานรนิวาส,74,2821,1227,0,9650.8,0
2024,สกลนคร,วาริชภูมิ,9,135,63,0,504.0,0
2024,สกลนคร,สว่างแดนดิน,34,524,542,0,1125.0,0
2024,สกลนคร,ส่องดาว,9,1998,702,0,1998.0,0
2024,สกลนคร,อากาศอำนวย,50,1923,2252,0,18945.0,0
2024,สกลนคร,เจริญศิลป์,15,315,315,0,2400.0,0
2024,สกลนคร,เมืองสกลนคร,9,344,259,0,13548.0,0
2024,สกลนคร,โพนนาแก้ว,2,29,29,0,202.0,0
2024,สงขลา,กระแสสินธุ์,35,4407,2828,0,0.0,0
2024,สงขลา,คลองหอยโข่ง,36,18127,7943,0,0.0,0
2024,สงขลา,ควนเนียง,46,24940,6235,0,0.0,0
2024,สงขลา,จะนะ,241,98171,61758,0,400.0,1
2024,สงขลา,นาทวี,92,0,25139,0,0.0,1
2024,สงขลา,นาหม่อม,29,4763,1755,0,0.0,0
2024,สงขลา,บางกล่ำ,58,18813,10505,0,0.0,0
2024,สงขลา,ระโนด,118,20283,19796,0,0.0,0
2024,สงขลา,รัตภูมิ,63,47941,19892,0,0.0,0
2024,สงขลา,สทิงพระ,72,21605,19439,0,0.0,0
2024,สงขลา,สะบ้าย้อย,100,22186,6100,40,204.0,1
2024,สงขลา,สะเดา,82,28362,25950,0,0.0,2
2024,สงขลา,สิงหนคร,89,46208,29992,0,0.0,0
2024,สงขลา,หาดใหญ่,206,194511,76647,0,0.0,3
2024,สงขลา,เทพา,67,57909,15106,0,0.0,3
2024,สงขลา,เมืองสงขลา,102,98216,38494,0,0.0,0
2024,สตูล,ควนกาหลง,10,299,61,0,0.0,0
2024,สตูล,ควนโดน,41,5008,2522,0,0.0,0
2024,สตูล,ทุ่งหว้า,9,125,31,0,0.0,0
2024,สตูล,ท่าแพ,11,636,244,0,0.0,0
2024,สตูล,มะนัง,43,315,105,0,0.0,0
2024,สตูล,ละงู,80,6441,1696,0,0.0,0
2024,สตูล,เมืองสตูล,148,33798,11266,0,4.75,0
2024,สมุทรปราการ,พระประแดง,1,0,0,0,0.0,0
2024,สมุทรสาคร,กระทุ่มแบน,9,0,0,69,0.0,0
2024,สมุทรสาคร,เมืองสมุทรสาคร,26,0,0,710,80.0,0
2024,สระบุรี,มวกเหล็ก,18,0,0,2,6.0,0
2024,สระบุรี,วิหารแดง,14,0,0,69,120.0,0
2024,สระบุรี,หนองแซง,12,0,0,0,890.0,0
2024,สระบุรี,เฉลิมพระเกียรติ,1,0,0,2,0.0,0
2024,สระบุรี,เมืองสระบุรี,24,0,0,63,814.0,0
2024,สระบุรี,แก่งคอย,3,0,0,15,0.0,0
2024,สระแก้ว,คลองหาด,6,0,0,0,0.0,0
2024,สระแก้ว,อรัญประเทศ,3,0,0,0,0.0,0
2024,สิงห์บุรี,พรหมบุรี,2,25,9,9,0.0,0
2024,สิงห์บุรี,อินทร์บุรี,29,1239,441,441,0.0,0
2024,สิงห์บุรี,เมืองสิงห์บุรี,9,325,148,148,0.0,0
2024,สุพรรณบุรี,ดอนเจดีย์,31,0,0,58,1695.0,0
2024,สุพรรณบุรี,ด่านช้าง,17,0,0,82,0.0,0
2024,สุพรรณบุรี,บางปลาม้า,134,0,0,5888,1105.0,0
2024,สุพรรณบุรี,ศรีประจันต์,23,0,0,335,0.0,0
2024,สุพรรณบุรี,สองพี่น้อง,178,0,0,2760,6020.3,0
2024,สุพรรณบุรี,สามชุก,32,0,0,244,2964.0,0
2024,สุพรรณบุรี,หนองหญ้าไซ,37,0,0,34,2913.0,0
2024,สุพรรณบุรี,อู่ทอง,131,0,0,634,8140.0,0
2024,สุพรรณบุรี,เดิมบางนางบวช,43,0,0,165,2860.6,0
2024,สุพรรณบุรี,เมืองสุพรรณบุรี,78,0,0,2135,721.0,0
2024,สุราษฎร์ธานี,กาญจนดิษฐ์,145,16276,6124,0,0.0,0
2024,สุราษฎร์ธานี,คีรีรัฐนิคม,94,3450,1125,10,0.0,0
2024,สุราษฎร์ธานี,ชัยบุรี,8,28,7,7,0.0,0
2024,สุราษฎร์ธานี,ดอนสัก,43,1358,334,0,0.0,0
2024,สุราษฎร์ธานี,ท่าฉาง,55,185,64,0,0.0,0
2024,สุราษฎร์ธานี,ท่าชนะ,83,0,0,0,0.0,0
2024,สุราษฎร์ธานี,บ้านนาสาร,100,6646,2401,0,300.0,0
2024,สุราษฎร์ธานี,บ้านนาเดิม,26,2500,600,20,200.0,0
2024,สุราษฎร์ธานี,พนม,40,3329,1248,37,3.0,0
2024,สุราษฎร์ธานี,พระแสง,65,887,291,15,3854.0,0
2024,สุราษฎร์ธานี,พุนพิน,113,3000,1200,4,0.0,0
2024,สุราษฎร์ธานี,วิภาวดี,31,0,0,0,0.0,0
2024,สุราษฎร์ธานี,เกาะพะงัน,20,100,30,0,0.0,0
2024,สุราษฎร์ธานี,เกาะสมุย,53,28136,5635,0,0.0,0
2024,สุราษฎร์ธานี,เคียนซา,51,0,0,0,0.0,0
2024,สุราษฎร์ธานี,เมืองสุราษฎร์ธานี,129,8,2,0,0.0,0
2024,สุราษฎร์ธานี,เวียงสระ,66,2253,593,0,0.0,0
2024,สุราษฎร์ธานี,ไชยา,55,1829,415,0,0.0,1
2024,สุรินทร์,กาบเชิง,2,0,0,0,7.0,0
2024,สุรินทร์,ชุมพลบุรี,7,0,0,0,0.0,0
2024,สุรินทร์,ศีขรภูมิ,1,0,0,0,100.0,0
2024,สุโขทัย,กงไกรลาศ,149,4510,1593,235,1765.9,1
2024,สุโขทัย,คีรีมาศ,38,101,101,42,3794.0,0
2024,สุโขทัย,ทุ่งเสลี่ยม,6,264,91,91,1345.0,0
2024,สุโขทัย,บ้านด่านลานหอย,6,317,107,104,1400.0,0
2024,สุโขทัย,ศรีนคร,59,613,419,99,7006.2,0
2024,สุโขทัย,ศรีสัชนาลัย,89,4083,1168,0,7665.0,0
2024,สุโขทัย,ศรีสำโรง,95,6954,2669,1133,38232.0,0
2024,สุโขทัย,สวรรคโลก,158,26081,11832,4355,25041.0,2
2024,สุโขทัย,เมืองสุโขทัย,91,9049,3534,903,6184.0,0
2024,หนองคาย,ท่าบ่อ,162,0,0,0,0.0,0
2024,หนองคาย,รัตนวาปี,185,0,0,0,0.0,0
2024,หนองคาย,ศรีเชียงใหม่,87,2109,703,0,0.0,0
2024,หนองคาย,สระใคร,41,0,0,0,0.0,0
2024,หนองคาย,สังคม,54,666,222,0,0.0,0
2024,หนองคาย,เฝ้าไร่,33,0,0,0,0.0,0
2024,หนองคาย,เมืองหนองคาย,199,2940,980,0,0.0,0
2024,หนองคาย,โพธิ์ตาก,31,0,0,0,0.0,0
2024,หนองคาย,โพนพิสัย,215,0,0,0,0.0,0
2024,หนองบัวลำภู,นากลาง,22,0,0,0,85.0,0
2024,หนองบัวลำภู,นาวัง,4,37,19,2,73.0,0
2024,หนองบัวลำภู,ศรีบุญเรือง,63,0,0,25,3648.1,0
2024,หนองบัวลำภู,สุวรรณคูหา,28,800,409,0,2824.1,0
2024,หนองบัวลำภู,เมืองหนองบัวลำภู,76,2264,1125,89,9032.3,0
2024,หนองบัวลำภู,โนนสัง,4,78,39,0,299.6,0
2024,อุดรธานี,กุดจับ,83,782,248,0,0.0,0
2024,อุดรธานี,กุมภวาปี,156,1425,374,0,0.0,0
2024,อุดรธานี,กู่แก้ว,9,220,61,0,0.0,0
2024,อุดรธานี,ทุ่งฝน,6,200,46,0,0.0,0
2024,อุดรธานี,นายูง,81,1010,289,0,0.0,0
2024,อุดรธานี,น้ำโสม,12,290,77,0,0.0,0
2024,อุดรธานี,บ้านดุง,149,2171,771,200,0.0,0
2024,อุดรธานี,บ้านผือ,81,1460,551,0,0.0,0
2024,อุดรธานี,ประจักษ์ศิลปาคม,47,515,116,0,0.0,0
2024,อุดรธานี,พิบูลย์รักษ์,41,170,55,0,0.0,0
2024,อุดรธานี,วังสามหมอ,2,50,10,0,0.0,0
2024,อุดรธานี,ศรีธาตุ,42,620,112,0,0.0,0
2024,อุดรธานี,สร้างคอม,52,360,103,0,0.0,0
2024,อุดรธานี,หนองวัวซอ,46,240,65,0,0.0,0
2024,อุดรธานี,หนองหาน,145,1702,642,630,0.0,0
2024,อุดรธานี,เพ็ญ,173,1276,477,0,0.0,0
2024,อุดรธานี,เมืองอุดรธานี,284,953,384,369,0.0,0
2024,อุดรธานี,โนนสะอาด,9,355,96,0,0.0,0
2024,อุดรธานี,ไชยวาน,37,915,252,0,0.0,0
2024,อุตรดิตถ์,ตรอน,36,945,315,1,2932.5,0
2024,อุตรดิตถ์,ทองแสนขัน,50,3498,1166,20,7608.8,0
2024,อุตรดิตถ์,ท่าปลา,9,66,22,22,30.0,0
2024,อุตรดิตถ์,น้ำปาด,19,1269,423,0,1288.1999999999998,0
2024,อุตรดิตถ์,พิชัย,104,6273,2091,0,17863.0,0
2024,อุตรดิตถ์,ฟากท่า,52,1425,475,133,1300.0,0
2024,อุตรดิตถ์,ลับแล,30,1206,402,325,3000.0,0
2024,อุตรดิตถ์,เมืองอุตรดิตถ์,88,1266,422,247,3645.0,0
2024,อุทัยธานี,บ้านไร่,62,0,0,0,0.0,0
2024,อุทัยธานี,ลานสัก,121,590,290,0,2229.0,0
2024,อุทัยธานี,สว่างอารมณ์,31,0,0,0,0.0,0
2024,อุทัยธานี,หนองฉาง,10,0,0,0,0.0,0
2024,อุทัยธานี,ห้วยคต,36,0,0,0,0.0,0
2024,อุทัยธานี,เมืองอุทัยธานี,18,37,26,10,0.0,0
2024,อุบลราชธานี,ทุ่งศรีอุดม,14,111,37,7,0.0,0
2024,อุบลราชธานี,นาจะหลวย,15,48,16,16,0.0,0
2024,อุบลราชธานี,นาตาล,3,0,0,0,8.0,0
2024,อุบลราชธานี,วารินชำราบ,15,0,0,0,107.0,0
2024,อุบลราชธานี,ศรีเมืองใหม่,72,1941,647,50,0.0,0
2024,อุบลราชธานี,สว่างวีระวงศ์,3,0,0,0,0.0,0
2024,อุบลราชธานี,เขมราฐ,9,0,0,0,0.0,0
2024,อุบลราชธานี,เขื่องใน,56,0,0,0,0.0,0
2024,อุบลราชธานี,เดชอุดม,53,3234,1078,0,6294.0,0
2024,อุบลราชธานี,เมืองอุบลราชธานี,13,15,5,5,0.0,0
2024,อุบลราชธานี,โขงเจียม,41,1221,407,69,758.0,0
2024,อุบลราชธานี,โพธิ์ไทร,11,3,1,0,14.0,0
2024,อ่างทอง,ป่าโมก,15,604,189,161,4.0,0
2024,อ่างทอง,วิเศษชัยชาญ,54,1788,771,719,0.0,0
2024,อ่างทอง,เมืองอ่างทอง,24,206,83,88,26.0,0
2024,อ่างทอง,แสวงหา,6,82,28,0,62.5,0
2024,อ่างทอง,โพธิ์ทอง,5,62,27,2,91.0,0
2024,อ่างทอง,ไชโย,23,680,234,234,0.0,0
2024,เชียงราย,ขุนตาล,130,12700,3997,374,11071.8,1
2024,เชียงราย,ดอยหลวง,46,2409,803,26,6867.6,0
2024,เชียงราย,ป่าแดด,74,48,16,0,0.0,0
2024,เชียงราย,พญาเม็งราย,80,2350,827,261,5225.0,0
2024,เชียงราย,พาน,218,3304,1098,44,6207.8,0
2024,เชียงราย,เชียงของ,206,12926,5174,498,16700.0,0
2024,เชียงราย,เชียงแสน,222,5602,2049,310,24257.0,0
2024,เชียงราย,เทิง,391,7939,2715,119,43430.7,0
2024,เชียงราย,เมืองเชียงราย,429,49057,16756,2065,7306.0,1
2024,เชียงราย,เวียงชัย,86,6543,2174,1,6632.0,0
2024,เชียงราย,เวียงป่าเป้า,79,3761,1277,1,137.0,0
2024,เชียงราย,เวียงเชียงรุ้ง,67,1815,1032,0,2210.0,0
2024,เชียงราย,เวียงแก่น,92,1422,344,10,640.0,1
2024,เชียงราย,แม่จัน,153,10827,3609,98,6055.0,0
2024,เชียงราย,แม่ฟ้าหลวง,28,942,222,17,44.0,1
2024,เชียงราย,แม่ลาว,53,486,196,160,252.0,0
2024,เชียงราย,แม่สรวย,23,3268,1098,20,139.0,0
2024,เชียงราย,แม่สาย,126,5622,1874,308,7193.0,0
2024,เชียงใหม่,กัลยาณิวัฒนา,29,13515,4228,2,45.0,0
2024,เชียงใหม่,จอมทอง,260,47282,12399,465,283.0,0
2024,เชียงใหม่,ดอยสะเก็ด,65,23419,11654,33,208.0,0
2024,เชียงใหม่,ดอยหล่อ,18,479,182,193,605.0,0
2024,เชียงใหม่,ดอยเต่า,68,7559,2294,110,5114.0,0
2024,เชียงใหม่,ฝาง,167,16055,5388,5035,2164.0,0
2024,เชียงใหม่,พร้าว,111,15650,6681,627,872.0,0
2024,เชียงใหม่,สะเมิง,131,24889,9760,6,523.4,1
2024,เชียงใหม่,สันกำแพง,63,5750,1900,1950,0.0,0
2024,เชียงใหม่,สันทราย,78,5068,1536,1536,198.0,0
2024,เชียงใหม่,สันป่าตอง,194,18029,7928,2594,8580.0,0
2024,เชียงใหม่,สารภี,253,34341,10966,10830,730.0,5
2024,เชียงใหม่,หางดง,188,16562,5870,5033,1654.0,1
2024,เชียงใหม่,อมก๋อย,108,68892,24033,0,105.0,0
2024,เชียงใหม่,ฮอด,65,34298,7847,1,30.0,0
2024,เชียงใหม่,เชียงดาว,261,26856,8008,565,3445.0,0
2024,เชียงใหม่,เมืองเชียงใหม่,242,200518,107440,94780,75.0,0
2024,เชียงใหม่,เวียงแหง,72,80848,9020,0,862.0,0
2024,เชียงใหม่,แม่ริม,236,29454,17382,10171,7904.0,0
2024,เชียงใหม่,แม่วาง,128,22244,6483,708,3539.0,0
2024,เชียงใหม่,แม่ออน,33,6695,2847,21,82.0,0
2024,เชียงใหม่,แม่อาย,270,42819,15823,1646,8441.0,0
2024,เชียงใหม่,แม่แจ่ม,286,100963,34412,9,3294.0,0
2024,เชียงใหม่,แม่แตง,222,13211,9204,1546,4159.0,1
2024,เชียงใหม่,ไชยปราการ,8,1000,250,0,0.0,0
2024,เพชรบูรณ์,ชนแดน,60,69,178,25,590.0,0
2024,เพชรบูรณ์,น้ำหนาว,6,1369,446,50,41.0,0
2024,เพชรบูรณ์,บึงสามพัน,68,1069,1069,0,0.0,0
2024,เพชรบูรณ์,วังโป่ง,32,25,25,1000,6.0,0
2024,เพชรบูรณ์,วิเชียรบุรี,22,211,94,2,1252.0,0
2024,เพชรบูรณ์,ศรีเทพ,49,1791,855,12,1148.0,0
2024,เพชรบูรณ์,หนองไผ่,124,115,115,741,0.0,0
2024,เพชรบูรณ์,หล่มสัก,69,10058,4062,1328,965.5,0
2024,เพชรบูรณ์,หล่มเก่า,29,957,404,133,464.0,0
2024,เพชรบูรณ์,เขาค้อ,12,40,17,2,23.0,0
2024,เพชรบูรณ์,เมืองเพชรบูรณ์,161,175,647,25,5400.0,0
2024,เลย,ด่านซ้าย,73,479,153,50,0.0,0
2024,เลย,ท่าลี่,10,242,76,101,0.0,0
2024,เลย,นาด้วง,73,878,243,249,0.0,0
2024,เลย,นาแห้ว,2,81,50,50,0.0,0
2024,เลย,ปากชม,35,40,12,12,150.0,0
2024,เลย,ผาขาว,17,56,30,27,6.0,0
2024,เลย,ภูกระดึง,66,70,30,0,62.0,0
2024,เลย,ภูเรือ,59,286,207,89,128.3,0
2024,เลย,วังสะพุง,79,62,15,15,0.0,0
2024,เลย,เชียงคาน,60,29,9,6,0.0,0
2024,เลย,เมืองเลย,117,398,361,339,0.0,0
2024,แพร่,ร้องกวาง,58,344,158,86,1023.0,0
2024,แพร่,ลอง,181,3658,2183,1268,4674.0,0
2024,แพร่,วังชิ้น,69,1646,1177,2340,539.0,0
2024,แพร่,สอง,85,890,414,117,6676.0,1
2024,แพร่,สูงเม่น,72,6664,1368,6336,297.0,0
2024,แพร่,หนองม่วงไข่,20,254,162,163,30.0,0
2024,แพร่,เด่นชัย,22,3462,84,994,10.0,0
2024,แพร่,เมืองแพร่,95,26145,12507,10500,0.0,1
2024,แม่ฮ่องสอน,ขุนยวม,9,0,0,2,28.0,0
2024,แม่ฮ่องสอน,ปางมะผ้า,70,0,0,7,20.0,0
2024,แม่ฮ่องสอน,ปาย,31,0,0,0,0.0,0
2024,แม่ฮ่องสอน,สบเมย,17,0,0,0,0.0,0
2024,แม่ฮ่องสอน,เมืองแม่ฮ่องสอน,43,0,0,24,35.0,0
2024,แม่ฮ่องสอน,แม่ลาน้อย,14,0,0,0,182.0,0
2024,แม่ฮ่องสอน,แม่สะเรียง,7,0,0,0,0.0,0
